Downloading NLTK data...
✅ NLTK data downloaded.

--- Loading Semantic Similarity Model (SBERT) ---
✅ SBERT loaded.

================================================================================
TEXTFOOLER BASELINE ATTACK
================================================================================
Dataset: yelp_polarity
Number of examples: 1000
Max queries per example: 1000
Semantic threshold: 0.5
Output directory: ./textfooler_results
================================================================================


--- Loading Victim Model: randellcotta/distilbert-base-uncased-finetuned-yelp-polarity ---
--- Loading Dataset: yelp_polarity (test) ---
Text column identified as: 'text'

Starting attacks on 1000 examples...


Example 1/1000
Original: Nightclub rating only...\n\nWe got lucky because we happened to arrive during Kris Humphries' (new h...
Original label: LABEL_1
  Calculating word importance...
  Used 123 queries for importance ranking
  Attempting word replacements...
  ✓ Attack succeeded after 126 queries!
Perturbed label: LABEL_0
Success: True, Queries: 126, Similarity: 0.997

Example 2/1000
Original: Absolutely atrocious service, while there were only three tables of customers at 7pm on a Saturday n...
Original label: LABEL_0
  Calculating word importance...
  Used 67 queries for importance ranking
  Attempting word replacements...
Perturbed label: LABEL_0
Success: False, Queries: 283, Similarity: 0.800

Example 3/1000
Original: Worst customer service ever.  While some things that went wrong were out of their control, this so c...
Original label: LABEL_0
  Calculating word importance...
  Used 234 queries for importance ranking
  Attempting word replacements...
Perturbed label: LABEL_0
Success: False, Queries: 1000, Similarity: 0.801

Example 4/1000
Original: L.A. people are so spoiled with wonderful sushi restaurants at nearly every corner - I'm one of thos...
Original label: LABEL_1
  Calculating word importance...
  Used 500 queries for importance ranking
  Attempting word replacements...
  ✓ Attack succeeded after 644 queries!
Perturbed label: LABEL_0
Success: True, Queries: 644, Similarity: 0.882

Example 5/1000
Original: Great double date place that allowed us to bring our dogs to sit at the table outside with us. Altho...
Original label: LABEL_0
  Calculating word importance...
  Used 83 queries for importance ranking
  Attempting word replacements...
  ✓ Attack succeeded after 85 queries!
Perturbed label: LABEL_1
Success: True, Queries: 85, Similarity: 1.000

Example 6/1000
Original: This was the worst service EVER. Especially with Melissa at the counter.\n\nI called 3 times before ...
Original label: LABEL_0
  Calculating word importance...
  Used 270 queries for importance ranking
  Attempting word replacements...
Perturbed label: LABEL_0
Success: False, Queries: 1000, Similarity: 0.801

Example 7/1000
Original: I was waiting for my friend to show up for a concert across the street, and decided to get a quick b...
Original label: LABEL_0
  Calculating word importance...
  Used 144 queries for importance ranking
  Attempting word replacements...
Perturbed label: LABEL_0
Success: False, Queries: 774, Similarity: 0.801

Example 8/1000
Original: I am yet to try the massage at Spa st. James \nBut I have been there over five times for facial, eye...
Original label: LABEL_0
  Calculating word importance...
  Used 285 queries for importance ranking
  Attempting word replacements...
Perturbed label: LABEL_0
Success: False, Queries: 1000, Similarity: 0.835

Example 9/1000
Original: High expectations meet reality.\n\nAnd please someone change that $$ to $$$.\n\nService was so-so, w...
Original label: LABEL_0
  Calculating word importance...
  Used 210 queries for importance ranking
  Attempting word replacements...
Perturbed label: LABEL_0
Success: False, Queries: 991, Similarity: 0.802

Example 10/1000
Original: Have to say I have passed this several timds and really excited to finally try it! So sadly disappoi...
Original label: LABEL_0
  Calculating word importance...
  Used 115 queries for importance ranking
  Attempting word replacements...
Perturbed label: LABEL_0
Success: False, Queries: 710, Similarity: 0.800

Example 11/1000
Original: Wish there was another one close by. Their delivery employees are reckless drivers. It's hit or miss...
Original label: LABEL_0
  Calculating word importance...
  Used 32 queries for importance ranking
  Attempting word replacements...
Perturbed label: LABEL_0
Success: False, Queries: 150, Similarity: 0.804

Example 12/1000
Original: over rated, over priced and always crowded....
Original label: LABEL_0
  Calculating word importance...
  Used 7 queries for importance ranking
  Attempting word replacements...
Perturbed label: LABEL_0
Success: False, Queries: 36, Similarity: 0.808

Example 13/1000
Original: Jade Palace is a great little gem tucked away in a strip mall near Pinnacle Peak Rd. and Scottsdale ...
Original label: LABEL_1
  Calculating word importance...
  Used 223 queries for importance ranking
  Attempting word replacements...
Perturbed label: LABEL_1
Success: False, Queries: 1000, Similarity: 0.806

Example 14/1000
Original: We have rented a property for two years under the managment of this company.  He has been responsive...
Original label: LABEL_1
  Calculating word importance...
  Used 63 queries for importance ranking
  Attempting word replacements...
Perturbed label: LABEL_1
Success: False, Queries: 350, Similarity: 0.805

Example 15/1000
Original: Great friendly vibe. Its a chain but the food and service does not reflect that. Very fresh ingredie...
Original label: LABEL_1
  Calculating word importance...
  Used 33 queries for importance ranking
  Attempting word replacements...
Perturbed label: LABEL_1
Success: False, Queries: 170, Similarity: 0.810

Example 16/1000
Original: Locals discount.\nAte shrimp, clams, mussels, crab legs, crawfish, prime rib & all sorts of fixings....
Original label: LABEL_0
  Calculating word importance...
  Used 72 queries for importance ranking
  Attempting word replacements...
Perturbed label: LABEL_0
Success: False, Queries: 347, Similarity: 0.802

Example 17/1000
Original: If I could, I guess I would go with 4 1/2 stars? \n\nI came to Vegas for my best friend and my birth...
Original label: LABEL_1
  Calculating word importance...
  Used 442 queries for importance ranking
  Attempting word replacements...
Perturbed label: LABEL_1
Success: False, Queries: 1000, Similarity: 0.801

Example 18/1000
Original: I hate to give this bar and grill such a low rating, but the past few times I have been there, the s...
Original label: LABEL_0
  Calculating word importance...
  Used 99 queries for importance ranking
  Attempting word replacements...
Perturbed label: LABEL_0
Success: False, Queries: 595, Similarity: 0.805

Example 19/1000
Original: I came here with my boyfriend's family (who are Mauritian) on a Sunday night for his mom's birthday ...
Original label: LABEL_1
  Calculating word importance...
  Used 457 queries for importance ranking
  Attempting word replacements...
Perturbed label: LABEL_1
Success: False, Queries: 1000, Similarity: 0.804

Example 20/1000
Original: Asian buffets scare me... I usually don't know what half the stuff is, and if I do know what it is, ...
Original label: LABEL_0
  Calculating word importance...
  Used 181 queries for importance ranking
  Attempting word replacements...
Perturbed label: LABEL_0
Success: False, Queries: 842, Similarity: 0.801

Example 21/1000
Original: I had the distinct pleasure of making the acquaintance of the King of our fair city earlier this wee...
Original label: LABEL_1
  Calculating word importance...
  Used 500 queries for importance ranking
  Attempting word replacements...
  ✓ Attack succeeded after 584 queries!
Perturbed label: LABEL_0
Success: True, Queries: 584, Similarity: 0.974

Example 22/1000
Original: I purchased a Groupon to us this vendor. \nThey are rude and they left my home in a mess. They came ...
Original label: LABEL_0
  Calculating word importance...
  Used 74 queries for importance ranking
  Attempting word replacements...
Perturbed label: LABEL_0
Success: False, Queries: 443, Similarity: 0.801

Example 23/1000
Original: Great pizza...but as another reviewer mentioned -- they are a bit feisty. Be forewarned that the sli...
Original label: LABEL_1
  Calculating word importance...
  Used 32 queries for importance ranking
  Attempting word replacements...
  ✓ Attack succeeded after 47 queries!
Perturbed label: LABEL_0
Success: True, Queries: 47, Similarity: 0.905

Example 24/1000
Original: I have been ordering from Winder for over a year now.  Both my wife and I work full time and have tw...
Original label: LABEL_0
  Calculating word importance...
  Used 254 queries for importance ranking
  Attempting word replacements...
  ✓ Attack succeeded after 256 queries!
Perturbed label: LABEL_1
Success: True, Queries: 256, Similarity: 0.998

Example 25/1000
Original: Dark...kind of creepy\n\nI am not sure what thy want to be...a bar? restaurant? creep museum? \n\nTh...
Original label: LABEL_0
  Calculating word importance...
  Used 47 queries for importance ranking
  Attempting word replacements...
Perturbed label: LABEL_0
Success: False, Queries: 201, Similarity: 0.800

Example 26/1000
Original: Great atmosphere, easy to book and get reservations, extensive wine list.. Mind boggling to say the ...
Original label: LABEL_1
  Calculating word importance...
  Used 81 queries for importance ranking
  Attempting word replacements...
Perturbed label: LABEL_1
Success: False, Queries: 435, Similarity: 0.829

Example 27/1000
Original: This Panda is close to home, but has the poorest quality of the half a dozen or so Panda's I've been...
Original label: LABEL_0
  Calculating word importance...
  Used 61 queries for importance ranking
  Attempting word replacements...
  ✓ Attack succeeded after 238 queries!
Perturbed label: LABEL_1
Success: True, Queries: 238, Similarity: 0.785

Example 28/1000
Original: Had family visit. Took my dad here on a Fri night to have a couple drinks. Found an unwelcoming door...
Original label: LABEL_0
  Calculating word importance...
  Used 64 queries for importance ranking
  Attempting word replacements...
Perturbed label: LABEL_0
Success: False, Queries: 483, Similarity: 0.801

Example 29/1000
Original: I booked two nights through LivingSocial for only $56 (no resort fees) for Easter weekend and also s...
Original label: LABEL_1
  Calculating word importance...
  Used 193 queries for importance ranking
  Attempting word replacements...
Perturbed label: LABEL_1
Success: False, Queries: 999, Similarity: 0.806

Example 30/1000
Original: Stopped by here on a Saturday night for dinner with friends.... and ended up staying like 4 hours!\n...
Original label: LABEL_1
  Calculating word importance...
  Used 134 queries for importance ranking
  Attempting word replacements...
  ✓ Attack succeeded after 337 queries!
Perturbed label: LABEL_0
Success: True, Queries: 337, Similarity: 0.806

Example 31/1000
Original: Worst customer service ever!!!  Avoid this store if at all possible!...
Original label: LABEL_0
  Calculating word importance...
  Used 11 queries for importance ranking
  Attempting word replacements...
Perturbed label: LABEL_0
Success: False, Queries: 35, Similarity: 0.801

Example 32/1000
Original: People love to hate Benihana's and I am not sure why? \n\nWe took advantage of their happy hour and ...
Original label: LABEL_1
  Calculating word importance...
  Used 127 queries for importance ranking
  Attempting word replacements...
Perturbed label: LABEL_1
Success: False, Queries: 730, Similarity: 0.805

Example 33/1000
Original: So delicious! Came here during a lay over at 11pm. Lots of good side dishes. \nI normally dont like ...
Original label: LABEL_1
  Calculating word importance...
  Used 41 queries for importance ranking
  Attempting word replacements...
Perturbed label: LABEL_1
Success: False, Queries: 262, Similarity: 0.800

Example 34/1000
Original: I've heard amazing reviews about this place so I tried it out for a gel manicure. The place is very ...
Original label: LABEL_1
  Calculating word importance...
  Used 123 queries for importance ranking
  Attempting word replacements...
  ✓ Attack succeeded after 124 queries!
Perturbed label: LABEL_0
Success: True, Queries: 124, Similarity: 0.996

Example 35/1000
Original: Yeesh, my second visit to this place bared little resemblance to the first. Most polarizing was the ...
Original label: LABEL_0
  Calculating word importance...
  Used 75 queries for importance ranking
  Attempting word replacements...
Perturbed label: LABEL_0
Success: False, Queries: 348, Similarity: 0.804

Example 36/1000
Original: relaxing, very good location.  little cramped with small tables...
Original label: LABEL_1
  Calculating word importance...
  Used 9 queries for importance ranking
  Attempting word replacements...
  ✓ Attack succeeded after 54 queries!
Perturbed label: LABEL_0
Success: True, Queries: 54, Similarity: 0.679

Example 37/1000
Original: Horrible food. The fish was extremely oily, as well as the fries. Never going back. The food was tas...
Original label: LABEL_0
  Calculating word importance...
  Used 21 queries for importance ranking
  Attempting word replacements...
Perturbed label: LABEL_0
Success: False, Queries: 120, Similarity: 0.819

Example 38/1000
Original: My fav pizza place in town. Jalape\u00f1o/Pepperoni way to go\n\nBest pizza in town\n\nIf you havent...
Original label: LABEL_1
  Calculating word importance...
  Used 38 queries for importance ranking
  Attempting word replacements...
  ✓ Attack succeeded after 84 queries!
Perturbed label: LABEL_0
Success: True, Queries: 84, Similarity: 0.869

Example 39/1000
Original: This was truly a major-league disappointment.\nI am a huge fan of the horror genre, and have a great...
Original label: LABEL_0
  Calculating word importance...
  Used 243 queries for importance ranking
  Attempting word replacements...
  ✓ Attack succeeded after 278 queries!
Perturbed label: LABEL_1
Success: True, Queries: 278, Similarity: 0.951

Example 40/1000
Original: Not busy, and horrible service. Barely any TVs to watch football, unless you like 20\"" screens. Wen...
Original label: LABEL_0
  Calculating word importance...
  Used 41 queries for importance ranking
  Attempting word replacements...
Perturbed label: LABEL_0
Success: False, Queries: 194, Similarity: 0.802

Example 41/1000
Original: I will give it a 2 for the horrible service I had at the bar. The bar guy didn't know s___ about bee...
Original label: LABEL_0
  Calculating word importance...
  Used 112 queries for importance ranking
  Attempting word replacements...
  ✓ Attack succeeded after 117 queries!
Perturbed label: LABEL_1
Success: True, Queries: 117, Similarity: 0.976

Example 42/1000
Original: Omg they give out toppings like they are going out of business and trying to make their last bits of...
Original label: LABEL_0
  Calculating word importance...
  Used 40 queries for importance ranking
  Attempting word replacements...
Perturbed label: LABEL_0
Success: False, Queries: 272, Similarity: 0.826

Example 43/1000
Original: I love Gullifty's!!! Its a really excellent place to get some dinner or dessert with your friends be...
Original label: LABEL_1
  Calculating word importance...
  Used 115 queries for importance ranking
  Attempting word replacements...
Perturbed label: LABEL_1
Success: False, Queries: 686, Similarity: 0.801

Example 44/1000
Original: Nice alternative for an afterwork dinner.  Exceptional service and reasonable prices.  Food and beve...
Original label: LABEL_1
  Calculating word importance...
  Used 55 queries for importance ranking
  Attempting word replacements...
Perturbed label: LABEL_1
Success: False, Queries: 313, Similarity: 0.816

Example 45/1000
Original: Drove around and end up at these place b/c the place sounds good.  Unfortunately, the drinks are sup...
Original label: LABEL_0
  Calculating word importance...
  Used 29 queries for importance ranking
  Attempting word replacements...
Perturbed label: LABEL_0
Success: False, Queries: 214, Similarity: 0.802

Example 46/1000
Original: Ok.. Very dirty restaurant front and kitchen. \nAlso took 30 mins for simple dumplings. Think they w...
Original label: LABEL_0
  Calculating word importance...
  Used 21 queries for importance ranking
  Attempting word replacements...
Perturbed label: LABEL_0
Success: False, Queries: 169, Similarity: 0.807

Example 47/1000
Original: Great atmosphere, food and staff!!! The restaurant is at what used to be an old home and has a lovel...
Original label: LABEL_1
  Calculating word importance...
  Used 59 queries for importance ranking
  Attempting word replacements...
Perturbed label: LABEL_1
Success: False, Queries: 299, Similarity: 0.807

Example 48/1000
Original: If you are looking for a cheap buffet and/or want an introduction to classic American home cooking, ...
Original label: LABEL_1
  Calculating word importance...
  Used 383 queries for importance ranking
  Attempting word replacements...
Perturbed label: LABEL_1
Success: False, Queries: 1000, Similarity: 0.801

Example 49/1000
Original: Love it. A coworker referred me here. I got my haircut done by Stacey and I am super super picky and...
Original label: LABEL_1
  Calculating word importance...
  Used 53 queries for importance ranking
  Attempting word replacements...
Perturbed label: LABEL_1
Success: False, Queries: 322, Similarity: 0.801

Example 50/1000
Original: Had them move me a few days ago for the second time in two years. Both times were amazing. I went wi...
Original label: LABEL_1
  Calculating word importance...
  Used 96 queries for importance ranking
  Attempting word replacements...
Perturbed label: LABEL_1
Success: False, Queries: 613, Similarity: 0.801

Example 51/1000
Original: Walked in on a Friday night... Thought we may not get in since we didn't make a reservation.  It was...
Original label: LABEL_0
  Calculating word importance...
  Used 329 queries for importance ranking
  Attempting word replacements...
Perturbed label: LABEL_0
Success: False, Queries: 1000, Similarity: 0.801

Example 52/1000
Original: The non-sushi items were pretty impressive! I had a white fish taco that was absolutely delicious! T...
Original label: LABEL_1
  Calculating word importance...
  Used 175 queries for importance ranking
  Attempting word replacements...
  ✓ Attack succeeded after 299 queries!
Perturbed label: LABEL_0
Success: True, Queries: 299, Similarity: 0.925

Example 53/1000
Original: We visited this little restaurant last week and it was great! It is a family owned business and ever...
Original label: LABEL_1
  Calculating word importance...
  Used 145 queries for importance ranking
  Attempting word replacements...
Perturbed label: LABEL_1
Success: False, Queries: 1000, Similarity: 0.805

Example 54/1000
Original: I really hate having to write a bad review, but my visit to this location warrants this.\n\nFirst, I...
Original label: LABEL_0
  Calculating word importance...
  Used 186 queries for importance ranking
  Attempting word replacements...
Perturbed label: LABEL_0
Success: False, Queries: 1000, Similarity: 0.807

Example 55/1000
Original: Best sushi I've had in Arizona so far. That being said most of the sushi I've had here has been terr...
Original label: LABEL_1
  Calculating word importance...
  Used 36 queries for importance ranking
  Attempting word replacements...
  ✓ Attack succeeded after 37 queries!
Perturbed label: LABEL_0
Success: True, Queries: 37, Similarity: 0.957

Example 56/1000
Original: I'm not sure where to really start to review this place.\n\nIt is in a great location at Town Square...
Original label: LABEL_0
  Calculating word importance...
  Used 267 queries for importance ranking
  Attempting word replacements...
Perturbed label: LABEL_0
Success: False, Queries: 1000, Similarity: 0.803

Example 57/1000
Original: I wanted to take my grandma out for some dinner and since this place is a block or so from her house...
Original label: LABEL_0
  Calculating word importance...
  Used 359 queries for importance ranking
  Attempting word replacements...
Perturbed label: LABEL_0
Success: False, Queries: 1000, Similarity: 0.801

Example 58/1000
Original: My ill mother and I were flying back from another state but our flight was cancelled due to plane ma...
Original label: LABEL_0
  Calculating word importance...
  Used 166 queries for importance ranking
  Attempting word replacements...
Perturbed label: LABEL_0
Success: False, Queries: 886, Similarity: 0.802

Example 59/1000
Original: a friend and i ate there yesterday. we love asian buffets and are always looking for good ones that ...
Original label: LABEL_0
  Calculating word importance...
  Used 322 queries for importance ranking
  Attempting word replacements...
Perturbed label: LABEL_0
Success: False, Queries: 1000, Similarity: 0.801

Example 60/1000
Original: This place does not know what they're doing. The doctor tried about 8 different pairs of contacts on...
Original label: LABEL_0
  Calculating word importance...
  Used 224 queries for importance ranking
  Attempting word replacements...
  ✓ Attack succeeded after 719 queries!
Perturbed label: LABEL_1
Success: True, Queries: 719, Similarity: 0.806

Example 61/1000
Original: Scandalesque is a definite A+++ show! I can not recommend it enough.\n\nThe performers in Scandalesq...
Original label: LABEL_1
  Calculating word importance...
  Used 46 queries for importance ranking
  Attempting word replacements...
  ✓ Attack succeeded after 89 queries!
Perturbed label: LABEL_0
Success: True, Queries: 89, Similarity: 0.858

Example 62/1000
Original: \""Awww yeeaah!\""\n\nI know. I'm so out of touch with catch phrases and hip sayings. Ah well. At le...
Original label: LABEL_1
  Calculating word importance...
  Used 74 queries for importance ranking
  Attempting word replacements...
Perturbed label: LABEL_1
Success: False, Queries: 378, Similarity: 0.802

Example 63/1000
Original: First time here with my baby for a date night dinner. The server was really nice and the services is...
Original label: LABEL_0
  Calculating word importance...
  Used 301 queries for importance ranking
  Attempting word replacements...
Perturbed label: LABEL_0
Success: False, Queries: 1000, Similarity: 0.802

Example 64/1000
Original: When I go out for Mexican, I expect flavor.  That being said, Fiesta Ranchero was not what I expecte...
Original label: LABEL_0
  Calculating word importance...
  Used 104 queries for importance ranking
  Attempting word replacements...
  ✓ Attack succeeded after 393 queries!
Perturbed label: LABEL_1
Success: True, Queries: 393, Similarity: 0.874

Example 65/1000
Original: Where do i start ?\n\nThis is my first review and the first time I have ever been so let down by all...
Original label: LABEL_0
  Calculating word importance...
  Used 218 queries for importance ranking
  Attempting word replacements...
Perturbed label: LABEL_0
Success: False, Queries: 1000, Similarity: 0.801

Example 66/1000
Original: The club was ok, it's probably worth the $10 we paid to get in on a Friday. The bartender we had was...
Original label: LABEL_0
  Calculating word importance...
  Used 68 queries for importance ranking
  Attempting word replacements...
  ✓ Attack succeeded after 251 queries!
Perturbed label: LABEL_1
Success: True, Queries: 251, Similarity: 0.793

Example 67/1000
Original: One size fits all, my husband and I went to Dr. Craig for at least 6 months.  I only saw Dr. Craig o...
Original label: LABEL_0
  Calculating word importance...
  Used 176 queries for importance ranking
  Attempting word replacements...
  ✓ Attack succeeded after 587 queries!
Perturbed label: LABEL_1
Success: True, Queries: 587, Similarity: 0.880

Example 68/1000
Original: Oh my goodness. My friends and I came here at 12:20am, and there's only one server. Which is no prob...
Original label: LABEL_0
  Calculating word importance...
  Used 223 queries for importance ranking
  Attempting word replacements...
Perturbed label: LABEL_0
Success: False, Queries: 1000, Similarity: 0.801

Example 69/1000
Original: As a big fan of Mr. Ramsay I have rather high expectations which honestly I learned from him.\n\nMy ...
Original label: LABEL_0
  Calculating word importance...
  Used 187 queries for importance ranking
  Attempting word replacements...
Perturbed label: LABEL_0
Success: False, Queries: 1000, Similarity: 0.835

Example 70/1000
Original: Car was there and ready, however no information was given on a $350 deposit on the car, and my girlf...
Original label: LABEL_0
  Calculating word importance...
  Used 84 queries for importance ranking
  Attempting word replacements...
Perturbed label: LABEL_0
Success: False, Queries: 397, Similarity: 0.808

Example 71/1000
Original: What a cool little cafe, with a DJ playing early in the morning, delicious berry corn muffins, and g...
Original label: LABEL_1
  Calculating word importance...
  Used 64 queries for importance ranking
  Attempting word replacements...
Perturbed label: LABEL_1
Success: False, Queries: 362, Similarity: 0.800

Example 72/1000
Original: Oh no!  Me thinks not.  Food is bland and lacks creativity.  Service is also not attentive either.  ...
Original label: LABEL_0
  Calculating word importance...
  Used 105 queries for importance ranking
  Attempting word replacements...
Perturbed label: LABEL_0
Success: False, Queries: 615, Similarity: 0.801

Example 73/1000
Original: PF Chang's is that huge chain of formula corporate restaurants HQ in Phoenix, AZ that Americans seem...
Original label: LABEL_0
  Calculating word importance...
  Used 302 queries for importance ranking
  Attempting word replacements...
  ✓ Attack succeeded after 329 queries!
Perturbed label: LABEL_1
Success: True, Queries: 329, Similarity: 0.963

Example 74/1000
Original: I don't know if it is because my family and I went early or what but service shouldn't take 20 minut...
Original label: LABEL_0
  Calculating word importance...
  Used 101 queries for importance ranking
  Attempting word replacements...
Perturbed label: LABEL_0
Success: False, Queries: 689, Similarity: 0.803

Example 75/1000
Original: Be very specific up front if you need the interior glass cleaned and dashboard dusted. I've unfortun...
Original label: LABEL_0
  Calculating word importance...
  Used 61 queries for importance ranking
  Attempting word replacements...
  ✓ Attack succeeded after 193 queries!
Perturbed label: LABEL_1
Success: True, Queries: 193, Similarity: 0.792

Example 76/1000
Original: Bun Bo Hue: Awesome\nCrab Noodle Soup: Really awesome, and rare! I've never seen this at a Vietnames...
Original label: LABEL_1
  Calculating word importance...
  Used 45 queries for importance ranking
  Attempting word replacements...
Perturbed label: LABEL_1
Success: False, Queries: 221, Similarity: 0.801

Example 77/1000
Original: I visited again the last time I was here. What the hell happened to the service? Is there a new owne...
Original label: LABEL_0
  Calculating word importance...
  Used 391 queries for importance ranking
  Attempting word replacements...
Perturbed label: LABEL_0
Success: False, Queries: 1000, Similarity: 0.805

Example 78/1000
Original: This place was AMAZING. Up until I went to Stripsteak my favorite steak place was Cut by Wolfgang pu...
Original label: LABEL_1
  Calculating word importance...
  Used 90 queries for importance ranking
  Attempting word replacements...
Perturbed label: LABEL_1
Success: False, Queries: 524, Similarity: 0.801

Example 79/1000
Original: I normally don't do buffets but this one is fantastic! For around $25 at dinner, you have items to c...
Original label: LABEL_1
  Calculating word importance...
  Used 116 queries for importance ranking
  Attempting word replacements...
  ✓ Attack succeeded after 449 queries!
Perturbed label: LABEL_0
Success: True, Queries: 449, Similarity: 0.867

Example 80/1000
Original: Came in last night for my birthday. The place was packed with a waiting line but we had reservations...
Original label: LABEL_1
  Calculating word importance...
  Used 87 queries for importance ranking
  Attempting word replacements...
  ✓ Attack succeeded after 290 queries!
Perturbed label: LABEL_0
Success: True, Queries: 290, Similarity: 0.775

Example 81/1000
Original: Annie's has many of the makings of a high end restaurant such as the prices and ambiance, besides th...
Original label: LABEL_0
  Calculating word importance...
  Used 413 queries for importance ranking
  Attempting word replacements...
Perturbed label: LABEL_0
Success: False, Queries: 1000, Similarity: 0.802

Example 82/1000
Original: We have been coming to the Veggie House for a while now and we love it. The decor is very nice and t...
Original label: LABEL_1
  Calculating word importance...
  Used 92 queries for importance ranking
  Attempting word replacements...
Perturbed label: LABEL_1
Success: False, Queries: 562, Similarity: 0.803

Example 83/1000
Original: I was disappointed in the service a few weeks ago. Door hostess was in a bad mood, bowling attendant...
Original label: LABEL_0
  Calculating word importance...
  Used 57 queries for importance ranking
  Attempting word replacements...
  ✓ Attack succeeded after 192 queries!
Perturbed label: LABEL_1
Success: True, Queries: 192, Similarity: 0.836

Example 84/1000
Original: Nice people. The range has air conditioning. Probably heat in the winter. They also supply tape for ...
Original label: LABEL_1
  Calculating word importance...
  Used 25 queries for importance ranking
  Attempting word replacements...
  ✓ Attack succeeded after 27 queries!
Perturbed label: LABEL_0
Success: True, Queries: 27, Similarity: 0.961

Example 85/1000
Original: Excellent food excellent service...all round wonderful establishment\n\nMichael the proprietor seate...
Original label: LABEL_1
  Calculating word importance...
  Used 211 queries for importance ranking
  Attempting word replacements...
  ✓ Attack succeeded after 511 queries!
Perturbed label: LABEL_0
Success: True, Queries: 511, Similarity: 0.776

Example 86/1000
Original: Nice food (had the brisket yesterday...duck today), cool atmosphere. When staying at the Aria, this ...
Original label: LABEL_1
  Calculating word importance...
  Used 21 queries for importance ranking
  Attempting word replacements...
  ✓ Attack succeeded after 23 queries!
Perturbed label: LABEL_0
Success: True, Queries: 23, Similarity: 0.918

Example 87/1000
Original: These people do not know what they are doing and I have to repeat my card number several times befor...
Original label: LABEL_0
  Calculating word importance...
  Used 106 queries for importance ranking
  Attempting word replacements...
Perturbed label: LABEL_0
Success: False, Queries: 660, Similarity: 0.804

Example 88/1000
Original: Delicious!!!! Great omelet, I'm stuffed!!!! Also great customer service and smiling faces, I would d...
Original label: LABEL_1
  Calculating word importance...
  Used 18 queries for importance ranking
  Attempting word replacements...
Perturbed label: LABEL_1
Success: False, Queries: 87, Similarity: 0.843

Example 89/1000
Original: Don't eat here!!! Waited in line with 10 other people for 30 minutes even though there were a dozen ...
Original label: LABEL_0
  Calculating word importance...
  Used 79 queries for importance ranking
  Attempting word replacements...
Perturbed label: LABEL_0
Success: False, Queries: 582, Similarity: 0.801

Example 90/1000
Original: I like their beer...seriously....
Original label: LABEL_1
  Calculating word importance...
  Used 5 queries for importance ranking
  Attempting word replacements...
  ✓ Attack succeeded after 6 queries!
Perturbed label: LABEL_0
Success: True, Queries: 6, Similarity: 0.837

Example 91/1000
Original: I left my two boston terriers there for a week. They had a blast! Staff was awesome! Very friendly a...
Original label: LABEL_1
  Calculating word importance...
  Used 84 queries for importance ranking
  Attempting word replacements...
Perturbed label: LABEL_1
Success: False, Queries: 381, Similarity: 0.805

Example 92/1000
Original: Holy Jesus this place is awesome....\n\nNever before in my life have I been to a restaurant where we...
Original label: LABEL_0
  Calculating word importance...
  Used 242 queries for importance ranking
  Attempting word replacements...
Perturbed label: LABEL_0
Success: False, Queries: 1000, Similarity: 0.800

Example 93/1000
Original: Okay. I think it's safe to say that the Cine Capri at Tempe Marketplace is the best screen to watch ...
Original label: LABEL_1
  Calculating word importance...
  Used 87 queries for importance ranking
  Attempting word replacements...
  ✓ Attack succeeded after 359 queries!
Perturbed label: LABEL_0
Success: True, Queries: 359, Similarity: 0.806

Example 94/1000
Original: We order 2 plates chilly chicken, but it is so hard to find chicken in it.  They cooked it with 75% ...
Original label: LABEL_0
  Calculating word importance...
  Used 52 queries for importance ranking
  Attempting word replacements...
Perturbed label: LABEL_0
Success: False, Queries: 203, Similarity: 0.837

Example 95/1000
Original: Great Italian food....They messed up my pizza order but went above and beyond brought out a differen...
Original label: LABEL_1
  Calculating word importance...
  Used 46 queries for importance ranking
  Attempting word replacements...
Perturbed label: LABEL_1
Success: False, Queries: 285, Similarity: 0.803

Example 96/1000
Original: I LOVE that Jet Blue is flying from Burbank to Vegas again!  It makes me so happy that there is an a...
Original label: LABEL_1
  Calculating word importance...
  Used 51 queries for importance ranking
  Attempting word replacements...
Perturbed label: LABEL_1
Success: False, Queries: 341, Similarity: 0.809

Example 97/1000
Original: I have been waiting for this restaurant to open for a while. I work downtown and I am a big supporte...
Original label: LABEL_1
  Calculating word importance...
  Used 118 queries for importance ranking
  Attempting word replacements...
Perturbed label: LABEL_1
Success: False, Queries: 624, Similarity: 0.803

Example 98/1000
Original: This cafe is really quaint, and quiet. The atmosphere is very welcoming. There isn't many places to ...
Original label: LABEL_1
  Calculating word importance...
  Used 115 queries for importance ranking
  Attempting word replacements...
Perturbed label: LABEL_1
Success: False, Queries: 536, Similarity: 0.800

Example 99/1000
Original: There wasn't much to like about this place except the location is  RIGHT AT the light rail. The musi...
Original label: LABEL_0
  Calculating word importance...
  Used 68 queries for importance ranking
  Attempting word replacements...
Perturbed label: LABEL_0
Success: False, Queries: 394, Similarity: 0.803

Example 100/1000
Original: First time visiting here and I was surprised. The food and service was great and they had plenty of ...
Original label: LABEL_1
  Calculating word importance...
  Used 36 queries for importance ranking
  Attempting word replacements...
Perturbed label: LABEL_1
Success: False, Queries: 213, Similarity: 0.805

Example 101/1000
Original: Okay guys 20 mins for a spice ice tea and coffee when we tell you that we are in a hurry.  Tell us y...
Original label: LABEL_0
  Calculating word importance...
  Used 61 queries for importance ranking
  Attempting word replacements...
  ✓ Attack succeeded after 62 queries!
Perturbed label: LABEL_1
Success: True, Queries: 62, Similarity: 0.959

Example 102/1000
Original: Rude employees. Awful company. Waste of time, money, energy....
Original label: LABEL_0
  Calculating word importance...
  Used 9 queries for importance ranking
  Attempting word replacements...
Perturbed label: LABEL_0
Success: False, Queries: 57, Similarity: 0.801

Example 103/1000
Original: Great happy hour. I met a friend last minute for happy hour a few weeks ago and based on a past expe...
Original label: LABEL_1
  Calculating word importance...
  Used 80 queries for importance ranking
  Attempting word replacements...
Perturbed label: LABEL_1
Success: False, Queries: 521, Similarity: 0.803

Example 104/1000
Original: I have came here a few times and I think it's time to have an overall opinion of this place.\n\nFood...
Original label: LABEL_1
  Calculating word importance...
  Used 500 queries for importance ranking
  Attempting word replacements...
Perturbed label: LABEL_1
Success: False, Queries: 1000, Similarity: 0.800

Example 105/1000
Original: Service was good. I ordered the jack Daniels burger, which I had before. My wife ordered the basaltm...
Original label: LABEL_0
  Calculating word importance...
  Used 191 queries for importance ranking
  Attempting word replacements...
Perturbed label: LABEL_0
Success: False, Queries: 1000, Similarity: 0.803

Example 106/1000
Original: I don't remember who did my wax, but she was terrible. And I have had many many waxes. Not only was ...
Original label: LABEL_0
  Calculating word importance...
  Used 98 queries for importance ranking
  Attempting word replacements...
  ✓ Attack succeeded after 614 queries!
Perturbed label: LABEL_1
Success: True, Queries: 614, Similarity: 0.776

Example 107/1000
Original: Ordered the south point cut and received what appeared to be a slice of garbage meat floating in blo...
Original label: LABEL_0
  Calculating word importance...
  Used 97 queries for importance ranking
  Attempting word replacements...
Perturbed label: LABEL_0
Success: False, Queries: 563, Similarity: 0.803

Example 108/1000
Original: I live in Scottsdale and went out of town to Southern California for 4 days and booked this rental. ...
Original label: LABEL_1
  Calculating word importance...
  Used 124 queries for importance ranking
  Attempting word replacements...
Perturbed label: LABEL_1
Success: False, Queries: 716, Similarity: 0.801

Example 109/1000
Original: They have really fast service and the food is always warm always friendly  I like the fact the mange...
Original label: LABEL_1
  Calculating word importance...
  Used 38 queries for importance ranking
  Attempting word replacements...
Perturbed label: LABEL_1
Success: False, Queries: 233, Similarity: 0.804

Example 110/1000
Original: So I saved a couple of bucks, or did I by going to Sam's Optical.  The optometrist is only there on ...
Original label: LABEL_0
  Calculating word importance...
  Used 130 queries for importance ranking
  Attempting word replacements...
  ✓ Attack succeeded after 513 queries!
Perturbed label: LABEL_1
Success: True, Queries: 513, Similarity: 0.777

Example 111/1000
Original: I normally don't post reviews on Yelp, but I was so shocked by the customer service that I just rece...
Original label: LABEL_0
  Calculating word importance...
  Used 112 queries for importance ranking
  Attempting word replacements...
  ✓ Attack succeeded after 688 queries!
Perturbed label: LABEL_1
Success: True, Queries: 688, Similarity: 0.798

Example 112/1000
Original: What an awesome neighborhood joint. As an out of towner I was lucky to get taken here! No frills foo...
Original label: LABEL_1
  Calculating word importance...
  Used 98 queries for importance ranking
  Attempting word replacements...
Perturbed label: LABEL_1
Success: False, Queries: 519, Similarity: 0.800

Example 113/1000
Original: I've been riding on Mallard/Clarks Creek Greenway for several months now. I'm new to cycling and fig...
Original label: LABEL_1
  Calculating word importance...
  Used 392 queries for importance ranking
  Attempting word replacements...
Perturbed label: LABEL_1
Success: False, Queries: 1000, Similarity: 0.802

Example 114/1000
Original: Roger was Aaaaaamazing! He was great, sweet, and definitely a confidence booster. He transformed my ...
Original label: LABEL_1
  Calculating word importance...
  Used 67 queries for importance ranking
  Attempting word replacements...
Perturbed label: LABEL_1
Success: False, Queries: 397, Similarity: 0.804

Example 115/1000
Original: Being the airport of Las Vegas I guess I expected a little bit more from this arport. I love the ide...
Original label: LABEL_0
  Calculating word importance...
  Used 152 queries for importance ranking
  Attempting word replacements...
Perturbed label: LABEL_0
Success: False, Queries: 757, Similarity: 0.800

Example 116/1000
Original: Spoon is probably one of the best restaurants in the Pittsburgh Area. I won't even review it because...
Original label: LABEL_1
  Calculating word importance...
  Used 90 queries for importance ranking
  Attempting word replacements...
Perturbed label: LABEL_1
Success: False, Queries: 366, Similarity: 0.804

Example 117/1000
Original: Moon is a pretty fun club to go to if you are trying to decide on where to go to dance on your trip ...
Original label: LABEL_1
  Calculating word importance...
  Used 89 queries for importance ranking
  Attempting word replacements...
  ✓ Attack succeeded after 406 queries!
Perturbed label: LABEL_0
Success: True, Queries: 406, Similarity: 0.782

Example 118/1000
Original: I love astronaut cows! So cute! So cute and DELICIOUS!\n\nSo I had no clue what to expect from Holst...
Original label: LABEL_1
  Calculating word importance...
  Used 193 queries for importance ranking
  Attempting word replacements...
Perturbed label: LABEL_1
Success: False, Queries: 956, Similarity: 0.803

Example 119/1000
Original: Boyfriend and I wasn't impressed \nPho was decent \nBut the bun bo hue was very bland. I also had as...
Original label: LABEL_0
  Calculating word importance...
  Used 39 queries for importance ranking
  Attempting word replacements...
Perturbed label: LABEL_0
Success: False, Queries: 184, Similarity: 0.803

Example 120/1000
Original: I have been to this place a few times and enjoyed the flavors. However I was VERY DISAPPOINTED for t...
Original label: LABEL_0
  Calculating word importance...
  Used 91 queries for importance ranking
  Attempting word replacements...
Perturbed label: LABEL_0
Success: False, Queries: 505, Similarity: 0.803

Example 121/1000
Original: Hogs Head music hails from a dying breed of music stores, probably because it has much more personal...
Original label: LABEL_1
  Calculating word importance...
  Used 165 queries for importance ranking
  Attempting word replacements...
Perturbed label: LABEL_1
Success: False, Queries: 927, Similarity: 0.801

Example 122/1000
Original: What a great little find! Tuck Shop has been on my radar for awhile because of Yelp, so when a frien...
Original label: LABEL_1
  Calculating word importance...
  Used 244 queries for importance ranking
  Attempting word replacements...
Perturbed label: LABEL_1
Success: False, Queries: 1000, Similarity: 0.800

Example 123/1000
Original: I was nervous before showing up here because of all the horror stories I had read online about being...
Original label: LABEL_1
  Calculating word importance...
  Used 411 queries for importance ranking
  Attempting word replacements...
Perturbed label: LABEL_1
Success: False, Queries: 1000, Similarity: 0.800

Example 124/1000
Original: I've eaten at here 15 -20 times since late 2009 or 2010. In the beginning, the food quality was exce...
Original label: LABEL_0
  Calculating word importance...
  Used 56 queries for importance ranking
  Attempting word replacements...
Perturbed label: LABEL_0
Success: False, Queries: 294, Similarity: 0.805

Example 125/1000
Original: The food was quite good, though the breaded monkfish was a bit disappointing. Make sure you sit in s...
Original label: LABEL_1
  Calculating word importance...
  Used 40 queries for importance ranking
  Attempting word replacements...
  ✓ Attack succeeded after 44 queries!
Perturbed label: LABEL_0
Success: True, Queries: 44, Similarity: 0.955

Example 126/1000
Original: Currently the best buffet in LV. I love how they give you the option of hot or cold crab legs (if ho...
Original label: LABEL_1
  Calculating word importance...
  Used 108 queries for importance ranking
  Attempting word replacements...
  ✓ Attack succeeded after 126 queries!
Perturbed label: LABEL_0
Success: True, Queries: 126, Similarity: 0.959

Example 127/1000
Original: My wife and I eat lunch here weekly and normally love the place. Today was the worst experience I've...
Original label: LABEL_0
  Calculating word importance...
  Used 418 queries for importance ranking
  Attempting word replacements...
Perturbed label: LABEL_0
Success: False, Queries: 1000, Similarity: 0.835

Example 128/1000
Original: I wont be back here again,  Ever.    Can one give less that 1 star? \n\nIt is a bummer as I used to ...
Original label: LABEL_0
  Calculating word importance...
  Used 286 queries for importance ranking
  Attempting word replacements...
Perturbed label: LABEL_0
Success: False, Queries: 1000, Similarity: 0.801

Example 129/1000
Original: Probably not a destination you would visit unless you worked here or wanted to have a business meeti...
Original label: LABEL_1
  Calculating word importance...
  Used 137 queries for importance ranking
  Attempting word replacements...
  ✓ Attack succeeded after 393 queries!
Perturbed label: LABEL_0
Success: True, Queries: 393, Similarity: 0.804

Example 130/1000
Original: Kids love going here. I think it's alright but a better alternative to fast food. I do like their co...
Original label: LABEL_1
  Calculating word importance...
  Used 33 queries for importance ranking
  Attempting word replacements...
  ✓ Attack succeeded after 49 queries!
Perturbed label: LABEL_0
Success: True, Queries: 49, Similarity: 0.815

Example 131/1000
Original: Dropped in for a quick dinner.  The seating by the staff was rude and just herding cattle.  We sat d...
Original label: LABEL_0
  Calculating word importance...
  Used 138 queries for importance ranking
  Attempting word replacements...
Perturbed label: LABEL_0
Success: False, Queries: 727, Similarity: 0.801

Example 132/1000
Original: We love Zada's! Jodie makes the best Mimosa and Bloody Mary and always has a smile on her face.  Gre...
Original label: LABEL_1
  Calculating word importance...
  Used 92 queries for importance ranking
  Attempting word replacements...
Perturbed label: LABEL_1
Success: False, Queries: 637, Similarity: 0.803

Example 133/1000
Original: This place is terrible. The waiters are on their cell phones most of the time. Management allows oth...
Original label: LABEL_0
  Calculating word importance...
  Used 40 queries for importance ranking
  Attempting word replacements...
Perturbed label: LABEL_0
Success: False, Queries: 201, Similarity: 0.802

Example 134/1000
Original: This place has a great atmosphere and very unique character. The vegan menu is delicious. Some of th...
Original label: LABEL_1
  Calculating word importance...
  Used 53 queries for importance ranking
  Attempting word replacements...
Perturbed label: LABEL_1
Success: False, Queries: 358, Similarity: 0.805

Example 135/1000
Original: i love this place been going for years!!! food is great beer is cold what more could you ask for......
Original label: LABEL_1
  Calculating word importance...
  Used 20 queries for importance ranking
  Attempting word replacements...
  ✓ Attack succeeded after 21 queries!
Perturbed label: LABEL_0
Success: True, Queries: 21, Similarity: 0.957

Example 136/1000
Original: Is it possible to give a place lower than a 1 star on Yelp ? Seriously, this place needs it.\n\nLoca...
Original label: LABEL_0
  Calculating word importance...
  Used 398 queries for importance ranking
  Attempting word replacements...
Perturbed label: LABEL_0
Success: False, Queries: 1000, Similarity: 0.804

Example 137/1000
Original: Yum! Perhaps not the best pizza out there, but one hell of a fine option if you're in Leith.\n\nThe ...
Original label: LABEL_1
  Calculating word importance...
  Used 99 queries for importance ranking
  Attempting word replacements...
Perturbed label: LABEL_1
Success: False, Queries: 452, Similarity: 0.806

Example 138/1000
Original: I booked a room at the 69th St, Scottsdale, AZ location for the 26th & 27th of November. My wife's p...
Original label: LABEL_0
  Calculating word importance...
  Used 387 queries for importance ranking
  Attempting word replacements...
Perturbed label: LABEL_0
Success: False, Queries: 1000, Similarity: 0.803

Example 139/1000
Original: Granted it's a dive campus bar but been frequenting them for half price burgers on Tuesday. Food was...
Original label: LABEL_0
  Calculating word importance...
  Used 68 queries for importance ranking
  Attempting word replacements...
Perturbed label: LABEL_0
Success: False, Queries: 316, Similarity: 0.802

Example 140/1000
Original: This is 3.5 for me.  Things got off to a great start.  Love the way the bar is decorated because I f...
Original label: LABEL_1
  Calculating word importance...
  Used 294 queries for importance ranking
  Attempting word replacements...
Perturbed label: LABEL_1
Success: False, Queries: 1000, Similarity: 0.801

Example 141/1000
Original: I will never set foot in this store ever again after today.  About three weeks ago I brought my bike...
Original label: LABEL_0
  Calculating word importance...
  Used 500 queries for importance ranking
  Attempting word replacements...
Perturbed label: LABEL_0
Success: False, Queries: 1000, Similarity: 0.800

Example 142/1000
Original: Eddie and the crew always have the best pizza and wings....
Original label: LABEL_1
  Calculating word importance...
  Used 11 queries for importance ranking
  Attempting word replacements...
Perturbed label: LABEL_1
Success: False, Queries: 83, Similarity: 0.806

Example 143/1000
Original: AMAZING! Best bagels for a low price! Great for breakfast, kinda odd that its aasin food place by th...
Original label: LABEL_1
  Calculating word importance...
  Used 20 queries for importance ranking
  Attempting word replacements...
Perturbed label: LABEL_1
Success: False, Queries: 70, Similarity: 0.833

Example 144/1000
Original: They weren't friendly and almost everything I tried to order had some rule that prevented me from ge...
Original label: LABEL_0
  Calculating word importance...
  Used 222 queries for importance ranking
  Attempting word replacements...
Perturbed label: LABEL_0
Success: False, Queries: 1000, Similarity: 0.800

Example 145/1000
Original: I will never go back to this Rite Aid! I had a problem with a very expensive product there and the s...
Original label: LABEL_0
  Calculating word importance...
  Used 63 queries for importance ranking
  Attempting word replacements...
  ✓ Attack succeeded after 316 queries!
Perturbed label: LABEL_1
Success: True, Queries: 316, Similarity: 0.795

Example 146/1000
Original: Do not waste your time at this hotel. Don't be cheap like us, spend the extra dollars at a nicer hot...
Original label: LABEL_0
  Calculating word importance...
  Used 204 queries for importance ranking
  Attempting word replacements...
Perturbed label: LABEL_0
Success: False, Queries: 1000, Similarity: 0.801

Example 147/1000
Original: Bruce has been our 'personal' sushi chef for almost ten years. His fish selection and quality, as we...
Original label: LABEL_1
  Calculating word importance...
  Used 142 queries for importance ranking
  Attempting word replacements...
Perturbed label: LABEL_1
Success: False, Queries: 794, Similarity: 0.846

Example 148/1000
Original: I threw up after eating here. Very unpleasant....
Original label: LABEL_0
  Calculating word importance...
  Used 8 queries for importance ranking
  Attempting word replacements...
Perturbed label: LABEL_0
Success: False, Queries: 42, Similarity: 0.803

Example 149/1000
Original: This was the best meal we had in Vegas, by far. Maybe it was because we tried to go to 2 other place...
Original label: LABEL_1
  Calculating word importance...
  Used 300 queries for importance ranking
  Attempting word replacements...
Perturbed label: LABEL_1
Success: False, Queries: 1000, Similarity: 0.804

Example 150/1000
Original: My friends and I had a poor first experience at Rx Boiler Room last night. We arrived around 10:15pm...
Original label: LABEL_0
  Calculating word importance...
  Used 434 queries for importance ranking
  Attempting word replacements...
Perturbed label: LABEL_0
Success: False, Queries: 1000, Similarity: 0.804

Example 151/1000
Original: AVERAGE.  NOT WORTH IT.  A NOTCH ABOVE OLIVE GARDEN!\nMaybe its' cause I'm from Chicago, but I have ...
Original label: LABEL_0
  Calculating word importance...
  Used 328 queries for importance ranking
  Attempting word replacements...
Perturbed label: LABEL_0
Success: False, Queries: 1000, Similarity: 0.800

Example 152/1000
Original: Not sure why my yelp review got deleted, took my car in for ac inspection the service guy forgot his...
Original label: LABEL_0
  Calculating word importance...
  Used 84 queries for importance ranking
  Attempting word replacements...
Perturbed label: LABEL_0
Success: False, Queries: 467, Similarity: 0.815

Example 153/1000
Original: Saucy. And nearby. Its convenient that it's so close. I cant stress the closeness more....
Original label: LABEL_1
  Calculating word importance...
  Used 16 queries for importance ranking
  Attempting word replacements...
Perturbed label: LABEL_1
Success: False, Queries: 56, Similarity: 0.805

Example 154/1000
Original: Waiting for almost an hour tonightwith music blasting at rock concert decibels to ensure, \""custome...
Original label: LABEL_0
  Calculating word importance...
  Used 86 queries for importance ranking
  Attempting word replacements...
Perturbed label: LABEL_0
Success: False, Queries: 394, Similarity: 0.804

Example 155/1000
Original: First off, let me just tell you that traffic getting to The Cosmopolitan/Marquee is absolutely horre...
Original label: LABEL_0
  Calculating word importance...
  Used 443 queries for importance ranking
  Attempting word replacements...
  ✓ Attack succeeded after 886 queries!
Perturbed label: LABEL_1
Success: True, Queries: 886, Similarity: 0.773

Example 156/1000
Original: Great place for suits and a great price....
Original label: LABEL_1
  Calculating word importance...
  Used 8 queries for importance ranking
  Attempting word replacements...
  ✓ Attack succeeded after 16 queries!
Perturbed label: LABEL_0
Success: True, Queries: 16, Similarity: 0.762

Example 157/1000
Original: I will never go to this location again.  A friend and myself went there tonight.  While walking inn ...
Original label: LABEL_0
  Calculating word importance...
  Used 286 queries for importance ranking
  Attempting word replacements...
Perturbed label: LABEL_0
Success: False, Queries: 1000, Similarity: 0.801

Example 158/1000
Original: I agree it's over-priced. Also over-rated and poor customer service. \nWe were very excited about go...
Original label: LABEL_0
  Calculating word importance...
  Used 309 queries for importance ranking
  Attempting word replacements...
Perturbed label: LABEL_0
Success: False, Queries: 1000, Similarity: 0.801

Example 159/1000
Original: I love taking my dog to doggy daycare. They take such great of the dogs there and they keep up with ...
Original label: LABEL_1
  Calculating word importance...
  Used 113 queries for importance ranking
  Attempting word replacements...
Perturbed label: LABEL_1
Success: False, Queries: 789, Similarity: 0.801

Example 160/1000
Original: This place is amazing. What friendly service too! I ordered the steak w poached eggs on chilequiles ...
Original label: LABEL_1
  Calculating word importance...
  Used 44 queries for importance ranking
  Attempting word replacements...
Perturbed label: LABEL_1
Success: False, Queries: 283, Similarity: 0.803

Example 161/1000
Original: I like this shop. I used to shop at the one in corona California and once I moved to Vegas I switche...
Original label: LABEL_1
  Calculating word importance...
  Used 32 queries for importance ranking
  Attempting word replacements...
Perturbed label: LABEL_1
Success: False, Queries: 117, Similarity: 0.817

Example 162/1000
Original: I love breakfast places and have been here twice.  Neither time was I impressed.  Service is ok, but...
Original label: LABEL_0
  Calculating word importance...
  Used 133 queries for importance ranking
  Attempting word replacements...
Perturbed label: LABEL_0
Success: False, Queries: 791, Similarity: 0.801

Example 163/1000
Original: When I saw this place while walking between Palazzo and Venetian, it looked good. So I decided to tr...
Original label: LABEL_0
  Calculating word importance...
  Used 92 queries for importance ranking
  Attempting word replacements...
  ✓ Attack succeeded after 302 queries!
Perturbed label: LABEL_1
Success: True, Queries: 302, Similarity: 0.846

Example 164/1000
Original: The food is great. It is almost always crowded though, probably cause the food is great. The serving...
Original label: LABEL_1
  Calculating word importance...
  Used 43 queries for importance ranking
  Attempting word replacements...
  ✓ Attack succeeded after 160 queries!
Perturbed label: LABEL_0
Success: True, Queries: 160, Similarity: 0.794

Example 165/1000
Original: My mom and I went here to celebrate the end of my college semester. We were warmly greeted and sat q...
Original label: LABEL_1
  Calculating word importance...
  Used 93 queries for importance ranking
  Attempting word replacements...
Perturbed label: LABEL_1
Success: False, Queries: 593, Similarity: 0.801

Example 166/1000
Original: Awful food and service.  Waiter kept calling me \""chief.\""  Chips are good but food quality and te...
Original label: LABEL_0
  Calculating word importance...
  Used 22 queries for importance ranking
  Attempting word replacements...
Perturbed label: LABEL_0
Success: False, Queries: 185, Similarity: 0.805

Example 167/1000
Original: Staying on a Guilty Pleasures tip, this Oxfam is a great place to go if you have a serious soft spot...
Original label: LABEL_1
  Calculating word importance...
  Used 142 queries for importance ranking
  Attempting word replacements...
Perturbed label: LABEL_1
Success: False, Queries: 926, Similarity: 0.805

Example 168/1000
Original: The brisket was amazing and service perfectly executed.  Each visit has been consistently good and I...
Original label: LABEL_1
  Calculating word importance...
  Used 259 queries for importance ranking
  Attempting word replacements...
Perturbed label: LABEL_1
Success: False, Queries: 1000, Similarity: 0.800

Example 169/1000
Original: It's a small area, but big, beautiful sights to be seen. \n\nIt changes so there is high replay valu...
Original label: LABEL_1
  Calculating word importance...
  Used 374 queries for importance ranking
  Attempting word replacements...
Perturbed label: LABEL_1
Success: False, Queries: 1000, Similarity: 0.801

Example 170/1000
Original: We saw Jesse's when we went to the Soggy Dog to give our pup a bath.  We'd already had dinner plans ...
Original label: LABEL_1
  Calculating word importance...
  Used 228 queries for importance ranking
  Attempting word replacements...
Perturbed label: LABEL_1
Success: False, Queries: 1000, Similarity: 0.823

Example 171/1000
Original: I'm not entirely happy with going to this place this time around. Service was awful and had to get t...
Original label: LABEL_0
  Calculating word importance...
  Used 52 queries for importance ranking
  Attempting word replacements...
Perturbed label: LABEL_0
Success: False, Queries: 384, Similarity: 0.801

Example 172/1000
Original: This place is awesome. Simple, tasty, stylish, we'll be coming back here again and again....
Original label: LABEL_1
  Calculating word importance...
  Used 16 queries for importance ranking
  Attempting word replacements...
Perturbed label: LABEL_1
Success: False, Queries: 79, Similarity: 0.802

Example 173/1000
Original: Best pizza downtown. Hands down. Finally a pizza joint that rises above the rest. Pop Up Pizza is as...
Original label: LABEL_1
  Calculating word importance...
  Used 186 queries for importance ranking
  Attempting word replacements...
Perturbed label: LABEL_1
Success: False, Queries: 867, Similarity: 0.801

Example 174/1000
Original: Sadly, today I decided to review after a horrible experience yesterday. I went in because they have ...
Original label: LABEL_0
  Calculating word importance...
  Used 110 queries for importance ranking
  Attempting word replacements...
Perturbed label: LABEL_0
Success: False, Queries: 477, Similarity: 0.801

Example 175/1000
Original: I should've listened to the other reviewers. Rude and annoyed. That describes the people working the...
Original label: LABEL_0
  Calculating word importance...
  Used 148 queries for importance ranking
  Attempting word replacements...
Perturbed label: LABEL_0
Success: False, Queries: 995, Similarity: 0.804

Example 176/1000
Original: \""Excuse me waiter, there's a fly in my soup! A FLY IN MY SOUP!\"", nope, not just in children's bo...
Original label: LABEL_0
  Calculating word importance...
  Used 221 queries for importance ranking
  Attempting word replacements...
Perturbed label: LABEL_0
Success: False, Queries: 1000, Similarity: 0.802

Example 177/1000
Original: I love this place, I've eaten at a few Thai places in the valley and none so far come close to being...
Original label: LABEL_1
  Calculating word importance...
  Used 70 queries for importance ranking
  Attempting word replacements...
Perturbed label: LABEL_1
Success: False, Queries: 425, Similarity: 0.800

Example 178/1000
Original: I've been to Gusto a number of times now, due to its convenient west end George Street location and ...
Original label: LABEL_1
  Calculating word importance...
  Used 225 queries for importance ranking
  Attempting word replacements...
Perturbed label: LABEL_1
Success: False, Queries: 1000, Similarity: 0.804

Example 179/1000
Original: My friends and I got the bachelorette package which included the Ladies Night Course.  I'm not sure ...
Original label: LABEL_0
  Calculating word importance...
  Used 197 queries for importance ranking
  Attempting word replacements...
  ✓ Attack succeeded after 685 queries!
Perturbed label: LABEL_1
Success: True, Queries: 685, Similarity: 0.774

Example 180/1000
Original: Johnny Chu is a master.  Sweet Pea and I followed him from Fate (which we loved) to Sens (which we l...
Original label: LABEL_1
  Calculating word importance...
  Used 387 queries for importance ranking
  Attempting word replacements...
Perturbed label: LABEL_1
Success: False, Queries: 1000, Similarity: 0.801

Example 181/1000
Original: I had RAIU done at Dobson Imaging earlier this week (Tuesday morning). The tech there said Chandler ...
Original label: LABEL_0
  Calculating word importance...
  Used 179 queries for importance ranking
  Attempting word replacements...
Perturbed label: LABEL_0
Success: False, Queries: 825, Similarity: 0.804

Example 182/1000
Original: Was sat and once our waitress was reminded about us she admitted she forgot about us. Food quality p...
Original label: LABEL_0
  Calculating word importance...
  Used 28 queries for importance ranking
  Attempting word replacements...
Perturbed label: LABEL_0
Success: False, Queries: 117, Similarity: 0.806

Example 183/1000
Original: I tried True Food for the first time today. My wife and I arrived at 11:15 AM and it was already get...
Original label: LABEL_1
  Calculating word importance...
  Used 234 queries for importance ranking
  Attempting word replacements...
Perturbed label: LABEL_1
Success: False, Queries: 1000, Similarity: 0.803

Example 184/1000
Original: Bobby flays place is exactly what'd you'd expect from the southwest flavor king. I ordered the corn ...
Original label: LABEL_1
  Calculating word importance...
  Used 91 queries for importance ranking
  Attempting word replacements...
Perturbed label: LABEL_1
Success: False, Queries: 468, Similarity: 0.805

Example 185/1000
Original: Fantastic Find! We both had great salads for lunch - Calamari salad for one, Pear & Goat Cheese sala...
Original label: LABEL_1
  Calculating word importance...
  Used 88 queries for importance ranking
  Attempting word replacements...
Perturbed label: LABEL_1
Success: False, Queries: 553, Similarity: 0.803

Example 186/1000
Original: Yellowtail is a hidden gem! \n\nThe sushi is excellent and fresh. I especially like the Love Love ro...
Original label: LABEL_1
  Calculating word importance...
  Used 111 queries for importance ranking
  Attempting word replacements...
Perturbed label: LABEL_1
Success: False, Queries: 676, Similarity: 0.802

Example 187/1000
Original: this place is ridiculous.\nive had pretty mediocre food from here a few times, but its down the stre...
Original label: LABEL_0
  Calculating word importance...
  Used 175 queries for importance ranking
  Attempting word replacements...
Perturbed label: LABEL_0
Success: False, Queries: 1000, Similarity: 0.801

Example 188/1000
Original: This is a fun family restaurant I will say the inside is quite old I was disappointed with the greas...
Original label: LABEL_1
  Calculating word importance...
  Used 72 queries for importance ranking
  Attempting word replacements...
  ✓ Attack succeeded after 85 queries!
Perturbed label: LABEL_0
Success: True, Queries: 85, Similarity: 0.895

Example 189/1000
Original: Best place here in baseline for:\nRunning\nWalking\nBbq\nFishing\nBiking\nSkating\nReviewing\nOr jus...
Original label: LABEL_1
  Calculating word importance...
  Used 121 queries for importance ranking
  Attempting word replacements...
Perturbed label: LABEL_1
Success: False, Queries: 769, Similarity: 0.801

Example 190/1000
Original: Absolutely amazing experience. The food was unreal and I enjoyed every dish we tried. Our waiters re...
Original label: LABEL_1
  Calculating word importance...
  Used 27 queries for importance ranking
  Attempting word replacements...
  ✓ Attack succeeded after 35 queries!
Perturbed label: LABEL_0
Success: True, Queries: 35, Similarity: 0.937

Example 191/1000
Original: They went out of business and kept our $$$$$$ that we had paid for a ride that never happened.  They...
Original label: LABEL_0
  Calculating word importance...
  Used 45 queries for importance ranking
  Attempting word replacements...
Perturbed label: LABEL_0
Success: False, Queries: 239, Similarity: 0.808

Example 192/1000
Original: OK, my first one star review.  Not that I have never been anyplace worthy of the single star but I u...
Original label: LABEL_0
  Calculating word importance...
  Used 186 queries for importance ranking
  Attempting word replacements...
  ✓ Attack succeeded after 860 queries!
Perturbed label: LABEL_1
Success: True, Queries: 860, Similarity: 0.767

Example 193/1000
Original: Holy crap, the bathroom in our suite was bigger then my bedroom at home! \nBest hotel room I've ever...
Original label: LABEL_1
  Calculating word importance...
  Used 490 queries for importance ranking
  Attempting word replacements...
Perturbed label: LABEL_1
Success: False, Queries: 1000, Similarity: 0.804

Example 194/1000
Original: The people here are awful. They were talking crap on my wife within earshot because of what she was ...
Original label: LABEL_0
  Calculating word importance...
  Used 55 queries for importance ranking
  Attempting word replacements...
  ✓ Attack succeeded after 72 queries!
Perturbed label: LABEL_1
Success: True, Queries: 72, Similarity: 0.855

Example 195/1000
Original: Refused me a drink because I did not have a Arizona ID. Makes no sense I'm here vacationing why woul...
Original label: LABEL_0
  Calculating word importance...
  Used 53 queries for importance ranking
  Attempting word replacements...
Perturbed label: LABEL_0
Success: False, Queries: 352, Similarity: 0.802

Example 196/1000
Original: This little gem is in back part of the series of shops east of the Whole Foods/Sports Chalet complex...
Original label: LABEL_1
  Calculating word importance...
  Used 142 queries for importance ranking
  Attempting word replacements...
Perturbed label: LABEL_1
Success: False, Queries: 653, Similarity: 0.802

Example 197/1000
Original: to first start out by saying that I do enjoy the food at this restaurant, and what happened to me co...
Original label: LABEL_0
  Calculating word importance...
  Used 344 queries for importance ranking
  Attempting word replacements...
Perturbed label: LABEL_0
Success: False, Queries: 1000, Similarity: 0.801

Example 198/1000
Original: I ordered flowers from Springtime Floral for our 25th Vow Renewal. I orderd  Bouquets, Boutanaires. ...
Original label: LABEL_1
  Calculating word importance...
  Used 103 queries for importance ranking
  Attempting word replacements...
Perturbed label: LABEL_1
Success: False, Queries: 552, Similarity: 0.800

Example 199/1000
Original: What the hell is sumomaki?  I'd never heard of it but soon learned through a quick Google search tha...
Original label: LABEL_0
  Calculating word importance...
  Used 177 queries for importance ranking
  Attempting word replacements...
Perturbed label: LABEL_0
Success: False, Queries: 1000, Similarity: 0.801

Example 200/1000
Original: Best stir fry in town!...
Original label: LABEL_1
  Calculating word importance...
  Used 5 queries for importance ranking
  Attempting word replacements...
Perturbed label: LABEL_1
Success: False, Queries: 25, Similarity: 0.830

Example 201/1000
Original: Yum.  \n\n\nThat little 3 letter word sums it up.  I got here at 1045am.  The breakfast buffet close...
Original label: LABEL_1
  Calculating word importance...
  Used 176 queries for importance ranking
  Attempting word replacements...
Perturbed label: LABEL_1
Success: False, Queries: 1000, Similarity: 0.802

Example 202/1000
Original: As far as location, it doesn't get better than Paris, however that's about the only thing Paris has ...
Original label: LABEL_0
  Calculating word importance...
  Used 146 queries for importance ranking
  Attempting word replacements...
Perturbed label: LABEL_0
Success: False, Queries: 793, Similarity: 0.811

Example 203/1000
Original: I went here for Saturday lunch with some friends and it was perfect. I want this in my neighborhood ...
Original label: LABEL_1
  Calculating word importance...
  Used 122 queries for importance ranking
  Attempting word replacements...
Perturbed label: LABEL_1
Success: False, Queries: 610, Similarity: 0.801

Example 204/1000
Original: Our waiter: I wish I knew his name. I could barely hear him when he spoke. He was whispering/mumblin...
Original label: LABEL_0
  Calculating word importance...
  Used 124 queries for importance ranking
  Attempting word replacements...
  ✓ Attack succeeded after 260 queries!
Perturbed label: LABEL_1
Success: True, Queries: 260, Similarity: 0.784

Example 205/1000
Original: Phoenix has a large but scattered population. I'm not sure why developers picked this location for a...
Original label: LABEL_0
  Calculating word importance...
  Used 110 queries for importance ranking
  Attempting word replacements...
Perturbed label: LABEL_0
Success: False, Queries: 661, Similarity: 0.803

Example 206/1000
Original: Not too impressed with them.  I had an arrangement made for my mom and it wasn't up to par with what...
Original label: LABEL_0
  Calculating word importance...
  Used 186 queries for importance ranking
  Attempting word replacements...
Perturbed label: LABEL_0
Success: False, Queries: 906, Similarity: 0.802

Example 207/1000
Original: As writing this still stuck in the drive thru. Been here for about 15 waiting & still haven't gotten...
Original label: LABEL_0
  Calculating word importance...
  Used 32 queries for importance ranking
  Attempting word replacements...
Perturbed label: LABEL_0
Success: False, Queries: 208, Similarity: 0.805

Example 208/1000
Original: Although I work uptown, there are some  corners and alleyways that even I don't venture too often. T...
Original label: LABEL_1
  Calculating word importance...
  Used 146 queries for importance ranking
  Attempting word replacements...
  ✓ Attack succeeded after 230 queries!
Perturbed label: LABEL_0
Success: True, Queries: 230, Similarity: 0.967

Example 209/1000
Original: \""I'm sorry you feel that way\"" is often used to dismiss a woman's opinion or thought. It's an att...
Original label: LABEL_0
  Calculating word importance...
  Used 206 queries for importance ranking
  Attempting word replacements...
Perturbed label: LABEL_0
Success: False, Queries: 1000, Similarity: 0.805

Example 210/1000
Original: Tried this place out for lunch with a friend and as you can tell by my star rating, wasn't too excit...
Original label: LABEL_0
  Calculating word importance...
  Used 183 queries for importance ranking
  Attempting word replacements...
Perturbed label: LABEL_0
Success: False, Queries: 1000, Similarity: 0.801

Example 211/1000
Original: Nicole B. wrote, \""I really dont want to write this review because I dont want people to find out a...
Original label: LABEL_1
  Calculating word importance...
  Used 201 queries for importance ranking
  Attempting word replacements...
Perturbed label: LABEL_1
Success: False, Queries: 1000, Similarity: 0.802

Example 212/1000
Original: I took my cat here for boarding and they were so good to him.  He is a very mean tempered difficult ...
Original label: LABEL_1
  Calculating word importance...
  Used 84 queries for importance ranking
  Attempting word replacements...
Perturbed label: LABEL_1
Success: False, Queries: 623, Similarity: 0.800

Example 213/1000
Original: Had a fun night here.  I haven't been to a hooka bar in 10 years!  We went for drinks and hooka.  St...
Original label: LABEL_1
  Calculating word importance...
  Used 43 queries for importance ranking
  Attempting word replacements...
  ✓ Attack succeeded after 175 queries!
Perturbed label: LABEL_0
Success: True, Queries: 175, Similarity: 0.788

Example 214/1000
Original: The food is not good and the prices are high. A soda is $4.99. The prices are higher than a dinner h...
Original label: LABEL_0
  Calculating word importance...
  Used 41 queries for importance ranking
  Attempting word replacements...
Perturbed label: LABEL_0
Success: False, Queries: 241, Similarity: 0.805

Example 215/1000
Original: State Street Brats sucks. Normally, I hate to be so blunt in a review but that essentially sums up m...
Original label: LABEL_0
  Calculating word importance...
  Used 66 queries for importance ranking
  Attempting word replacements...
Perturbed label: LABEL_0
Success: False, Queries: 330, Similarity: 0.805

Example 216/1000
Original: From lemon drop to IPA, this place is the real deal!...
Original label: LABEL_1
  Calculating word importance...
  Used 11 queries for importance ranking
  Attempting word replacements...
  ✓ Attack succeeded after 42 queries!
Perturbed label: LABEL_0
Success: True, Queries: 42, Similarity: 0.822

Example 217/1000
Original: 12.5.13.\n\nThrowback to Thanksgiving vacay...and everytime we hit up downtown Vegas, a stop at Lapp...
Original label: LABEL_1
  Calculating word importance...
  Used 145 queries for importance ranking
  Attempting word replacements...
  ✓ Attack succeeded after 279 queries!
Perturbed label: LABEL_0
Success: True, Queries: 279, Similarity: 0.920

Example 218/1000
Original: Overpriced and skimpy on quantity.  This was, by far, the worst cheesesteak I've ever had.  The sand...
Original label: LABEL_0
  Calculating word importance...
  Used 57 queries for importance ranking
  Attempting word replacements...
Perturbed label: LABEL_0
Success: False, Queries: 306, Similarity: 0.803

Example 219/1000
Original: Village Inn, all the mediocrity of Denny's with a less creative menu.  Chain restaurants all have th...
Original label: LABEL_0
  Calculating word importance...
  Used 70 queries for importance ranking
  Attempting word replacements...
  ✓ Attack succeeded after 141 queries!
Perturbed label: LABEL_1
Success: True, Queries: 141, Similarity: 0.792

Example 220/1000
Original: Love the food always have but the attitude this girl has Diana needs to change, I asked if they stil...
Original label: LABEL_0
  Calculating word importance...
  Used 100 queries for importance ranking
  Attempting word replacements...
Perturbed label: LABEL_0
Success: False, Queries: 645, Similarity: 0.801

Example 221/1000
Original: Decor is very modern. I like how it looks like noodles. They also had really pretty flower arrangeme...
Original label: LABEL_1
  Calculating word importance...
  Used 105 queries for importance ranking
  Attempting word replacements...
  ✓ Attack succeeded after 382 queries!
Perturbed label: LABEL_0
Success: True, Queries: 382, Similarity: 0.791

Example 222/1000
Original: Say what? $14.99 for a bento box lunch special? Ok.. I'll give it a try.\n\nWas it worth it? Meh, no...
Original label: LABEL_0
  Calculating word importance...
  Used 142 queries for importance ranking
  Attempting word replacements...
Perturbed label: LABEL_0
Success: False, Queries: 788, Similarity: 0.800

Example 223/1000
Original: Obsessed with this spot! Only reason I knocked off a star is because the service was super slow. \n\...
Original label: LABEL_1
  Calculating word importance...
  Used 113 queries for importance ranking
  Attempting word replacements...
Perturbed label: LABEL_1
Success: False, Queries: 591, Similarity: 0.804

Example 224/1000
Original: Recently went back and saw a really nice looking leather and fur coat, but upon purchasing I asked t...
Original label: LABEL_0
  Calculating word importance...
  Used 96 queries for importance ranking
  Attempting word replacements...
Perturbed label: LABEL_0
Success: False, Queries: 567, Similarity: 0.804

Example 225/1000
Original: being the big foodie i am i've been following keller's career since the eighties. had a bunch of the...
Original label: LABEL_1
  Calculating word importance...
  Used 119 queries for importance ranking
  Attempting word replacements...
Perturbed label: LABEL_1
Success: False, Queries: 636, Similarity: 0.800

Example 226/1000
Original: This is the worst Mexican restaurant. Chips were stale, the quality of food is trash so disappointed...
Original label: LABEL_0
  Calculating word importance...
  Used 35 queries for importance ranking
  Attempting word replacements...
  ✓ Attack succeeded after 138 queries!
Perturbed label: LABEL_1
Success: True, Queries: 138, Similarity: 0.789

Example 227/1000
Original: Not going back.\n\nI used to go here all the time... when I started going here about 2 years ago, th...
Original label: LABEL_0
  Calculating word importance...
  Used 399 queries for importance ranking
  Attempting word replacements...
Perturbed label: LABEL_0
Success: False, Queries: 1000, Similarity: 0.800

Example 228/1000
Original: The food and service were great! This is a cozy, intimate place perfect for a date night, but may no...
Original label: LABEL_1
  Calculating word importance...
  Used 26 queries for importance ranking
  Attempting word replacements...
  ✓ Attack succeeded after 54 queries!
Perturbed label: LABEL_0
Success: True, Queries: 54, Similarity: 0.645

Example 229/1000
Original: Was there for Sunday lunch on the balcony.  I would give them \""0\"" Stars if possible.\n\n* Found ...
Original label: LABEL_0
  Calculating word importance...
  Used 192 queries for importance ranking
  Attempting word replacements...
Perturbed label: LABEL_0
Success: False, Queries: 886, Similarity: 0.849

Example 230/1000
Original: I visited this place 2 years ago and never wanted to come back. Just recently I stopped by and notic...
Original label: LABEL_1
  Calculating word importance...
  Used 92 queries for importance ranking
  Attempting word replacements...
  ✓ Attack succeeded after 297 queries!
Perturbed label: LABEL_0
Success: True, Queries: 297, Similarity: 0.812

Example 231/1000
Original: I am a huge Target fan and this is my closest one. But this is the worst Target. The store doesn't n...
Original label: LABEL_0
  Calculating word importance...
  Used 128 queries for importance ranking
  Attempting word replacements...
Perturbed label: LABEL_0
Success: False, Queries: 648, Similarity: 0.802

Example 232/1000
Original: The end is near. Went for one last hurrah before closing.  Love westroc and their products but the t...
Original label: LABEL_0
  Calculating word importance...
  Used 23 queries for importance ranking
  Attempting word replacements...
  ✓ Attack succeeded after 36 queries!
Perturbed label: LABEL_1
Success: True, Queries: 36, Similarity: 0.982

Example 233/1000
Original: I have been using Sudden Impact Pest Control since 1986 and I would not consider using any other pes...
Original label: LABEL_1
  Calculating word importance...
  Used 42 queries for importance ranking
  Attempting word replacements...
Perturbed label: LABEL_1
Success: False, Queries: 242, Similarity: 0.803

Example 234/1000
Original: only giving a two  because it's 247. drinks.. blah. espresso.. Bleh! someone walked off with my phon...
Original label: LABEL_0
  Calculating word importance...
  Used 100 queries for importance ranking
  Attempting word replacements...
Perturbed label: LABEL_0
Success: False, Queries: 610, Similarity: 0.801

Example 235/1000
Original: I'm impressed, y'all! I'm a faithful Food Network cooking show watcher...Guy's never been my fav, bu...
Original label: LABEL_1
  Calculating word importance...
  Used 216 queries for importance ranking
  Attempting word replacements...
Perturbed label: LABEL_1
Success: False, Queries: 1000, Similarity: 0.804

Example 236/1000
Original: Bali Hi IS a decent track, but the price is way too high for what you get. The problem is the locati...
Original label: LABEL_0
  Calculating word importance...
  Used 143 queries for importance ranking
  Attempting word replacements...
  ✓ Attack succeeded after 325 queries!
Perturbed label: LABEL_1
Success: True, Queries: 325, Similarity: 0.844

Example 237/1000
Original: This place was highly recommended by our friends and we were hoping to also like it. First off, I ca...
Original label: LABEL_0
  Calculating word importance...
  Used 205 queries for importance ranking
  Attempting word replacements...
Perturbed label: LABEL_0
Success: False, Queries: 1000, Similarity: 0.804

Example 238/1000
Original: Looks good from far but far from good....
Original label: LABEL_0
  Calculating word importance...
  Used 8 queries for importance ranking
  Attempting word replacements...
Perturbed label: LABEL_0
Success: False, Queries: 65, Similarity: 0.847

Example 239/1000
Original: Good location and friendly staff. But need add  more classes  for what they charge a month...
Original label: LABEL_1
  Calculating word importance...
  Used 16 queries for importance ranking
  Attempting word replacements...
  ✓ Attack succeeded after 28 queries!
Perturbed label: LABEL_0
Success: True, Queries: 28, Similarity: 0.932

Example 240/1000
Original: Our endless search for new lunch options around my workplace had us glaring over towards Pasta China...
Original label: LABEL_1
  Calculating word importance...
  Used 242 queries for importance ranking
  Attempting word replacements...
Perturbed label: LABEL_1
Success: False, Queries: 1000, Similarity: 0.801

Example 241/1000
Original: totally terrible service. i've been to other buca locations in the bay area and i think i'll stick t...
Original label: LABEL_0
  Calculating word importance...
  Used 34 queries for importance ranking
  Attempting word replacements...
  ✓ Attack succeeded after 35 queries!
Perturbed label: LABEL_1
Success: True, Queries: 35, Similarity: 0.956

Example 242/1000
Original: Perhaps the best burger I have ever had. Chanterelle mushrooms + arugula + figgy-onion jam on a sesa...
Original label: LABEL_1
  Calculating word importance...
  Used 47 queries for importance ranking
  Attempting word replacements...
Perturbed label: LABEL_1
Success: False, Queries: 272, Similarity: 0.804

Example 243/1000
Original: Great donuts.  I think they are just a slight step below BoSa, but they are very good....
Original label: LABEL_1
  Calculating word importance...
  Used 17 queries for importance ranking
  Attempting word replacements...
Perturbed label: LABEL_1
Success: False, Queries: 115, Similarity: 0.906

Example 244/1000
Original: Hostesses were great and were seated right away.  The sushi was very fresh and the show was one of t...
Original label: LABEL_1
  Calculating word importance...
  Used 38 queries for importance ranking
  Attempting word replacements...
Perturbed label: LABEL_1
Success: False, Queries: 310, Similarity: 0.803

Example 245/1000
Original: It's your typical CJ's. I've giving it two stars because they didn't include a Green Burrito. Shame ...
Original label: LABEL_0
  Calculating word importance...
  Used 23 queries for importance ranking
  Attempting word replacements...
Perturbed label: LABEL_0
Success: False, Queries: 97, Similarity: 0.804

Example 246/1000
Original: The food is definitely worth 4 stars and the atmosphere is very cool looking but I can't believe how...
Original label: LABEL_0
  Calculating word importance...
  Used 211 queries for importance ranking
  Attempting word replacements...
Perturbed label: LABEL_0
Success: False, Queries: 1000, Similarity: 0.804

Example 247/1000
Original: The infamy that arose from this race has been pretty widespread by now. But here's my take on how th...
Original label: LABEL_0
  Calculating word importance...
  Used 500 queries for importance ranking
  Attempting word replacements...
  ✓ Attack succeeded after 670 queries!
Perturbed label: LABEL_1
Success: True, Queries: 670, Similarity: 0.842

Example 248/1000
Original: This is honestly the best coffee I've found in Vegas. I absolutely love the atmosphere and the emplo...
Original label: LABEL_1
  Calculating word importance...
  Used 31 queries for importance ranking
  Attempting word replacements...
Perturbed label: LABEL_1
Success: False, Queries: 199, Similarity: 0.806

Example 249/1000
Original: Sports Chalet is the most complete sporting goods and outdoor store I have ever seen. They have a va...
Original label: LABEL_1
  Calculating word importance...
  Used 125 queries for importance ranking
  Attempting word replacements...
Perturbed label: LABEL_1
Success: False, Queries: 790, Similarity: 0.801

Example 250/1000
Original: This place is great! I loved the burger and fries and thought the location of this store was awesome...
Original label: LABEL_1
  Calculating word importance...
  Used 38 queries for importance ranking
  Attempting word replacements...
Perturbed label: LABEL_1
Success: False, Queries: 321, Similarity: 0.802

Example 251/1000
Original: I took the tour here with some friends and we were blown away with the fun and great spirits to tast...
Original label: LABEL_1
  Calculating word importance...
  Used 44 queries for importance ranking
  Attempting word replacements...
Perturbed label: LABEL_1
Success: False, Queries: 324, Similarity: 0.807

Example 252/1000
Original: I'm still a Stripburger regular. As they have added items to their menu, I wanted to add a note abou...
Original label: LABEL_1
  Calculating word importance...
  Used 111 queries for importance ranking
  Attempting word replacements...
Perturbed label: LABEL_1
Success: False, Queries: 731, Similarity: 0.800

Example 253/1000
Original: You have to try hard to screw up pizza.  Unfortunately there are some that try REALLY hard.  Librett...
Original label: LABEL_1
  Calculating word importance...
  Used 144 queries for importance ranking
  Attempting word replacements...
  ✓ Attack succeeded after 615 queries!
Perturbed label: LABEL_0
Success: True, Queries: 615, Similarity: 0.798

Example 254/1000
Original: I ended up scavenging for lunch a little later than usual today, and wanted something light, and tha...
Original label: LABEL_1
  Calculating word importance...
  Used 430 queries for importance ranking
  Attempting word replacements...
Perturbed label: LABEL_1
Success: False, Queries: 1000, Similarity: 0.810

Example 255/1000
Original: We got a clean room in the MGM Signature Grand on the third floor.  That is all we got.  Housekeepin...
Original label: LABEL_0
  Calculating word importance...
  Used 123 queries for importance ranking
  Attempting word replacements...
  ✓ Attack succeeded after 124 queries!
Perturbed label: LABEL_1
Success: True, Queries: 124, Similarity: 0.996

Example 256/1000
Original: I feel like it should be more popular.  What can I say:\n1. Juicy burger w/ any cheese you want\n2. ...
Original label: LABEL_1
  Calculating word importance...
  Used 97 queries for importance ranking
  Attempting word replacements...
  ✓ Attack succeeded after 399 queries!
Perturbed label: LABEL_0
Success: True, Queries: 399, Similarity: 0.786

Example 257/1000
Original: ehh...no....
Original label: LABEL_0
  Calculating word importance...
  Used 2 queries for importance ranking
  Attempting word replacements...
Perturbed label: LABEL_0
Success: False, Queries: 2, Similarity: 1.000

Example 258/1000
Original: I will give only one star, but that is even too generous.  We were excited to go and try La Piazza L...
Original label: LABEL_0
  Calculating word importance...
  Used 144 queries for importance ranking
  Attempting word replacements...
Perturbed label: LABEL_0
Success: False, Queries: 801, Similarity: 0.802

Example 259/1000
Original: First timer for dinner tonight. They were very friendly and the food was tasty!\nIt's kind of like S...
Original label: LABEL_1
  Calculating word importance...
  Used 311 queries for importance ranking
  Attempting word replacements...
Perturbed label: LABEL_1
Success: False, Queries: 1000, Similarity: 0.802

Example 260/1000
Original: OK i had to write a review because I was very disappointed!\n\nI gave this place the benfit of the d...
Original label: LABEL_0
  Calculating word importance...
  Used 500 queries for importance ranking
  Attempting word replacements...
Perturbed label: LABEL_0
Success: False, Queries: 1000, Similarity: 0.802

Example 261/1000
Original: Went there today to have my favourite beer and maybe some fish and chips - the place is closed with ...
Original label: LABEL_1
  Calculating word importance...
  Used 32 queries for importance ranking
  Attempting word replacements...
  ✓ Attack succeeded after 33 queries!
Perturbed label: LABEL_0
Success: True, Queries: 33, Similarity: 0.987

Example 262/1000
Original: Don't come here if you have any sort of time constraints. The only reason I'm not giving this place ...
Original label: LABEL_0
  Calculating word importance...
  Used 251 queries for importance ranking
  Attempting word replacements...
Perturbed label: LABEL_0
Success: False, Queries: 1000, Similarity: 0.802

Example 263/1000
Original: Awesome place. Cheap entertainment.\n\nNot sure why it took me so long to check this place out. I wa...
Original label: LABEL_1
  Calculating word importance...
  Used 150 queries for importance ranking
  Attempting word replacements...
Perturbed label: LABEL_1
Success: False, Queries: 1000, Similarity: 0.801

Example 264/1000
Original: Glad to see Henderson area catching up with the rest of the world. A bit pricey, but the BLUE CHEESE...
Original label: LABEL_1
  Calculating word importance...
  Used 62 queries for importance ranking
  Attempting word replacements...
Perturbed label: LABEL_1
Success: False, Queries: 406, Similarity: 0.800

Example 265/1000
Original: The rebel carpet cleaner. Did a great job on my carpets at a great price. Fast, complete and even le...
Original label: LABEL_1
  Calculating word importance...
  Used 46 queries for importance ranking
  Attempting word replacements...
  ✓ Attack succeeded after 145 queries!
Perturbed label: LABEL_0
Success: True, Queries: 145, Similarity: 0.797

Example 266/1000
Original: We've eaten in Chicago and had great food, but this place is the worst. Maybe we just ordered the wr...
Original label: LABEL_0
  Calculating word importance...
  Used 178 queries for importance ranking
  Attempting word replacements...
Perturbed label: LABEL_0
Success: False, Queries: 1000, Similarity: 0.801

Example 267/1000
Original: I ate there for lunch and when I ordered the burger it came in five minutes.   On the way out saw th...
Original label: LABEL_0
  Calculating word importance...
  Used 57 queries for importance ranking
  Attempting word replacements...
Perturbed label: LABEL_0
Success: False, Queries: 304, Similarity: 0.811

Example 268/1000
Original: 90 minutes for 3 people to get breakfast... It took 20 minutes to get our drinks and an hour for our...
Original label: LABEL_0
  Calculating word importance...
  Used 70 queries for importance ranking
  Attempting word replacements...
Perturbed label: LABEL_0
Success: False, Queries: 511, Similarity: 0.800

Example 269/1000
Original: I can't stand this place. It's always filled with a bunch of drunks, it smells, and the karaoke coul...
Original label: LABEL_0
  Calculating word importance...
  Used 76 queries for importance ranking
  Attempting word replacements...
Perturbed label: LABEL_0
Success: False, Queries: 483, Similarity: 0.801

Example 270/1000
Original: All those people that claim Mike Ferry is hard ass about taking your money are right. He is old scho...
Original label: LABEL_0
  Calculating word importance...
  Used 36 queries for importance ranking
  Attempting word replacements...
Perturbed label: LABEL_0
Success: False, Queries: 359, Similarity: 0.810

Example 271/1000
Original: My server Alyssa was amazing. Very kind, always had a smile on her face and made sure everything was...
Original label: LABEL_1
  Calculating word importance...
  Used 50 queries for importance ranking
  Attempting word replacements...
Perturbed label: LABEL_1
Success: False, Queries: 404, Similarity: 0.803

Example 272/1000
Original: I have a new found love for Indian food and when I found myself in Madison I had to check this place...
Original label: LABEL_1
  Calculating word importance...
  Used 66 queries for importance ranking
  Attempting word replacements...
Perturbed label: LABEL_1
Success: False, Queries: 413, Similarity: 0.800

Example 273/1000
Original: It's hhhuuuuggggeeee (that's what she said).\n\nYep, that is just what I said. This place is ginormo...
Original label: LABEL_1
  Calculating word importance...
  Used 178 queries for importance ranking
  Attempting word replacements...
Perturbed label: LABEL_1
Success: False, Queries: 919, Similarity: 0.800

Example 274/1000
Original: Staff was so friendly and they did a great job shaving down my girls. I'm going out of town soon and...
Original label: LABEL_1
  Calculating word importance...
  Used 31 queries for importance ranking
  Attempting word replacements...
  ✓ Attack succeeded after 218 queries!
Perturbed label: LABEL_0
Success: True, Queries: 218, Similarity: 0.800

Example 275/1000
Original: Of course we know that you get what you pay for, but I was also under the impression that if a hotel...
Original label: LABEL_0
  Calculating word importance...
  Used 500 queries for importance ranking
  Attempting word replacements...
  ✓ Attack succeeded after 734 queries!
Perturbed label: LABEL_1
Success: True, Queries: 734, Similarity: 0.846

Example 276/1000
Original: Though the name of the store has changed over the years, this brick and mortar has been around since...
Original label: LABEL_1
  Calculating word importance...
  Used 146 queries for importance ranking
  Attempting word replacements...
  ✓ Attack succeeded after 149 queries!
Perturbed label: LABEL_0
Success: True, Queries: 149, Similarity: 0.995

Example 277/1000
Original: My all time favorite @SBC is 'Raspberry Mocha Kiss' - A Classic Mocha with the addition of raspberry...
Original label: LABEL_1
  Calculating word importance...
  Used 199 queries for importance ranking
  Attempting word replacements...
Perturbed label: LABEL_1
Success: False, Queries: 924, Similarity: 0.805

Example 278/1000
Original: A great spot with local beers on tap, live DJs on the weekends, and an interesting array of indie an...
Original label: LABEL_1
  Calculating word importance...
  Used 81 queries for importance ranking
  Attempting word replacements...
Perturbed label: LABEL_1
Success: False, Queries: 410, Similarity: 0.801

Example 279/1000
Original: I went on a wing night (Wednesdays). They have the best jumbo wings! The sauces could be better thou...
Original label: LABEL_0
  Calculating word importance...
  Used 133 queries for importance ranking
  Attempting word replacements...
  ✓ Attack succeeded after 565 queries!
Perturbed label: LABEL_1
Success: True, Queries: 565, Similarity: 0.796

Example 280/1000
Original: I've been to many mastro's and typically leave happy.  I had the bone in filet which was mediocre/go...
Original label: LABEL_0
  Calculating word importance...
  Used 49 queries for importance ranking
  Attempting word replacements...
  ✓ Attack succeeded after 126 queries!
Perturbed label: LABEL_1
Success: True, Queries: 126, Similarity: 0.827

Example 281/1000
Original: Excellent service!  I brought my truck in for tire repair and the wait was longer than expected so I...
Original label: LABEL_1
  Calculating word importance...
  Used 42 queries for importance ranking
  Attempting word replacements...
Perturbed label: LABEL_1
Success: False, Queries: 232, Similarity: 0.804

Example 282/1000
Original: Wait staff was attentive but the food was very bland. Nuts in the Kung Pao Chicken looked like they ...
Original label: LABEL_0
  Calculating word importance...
  Used 40 queries for importance ranking
  Attempting word replacements...
Perturbed label: LABEL_0
Success: False, Queries: 209, Similarity: 0.808

Example 283/1000
Original: Not sure what all the hype is about for this place.....Been here 2 times... Very average.... It seem...
Original label: LABEL_0
  Calculating word importance...
  Used 46 queries for importance ranking
  Attempting word replacements...
Perturbed label: LABEL_0
Success: False, Queries: 243, Similarity: 0.805

Example 284/1000
Original: Fluffy sweetness in the hot Arizona weather with customized toppings?  I'm in! As a former Lollicup ...
Original label: LABEL_1
  Calculating word importance...
  Used 48 queries for importance ranking
  Attempting word replacements...
Perturbed label: LABEL_1
Success: False, Queries: 218, Similarity: 0.804

Example 285/1000
Original: As a guy coming into this type of couples session I wasn't sure what to expect. My fianc\u00e9e had ...
Original label: LABEL_1
  Calculating word importance...
  Used 126 queries for importance ranking
  Attempting word replacements...
Perturbed label: LABEL_1
Success: False, Queries: 586, Similarity: 0.800

Example 286/1000
Original: Its been a year since my last review, this location is doing as good job as they can but the new men...
Original label: LABEL_0
  Calculating word importance...
  Used 30 queries for importance ranking
  Attempting word replacements...
  ✓ Attack succeeded after 33 queries!
Perturbed label: LABEL_1
Success: True, Queries: 33, Similarity: 0.987

Example 287/1000
Original: Cool! Sweet Tomatoes has improved significantly since I had it last (about a year ago). This was my ...
Original label: LABEL_1
  Calculating word importance...
  Used 152 queries for importance ranking
  Attempting word replacements...
  ✓ Attack succeeded after 448 queries!
Perturbed label: LABEL_0
Success: True, Queries: 448, Similarity: 0.786

Example 288/1000
Original: If there's one thing that makes me seriously consider moving back to Vegas, it's this place. Serious...
Original label: LABEL_1
  Calculating word importance...
  Used 270 queries for importance ranking
  Attempting word replacements...
Perturbed label: LABEL_1
Success: False, Queries: 1000, Similarity: 0.802

Example 289/1000
Original: I've read the reviews before playing and got me interested.  After playing, I'm not sure what you al...
Original label: LABEL_0
  Calculating word importance...
  Used 290 queries for importance ranking
  Attempting word replacements...
  ✓ Attack succeeded after 999 queries!
Perturbed label: LABEL_1
Success: True, Queries: 999, Similarity: 0.794

Example 290/1000
Original: Simply amazing. We tried the Whole Grain salad - fresh and flavorful. Loved the lemon-chile vinaigre...
Original label: LABEL_1
  Calculating word importance...
  Used 53 queries for importance ranking
  Attempting word replacements...
  ✓ Attack succeeded after 105 queries!
Perturbed label: LABEL_0
Success: True, Queries: 105, Similarity: 0.813

Example 291/1000
Original: This is a paradise for eaters of dead animals, but not so much for vegetarians, despite the claim of...
Original label: LABEL_0
  Calculating word importance...
  Used 84 queries for importance ranking
  Attempting word replacements...
  ✓ Attack succeeded after 281 queries!
Perturbed label: LABEL_1
Success: True, Queries: 281, Similarity: 0.839

Example 292/1000
Original: I've been to this store over and over again because a friend keeps dragging me along, but have never...
Original label: LABEL_0
  Calculating word importance...
  Used 65 queries for importance ranking
  Attempting word replacements...
Perturbed label: LABEL_0
Success: False, Queries: 378, Similarity: 0.808

Example 293/1000
Original: The only reason I am giving this place a 1 star is because it does have potential due to their food....
Original label: LABEL_0
  Calculating word importance...
  Used 282 queries for importance ranking
  Attempting word replacements...
Perturbed label: LABEL_0
Success: False, Queries: 1000, Similarity: 0.802

Example 294/1000
Original: THIS is what passes for gourmet pizza in Glendale? I think not. You're kidding me. Grimaldi's is a s...
Original label: LABEL_0
  Calculating word importance...
  Used 352 queries for importance ranking
  Attempting word replacements...
Perturbed label: LABEL_0
Success: False, Queries: 1000, Similarity: 0.806

Example 295/1000
Original: Meh, my husband and I weren't impressed at all. I had the Orchard Chicken Sandwich with Sweet Potato...
Original label: LABEL_0
  Calculating word importance...
  Used 79 queries for importance ranking
  Attempting word replacements...
  ✓ Attack succeeded after 166 queries!
Perturbed label: LABEL_1
Success: True, Queries: 166, Similarity: 0.815

Example 296/1000
Original: Went here for lunch expected amazing food however recieved mediocer food and our service was aweful....
Original label: LABEL_0
  Calculating word importance...
  Used 32 queries for importance ranking
  Attempting word replacements...
Perturbed label: LABEL_0
Success: False, Queries: 126, Similarity: 0.803

Example 297/1000
Original: Great lunch specials!   I always get the Chicken Caprese Pita with a side salad which is only around...
Original label: LABEL_1
  Calculating word importance...
  Used 67 queries for importance ranking
  Attempting word replacements...
Perturbed label: LABEL_1
Success: False, Queries: 347, Similarity: 0.802

Example 298/1000
Original: We've been to Flancers many times and its always been great.  Its hard not to get the Philly Cheese-...
Original label: LABEL_1
  Calculating word importance...
  Used 65 queries for importance ranking
  Attempting word replacements...
Perturbed label: LABEL_1
Success: False, Queries: 374, Similarity: 0.815

Example 299/1000
Original: This is an excellent Roberto's.  I've been to others but this on is best.  The staff is very friendl...
Original label: LABEL_1
  Calculating word importance...
  Used 55 queries for importance ranking
  Attempting word replacements...
Perturbed label: LABEL_1
Success: False, Queries: 271, Similarity: 0.801

Example 300/1000
Original: Went to this place a couple years back with family during a trip to Vegas and loved it! Ordered all-...
Original label: LABEL_0
  Calculating word importance...
  Used 254 queries for importance ranking
  Attempting word replacements...
Perturbed label: LABEL_0
Success: False, Queries: 1000, Similarity: 0.800

Example 301/1000
Original: Worst place ever to watch a game. Audio up audio down audio up audio down the entire game. Who ever ...
Original label: LABEL_0
  Calculating word importance...
  Used 36 queries for importance ranking
  Attempting word replacements...
Perturbed label: LABEL_0
Success: False, Queries: 169, Similarity: 0.801

Example 302/1000
Original: Best tapas I've ever had! Customer service is good....
Original label: LABEL_1
  Calculating word importance...
  Used 10 queries for importance ranking
  Attempting word replacements...
  ✓ Attack succeeded after 73 queries!
Perturbed label: LABEL_0
Success: True, Queries: 73, Similarity: 0.707

Example 303/1000
Original: Straight up, we did not eat a meal here, we ate dessert only and had drinks.  \n\nBeing only a stone...
Original label: LABEL_1
  Calculating word importance...
  Used 310 queries for importance ranking
  Attempting word replacements...
Perturbed label: LABEL_1
Success: False, Queries: 1000, Similarity: 0.800

Example 304/1000
Original: Let me start by saying if I could give this dive 0 stars trust me I would!!! \n\nThis by far was the...
Original label: LABEL_0
  Calculating word importance...
  Used 180 queries for importance ranking
  Attempting word replacements...
Perturbed label: LABEL_0
Success: False, Queries: 1000, Similarity: 0.802

Example 305/1000
Original: Was not impressed at all..overpriced for the quality of the sushi, service was not very friendly.  T...
Original label: LABEL_0
  Calculating word importance...
  Used 40 queries for importance ranking
  Attempting word replacements...
  ✓ Attack succeeded after 108 queries!
Perturbed label: LABEL_1
Success: True, Queries: 108, Similarity: 0.844

Example 306/1000
Original: Oh no......my ice maker is on the fritz.....no ice. I google appliance repair in Vegas because my ol...
Original label: LABEL_0
  Calculating word importance...
  Used 224 queries for importance ranking
  Attempting word replacements...
  ✓ Attack succeeded after 241 queries!
Perturbed label: LABEL_1
Success: True, Queries: 241, Similarity: 0.968

Example 307/1000
Original: Disappointing at best- had fresh spring rolls, came wrapped in crepe not rice paper as advertised on...
Original label: LABEL_0
  Calculating word importance...
  Used 43 queries for importance ranking
  Attempting word replacements...
  ✓ Attack succeeded after 46 queries!
Perturbed label: LABEL_1
Success: True, Queries: 46, Similarity: 0.881

Example 308/1000
Original: Great curry and great service! Their curry was delicious; served with a variety of toppings (I had v...
Original label: LABEL_1
  Calculating word importance...
  Used 51 queries for importance ranking
  Attempting word replacements...
Perturbed label: LABEL_1
Success: False, Queries: 262, Similarity: 0.802

Example 309/1000
Original: After eating at Mad Dogs, my only comment is: \n\nUgh, Chicago-style hotdogs, or Madison-style shitd...
Original label: LABEL_0
  Calculating word importance...
  Used 18 queries for importance ranking
  Attempting word replacements...
  ✓ Attack succeeded after 65 queries!
Perturbed label: LABEL_1
Success: True, Queries: 65, Similarity: 0.882

Example 310/1000
Original: So, I think this should really be 4.5 but I'll round up :). A newbie to the Charlotte restaurant sce...
Original label: LABEL_1
  Calculating word importance...
  Used 290 queries for importance ranking
  Attempting word replacements...
Perturbed label: LABEL_1
Success: False, Queries: 1000, Similarity: 0.802

Example 311/1000
Original: I had a high end sofa and love that had seen better days. They were still very comfortable, so I tho...
Original label: LABEL_1
  Calculating word importance...
  Used 75 queries for importance ranking
  Attempting word replacements...
Perturbed label: LABEL_1
Success: False, Queries: 498, Similarity: 0.802

Example 312/1000
Original: Just tried this pita place for lunch as they had mailed my office some coupons and I was pleasantly ...
Original label: LABEL_1
  Calculating word importance...
  Used 112 queries for importance ranking
  Attempting word replacements...
Perturbed label: LABEL_1
Success: False, Queries: 496, Similarity: 0.803

Example 313/1000
Original: So I figured for my 200th review it needed to be a 5-star rating. I didn't even know I never reviewe...
Original label: LABEL_1
  Calculating word importance...
  Used 277 queries for importance ranking
  Attempting word replacements...
Perturbed label: LABEL_1
Success: False, Queries: 1000, Similarity: 0.801

Example 314/1000
Original: Meh, is right.  I've been wanting to try Vincent's since I moved to the area over a year ago.  I bou...
Original label: LABEL_0
  Calculating word importance...
  Used 231 queries for importance ranking
  Attempting word replacements...
Perturbed label: LABEL_0
Success: False, Queries: 1000, Similarity: 0.801

Example 315/1000
Original: I prefer the off-strip younger resorts.  I typically choose to stay at Hard Rock, Rio, or Palms.  Th...
Original label: LABEL_1
  Calculating word importance...
  Used 51 queries for importance ranking
  Attempting word replacements...
  ✓ Attack succeeded after 195 queries!
Perturbed label: LABEL_0
Success: True, Queries: 195, Similarity: 0.785

Example 316/1000
Original: Well...I tried this restaurant again...and again was disappointed. This time I tried the Roadkill. A...
Original label: LABEL_0
  Calculating word importance...
  Used 134 queries for importance ranking
  Attempting word replacements...
Perturbed label: LABEL_0
Success: False, Queries: 684, Similarity: 0.801

Example 317/1000
Original: Awful. Not friendly. Sold us wrong products. Employees clueless. Not a typical Camping World. If you...
Original label: LABEL_0
  Calculating word importance...
  Used 54 queries for importance ranking
  Attempting word replacements...
Perturbed label: LABEL_0
Success: False, Queries: 270, Similarity: 0.800

Example 318/1000
Original: It was clean and they were nice. There was kind of a creepy guy there though but he wasn't an employ...
Original label: LABEL_1
  Calculating word importance...
  Used 22 queries for importance ranking
  Attempting word replacements...
  ✓ Attack succeeded after 23 queries!
Perturbed label: LABEL_0
Success: True, Queries: 23, Similarity: 0.911

Example 319/1000
Original: Food gets you from point a to point b. Nothing special, but it's convenient and right next to the sp...
Original label: LABEL_1
  Calculating word importance...
  Used 48 queries for importance ranking
  Attempting word replacements...
Perturbed label: LABEL_1
Success: False, Queries: 341, Similarity: 0.804

Example 320/1000
Original: I'm only giving them 2 stars because from the outside the shop looks nice. \n\nBut what I don't like...
Original label: LABEL_0
  Calculating word importance...
  Used 114 queries for importance ranking
  Attempting word replacements...
Perturbed label: LABEL_0
Success: False, Queries: 519, Similarity: 0.811

Example 321/1000
Original: I went into this nail salon for the first time with my 3 year-old daughter as she loves to get her n...
Original label: LABEL_0
  Calculating word importance...
  Used 95 queries for importance ranking
  Attempting word replacements...
  ✓ Attack succeeded after 501 queries!
Perturbed label: LABEL_1
Success: True, Queries: 501, Similarity: 0.763

Example 322/1000
Original: delicious burger. great prices. i especially like that i can order my burger protein style...you kno...
Original label: LABEL_1
  Calculating word importance...
  Used 72 queries for importance ranking
  Attempting word replacements...
Perturbed label: LABEL_1
Success: False, Queries: 375, Similarity: 0.800

Example 323/1000
Original: This little strip mall Indian restaurant gets a bonus point for being so beautiful inside.  Very con...
Original label: LABEL_1
  Calculating word importance...
  Used 297 queries for importance ranking
  Attempting word replacements...
Perturbed label: LABEL_1
Success: False, Queries: 1000, Similarity: 0.800

Example 324/1000
Original: See my review under \""dairy villa\"". I will never go to this place again....
Original label: LABEL_0
  Calculating word importance...
  Used 14 queries for importance ranking
  Attempting word replacements...
  ✓ Attack succeeded after 15 queries!
Perturbed label: LABEL_1
Success: True, Queries: 15, Similarity: 0.976

Example 325/1000
Original: Just back from a wonderful stay in Montreal at the incomparable Chez Swann. Gorgeous hotel with a se...
Original label: LABEL_1
  Calculating word importance...
  Used 93 queries for importance ranking
  Attempting word replacements...
Perturbed label: LABEL_1
Success: False, Queries: 510, Similarity: 0.800

Example 326/1000
Original: Get the waffle cone! The surprise at the end is a nice surprise!\nMany flavors to pick from and the ...
Original label: LABEL_1
  Calculating word importance...
  Used 48 queries for importance ranking
  Attempting word replacements...
Perturbed label: LABEL_1
Success: False, Queries: 328, Similarity: 0.801

Example 327/1000
Original: I wish I could rate different aspects separately.  Hotel is old, but is in the process of an upgrade...
Original label: LABEL_1
  Calculating word importance...
  Used 146 queries for importance ranking
  Attempting word replacements...
  ✓ Attack succeeded after 817 queries!
Perturbed label: LABEL_0
Success: True, Queries: 817, Similarity: 0.797

Example 328/1000
Original: Not real impressed.  Sauce wasn't all that and sliced beef was tough. Trash can was full, restaurant...
Original label: LABEL_0
  Calculating word importance...
  Used 35 queries for importance ranking
  Attempting word replacements...
Perturbed label: LABEL_0
Success: False, Queries: 195, Similarity: 0.802

Example 329/1000
Original: Came in for a Chocolate Malt and got Hershey' s Syrup with vanilla ice cream, very disappointing....
Original label: LABEL_0
  Calculating word importance...
  Used 17 queries for importance ranking
  Attempting word replacements...
Perturbed label: LABEL_0
Success: False, Queries: 103, Similarity: 0.803

Example 330/1000
Original: Maybe 2.5 stars. I have experienced better from a martini/jazz bar. On a Saturday night, Sydney's wa...
Original label: LABEL_0
  Calculating word importance...
  Used 286 queries for importance ranking
  Attempting word replacements...
Perturbed label: LABEL_0
Success: False, Queries: 1000, Similarity: 0.800

Example 331/1000
Original: Like always the service is great but today the food wander so great the street taco is good but is n...
Original label: LABEL_0
  Calculating word importance...
  Used 75 queries for importance ranking
  Attempting word replacements...
Perturbed label: LABEL_0
Success: False, Queries: 423, Similarity: 0.804

Example 332/1000
Original: The food is not that good. Nor is the sangria. Firefly has this place beat I'm sorry to say. Good tr...
Original label: LABEL_0
  Calculating word importance...
  Used 27 queries for importance ranking
  Attempting word replacements...
Perturbed label: LABEL_0
Success: False, Queries: 230, Similarity: 0.801

Example 333/1000
Original: Ein sch\u00f6nes kleines Museum \u00fcber die Kindheit in verschiedenen Zeiten - Mittelalter, viktor...
Original label: LABEL_1
  Calculating word importance...
  Used 84 queries for importance ranking
  Attempting word replacements...
Perturbed label: LABEL_1
Success: False, Queries: 119, Similarity: 0.974

Example 334/1000
Original: This is the last straw...we've had numerous problems with this office before but i can't stand it an...
Original label: LABEL_0
  Calculating word importance...
  Used 151 queries for importance ranking
  Attempting word replacements...
Perturbed label: LABEL_0
Success: False, Queries: 879, Similarity: 0.801

Example 335/1000
Original: Had a great night at the patio bar. The bartender was very pleasant and knowledgeable about gluten a...
Original label: LABEL_1
  Calculating word importance...
  Used 53 queries for importance ranking
  Attempting word replacements...
Perturbed label: LABEL_1
Success: False, Queries: 310, Similarity: 0.805

Example 336/1000
Original: Not impressed, windows were smudged, water spots on both sides doors, windows, and top of my toyota....
Original label: LABEL_0
  Calculating word importance...
  Used 64 queries for importance ranking
  Attempting word replacements...
Perturbed label: LABEL_0
Success: False, Queries: 394, Similarity: 0.801

Example 337/1000
Original: They totally ruin the browsing experience of a library by not organizing the non fiction section int...
Original label: LABEL_0
  Calculating word importance...
  Used 68 queries for importance ranking
  Attempting word replacements...
Perturbed label: LABEL_0
Success: False, Queries: 433, Similarity: 0.802

Example 338/1000
Original: The concept for this show is great, and it could be hilarious.  But, one of the actresses, Lisa Mack...
Original label: LABEL_0
  Calculating word importance...
  Used 99 queries for importance ranking
  Attempting word replacements...
Perturbed label: LABEL_0
Success: False, Queries: 492, Similarity: 0.808

Example 339/1000
Original: Went for dinner - Service was excellent.\n\nStarters were overpriced (escargot - tasty but not worth...
Original label: LABEL_0
  Calculating word importance...
  Used 96 queries for importance ranking
  Attempting word replacements...
Perturbed label: LABEL_0
Success: False, Queries: 526, Similarity: 0.803

Example 340/1000
Original: Poor management has caused me to add gran agave to my banned list. I had been a weekly customer sinc...
Original label: LABEL_0
  Calculating word importance...
  Used 111 queries for importance ranking
  Attempting word replacements...
Perturbed label: LABEL_0
Success: False, Queries: 651, Similarity: 0.801

Example 341/1000
Original: Mike n Molly's is a great time for those looking to enjoy the variety that Champaign-Urbana has to o...
Original label: LABEL_1
  Calculating word importance...
  Used 92 queries for importance ranking
  Attempting word replacements...
Perturbed label: LABEL_1
Success: False, Queries: 487, Similarity: 0.804

Example 342/1000
Original: I have been coming here since 1995 , when I first moved to Las Vegas. I love the deep dish Chicago p...
Original label: LABEL_1
  Calculating word importance...
  Used 23 queries for importance ranking
  Attempting word replacements...
Perturbed label: LABEL_1
Success: False, Queries: 167, Similarity: 0.804

Example 343/1000
Original: Bland pizza.  Not particularly horrible nor particularly good.  Staff that cared more about what's p...
Original label: LABEL_0
  Calculating word importance...
  Used 30 queries for importance ranking
  Attempting word replacements...
Perturbed label: LABEL_0
Success: False, Queries: 128, Similarity: 0.801

Example 344/1000
Original: To the Flamingo's credit, we did get a decent deal that included two 24hr buffet passes for other ho...
Original label: LABEL_0
  Calculating word importance...
  Used 125 queries for importance ranking
  Attempting word replacements...
Perturbed label: LABEL_0
Success: False, Queries: 900, Similarity: 0.803

Example 345/1000
Original: They did a great job on my hair, and I have very long and thick blonde hair.  There was a slight smu...
Original label: LABEL_1
  Calculating word importance...
  Used 81 queries for importance ranking
  Attempting word replacements...
  ✓ Attack succeeded after 111 queries!
Perturbed label: LABEL_0
Success: True, Queries: 111, Similarity: 0.941

Example 346/1000
Original: So the boba here is good, depending on who makes it. The food is hit or miss depending on what time ...
Original label: LABEL_0
  Calculating word importance...
  Used 82 queries for importance ranking
  Attempting word replacements...
  ✓ Attack succeeded after 83 queries!
Perturbed label: LABEL_1
Success: True, Queries: 83, Similarity: 0.956

Example 347/1000
Original: Nothing too complex here. Everything tasted well, but there's definitely room for improvement. Meatl...
Original label: LABEL_0
  Calculating word importance...
  Used 115 queries for importance ranking
  Attempting word replacements...
Perturbed label: LABEL_0
Success: False, Queries: 833, Similarity: 0.801

Example 348/1000
Original: mh did this the last time i went to vegas in january.. i love the show so i was hoping for either a ...
Original label: LABEL_0
  Calculating word importance...
  Used 54 queries for importance ranking
  Attempting word replacements...
Perturbed label: LABEL_0
Success: False, Queries: 238, Similarity: 0.803

Example 349/1000
Original: This place is a rip off!  The front desk told us the Suite was lowered to a Special Rate of $250, a ...
Original label: LABEL_0
  Calculating word importance...
  Used 154 queries for importance ranking
  Attempting word replacements...
Perturbed label: LABEL_0
Success: False, Queries: 726, Similarity: 0.803

Example 350/1000
Original: Good food but extremely SLOW in receiving your order. I usually go there and also order delivery/tak...
Original label: LABEL_0
  Calculating word importance...
  Used 49 queries for importance ranking
  Attempting word replacements...
Perturbed label: LABEL_0
Success: False, Queries: 348, Similarity: 0.808

Example 351/1000
Original: So this is the second time I come and the doors are locked. It seems like no one is in there. The we...
Original label: LABEL_0
  Calculating word importance...
  Used 65 queries for importance ranking
  Attempting word replacements...
Perturbed label: LABEL_0
Success: False, Queries: 269, Similarity: 0.808

Example 352/1000
Original: I am an OB card member.  We signed up for our memberships at Legacy.  I played the course in the sum...
Original label: LABEL_0
  Calculating word importance...
  Used 211 queries for importance ranking
  Attempting word replacements...
Perturbed label: LABEL_0
Success: False, Queries: 1000, Similarity: 0.800

Example 353/1000
Original: Great little family owned place.  A good portion of the client\u00e8le is actually Middle Eastern, s...
Original label: LABEL_1
  Calculating word importance...
  Used 218 queries for importance ranking
  Attempting word replacements...
Perturbed label: LABEL_1
Success: False, Queries: 1000, Similarity: 0.804

Example 354/1000
Original: I am extremely disappointed in the Cox services. We have their internet service (wireless), and it i...
Original label: LABEL_0
  Calculating word importance...
  Used 139 queries for importance ranking
  Attempting word replacements...
Perturbed label: LABEL_0
Success: False, Queries: 829, Similarity: 0.800

Example 355/1000
Original: I just went there with 4 co-workers for lunch.  Everybody was happy with their food, which was: pizz...
Original label: LABEL_1
  Calculating word importance...
  Used 64 queries for importance ranking
  Attempting word replacements...
  ✓ Attack succeeded after 190 queries!
Perturbed label: LABEL_0
Success: True, Queries: 190, Similarity: 0.803

Example 356/1000
Original: The BurGR is a beautifully set out restaurant and full of lots of sharp-looking waitstaff, and despi...
Original label: LABEL_0
  Calculating word importance...
  Used 224 queries for importance ranking
  Attempting word replacements...
  ✓ Attack succeeded after 786 queries!
Perturbed label: LABEL_1
Success: True, Queries: 786, Similarity: 0.803

Example 357/1000
Original: What an incredible dinner!! First off, you can't beat the gorgeous view this place has.  Also, the s...
Original label: LABEL_1
  Calculating word importance...
  Used 36 queries for importance ranking
  Attempting word replacements...
Perturbed label: LABEL_1
Success: False, Queries: 214, Similarity: 0.802

Example 358/1000
Original: A promoting agency that does not work well with you for clubs and attractions in vegas. Experience s...
Original label: LABEL_0
  Calculating word importance...
  Used 46 queries for importance ranking
  Attempting word replacements...
  ✓ Attack succeeded after 315 queries!
Perturbed label: LABEL_1
Success: True, Queries: 315, Similarity: 0.804

Example 359/1000
Original: One of the best sandwich shops in town.  Going here for a week day lunch during rush hour I was luck...
Original label: LABEL_1
  Calculating word importance...
  Used 187 queries for importance ranking
  Attempting word replacements...
  ✓ Attack succeeded after 533 queries!
Perturbed label: LABEL_0
Success: True, Queries: 533, Similarity: 0.786

Example 360/1000
Original: I took my dad to the resturant a couple months ago and the first time for him was a good experiance....
Original label: LABEL_0
  Calculating word importance...
  Used 206 queries for importance ranking
  Attempting word replacements...
Perturbed label: LABEL_0
Success: False, Queries: 1000, Similarity: 0.800

Example 361/1000
Original: We ordered a pizza at 12 noon and showed up at the house 1.5 hrs later, pizza was cold so I sent it ...
Original label: LABEL_0
  Calculating word importance...
  Used 125 queries for importance ranking
  Attempting word replacements...
Perturbed label: LABEL_0
Success: False, Queries: 604, Similarity: 0.800

Example 362/1000
Original: A fun drive by adventure while passing through Charlotte. The handy tip from our cashier to take our...
Original label: LABEL_1
  Calculating word importance...
  Used 49 queries for importance ranking
  Attempting word replacements...
  ✓ Attack succeeded after 256 queries!
Perturbed label: LABEL_0
Success: True, Queries: 256, Similarity: 0.807

Example 363/1000
Original: Our first time visiting the container park, my family (husband and 3 boys) and I stopped in for a tr...
Original label: LABEL_1
  Calculating word importance...
  Used 216 queries for importance ranking
  Attempting word replacements...
Perturbed label: LABEL_1
Success: False, Queries: 1000, Similarity: 0.801

Example 364/1000
Original: huge~!!!\nbest buffet ever~!...
Original label: LABEL_1
  Calculating word importance...
  Used 4 queries for importance ranking
  Attempting word replacements...
Perturbed label: LABEL_1
Success: False, Queries: 9, Similarity: 0.861

Example 365/1000
Original: The worst \""italian\"" restaurant in Montreal area!!! If you really love italian food don't go ther...
Original label: LABEL_0
  Calculating word importance...
  Used 17 queries for importance ranking
  Attempting word replacements...
  ✓ Attack succeeded after 19 queries!
Perturbed label: LABEL_1
Success: True, Queries: 19, Similarity: 0.888

Example 366/1000
Original: Have used for about a year.  Initially was very satisfied.  The girls are all super friendly.  Offic...
Original label: LABEL_0
  Calculating word importance...
  Used 106 queries for importance ranking
  Attempting word replacements...
Perturbed label: LABEL_0
Success: False, Queries: 573, Similarity: 0.800

Example 367/1000
Original: Arrived at Spago in the Caesar's Forum Shops for our 6pm reservations for a quick dinner and we were...
Original label: LABEL_1
  Calculating word importance...
  Used 170 queries for importance ranking
  Attempting word replacements...
Perturbed label: LABEL_1
Success: False, Queries: 727, Similarity: 0.857

Example 368/1000
Original: Ate here twice post partying. Pizza is terrible. People only like it because they're all drunk. I pr...
Original label: LABEL_0
  Calculating word importance...
  Used 56 queries for importance ranking
  Attempting word replacements...
  ✓ Attack succeeded after 213 queries!
Perturbed label: LABEL_1
Success: True, Queries: 213, Similarity: 0.823

Example 369/1000
Original: You know you're in for a bad meal when you hear\n\"" DING\"" come from the kitchen. This is the most...
Original label: LABEL_0
  Calculating word importance...
  Used 34 queries for importance ranking
  Attempting word replacements...
  ✓ Attack succeeded after 148 queries!
Perturbed label: LABEL_1
Success: True, Queries: 148, Similarity: 0.782

Example 370/1000
Original: So delicious! I've been twice now. Once with a couple of moms and our babies/toddlers. It was kid fr...
Original label: LABEL_1
  Calculating word importance...
  Used 138 queries for importance ranking
  Attempting word replacements...
Perturbed label: LABEL_1
Success: False, Queries: 748, Similarity: 0.803

Example 371/1000
Original: Good but have had better.....one thing my wife and I did not like is no garnish on burger.   Gotta a...
Original label: LABEL_0
  Calculating word importance...
  Used 43 queries for importance ranking
  Attempting word replacements...
Perturbed label: LABEL_0
Success: False, Queries: 238, Similarity: 0.802

Example 372/1000
Original: My wife and I were in Las Vegas last week. On Monday 22 July 2013, we found Grimaldi's using the Yel...
Original label: LABEL_1
  Calculating word importance...
  Used 104 queries for importance ranking
  Attempting word replacements...
Perturbed label: LABEL_1
Success: False, Queries: 571, Similarity: 0.808

Example 373/1000
Original: Ok so before I came to this place the only other ramen I had eaten was the classic meal of cheap col...
Original label: LABEL_1
  Calculating word importance...
  Used 135 queries for importance ranking
  Attempting word replacements...
Perturbed label: LABEL_1
Success: False, Queries: 768, Similarity: 0.804

Example 374/1000
Original: Orient House - once a 5 star restaurant- how now changed management as of early November 2013.\n\nI ...
Original label: LABEL_0
  Calculating word importance...
  Used 195 queries for importance ranking
  Attempting word replacements...
Perturbed label: LABEL_0
Success: False, Queries: 1000, Similarity: 0.801

Example 375/1000
Original: 2 words.  food poisoning\nHusband and I visited Vegas at ate at Hecho on 5/27. We shared a carne asa...
Original label: LABEL_0
  Calculating word importance...
  Used 67 queries for importance ranking
  Attempting word replacements...
Perturbed label: LABEL_0
Success: False, Queries: 235, Similarity: 0.805

Example 376/1000
Original: Some of the worst Thai I've had in Charlotte. Which is sad, I really wanted to like it....
Original label: LABEL_0
  Calculating word importance...
  Used 19 queries for importance ranking
  Attempting word replacements...
  ✓ Attack succeeded after 21 queries!
Perturbed label: LABEL_1
Success: True, Queries: 21, Similarity: 0.922

Example 377/1000
Original: Brought my Saturn to Fairfield Automotive and I couldn't be happier. The fuel pump had a component t...
Original label: LABEL_1
  Calculating word importance...
  Used 65 queries for importance ranking
  Attempting word replacements...
Perturbed label: LABEL_1
Success: False, Queries: 243, Similarity: 0.805

Example 378/1000
Original: We were in Vegas for the week for my daughter's wedding and wanted to try someplace different...not ...
Original label: LABEL_1
  Calculating word importance...
  Used 239 queries for importance ranking
  Attempting word replacements...
Perturbed label: LABEL_1
Success: False, Queries: 1000, Similarity: 0.805

Example 379/1000
Original: I went to see Lindsay last week for my first facial and what a great experience it was!  While I do ...
Original label: LABEL_1
  Calculating word importance...
  Used 81 queries for importance ranking
  Attempting word replacements...
  ✓ Attack succeeded after 513 queries!
Perturbed label: LABEL_0
Success: True, Queries: 513, Similarity: 0.799

Example 380/1000
Original: Usually when I have gone to a Michael's Arts & Crafts store I leave screaming and running for my car...
Original label: LABEL_1
  Calculating word importance...
  Used 115 queries for importance ranking
  Attempting word replacements...
  ✓ Attack succeeded after 446 queries!
Perturbed label: LABEL_0
Success: True, Queries: 446, Similarity: 0.796

Example 381/1000
Original: Every single time I go there I end up leaving in tears. I gave the first FOUR times a pass because I...
Original label: LABEL_0
  Calculating word importance...
  Used 290 queries for importance ranking
  Attempting word replacements...
Perturbed label: LABEL_0
Success: False, Queries: 1000, Similarity: 0.802

Example 382/1000
Original: Slow service and occasionally rude people working. I know it's only McDonalds but what happened to p...
Original label: LABEL_0
  Calculating word importance...
  Used 25 queries for importance ranking
  Attempting word replacements...
Perturbed label: LABEL_0
Success: False, Queries: 132, Similarity: 0.822

Example 383/1000
Original: This place has officially taken the Number 1 spot on my Top AYCE sushi restaurants. So congrats Goye...
Original label: LABEL_1
  Calculating word importance...
  Used 382 queries for importance ranking
  Attempting word replacements...
Perturbed label: LABEL_1
Success: False, Queries: 1000, Similarity: 0.809

Example 384/1000
Original: Came in with a group of 5, wanting dinner and drinks. We live near Old Town and frequent many of the...
Original label: LABEL_0
  Calculating word importance...
  Used 237 queries for importance ranking
  Attempting word replacements...
Perturbed label: LABEL_0
Success: False, Queries: 1000, Similarity: 0.805

Example 385/1000
Original: I was so excited to go here that my expectations went a bit too high. I think an actually requiremen...
Original label: LABEL_0
  Calculating word importance...
  Used 107 queries for importance ranking
  Attempting word replacements...
Perturbed label: LABEL_0
Success: False, Queries: 644, Similarity: 0.801

Example 386/1000
Original: I saw a carpet cleaning deal on Living Social, having never heard of Noble Cleaners I did my researc...
Original label: LABEL_1
  Calculating word importance...
  Used 105 queries for importance ranking
  Attempting word replacements...
Perturbed label: LABEL_1
Success: False, Queries: 502, Similarity: 0.803

Example 387/1000
Original: This place is a little hidden gem. The food was fantastic. A little bit of Italy in Phoenix. Everyth...
Original label: LABEL_1
  Calculating word importance...
  Used 30 queries for importance ranking
  Attempting word replacements...
Perturbed label: LABEL_1
Success: False, Queries: 209, Similarity: 0.802

Example 388/1000
Original: Wait time was terrible! When we did get our food the eggs were cold.  Waitress was nice, I know not ...
Original label: LABEL_0
  Calculating word importance...
  Used 26 queries for importance ranking
  Attempting word replacements...
Perturbed label: LABEL_0
Success: False, Queries: 210, Similarity: 0.800

Example 389/1000
Original: Wow so yummy! Family style so don't over order. We took a lot home, but it was worth it. Fair pricin...
Original label: LABEL_1
  Calculating word importance...
  Used 43 queries for importance ranking
  Attempting word replacements...
Perturbed label: LABEL_1
Success: False, Queries: 396, Similarity: 0.804

Example 390/1000
Original: This place was NOT FUN. We got on the guestlist to ensure that we (a group of 5 girls) wouldn't have...
Original label: LABEL_0
  Calculating word importance...
  Used 500 queries for importance ranking
  Attempting word replacements...
Perturbed label: LABEL_0
Success: False, Queries: 1000, Similarity: 0.801

Example 391/1000
Original: I made reservations and took a friend to Cartwright's for Thanksgiving dinner.  They had 3 choices o...
Original label: LABEL_1
  Calculating word importance...
  Used 193 queries for importance ranking
  Attempting word replacements...
Perturbed label: LABEL_1
Success: False, Queries: 1000, Similarity: 0.800

Example 392/1000
Original: If you like brown, this is the place to hike.\n\nDid the Gateway Loop.  Counter clockwise.  The firs...
Original label: LABEL_1
  Calculating word importance...
  Used 86 queries for importance ranking
  Attempting word replacements...
  ✓ Attack succeeded after 94 queries!
Perturbed label: LABEL_0
Success: True, Queries: 94, Similarity: 0.965

Example 393/1000
Original: doesn't deserve a star..not a great Insurance group.don't bother signing up I was a member for 2 yea...
Original label: LABEL_0
  Calculating word importance...
  Used 41 queries for importance ranking
  Attempting word replacements...
Perturbed label: LABEL_0
Success: False, Queries: 259, Similarity: 0.800

Example 394/1000
Original: Simple, homey and well done comfort food. Terrific goulash!...
Original label: LABEL_1
  Calculating word importance...
  Used 9 queries for importance ranking
  Attempting word replacements...
Perturbed label: LABEL_1
Success: False, Queries: 48, Similarity: 0.819

Example 395/1000
Original: Ok I will be short but what I have to say is not so sweet. I am astounded that this place is still i...
Original label: LABEL_0
  Calculating word importance...
  Used 155 queries for importance ranking
  Attempting word replacements...
Perturbed label: LABEL_0
Success: False, Queries: 1000, Similarity: 0.806

Example 396/1000
Original: Honestly the food is not bad at all and very short wait time and portions are large but I always get...
Original label: LABEL_0
  Calculating word importance...
  Used 44 queries for importance ranking
  Attempting word replacements...
Perturbed label: LABEL_0
Success: False, Queries: 341, Similarity: 0.800

Example 397/1000
Original: Greyhound in Pittsburgh gets no stars based on my experience today. I had a ticket to get on a bus t...
Original label: LABEL_0
  Calculating word importance...
  Used 134 queries for importance ranking
  Attempting word replacements...
  ✓ Attack succeeded after 447 queries!
Perturbed label: LABEL_1
Success: True, Queries: 447, Similarity: 0.859

Example 398/1000
Original: Terrible haircut. She took only about 10 minutes to cut my hair and it looked uneven. I then told he...
Original label: LABEL_0
  Calculating word importance...
  Used 54 queries for importance ranking
  Attempting word replacements...
  ✓ Attack succeeded after 229 queries!
Perturbed label: LABEL_1
Success: True, Queries: 229, Similarity: 0.786

Example 399/1000
Original: The place is conveniently next to the gym. Great place if you are looking to drop off a lot of stuff...
Original label: LABEL_1
  Calculating word importance...
  Used 121 queries for importance ranking
  Attempting word replacements...
  ✓ Attack succeeded after 522 queries!
Perturbed label: LABEL_0
Success: True, Queries: 522, Similarity: 0.795

Example 400/1000
Original: If you are in the area I much prefer Thai Elephant which is near by.  We did a taste test on the sou...
Original label: LABEL_0
  Calculating word importance...
  Used 83 queries for importance ranking
  Attempting word replacements...
  ✓ Attack succeeded after 163 queries!
Perturbed label: LABEL_1
Success: True, Queries: 163, Similarity: 0.829

Example 401/1000
Original: poor service, took 10 minutes to get water. Never got refilled. Food was slightly more interesting t...
Original label: LABEL_0
  Calculating word importance...
  Used 46 queries for importance ranking
  Attempting word replacements...
Perturbed label: LABEL_0
Success: False, Queries: 416, Similarity: 0.802

Example 402/1000
Original: This perennialy 1-2 Star neighborhood McDonald's recently underwent a complete remodeling, so I stop...
Original label: LABEL_1
  Calculating word importance...
  Used 93 queries for importance ranking
  Attempting word replacements...
  ✓ Attack succeeded after 376 queries!
Perturbed label: LABEL_0
Success: True, Queries: 376, Similarity: 0.920

Example 403/1000
Original: Best customer service.  What sets this place apart is the attention you get from the people who trul...
Original label: LABEL_1
  Calculating word importance...
  Used 84 queries for importance ranking
  Attempting word replacements...
  ✓ Attack succeeded after 149 queries!
Perturbed label: LABEL_0
Success: True, Queries: 149, Similarity: 0.863

Example 404/1000
Original: I honestly love Blue Martini - they have some insane Martinis (fly me to the moon anyone?!), their a...
Original label: LABEL_1
  Calculating word importance...
  Used 56 queries for importance ranking
  Attempting word replacements...
Perturbed label: LABEL_1
Success: False, Queries: 310, Similarity: 0.803

Example 405/1000
Original: I recently stayed at the Golden Nugget on a Vegas trip, as we were interested in being near Binions,...
Original label: LABEL_0
  Calculating word importance...
  Used 378 queries for importance ranking
  Attempting word replacements...
Perturbed label: LABEL_0
Success: False, Queries: 1000, Similarity: 0.802

Example 406/1000
Original: well i just called to place a to-go order and was turned away because they stop taking orders at 8:3...
Original label: LABEL_0
  Calculating word importance...
  Used 59 queries for importance ranking
  Attempting word replacements...
Perturbed label: LABEL_0
Success: False, Queries: 428, Similarity: 0.802

Example 407/1000
Original: I used to go the this restaurant, when it was a Moe's.  Moe's went out of business, and Filiberto's ...
Original label: LABEL_0
  Calculating word importance...
  Used 191 queries for importance ranking
  Attempting word replacements...
Perturbed label: LABEL_0
Success: False, Queries: 1000, Similarity: 0.801

Example 408/1000
Original: Einfach l\u00e4cherlich: das Lokal sperrt um 22:30 (oder bessre gesagt es l\u00e4\u00dft keinen mehr...
Original label: LABEL_0
  Calculating word importance...
  Used 128 queries for importance ranking
  Attempting word replacements...
Perturbed label: LABEL_0
Success: False, Queries: 276, Similarity: 0.806

Example 409/1000
Original: Found this place while driving outside the airport before I had to catch a flight. Was tired of eati...
Original label: LABEL_1
  Calculating word importance...
  Used 222 queries for importance ranking
  Attempting word replacements...
Perturbed label: LABEL_1
Success: False, Queries: 1000, Similarity: 0.802

Example 410/1000
Original: Great facility!  I have stayed here several times since they re-opened.  After numerous frustrating ...
Original label: LABEL_1
  Calculating word importance...
  Used 119 queries for importance ranking
  Attempting word replacements...
Perturbed label: LABEL_1
Success: False, Queries: 647, Similarity: 0.803

Example 411/1000
Original: The service is friendly and very efficient, prices are great, the food is good, and the portions are...
Original label: LABEL_1
  Calculating word importance...
  Used 28 queries for importance ranking
  Attempting word replacements...
  ✓ Attack succeeded after 171 queries!
Perturbed label: LABEL_0
Success: True, Queries: 171, Similarity: 0.810

Example 412/1000
Original: Never, I mean never come here! To begin with this place rapes you and they got my gf order wrong and...
Original label: LABEL_0
  Calculating word importance...
  Used 70 queries for importance ranking
  Attempting word replacements...
Perturbed label: LABEL_0
Success: False, Queries: 455, Similarity: 0.802

Example 413/1000
Original: I have stopped to eat here a few times with my family and also a few times by myself. Every time whi...
Original label: LABEL_1
  Calculating word importance...
  Used 123 queries for importance ranking
  Attempting word replacements...
Perturbed label: LABEL_1
Success: False, Queries: 665, Similarity: 0.802

Example 414/1000
Original: this place is legit. I got the sesame chicken and it came with tons of chicken and fried rice. the p...
Original label: LABEL_1
  Calculating word importance...
  Used 34 queries for importance ranking
  Attempting word replacements...
  ✓ Attack succeeded after 182 queries!
Perturbed label: LABEL_0
Success: True, Queries: 182, Similarity: 0.766

Example 415/1000
Original: A real dump as far as Del Taco locations go. The Bus Stop out front provides a steady stream of dege...
Original label: LABEL_0
  Calculating word importance...
  Used 61 queries for importance ranking
  Attempting word replacements...
Perturbed label: LABEL_0
Success: False, Queries: 306, Similarity: 0.803

Example 416/1000
Original: Went to a wedding. The food was ok and the drinks were way over priced 5 for a soda and 6 for a bott...
Original label: LABEL_0
  Calculating word importance...
  Used 32 queries for importance ranking
  Attempting word replacements...
Perturbed label: LABEL_0
Success: False, Queries: 111, Similarity: 0.801

Example 417/1000
Original: Came in for an alignment. Hands down, best price in town! Customer service is top notch. It is a fam...
Original label: LABEL_1
  Calculating word importance...
  Used 56 queries for importance ranking
  Attempting word replacements...
Perturbed label: LABEL_1
Success: False, Queries: 301, Similarity: 0.808

Example 418/1000
Original: Why did I wait so long to stop by Laurel Market? Who knows, because this place is fantastic! \n\nCon...
Original label: LABEL_1
  Calculating word importance...
  Used 252 queries for importance ranking
  Attempting word replacements...
Perturbed label: LABEL_1
Success: False, Queries: 1000, Similarity: 0.800

Example 419/1000
Original: Very beautiful! was such a gorgeous place the view was a widescreen HD version of Pittsburgh point w...
Original label: LABEL_1
  Calculating word importance...
  Used 451 queries for importance ranking
  Attempting word replacements...
Perturbed label: LABEL_1
Success: False, Queries: 1000, Similarity: 0.801

Example 420/1000
Original: Bad. Only good for 21 year olds and the creeps that want to stalk them. Tasteless interior and expen...
Original label: LABEL_0
  Calculating word importance...
  Used 22 queries for importance ranking
  Attempting word replacements...
Perturbed label: LABEL_0
Success: False, Queries: 93, Similarity: 0.809

Example 421/1000
Original: I feel that this church only cares about it's public appearance and money....
Original label: LABEL_0
  Calculating word importance...
  Used 14 queries for importance ranking
  Attempting word replacements...
Perturbed label: LABEL_0
Success: False, Queries: 36, Similarity: 0.876

Example 422/1000
Original: I did not have a good experience here.\nFirstly, it was unclear where to order. When someone finally...
Original label: LABEL_0
  Calculating word importance...
  Used 211 queries for importance ranking
  Attempting word replacements...
Perturbed label: LABEL_0
Success: False, Queries: 1000, Similarity: 0.807

Example 423/1000
Original: Greatly favored chicken, healthy portion size just wish the pricing was more economical....
Original label: LABEL_1
  Calculating word importance...
  Used 13 queries for importance ranking
  Attempting word replacements...
  ✓ Attack succeeded after 14 queries!
Perturbed label: LABEL_0
Success: True, Queries: 14, Similarity: 0.924

Example 424/1000
Original: Je n'ai jamais \u00e9t\u00e9 \u00e0 d'autre spa en ville donc je ne peux pas comparer mais d\u00e8s ...
Original label: LABEL_1
  Calculating word importance...
  Used 139 queries for importance ranking
  Attempting word replacements...
Perturbed label: LABEL_1
Success: False, Queries: 314, Similarity: 0.852

Example 425/1000
Original: Always a late night favorite. you must order the whole grilled squid...
Original label: LABEL_1
  Calculating word importance...
  Used 12 queries for importance ranking
  Attempting word replacements...
Perturbed label: LABEL_1
Success: False, Queries: 44, Similarity: 0.823

Example 426/1000
Original: We stopped in here last night for dinner before First Friday. The place was pretty busy, and we were...
Original label: LABEL_0
  Calculating word importance...
  Used 282 queries for importance ranking
  Attempting word replacements...
Perturbed label: LABEL_0
Success: False, Queries: 1000, Similarity: 0.805

Example 427/1000
Original: I hadn't been to this location in a long time and ended up wondering why  I don't come here more oft...
Original label: LABEL_1
  Calculating word importance...
  Used 146 queries for importance ranking
  Attempting word replacements...
  ✓ Attack succeeded after 512 queries!
Perturbed label: LABEL_0
Success: True, Queries: 512, Similarity: 0.801

Example 428/1000
Original: I actually had a really fun time!  We rode it at night and the view with all the Vegas lights was aw...
Original label: LABEL_1
  Calculating word importance...
  Used 70 queries for importance ranking
  Attempting word replacements...
Perturbed label: LABEL_1
Success: False, Queries: 333, Similarity: 0.817

Example 429/1000
Original: An exceptional value!  I have been meaning to try this place for a while, and I am glad I finally go...
Original label: LABEL_1
  Calculating word importance...
  Used 103 queries for importance ranking
  Attempting word replacements...
Perturbed label: LABEL_1
Success: False, Queries: 629, Similarity: 0.800

Example 430/1000
Original: I really don't think I'm the target audience for a place like this.  I understand what they're going...
Original label: LABEL_0
  Calculating word importance...
  Used 76 queries for importance ranking
  Attempting word replacements...
Perturbed label: LABEL_0
Success: False, Queries: 420, Similarity: 0.809

Example 431/1000
Original: Great as part of a date night, or if you're a tourist wandering down the strip. As a local who gener...
Original label: LABEL_0
  Calculating word importance...
  Used 179 queries for importance ranking
  Attempting word replacements...
  ✓ Attack succeeded after 180 queries!
Perturbed label: LABEL_1
Success: True, Queries: 180, Similarity: 0.999

Example 432/1000
Original: I am fan. We finally went here after many years of just driving by. It is not very impressive by the...
Original label: LABEL_1
  Calculating word importance...
  Used 56 queries for importance ranking
  Attempting word replacements...
  ✓ Attack succeeded after 370 queries!
Perturbed label: LABEL_0
Success: True, Queries: 370, Similarity: 0.791

Example 433/1000
Original: Just went to grab a quick lunch to go and must say this is the wrost prepared food to date. I've gon...
Original label: LABEL_0
  Calculating word importance...
  Used 62 queries for importance ranking
  Attempting word replacements...
  ✓ Attack succeeded after 284 queries!
Perturbed label: LABEL_1
Success: True, Queries: 284, Similarity: 0.719

Example 434/1000
Original: I've gone to the Mane twice and have been happy with both haircuts. I've had two different people cu...
Original label: LABEL_0
  Calculating word importance...
  Used 56 queries for importance ranking
  Attempting word replacements...
  ✓ Attack succeeded after 57 queries!
Perturbed label: LABEL_1
Success: True, Queries: 57, Similarity: 0.993

Example 435/1000
Original: I can't count how many times I have eaten here. I left Vegas a few years ago and every time I visit,...
Original label: LABEL_1
  Calculating word importance...
  Used 49 queries for importance ranking
  Attempting word replacements...
Perturbed label: LABEL_1
Success: False, Queries: 270, Similarity: 0.800

Example 436/1000
Original: We have eaten at Town Square location a few times and I always got the Fish-n-Chips. Eating here I o...
Original label: LABEL_1
  Calculating word importance...
  Used 171 queries for importance ranking
  Attempting word replacements...
Perturbed label: LABEL_1
Success: False, Queries: 1000, Similarity: 0.800

Example 437/1000
Original: Stopped here for lunch... the place looks ok if you're a hillbilly and dating your cousin but the fo...
Original label: LABEL_0
  Calculating word importance...
  Used 69 queries for importance ranking
  Attempting word replacements...
  ✓ Attack succeeded after 379 queries!
Perturbed label: LABEL_1
Success: True, Queries: 379, Similarity: 0.772

Example 438/1000
Original: UPDATE. \nThis restaurant has literally gone from the best indian restaurant in vegas to just anothe...
Original label: LABEL_0
  Calculating word importance...
  Used 97 queries for importance ranking
  Attempting word replacements...
  ✓ Attack succeeded after 104 queries!
Perturbed label: LABEL_1
Success: True, Queries: 104, Similarity: 0.985

Example 439/1000
Original: I can't believe nobody has reviewed this wonderful little restaurant yet!  I've been going here for ...
Original label: LABEL_1
  Calculating word importance...
  Used 129 queries for importance ranking
  Attempting word replacements...
Perturbed label: LABEL_1
Success: False, Queries: 632, Similarity: 0.801

Example 440/1000
Original: The location and patio are great but I had poor service. We had to go find our own napkins and silve...
Original label: LABEL_0
  Calculating word importance...
  Used 53 queries for importance ranking
  Attempting word replacements...
Perturbed label: LABEL_0
Success: False, Queries: 401, Similarity: 0.801

Example 441/1000
Original: We just moved back to Vegas after a 5 year hiatus away.. We were looking for a reasonable priced bar...
Original label: LABEL_1
  Calculating word importance...
  Used 291 queries for importance ranking
  Attempting word replacements...
Perturbed label: LABEL_1
Success: False, Queries: 1000, Similarity: 0.806

Example 442/1000
Original: It's not often an individual would drive four and a half hours for a bowl of something fabby but thi...
Original label: LABEL_1
  Calculating word importance...
  Used 181 queries for importance ranking
  Attempting word replacements...
Perturbed label: LABEL_1
Success: False, Queries: 883, Similarity: 0.806

Example 443/1000
Original: This is a business that really cares about providing the highest quality food, preserving sustainabi...
Original label: LABEL_1
  Calculating word importance...
  Used 25 queries for importance ranking
  Attempting word replacements...
Perturbed label: LABEL_1
Success: False, Queries: 126, Similarity: 0.839

Example 444/1000
Original: I was finally able to satisfy my drought for decent Mexican food when some friends took me here for ...
Original label: LABEL_1
  Calculating word importance...
  Used 94 queries for importance ranking
  Attempting word replacements...
Perturbed label: LABEL_1
Success: False, Queries: 466, Similarity: 0.806

Example 445/1000
Original: It's okay. The pizza is fresh and decent, but beyond that, I don't understand the hype. It's just un...
Original label: LABEL_0
  Calculating word importance...
  Used 228 queries for importance ranking
  Attempting word replacements...
Perturbed label: LABEL_0
Success: False, Queries: 1000, Similarity: 0.801

Example 446/1000
Original: We were really skeptical about going here for breakfast while on vacation.  The reviews on here were...
Original label: LABEL_1
  Calculating word importance...
  Used 136 queries for importance ranking
  Attempting word replacements...
Perturbed label: LABEL_1
Success: False, Queries: 930, Similarity: 0.805

Example 447/1000
Original: It was very tasty, but the resulting food poisoning makes me never want to eat there again.\n\nThe l...
Original label: LABEL_0
  Calculating word importance...
  Used 38 queries for importance ranking
  Attempting word replacements...
Perturbed label: LABEL_0
Success: False, Queries: 207, Similarity: 0.801

Example 448/1000
Original: Went yesterday for lunch and ordered the sampler platter. The tri-tip was full of fat with no flavor...
Original label: LABEL_0
  Calculating word importance...
  Used 58 queries for importance ranking
  Attempting word replacements...
Perturbed label: LABEL_0
Success: False, Queries: 332, Similarity: 0.801

Example 449/1000
Original: Nice place. Beer is cold and delicious. The wait staff is friendly and attentive and the appetizers ...
Original label: LABEL_1
  Calculating word importance...
  Used 19 queries for importance ranking
  Attempting word replacements...
  ✓ Attack succeeded after 21 queries!
Perturbed label: LABEL_0
Success: True, Queries: 21, Similarity: 0.813

Example 450/1000
Original: I know that people have strong opinions on bagels.  There are New York bagels and Montreal bagels.  ...
Original label: LABEL_0
  Calculating word importance...
  Used 185 queries for importance ranking
  Attempting word replacements...
  ✓ Attack succeeded after 186 queries!
Perturbed label: LABEL_1
Success: True, Queries: 186, Similarity: 0.999

Example 451/1000
Original: Been here twice and it's been so very nice! Both times, the staff have been very kind and the food h...
Original label: LABEL_1
  Calculating word importance...
  Used 30 queries for importance ranking
  Attempting word replacements...
  ✓ Attack succeeded after 201 queries!
Perturbed label: LABEL_0
Success: True, Queries: 201, Similarity: 0.731

Example 452/1000
Original: Awsome!\nThank you!...
Original label: LABEL_1
  Calculating word importance...
  Used 3 queries for importance ranking
  Attempting word replacements...
Perturbed label: LABEL_1
Success: False, Queries: 3, Similarity: 1.000

Example 453/1000
Original: After going to see Eat, Pray, Love, of course there was nothing I was craving more than authentic It...
Original label: LABEL_1
  Calculating word importance...
  Used 343 queries for importance ranking
  Attempting word replacements...
Perturbed label: LABEL_1
Success: False, Queries: 1000, Similarity: 0.803

Example 454/1000
Original: West side off town and very nice off strip property.\nHas that Spanish / Mediterranean theme through...
Original label: LABEL_1
  Calculating word importance...
  Used 144 queries for importance ranking
  Attempting word replacements...
Perturbed label: LABEL_1
Success: False, Queries: 708, Similarity: 0.801

Example 455/1000
Original: The food here is pretty authentic Chinese.  Not what you'd get in Chinatown obviously, but pretty go...
Original label: LABEL_1
  Calculating word importance...
  Used 113 queries for importance ranking
  Attempting word replacements...
  ✓ Attack succeeded after 166 queries!
Perturbed label: LABEL_0
Success: True, Queries: 166, Similarity: 0.915

Example 456/1000
Original: Bouchon\n\nDecadent, heavy, unapologetic about that. French.\n\nNot a big fan of the paper table clo...
Original label: LABEL_1
  Calculating word importance...
  Used 159 queries for importance ranking
  Attempting word replacements...
Perturbed label: LABEL_1
Success: False, Queries: 803, Similarity: 0.803

Example 457/1000
Original: Very impressive venue but super snooty. Bouncers, staff, and all -- snooty!  I remember for the most...
Original label: LABEL_1
  Calculating word importance...
  Used 88 queries for importance ranking
  Attempting word replacements...
  ✓ Attack succeeded after 90 queries!
Perturbed label: LABEL_0
Success: True, Queries: 90, Similarity: 0.967

Example 458/1000
Original: This place really isn't worth one star but since that's the lowest option I have...\n\nI have been h...
Original label: LABEL_0
  Calculating word importance...
  Used 288 queries for importance ranking
  Attempting word replacements...
Perturbed label: LABEL_0
Success: False, Queries: 1000, Similarity: 0.802

Example 459/1000
Original: Came here with my mommy friends after shopping at 4pm..no line. Sweet! We were sat down quickly and ...
Original label: LABEL_1
  Calculating word importance...
  Used 104 queries for importance ranking
  Attempting word replacements...
  ✓ Attack succeeded after 619 queries!
Perturbed label: LABEL_0
Success: True, Queries: 619, Similarity: 0.803

Example 460/1000
Original: there is a pretty petite girl that works here and she is AWESOME. super friendly, super helpful, sup...
Original label: LABEL_1
  Calculating word importance...
  Used 89 queries for importance ranking
  Attempting word replacements...
Perturbed label: LABEL_1
Success: False, Queries: 521, Similarity: 0.801

Example 461/1000
Original: Oh my goodness. I haven't had a good experience with Chompie's lately and it's not just this locatio...
Original label: LABEL_0
  Calculating word importance...
  Used 178 queries for importance ranking
  Attempting word replacements...
Perturbed label: LABEL_0
Success: False, Queries: 905, Similarity: 0.804

Example 462/1000
Original: Picture Billy Joel's \""Piano Man\"" DOUBLED mixed with beer, a rowdy crowd, and comedy - Welcome to...
Original label: LABEL_1
  Calculating word importance...
  Used 202 queries for importance ranking
  Attempting word replacements...
Perturbed label: LABEL_1
Success: False, Queries: 1000, Similarity: 0.801

Example 463/1000
Original: Incredible tacos and a great atmosphere! My favorite is the lamb, but everyone I've tried has been s...
Original label: LABEL_1
  Calculating word importance...
  Used 19 queries for importance ranking
  Attempting word replacements...
Perturbed label: LABEL_1
Success: False, Queries: 120, Similarity: 0.805

Example 464/1000
Original: Took the mom and sister here for a cool down today and WOW! I had the Vesuvio, which had the ability...
Original label: LABEL_1
  Calculating word importance...
  Used 119 queries for importance ranking
  Attempting word replacements...
Perturbed label: LABEL_1
Success: False, Queries: 648, Similarity: 0.801

Example 465/1000
Original: Excellent and friendly service and best breakfast burrito and salsa ever. Humongous. Nice atmosphere...
Original label: LABEL_1
  Calculating word importance...
  Used 18 queries for importance ranking
  Attempting word replacements...
Perturbed label: LABEL_1
Success: False, Queries: 94, Similarity: 0.810

Example 466/1000
Original: Our Biaggi's experience was absolutely terrible.  From the service to the food we were incredibly di...
Original label: LABEL_0
  Calculating word importance...
  Used 266 queries for importance ranking
  Attempting word replacements...
Perturbed label: LABEL_0
Success: False, Queries: 1000, Similarity: 0.800

Example 467/1000
Original: Bad #1 Check-in.  had no idea how to enter our reservations in computer,  so we could get our vouche...
Original label: LABEL_0
  Calculating word importance...
  Used 141 queries for importance ranking
  Attempting word replacements...
Perturbed label: LABEL_0
Success: False, Queries: 830, Similarity: 0.802

Example 468/1000
Original: I grew up in Squirrel Hill and have been going to the Squirrel Hill Flower Shop for the 20 years I l...
Original label: LABEL_0
  Calculating word importance...
  Used 224 queries for importance ranking
  Attempting word replacements...
Perturbed label: LABEL_0
Success: False, Queries: 895, Similarity: 0.804

Example 469/1000
Original: Hands down my favorite place to golf in AZ. Makes a lot of sense that it was rated 87 of the top 100...
Original label: LABEL_1
  Calculating word importance...
  Used 243 queries for importance ranking
  Attempting word replacements...
Perturbed label: LABEL_1
Success: False, Queries: 1000, Similarity: 0.804

Example 470/1000
Original: Happy to report that service has definitely improved!\n\nI highly suggest going during Ramadan. It i...
Original label: LABEL_1
  Calculating word importance...
  Used 125 queries for importance ranking
  Attempting word replacements...
  ✓ Attack succeeded after 177 queries!
Perturbed label: LABEL_0
Success: True, Queries: 177, Similarity: 0.885

Example 471/1000
Original: Burger heaven.\n\nIf this place were 25% or more cheaper, it would receive the coveted 5 star review...
Original label: LABEL_1
  Calculating word importance...
  Used 117 queries for importance ranking
  Attempting word replacements...
Perturbed label: LABEL_1
Success: False, Queries: 503, Similarity: 0.813

Example 472/1000
Original: The service here was excellent!  I was given very full portions and the service was very fast and fr...
Original label: LABEL_1
  Calculating word importance...
  Used 46 queries for importance ranking
  Attempting word replacements...
Perturbed label: LABEL_1
Success: False, Queries: 329, Similarity: 0.802

Example 473/1000
Original: I have given this place multiple tries now and finally have decided to give it a proper review.\nGen...
Original label: LABEL_0
  Calculating word importance...
  Used 273 queries for importance ranking
  Attempting word replacements...
Perturbed label: LABEL_0
Success: False, Queries: 1000, Similarity: 0.801

Example 474/1000
Original: Hmm, what to say about Hakkasan... Well can't really tell you much about the inside due to the fact ...
Original label: LABEL_0
  Calculating word importance...
  Used 274 queries for importance ranking
  Attempting word replacements...
  ✓ Attack succeeded after 279 queries!
Perturbed label: LABEL_1
Success: True, Queries: 279, Similarity: 0.990

Example 475/1000
Original: I love the vibe of the container park...it's a little gated off Vegas escape.  It has a more urban/m...
Original label: LABEL_1
  Calculating word importance...
  Used 158 queries for importance ranking
  Attempting word replacements...
Perturbed label: LABEL_1
Success: False, Queries: 906, Similarity: 0.801

Example 476/1000
Original: Nothing better than a bagel on the way to Mt. Charleston for a day of hiking!  The Dutch Apple bagel...
Original label: LABEL_1
  Calculating word importance...
  Used 29 queries for importance ranking
  Attempting word replacements...
Perturbed label: LABEL_1
Success: False, Queries: 122, Similarity: 0.801

Example 477/1000
Original: My daughter's cheer team stayed here for one night because that was about all we could take. Our gir...
Original label: LABEL_0
  Calculating word importance...
  Used 207 queries for importance ranking
  Attempting word replacements...
Perturbed label: LABEL_0
Success: False, Queries: 1000, Similarity: 0.801

Example 478/1000
Original: I don't get the Flying Biscuit Cafe hype.  I have eaten there only one time but am not sure I'll go ...
Original label: LABEL_0
  Calculating word importance...
  Used 122 queries for importance ranking
  Attempting word replacements...
Perturbed label: LABEL_0
Success: False, Queries: 691, Similarity: 0.800

Example 479/1000
Original: Went to dinner tonight and got horrible service, nothing worse than serving you a semi-warm overpric...
Original label: LABEL_0
  Calculating word importance...
  Used 27 queries for importance ranking
  Attempting word replacements...
Perturbed label: LABEL_0
Success: False, Queries: 171, Similarity: 0.804

Example 480/1000
Original: Surprised that I liked staying at this place not thinking what it was about.  Easy access to the str...
Original label: LABEL_1
  Calculating word importance...
  Used 73 queries for importance ranking
  Attempting word replacements...
  ✓ Attack succeeded after 156 queries!
Perturbed label: LABEL_0
Success: True, Queries: 156, Similarity: 0.952

Example 481/1000
Original: I received a recommendation to eat here from the driver at my hotel. She loved a specific salad and ...
Original label: LABEL_0
  Calculating word importance...
  Used 410 queries for importance ranking
  Attempting word replacements...
Perturbed label: LABEL_0
Success: False, Queries: 1000, Similarity: 0.802

Example 482/1000
Original: As relocated New Yorkers, we have searched for a good deli to satisfy our noshing needs. Sadly, this...
Original label: LABEL_0
  Calculating word importance...
  Used 54 queries for importance ranking
  Attempting word replacements...
Perturbed label: LABEL_0
Success: False, Queries: 379, Similarity: 0.810

Example 483/1000
Original: I love the Wings Over chain. As a PSU alum, I frequently order from Wings Over in State College and ...
Original label: LABEL_1
  Calculating word importance...
  Used 116 queries for importance ranking
  Attempting word replacements...
Perturbed label: LABEL_1
Success: False, Queries: 621, Similarity: 0.802

Example 484/1000
Original: Delivery is not very good !! Was late and didn't bring plastic wear or plates or not even soy sauce!...
Original label: LABEL_0
  Calculating word importance...
  Used 38 queries for importance ranking
  Attempting word replacements...
Perturbed label: LABEL_0
Success: False, Queries: 252, Similarity: 0.801

Example 485/1000
Original: If you like good, fresh, sandwiches, then you have to try one here at Lee's. I think the bread is wh...
Original label: LABEL_1
  Calculating word importance...
  Used 131 queries for importance ranking
  Attempting word replacements...
Perturbed label: LABEL_1
Success: False, Queries: 873, Similarity: 0.804

Example 486/1000
Original: I don't plan on returning. The food was disappointing. The services was just ok. And you have to pay...
Original label: LABEL_0
  Calculating word importance...
  Used 31 queries for importance ranking
  Attempting word replacements...
Perturbed label: LABEL_0
Success: False, Queries: 197, Similarity: 0.800

Example 487/1000
Original: The food is fusion Chinese and Indian and it's full of taste. It could be spicy for some ppl but the...
Original label: LABEL_1
  Calculating word importance...
  Used 26 queries for importance ranking
  Attempting word replacements...
Perturbed label: LABEL_1
Success: False, Queries: 88, Similarity: 0.812

Example 488/1000
Original: Hands down my favorite Froyo place. My kids love, it, my wife loves it too! It's in our neighborhood...
Original label: LABEL_1
  Calculating word importance...
  Used 81 queries for importance ranking
  Attempting word replacements...
Perturbed label: LABEL_1
Success: False, Queries: 433, Similarity: 0.812

Example 489/1000
Original: Great fresh food! Give yourself time for lunch hour, as it is fresh so it takes a little bit longer ...
Original label: LABEL_1
  Calculating word importance...
  Used 27 queries for importance ranking
  Attempting word replacements...
Perturbed label: LABEL_1
Success: False, Queries: 220, Similarity: 0.810

Example 490/1000
Original: I dislike this place, first and last time I come here.  It's sad seeing people standing around talki...
Original label: LABEL_0
  Calculating word importance...
  Used 51 queries for importance ranking
  Attempting word replacements...
Perturbed label: LABEL_0
Success: False, Queries: 297, Similarity: 0.806

Example 491/1000
Original: I came here for my girlfriend's Bday dinner. It was just not up to expectations. Our party of 8 wasn...
Original label: LABEL_0
  Calculating word importance...
  Used 406 queries for importance ranking
  Attempting word replacements...
Perturbed label: LABEL_0
Success: False, Queries: 1000, Similarity: 0.804

Example 492/1000
Original: So NOT the buffet that I want when I got to Vegas (TAXI!!! quick! take me to the buffet at the RIo!)...
Original label: LABEL_0
  Calculating word importance...
  Used 103 queries for importance ranking
  Attempting word replacements...
  ✓ Attack succeeded after 550 queries!
Perturbed label: LABEL_1
Success: True, Queries: 550, Similarity: 0.799

Example 493/1000
Original: Easy in, easy out! I also love Whole Foods, but I find that I always buy a bunch of things that look...
Original label: LABEL_1
  Calculating word importance...
  Used 87 queries for importance ranking
  Attempting word replacements...
Perturbed label: LABEL_1
Success: False, Queries: 488, Similarity: 0.806

Example 494/1000
Original: I decided to walk in here on a whim, and kinda regret doing so. The food could have been pretty dece...
Original label: LABEL_0
  Calculating word importance...
  Used 213 queries for importance ranking
  Attempting word replacements...
Perturbed label: LABEL_0
Success: False, Queries: 1000, Similarity: 0.801

Example 495/1000
Original: By far best food on the strip as are as tacos go .. This is as close as it gets to Mexican out side ...
Original label: LABEL_1
  Calculating word importance...
  Used 30 queries for importance ranking
  Attempting word replacements...
  ✓ Attack succeeded after 140 queries!
Perturbed label: LABEL_0
Success: True, Queries: 140, Similarity: 0.800

Example 496/1000
Original: I'm not a big fan of pick your ingredients type places.  I'm a crappy cook.  Whatever I come up with...
Original label: LABEL_0
  Calculating word importance...
  Used 121 queries for importance ranking
  Attempting word replacements...
Perturbed label: LABEL_0
Success: False, Queries: 690, Similarity: 0.801

Example 497/1000
Original: Terry is by far THE best in the biz! Get a airbrush bundle of tans... Because you WILL return and us...
Original label: LABEL_1
  Calculating word importance...
  Used 22 queries for importance ranking
  Attempting word replacements...
  ✓ Attack succeeded after 74 queries!
Perturbed label: LABEL_0
Success: True, Queries: 74, Similarity: 0.780

Example 498/1000
Original: To be perfectly (and embarrassingly) honest, I started going to Industry specifically because I knew...
Original label: LABEL_1
  Calculating word importance...
  Used 269 queries for importance ranking
  Attempting word replacements...
  ✓ Attack succeeded after 270 queries!
Perturbed label: LABEL_0
Success: True, Queries: 270, Similarity: 1.000

Example 499/1000
Original: I was visiting my house here in Surprise this week from Washington, DC.  Found this place on Yelp, a...
Original label: LABEL_1
  Calculating word importance...
  Used 50 queries for importance ranking
  Attempting word replacements...
Perturbed label: LABEL_1
Success: False, Queries: 308, Similarity: 0.800

Example 500/1000
Original: Do not rent a Jeep Wrangler from this location.  We brought ours back with the top down, and they ru...
Original label: LABEL_0
  Calculating word importance...
  Used 100 queries for importance ranking
  Attempting word replacements...
  ✓ Attack succeeded after 566 queries!
Perturbed label: LABEL_1
Success: True, Queries: 566, Similarity: 0.783

Example 501/1000
Original: Saw them for the first time when they were at Monte Carlo and this is my second time seeing them for...
Original label: LABEL_1
  Calculating word importance...
  Used 139 queries for importance ranking
  Attempting word replacements...
  ✓ Attack succeeded after 756 queries!
Perturbed label: LABEL_0
Success: True, Queries: 756, Similarity: 0.774

Example 502/1000
Original: This company delivers incredible service again! I highly recommend them for your home's plumbing nee...
Original label: LABEL_1
  Calculating word importance...
  Used 16 queries for importance ranking
  Attempting word replacements...
  ✓ Attack succeeded after 47 queries!
Perturbed label: LABEL_0
Success: True, Queries: 47, Similarity: 0.751

Example 503/1000
Original: I love mexican food and I would want mexican food for lunch everyday if I can.  \nNow you can guess ...
Original label: LABEL_0
  Calculating word importance...
  Used 88 queries for importance ranking
  Attempting word replacements...
Perturbed label: LABEL_0
Success: False, Queries: 509, Similarity: 0.800

Example 504/1000
Original: I've been coming to this restaurant since 2008- I can say I've never had a bad experience or meal. T...
Original label: LABEL_1
  Calculating word importance...
  Used 254 queries for importance ranking
  Attempting word replacements...
Perturbed label: LABEL_1
Success: False, Queries: 1000, Similarity: 0.802

Example 505/1000
Original: Terrible!  I chose this office because it was close to my work and took my insurance.  After waiting...
Original label: LABEL_0
  Calculating word importance...
  Used 98 queries for importance ranking
  Attempting word replacements...
Perturbed label: LABEL_0
Success: False, Queries: 588, Similarity: 0.802

Example 506/1000
Original: If I could give this place no stars, I would. Worst manicure I've ever had. They upcharged my 13 yea...
Original label: LABEL_0
  Calculating word importance...
  Used 50 queries for importance ranking
  Attempting word replacements...
Perturbed label: LABEL_0
Success: False, Queries: 346, Similarity: 0.800

Example 507/1000
Original: Went in with my son for a coffee and quick bite at around 9:30am. The cashier forgot that we had ord...
Original label: LABEL_0
  Calculating word importance...
  Used 131 queries for importance ranking
  Attempting word replacements...
Perturbed label: LABEL_0
Success: False, Queries: 791, Similarity: 0.815

Example 508/1000
Original: I got the exotice fruit crepe which was good.  It came with a scoop of coconut gelato.  I thought th...
Original label: LABEL_1
  Calculating word importance...
  Used 76 queries for importance ranking
  Attempting word replacements...
  ✓ Attack succeeded after 349 queries!
Perturbed label: LABEL_0
Success: True, Queries: 349, Similarity: 0.777

Example 509/1000
Original: Delicous. Love the lunch specials. Delivery takes a little while but picking up or eating in isn't t...
Original label: LABEL_1
  Calculating word importance...
  Used 36 queries for importance ranking
  Attempting word replacements...
Perturbed label: LABEL_1
Success: False, Queries: 223, Similarity: 0.808

Example 510/1000
Original: Second time here after a day of golfing. Food is okay, prices okay. Major complaint is service. This...
Original label: LABEL_0
  Calculating word importance...
  Used 68 queries for importance ranking
  Attempting word replacements...
Perturbed label: LABEL_0
Success: False, Queries: 463, Similarity: 0.802

Example 511/1000
Original: La Mexicana is an upgraded version of the street vendors.  Good healthy food, prepared home style, t...
Original label: LABEL_1
  Calculating word importance...
  Used 216 queries for importance ranking
  Attempting word replacements...
Perturbed label: LABEL_1
Success: False, Queries: 1000, Similarity: 0.805

Example 512/1000
Original: This place was very \""eh\"" I got the mushroom burger, it was big but flavorless. The flavor of the...
Original label: LABEL_0
  Calculating word importance...
  Used 71 queries for importance ranking
  Attempting word replacements...
Perturbed label: LABEL_0
Success: False, Queries: 400, Similarity: 0.802

Example 513/1000
Original: Wow love the place and everything is very clean and new!\n\nGreat place to come and relax worth a tr...
Original label: LABEL_1
  Calculating word importance...
  Used 30 queries for importance ranking
  Attempting word replacements...
Perturbed label: LABEL_1
Success: False, Queries: 145, Similarity: 0.800

Example 514/1000
Original: -I ordered a whole milk latte.-\n\nNew Lux is what some argue is a 3rd wave coffee shop. That's code...
Original label: LABEL_1
  Calculating word importance...
  Used 436 queries for importance ranking
  Attempting word replacements...
Perturbed label: LABEL_1
Success: False, Queries: 1000, Similarity: 0.808

Example 515/1000
Original: I got a good deal on a Groupon for the new Quaker Steak & Lube so we stopped in for a late lunch las...
Original label: LABEL_0
  Calculating word importance...
  Used 351 queries for importance ranking
  Attempting word replacements...
Perturbed label: LABEL_0
Success: False, Queries: 1000, Similarity: 0.802

Example 516/1000
Original: This place should be ashamed of itself.  When it was the Red White And Blue, we liked it, people wer...
Original label: LABEL_0
  Calculating word importance...
  Used 161 queries for importance ranking
  Attempting word replacements...
Perturbed label: LABEL_0
Success: False, Queries: 853, Similarity: 0.805

Example 517/1000
Original: Our worst meal experience ever.  The waitress couldn't get our order right to save her life, our dri...
Original label: LABEL_0
  Calculating word importance...
  Used 131 queries for importance ranking
  Attempting word replacements...
Perturbed label: LABEL_0
Success: False, Queries: 887, Similarity: 0.807

Example 518/1000
Original: Major Upgrade to this gym!...
Original label: LABEL_1
  Calculating word importance...
  Used 5 queries for importance ranking
  Attempting word replacements...
Perturbed label: LABEL_1
Success: False, Queries: 11, Similarity: 0.842

Example 519/1000
Original: I like fish and I like fish tacos so I thought this would be a no brainer. For the money you really ...
Original label: LABEL_0
  Calculating word importance...
  Used 50 queries for importance ranking
  Attempting word replacements...
  ✓ Attack succeeded after 158 queries!
Perturbed label: LABEL_1
Success: True, Queries: 158, Similarity: 0.802

Example 520/1000
Original: After having multiple menus sent to our home, my wife and I thought we would give this place a shot....
Original label: LABEL_0
  Calculating word importance...
  Used 290 queries for importance ranking
  Attempting word replacements...
Perturbed label: LABEL_0
Success: False, Queries: 1000, Similarity: 0.850

Example 521/1000
Original: I really hate to give a place a bad review, but Spanish Fly EARNED a bad one today.\n\nDrinks were s...
Original label: LABEL_0
  Calculating word importance...
  Used 129 queries for importance ranking
  Attempting word replacements...
Perturbed label: LABEL_0
Success: False, Queries: 686, Similarity: 0.801

Example 522/1000
Original: I would recommend what we had during our visit...my daughter had combo #7 with pork and roasted duck...
Original label: LABEL_1
  Calculating word importance...
  Used 80 queries for importance ranking
  Attempting word replacements...
Perturbed label: LABEL_1
Success: False, Queries: 447, Similarity: 0.803

Example 523/1000
Original: Like other reviewers, we called and emailed more than 10 companies looking for landscape maintenance...
Original label: LABEL_1
  Calculating word importance...
  Used 135 queries for importance ranking
  Attempting word replacements...
  ✓ Attack succeeded after 729 queries!
Perturbed label: LABEL_0
Success: True, Queries: 729, Similarity: 0.797

Example 524/1000
Original: The food is delicious and fairly cheap, but they only take cash and if you go at lunch be prepared t...
Original label: LABEL_1
  Calculating word importance...
  Used 105 queries for importance ranking
  Attempting word replacements...
Perturbed label: LABEL_1
Success: False, Queries: 641, Similarity: 0.804

Example 525/1000
Original: Went with a group of friends a couple months back on a Saturday afternoon. The service was spot-on a...
Original label: LABEL_1
  Calculating word importance...
  Used 42 queries for importance ranking
  Attempting word replacements...
Perturbed label: LABEL_1
Success: False, Queries: 146, Similarity: 0.811

Example 526/1000
Original: This place is a complete rip off!!! I was just handed a check for $19.37 for an omelette and a soda....
Original label: LABEL_0
  Calculating word importance...
  Used 115 queries for importance ranking
  Attempting word replacements...
Perturbed label: LABEL_0
Success: False, Queries: 551, Similarity: 0.800

Example 527/1000
Original: AC didn't work in our room and room smelled like sewage. Pool was good, steak restaurant was good. W...
Original label: LABEL_0
  Calculating word importance...
  Used 24 queries for importance ranking
  Attempting word replacements...
Perturbed label: LABEL_0
Success: False, Queries: 137, Similarity: 0.800

Example 528/1000
Original: We have not received appropriate compensation, my friend is still left with a broken watch....
Original label: LABEL_0
  Calculating word importance...
  Used 15 queries for importance ranking
  Attempting word replacements...
Perturbed label: LABEL_0
Success: False, Queries: 110, Similarity: 0.808

Example 529/1000
Original: I called early this morning to get an appointment today for my dog to be washed & groomed. I got him...
Original label: LABEL_0
  Calculating word importance...
  Used 259 queries for importance ranking
  Attempting word replacements...
Perturbed label: LABEL_0
Success: False, Queries: 1000, Similarity: 0.801

Example 530/1000
Original: Pete and Derek very good. ..i'm happy and satisfied! They were right on time at 9 AM . They were car...
Original label: LABEL_1
  Calculating word importance...
  Used 41 queries for importance ranking
  Attempting word replacements...
Perturbed label: LABEL_1
Success: False, Queries: 206, Similarity: 0.803

Example 531/1000
Original: This place always looks crowded from the outside. Hmmm if its this crowded all the time, this place ...
Original label: LABEL_0
  Calculating word importance...
  Used 100 queries for importance ranking
  Attempting word replacements...
Perturbed label: LABEL_0
Success: False, Queries: 646, Similarity: 0.803

Example 532/1000
Original: I don't know, I think its overrated. its nothing too special. they over load their sandwiches with m...
Original label: LABEL_0
  Calculating word importance...
  Used 45 queries for importance ranking
  Attempting word replacements...
  ✓ Attack succeeded after 115 queries!
Perturbed label: LABEL_1
Success: True, Queries: 115, Similarity: 0.798

Example 533/1000
Original: My new favorite place in Downtown Phoenix!!!! Late night dinner we decided to check this place out a...
Original label: LABEL_1
  Calculating word importance...
  Used 125 queries for importance ranking
  Attempting word replacements...
Perturbed label: LABEL_1
Success: False, Queries: 675, Similarity: 0.801

Example 534/1000
Original: Not even waiting to leave the restaurant before drafting this review.  This food is like a flavor ex...
Original label: LABEL_1
  Calculating word importance...
  Used 139 queries for importance ranking
  Attempting word replacements...
  ✓ Attack succeeded after 184 queries!
Perturbed label: LABEL_0
Success: True, Queries: 184, Similarity: 0.919

Example 535/1000
Original: I've been to XS twice now and both times have been nothing but great times.  The layout is supposed ...
Original label: LABEL_1
  Calculating word importance...
  Used 298 queries for importance ranking
  Attempting word replacements...
Perturbed label: LABEL_1
Success: False, Queries: 1000, Similarity: 0.800

Example 536/1000
Original: Nothing really great about this place. They've got nice posters on the wall, but that's about it. Th...
Original label: LABEL_0
  Calculating word importance...
  Used 72 queries for importance ranking
  Attempting word replacements...
Perturbed label: LABEL_0
Success: False, Queries: 384, Similarity: 0.805

Example 537/1000
Original: this is one of those places you eat at cuz you're walking around and suddenly hunger creeps in... an...
Original label: LABEL_0
  Calculating word importance...
  Used 146 queries for importance ranking
  Attempting word replacements...
  ✓ Attack succeeded after 468 queries!
Perturbed label: LABEL_1
Success: True, Queries: 468, Similarity: 0.798

Example 538/1000
Original: Okay, we all know the food is amazing, especially since it's Mario Batalli's restaurant. However, wh...
Original label: LABEL_1
  Calculating word importance...
  Used 282 queries for importance ranking
  Attempting word replacements...
Perturbed label: LABEL_1
Success: False, Queries: 1000, Similarity: 0.800

Example 539/1000
Original: VERY SEXY SHOW! Very Vegas! Talented performances. A must see with your hubby, partner, or boyfriend...
Original label: LABEL_1
  Calculating word importance...
  Used 41 queries for importance ranking
  Attempting word replacements...
Perturbed label: LABEL_1
Success: False, Queries: 271, Similarity: 0.802

Example 540/1000
Original: Best risotto I've ever eaten....
Original label: LABEL_1
  Calculating word importance...
  Used 6 queries for importance ranking
  Attempting word replacements...
Perturbed label: LABEL_1
Success: False, Queries: 9, Similarity: 0.871

Example 541/1000
Original: Disappointed after reading all the reviews.  Had the kimchi beef fried rice and barely ate any of it...
Original label: LABEL_0
  Calculating word importance...
  Used 90 queries for importance ranking
  Attempting word replacements...
Perturbed label: LABEL_0
Success: False, Queries: 517, Similarity: 0.805

Example 542/1000
Original: Got the banana split doughnuts today, and they were delicious!  I don't give a crap about a person's...
Original label: LABEL_1
  Calculating word importance...
  Used 59 queries for importance ranking
  Attempting word replacements...
Perturbed label: LABEL_1
Success: False, Queries: 293, Similarity: 0.802

Example 543/1000
Original: While my husband and I love our new home, it is definitely not energy efficient so one of the first ...
Original label: LABEL_1
  Calculating word importance...
  Used 164 queries for importance ranking
  Attempting word replacements...
Perturbed label: LABEL_1
Success: False, Queries: 888, Similarity: 0.801

Example 544/1000
Original: Awful! This location closes at 1am, or so thy say. Showed up at 12:50 tonight and waited, said hello...
Original label: LABEL_0
  Calculating word importance...
  Used 58 queries for importance ranking
  Attempting word replacements...
Perturbed label: LABEL_0
Success: False, Queries: 311, Similarity: 0.800

Example 545/1000
Original: O'Shea's has been cemented in my mind for three things:\n\n1)  One of my best friends from high scho...
Original label: LABEL_0
  Calculating word importance...
  Used 252 queries for importance ranking
  Attempting word replacements...
Perturbed label: LABEL_0
Success: False, Queries: 1000, Similarity: 0.805

Example 546/1000
Original: If I could give no stars I would.this place is a pathetic excuse. They do not acknowledge your prese...
Original label: LABEL_0
  Calculating word importance...
  Used 86 queries for importance ranking
  Attempting word replacements...
Perturbed label: LABEL_0
Success: False, Queries: 538, Similarity: 0.801

Example 547/1000
Original: Sorry, but I have to disagree with all the reviews on here. Upon walking in the restaurant my first ...
Original label: LABEL_0
  Calculating word importance...
  Used 263 queries for importance ranking
  Attempting word replacements...
Perturbed label: LABEL_0
Success: False, Queries: 1000, Similarity: 0.807

Example 548/1000
Original: Great service, nice trucks, friendly staff!! In typical Penske fashion they are organized, prepared ...
Original label: LABEL_1
  Calculating word importance...
  Used 56 queries for importance ranking
  Attempting word replacements...
Perturbed label: LABEL_1
Success: False, Queries: 357, Similarity: 0.801

Example 549/1000
Original: Henry Morales is an awesone employee. Every time I come here and he's here he's always in good spiri...
Original label: LABEL_1
  Calculating word importance...
  Used 68 queries for importance ranking
  Attempting word replacements...
Perturbed label: LABEL_1
Success: False, Queries: 494, Similarity: 0.800

Example 550/1000
Original: If you are looking for a gym that is more concerned about their reputation then your kid - well sign...
Original label: LABEL_0
  Calculating word importance...
  Used 106 queries for importance ranking
  Attempting word replacements...
Perturbed label: LABEL_0
Success: False, Queries: 674, Similarity: 0.801

Example 551/1000
Original: Weak drinks, over worked staff, average food, don't order a bottle of wine or water because you'll n...
Original label: LABEL_0
  Calculating word importance...
  Used 47 queries for importance ranking
  Attempting word replacements...
Perturbed label: LABEL_0
Success: False, Queries: 328, Similarity: 0.804

Example 552/1000
Original: Although this running store is not in the most convenient location for us, my husband and I would dr...
Original label: LABEL_1
  Calculating word importance...
  Used 184 queries for importance ranking
  Attempting word replacements...
Perturbed label: LABEL_1
Success: False, Queries: 1000, Similarity: 0.801

Example 553/1000
Original: Just went to the pirate exhibit this weekend and I want to write a review because it was by far the ...
Original label: LABEL_1
  Calculating word importance...
  Used 212 queries for importance ranking
  Attempting word replacements...
Perturbed label: LABEL_1
Success: False, Queries: 1000, Similarity: 0.802

Example 554/1000
Original: The food and menu were very good. Decent portions but not overwhelmingly large. Definitely not your ...
Original label: LABEL_1
  Calculating word importance...
  Used 74 queries for importance ranking
  Attempting word replacements...
  ✓ Attack succeeded after 86 queries!
Perturbed label: LABEL_0
Success: True, Queries: 86, Similarity: 0.984

Example 555/1000
Original: I fell in love with this place. In our short 3 day trip to Phoenix, we stopped by twice...and we did...
Original label: LABEL_1
  Calculating word importance...
  Used 190 queries for importance ranking
  Attempting word replacements...
Perturbed label: LABEL_1
Success: False, Queries: 1000, Similarity: 0.802

Example 556/1000
Original: Morty's used to be a weekly stop in for me before I moved away. As I just moved back I had to check ...
Original label: LABEL_1
  Calculating word importance...
  Used 147 queries for importance ranking
  Attempting word replacements...
  ✓ Attack succeeded after 739 queries!
Perturbed label: LABEL_0
Success: True, Queries: 739, Similarity: 0.811

Example 557/1000
Original: Arrived around midnight and the front desk was ready for us, check in was quick and we were able to ...
Original label: LABEL_1
  Calculating word importance...
  Used 52 queries for importance ranking
  Attempting word replacements...
Perturbed label: LABEL_1
Success: False, Queries: 304, Similarity: 0.804

Example 558/1000
Original: 2 stars for free pizza. \n-3 stars for comedically bad service.\n\n\nOrdered pizza. Told 30 minutes....
Original label: LABEL_0
  Calculating word importance...
  Used 114 queries for importance ranking
  Attempting word replacements...
Perturbed label: LABEL_0
Success: False, Queries: 682, Similarity: 0.800

Example 559/1000
Original: This place is great. It's like a cross between a fast-food and a regular restaurant.  It has a reall...
Original label: LABEL_1
  Calculating word importance...
  Used 46 queries for importance ranking
  Attempting word replacements...
  ✓ Attack succeeded after 201 queries!
Perturbed label: LABEL_0
Success: True, Queries: 201, Similarity: 0.775

Example 560/1000
Original: Raised prices and coupons don,t include any 12 inch sandwich specials. Used to buy here weekly but n...
Original label: LABEL_0
  Calculating word importance...
  Used 38 queries for importance ranking
  Attempting word replacements...
Perturbed label: LABEL_0
Success: False, Queries: 174, Similarity: 0.801

Example 561/1000
Original: This place was a perfect late night eat before a night full of fun.  I needed some greasy delicious ...
Original label: LABEL_1
  Calculating word importance...
  Used 83 queries for importance ranking
  Attempting word replacements...
  ✓ Attack succeeded after 117 queries!
Perturbed label: LABEL_0
Success: True, Queries: 117, Similarity: 0.957

Example 562/1000
Original: What a gem!!!\n\nGreat food. Friendly staff and nice atmosphere\n\nHighly recommend!\nThe chips and ...
Original label: LABEL_1
  Calculating word importance...
  Used 31 queries for importance ranking
  Attempting word replacements...
Perturbed label: LABEL_1
Success: False, Queries: 101, Similarity: 0.804

Example 563/1000
Original: Came with my friends to try this place since the other time we were here they were closed to a party...
Original label: LABEL_0
  Calculating word importance...
  Used 127 queries for importance ranking
  Attempting word replacements...
Perturbed label: LABEL_0
Success: False, Queries: 804, Similarity: 0.808

Example 564/1000
Original: Shira is the best! I have been coming in for 2 years and always look forward to my time with her. I ...
Original label: LABEL_1
  Calculating word importance...
  Used 64 queries for importance ranking
  Attempting word replacements...
Perturbed label: LABEL_1
Success: False, Queries: 494, Similarity: 0.801

Example 565/1000
Original: There is not enough parking.  For something so popular, the city should figure out a better parking ...
Original label: LABEL_0
  Calculating word importance...
  Used 38 queries for importance ranking
  Attempting word replacements...
  ✓ Attack succeeded after 143 queries!
Perturbed label: LABEL_1
Success: True, Queries: 143, Similarity: 0.801

Example 566/1000
Original: Loved this place we had the stuffed calamari which tasted awesome, hubby doesn't like calamari but h...
Original label: LABEL_1
  Calculating word importance...
  Used 52 queries for importance ranking
  Attempting word replacements...
Perturbed label: LABEL_1
Success: False, Queries: 276, Similarity: 0.801

Example 567/1000
Original: Make sure to ask about the level your sandwich will be toasted. My sandwich was cold. I did not go b...
Original label: LABEL_0
  Calculating word importance...
  Used 90 queries for importance ranking
  Attempting word replacements...
Perturbed label: LABEL_0
Success: False, Queries: 451, Similarity: 0.802

Example 568/1000
Original: It really hurts me to update and down grade my review, but today, was so unacceptable.\n\nI walked i...
Original label: LABEL_0
  Calculating word importance...
  Used 245 queries for importance ranking
  Attempting word replacements...
Perturbed label: LABEL_0
Success: False, Queries: 1000, Similarity: 0.805

Example 569/1000
Original: The clothes, etc, are nice but the people who work here are so snotty!  I just want to say to them, ...
Original label: LABEL_0
  Calculating word importance...
  Used 61 queries for importance ranking
  Attempting word replacements...
Perturbed label: LABEL_0
Success: False, Queries: 255, Similarity: 0.807

Example 570/1000
Original: Been to this Mcdees many times. The food has always been fresh, hot, the service prompt and friendly...
Original label: LABEL_1
  Calculating word importance...
  Used 22 queries for importance ranking
  Attempting word replacements...
Perturbed label: LABEL_1
Success: False, Queries: 124, Similarity: 0.806

Example 571/1000
Original: I got Sam's French Toast with a side of eggs and the eggs were fine but the french toast mostly tast...
Original label: LABEL_0
  Calculating word importance...
  Used 50 queries for importance ranking
  Attempting word replacements...
Perturbed label: LABEL_0
Success: False, Queries: 270, Similarity: 0.800

Example 572/1000
Original: Stopped in before the Coyotes/Stars game on Saturday.\n\nLike everyone else has said you pick your s...
Original label: LABEL_1
  Calculating word importance...
  Used 221 queries for importance ranking
  Attempting word replacements...
Perturbed label: LABEL_1
Success: False, Queries: 1000, Similarity: 0.802

Example 573/1000
Original: I had the eggplant dish with vermicelli noodles. Wife had the chow mien.  Both items were greasy and...
Original label: LABEL_0
  Calculating word importance...
  Used 45 queries for importance ranking
  Attempting word replacements...
Perturbed label: LABEL_0
Success: False, Queries: 324, Similarity: 0.801

Example 574/1000
Original: This place is obviously for tourists who don't know their way around Vegas. When we got there, they ...
Original label: LABEL_0
  Calculating word importance...
  Used 140 queries for importance ranking
  Attempting word replacements...
Perturbed label: LABEL_0
Success: False, Queries: 789, Similarity: 0.804

Example 575/1000
Original: Very friendly staff, clean facility, and affordable pricing. I recommend stopping by and having your...
Original label: LABEL_1
  Calculating word importance...
  Used 35 queries for importance ranking
  Attempting word replacements...
Perturbed label: LABEL_1
Success: False, Queries: 207, Similarity: 0.802

Example 576/1000
Original: I gave this two stars because I will not go back. The only reason I didn't give it one star was beca...
Original label: LABEL_0
  Calculating word importance...
  Used 181 queries for importance ranking
  Attempting word replacements...
Perturbed label: LABEL_0
Success: False, Queries: 920, Similarity: 0.802

Example 577/1000
Original: This place totally sucks when it comes to customer service.  Went there with a buddy tonight for din...
Original label: LABEL_0
  Calculating word importance...
  Used 120 queries for importance ranking
  Attempting word replacements...
Perturbed label: LABEL_0
Success: False, Queries: 668, Similarity: 0.802

Example 578/1000
Original: Great service, clean, and fair prices. I have been using this salon for close to 6 years and the sta...
Original label: LABEL_1
  Calculating word importance...
  Used 66 queries for importance ranking
  Attempting word replacements...
Perturbed label: LABEL_1
Success: False, Queries: 349, Similarity: 0.830

Example 579/1000
Original: I stopped by this location for lunch with a couple of co-workers on Thursday. We each ordered the tw...
Original label: LABEL_0
  Calculating word importance...
  Used 110 queries for importance ranking
  Attempting word replacements...
  ✓ Attack succeeded after 465 queries!
Perturbed label: LABEL_1
Success: True, Queries: 465, Similarity: 0.804

Example 580/1000
Original: Food is always good. We have never been disappointed when coming here. It's a little pricey, but the...
Original label: LABEL_1
  Calculating word importance...
  Used 47 queries for importance ranking
  Attempting word replacements...
  ✓ Attack succeeded after 119 queries!
Perturbed label: LABEL_0
Success: True, Queries: 119, Similarity: 0.869

Example 581/1000
Original: Wow.  I squawked about their wifi connection and they fixed it!  Much better.  Thanks, CBTL!...
Original label: LABEL_1
  Calculating word importance...
  Used 15 queries for importance ranking
  Attempting word replacements...
  ✓ Attack succeeded after 20 queries!
Perturbed label: LABEL_0
Success: True, Queries: 20, Similarity: 0.809

Example 582/1000
Original: Like Marj, I always seem to find some manner of hidden treasure in Salvation Army stores. My favouri...
Original label: LABEL_1
  Calculating word importance...
  Used 119 queries for importance ranking
  Attempting word replacements...
Perturbed label: LABEL_1
Success: False, Queries: 636, Similarity: 0.801

Example 583/1000
Original: I felt like I had walked into the first level of hell when I walked through the double glass doors i...
Original label: LABEL_0
  Calculating word importance...
  Used 408 queries for importance ranking
  Attempting word replacements...
Perturbed label: LABEL_0
Success: False, Queries: 1000, Similarity: 0.800

Example 584/1000
Original: Worst experience with a hairdresser ever, at this location. Made an appointment with Diane for a bod...
Original label: LABEL_0
  Calculating word importance...
  Used 205 queries for importance ranking
  Attempting word replacements...
Perturbed label: LABEL_0
Success: False, Queries: 1000, Similarity: 0.800

Example 585/1000
Original: This hotel smells awful.  It's a mixture of cigarette smoke and coconuts.  It's overwhelming.  It ge...
Original label: LABEL_0
  Calculating word importance...
  Used 48 queries for importance ranking
  Attempting word replacements...
  ✓ Attack succeeded after 58 queries!
Perturbed label: LABEL_1
Success: True, Queries: 58, Similarity: 0.952

Example 586/1000
Original: Ein zentraler Punkt, um auf die Schnelle den Hunger oder Durst zu stillen. Preislich f\u00fcr die La...
Original label: LABEL_0
  Calculating word importance...
  Used 42 queries for importance ranking
  Attempting word replacements...
  ✓ Attack succeeded after 48 queries!
Perturbed label: LABEL_1
Success: True, Queries: 48, Similarity: 0.924

Example 587/1000
Original: Went in already having worked for a Leslie's in the past but forgot about some of the different prod...
Original label: LABEL_0
  Calculating word importance...
  Used 104 queries for importance ranking
  Attempting word replacements...
  ✓ Attack succeeded after 205 queries!
Perturbed label: LABEL_1
Success: True, Queries: 205, Similarity: 0.884

Example 588/1000
Original: No one there was friendly. The guy that helped when I drove up up sold me to the 50$ package... an h...
Original label: LABEL_0
  Calculating word importance...
  Used 60 queries for importance ranking
  Attempting word replacements...
Perturbed label: LABEL_0
Success: False, Queries: 305, Similarity: 0.801

Example 589/1000
Original: Schneller, freundlicher Service. Preis/Leistung ist optimal. Guter Tipp f\u00fcr sub-fans....
Original label: LABEL_0
  Calculating word importance...
  Used 13 queries for importance ranking
  Attempting word replacements...
  ✓ Attack succeeded after 14 queries!
Perturbed label: LABEL_1
Success: True, Queries: 14, Similarity: 0.966

Example 590/1000
Original: This is a hidden gem of a restaurant! It's tucked behind the Walgreens at Dobson & Chandler, and boa...
Original label: LABEL_1
  Calculating word importance...
  Used 108 queries for importance ranking
  Attempting word replacements...
Perturbed label: LABEL_1
Success: False, Queries: 532, Similarity: 0.803

Example 591/1000
Original: This WalMart, like all others, is completely and utterly worthless.  What money you may save you was...
Original label: LABEL_0
  Calculating word importance...
  Used 116 queries for importance ranking
  Attempting word replacements...
Perturbed label: LABEL_0
Success: False, Queries: 717, Similarity: 0.801

Example 592/1000
Original: This place has become a top favorite in a very short period! They have amazing fresh food that taste...
Original label: LABEL_1
  Calculating word importance...
  Used 102 queries for importance ranking
  Attempting word replacements...
Perturbed label: LABEL_1
Success: False, Queries: 650, Similarity: 0.805

Example 593/1000
Original: This review is somewhat unfair. I did go with a giant group of Yelpers, so I cannot say if the most ...
Original label: LABEL_1
  Calculating word importance...
  Used 351 queries for importance ranking
  Attempting word replacements...
  ✓ Attack succeeded after 598 queries!
Perturbed label: LABEL_0
Success: True, Queries: 598, Similarity: 0.791

Example 594/1000
Original: Best NY style pizza you can get in the area.  Whether it's late night, or delivery, you're going to ...
Original label: LABEL_1
  Calculating word importance...
  Used 89 queries for importance ranking
  Attempting word replacements...
Perturbed label: LABEL_1
Success: False, Queries: 620, Similarity: 0.805

Example 595/1000
Original: We had a lunch in this wonderful place. I was very happy with services, very tasty food, comfortable...
Original label: LABEL_1
  Calculating word importance...
  Used 31 queries for importance ranking
  Attempting word replacements...
Perturbed label: LABEL_1
Success: False, Queries: 195, Similarity: 0.807

Example 596/1000
Original: Outrageous prices!\nSlow ass service!\nBland food!\nAre you over 90 and some wealthy Scottsdale Snow...
Original label: LABEL_0
  Calculating word importance...
  Used 36 queries for importance ranking
  Attempting word replacements...
  ✓ Attack succeeded after 161 queries!
Perturbed label: LABEL_1
Success: True, Queries: 161, Similarity: 0.823

Example 597/1000
Original: My friends and I stayed at the Trump International Hotel from 4/29/11 to 5/1/11. We had a bad experi...
Original label: LABEL_0
  Calculating word importance...
  Used 500 queries for importance ranking
  Attempting word replacements...
Perturbed label: LABEL_0
Success: False, Queries: 1000, Similarity: 0.802

Example 598/1000
Original: This place kind of reminds me of the Grand Cafe in Station Casinos. Nothing in particular stood out ...
Original label: LABEL_0
  Calculating word importance...
  Used 106 queries for importance ranking
  Attempting word replacements...
  ✓ Attack succeeded after 108 queries!
Perturbed label: LABEL_1
Success: True, Queries: 108, Similarity: 0.998

Example 599/1000
Original: I wanted put zero but yelp does not allow.Worst place ever...the owner is rude an thinks that he own...
Original label: LABEL_0
  Calculating word importance...
  Used 87 queries for importance ranking
  Attempting word replacements...
Perturbed label: LABEL_0
Success: False, Queries: 525, Similarity: 0.806

Example 600/1000
Original: So had lunch here with a colleague when we were passing each other going to two different convention...
Original label: LABEL_1
  Calculating word importance...
  Used 70 queries for importance ranking
  Attempting word replacements...
  ✓ Attack succeeded after 243 queries!
Perturbed label: LABEL_0
Success: True, Queries: 243, Similarity: 0.844

Example 601/1000
Original: I like to start by saying i grew up and lived in Philadelphia my entire life until moving here about...
Original label: LABEL_1
  Calculating word importance...
  Used 100 queries for importance ranking
  Attempting word replacements...
  ✓ Attack succeeded after 599 queries!
Perturbed label: LABEL_0
Success: True, Queries: 599, Similarity: 0.768

Example 602/1000
Original: Food is awesome! I am not sure about the service because I usually sit at the bar. Small place, but ...
Original label: LABEL_1
  Calculating word importance...
  Used 22 queries for importance ranking
  Attempting word replacements...
  ✓ Attack succeeded after 35 queries!
Perturbed label: LABEL_0
Success: True, Queries: 35, Similarity: 0.940

Example 603/1000
Original: I bought a Living Social deal here...and I think everyone else and their mother did too. I spoke wit...
Original label: LABEL_0
  Calculating word importance...
  Used 420 queries for importance ranking
  Attempting word replacements...
Perturbed label: LABEL_0
Success: False, Queries: 1000, Similarity: 0.801

Example 604/1000
Original: One star because it is a nice dark room in the traditional sense and it fairly well appointed.  Also...
Original label: LABEL_0
  Calculating word importance...
  Used 500 queries for importance ranking
  Attempting word replacements...
Perturbed label: LABEL_0
Success: False, Queries: 1000, Similarity: 0.803

Example 605/1000
Original: Perfect Service & Perfect Food. Whenever I get my Big Burrito free meal for my birthday card in the ...
Original label: LABEL_1
  Calculating word importance...
  Used 38 queries for importance ranking
  Attempting word replacements...
Perturbed label: LABEL_1
Success: False, Queries: 273, Similarity: 0.800

Example 606/1000
Original: NEVER ON A SUNDAY\nI am running my hands through my burned and broken hair - not to mentioned repeat...
Original label: LABEL_0
  Calculating word importance...
  Used 143 queries for importance ranking
  Attempting word replacements...
Perturbed label: LABEL_0
Success: False, Queries: 876, Similarity: 0.814

Example 607/1000
Original: Barista can't/won't reheat cold coffee. I was told to pay for a refill if I wanted to finish my drin...
Original label: LABEL_0
  Calculating word importance...
  Used 25 queries for importance ranking
  Attempting word replacements...
Perturbed label: LABEL_0
Success: False, Queries: 91, Similarity: 0.819

Example 608/1000
Original: Everytime I go here, I leave telling myself that their [wash once and throw away quality] clothing a...
Original label: LABEL_0
  Calculating word importance...
  Used 109 queries for importance ranking
  Attempting word replacements...
  ✓ Attack succeeded after 490 queries!
Perturbed label: LABEL_1
Success: True, Queries: 490, Similarity: 0.827

Example 609/1000
Original: I thought the whole idea for the cold stone was to mix things with the ice cream you order. Didn't h...
Original label: LABEL_0
  Calculating word importance...
  Used 44 queries for importance ranking
  Attempting word replacements...
Perturbed label: LABEL_0
Success: False, Queries: 279, Similarity: 0.801

Example 610/1000
Original: I lovvvveeeeee this place!!  I can't get enough!! When in town and time permits, we are there!! Stea...
Original label: LABEL_1
  Calculating word importance...
  Used 43 queries for importance ranking
  Attempting word replacements...
Perturbed label: LABEL_1
Success: False, Queries: 252, Similarity: 0.800

Example 611/1000
Original: My wife just loves this place for breakfast. We decided to try it out for dinner. The roasted duck w...
Original label: LABEL_1
  Calculating word importance...
  Used 103 queries for importance ranking
  Attempting word replacements...
Perturbed label: LABEL_1
Success: False, Queries: 494, Similarity: 0.801

Example 612/1000
Original: Food was good....service was just ok....
Original label: LABEL_0
  Calculating word importance...
  Used 7 queries for importance ranking
  Attempting word replacements...
Perturbed label: LABEL_0
Success: False, Queries: 79, Similarity: 0.845

Example 613/1000
Original: Normally, if we walk out of a restaurant feeling hungry ,still, I would give it one star. But the fo...
Original label: LABEL_1
  Calculating word importance...
  Used 114 queries for importance ranking
  Attempting word replacements...
  ✓ Attack succeeded after 116 queries!
Perturbed label: LABEL_0
Success: True, Queries: 116, Similarity: 0.990

Example 614/1000
Original: So I decided to check this place out and see what the fuss was all about.\n\nThis particular Winco i...
Original label: LABEL_1
  Calculating word importance...
  Used 209 queries for importance ranking
  Attempting word replacements...
Perturbed label: LABEL_1
Success: False, Queries: 1000, Similarity: 0.801

Example 615/1000
Original: (I have this posted on google reviews as well, but I wanted this to be known here as well)\n\nI was ...
Original label: LABEL_1
  Calculating word importance...
  Used 229 queries for importance ranking
  Attempting word replacements...
Perturbed label: LABEL_1
Success: False, Queries: 1000, Similarity: 0.808

Example 616/1000
Original: Great sushi, big portions. Friendly staff....
Original label: LABEL_1
  Calculating word importance...
  Used 6 queries for importance ranking
  Attempting word replacements...
Perturbed label: LABEL_1
Success: False, Queries: 59, Similarity: 0.816

Example 617/1000
Original: The worst !! Simply no words to explain the 45 minute wait two days in a row trying to fix a problem...
Original label: LABEL_0
  Calculating word importance...
  Used 118 queries for importance ranking
  Attempting word replacements...
Perturbed label: LABEL_0
Success: False, Queries: 652, Similarity: 0.802

Example 618/1000
Original: I've gone to alot of bars here in Vegas and by far this one has to be the worst!! I read the reviews...
Original label: LABEL_0
  Calculating word importance...
  Used 142 queries for importance ranking
  Attempting word replacements...
Perturbed label: LABEL_0
Success: False, Queries: 923, Similarity: 0.802

Example 619/1000
Original: Service started out ok...then waitress spilled grease in my suit jacket and then it went downhill.  ...
Original label: LABEL_0
  Calculating word importance...
  Used 46 queries for importance ranking
  Attempting word replacements...
Perturbed label: LABEL_0
Success: False, Queries: 278, Similarity: 0.803

Example 620/1000
Original: The service was friendly, and the chicken ok. Fries were cold and not good. The drinks were served d...
Original label: LABEL_0
  Calculating word importance...
  Used 67 queries for importance ranking
  Attempting word replacements...
Perturbed label: LABEL_0
Success: False, Queries: 369, Similarity: 0.801

Example 621/1000
Original: In a world where anything but 5 stars is bad, this is 5 stars. In a world where 5 stars = incredible...
Original label: LABEL_1
  Calculating word importance...
  Used 99 queries for importance ranking
  Attempting word replacements...
Perturbed label: LABEL_1
Success: False, Queries: 552, Similarity: 0.804

Example 622/1000
Original: I came here today 45 minutes before their lunch buffet closed and it was a good experience. \n\nWe w...
Original label: LABEL_1
  Calculating word importance...
  Used 306 queries for importance ranking
  Attempting word replacements...
Perturbed label: LABEL_1
Success: False, Queries: 1000, Similarity: 0.800

Example 623/1000
Original: I went to this restaurant because my Dad and stepmom had previously dined there a few years ago and ...
Original label: LABEL_0
  Calculating word importance...
  Used 147 queries for importance ranking
  Attempting word replacements...
Perturbed label: LABEL_0
Success: False, Queries: 867, Similarity: 0.801

Example 624/1000
Original: AVOID!! AVOID!!  IF YOU WANT TO BE FOOD POISONED, GO HERE!! AVOID! AVOID!\n\nFirst of all the female...
Original label: LABEL_0
  Calculating word importance...
  Used 500 queries for importance ranking
  Attempting word replacements...
Perturbed label: LABEL_0
Success: False, Queries: 1000, Similarity: 0.802

Example 625/1000
Original: 2 stars for cool decor. everything else was MEH. bartenders are OKAY. When i tried to order a drink ...
Original label: LABEL_0
  Calculating word importance...
  Used 81 queries for importance ranking
  Attempting word replacements...
Perturbed label: LABEL_0
Success: False, Queries: 477, Similarity: 0.801

Example 626/1000
Original: I've been coming to El Burrito since I was in Middle School and it's still one of my favorite homegr...
Original label: LABEL_1
  Calculating word importance...
  Used 220 queries for importance ranking
  Attempting word replacements...
Perturbed label: LABEL_1
Success: False, Queries: 1000, Similarity: 0.801

Example 627/1000
Original: 3 Amigos is meh. It is so meh that I think it defines meh. I think meh should be added to the dictio...
Original label: LABEL_0
  Calculating word importance...
  Used 178 queries for importance ranking
  Attempting word replacements...
Perturbed label: LABEL_0
Success: False, Queries: 880, Similarity: 0.805

Example 628/1000
Original: Liars!!!!!!   Went in this evening to order iPhone 6, when told shipping dates was told that Space G...
Original label: LABEL_0
  Calculating word importance...
  Used 90 queries for importance ranking
  Attempting word replacements...
  ✓ Attack succeeded after 247 queries!
Perturbed label: LABEL_1
Success: True, Queries: 247, Similarity: 0.805

Example 629/1000
Original: YOUR GUIDE TO A SUCCESSFUL FLAMINGO HOTEL STAY\n\nAfter pretty much reading nothing but negative rev...
Original label: LABEL_1
  Calculating word importance...
  Used 500 queries for importance ranking
  Attempting word replacements...
  ✓ Attack succeeded after 556 queries!
Perturbed label: LABEL_0
Success: True, Queries: 556, Similarity: 0.931

Example 630/1000
Original: Eaten here a few times with groups and have never been real happy with it. Service has been terrible...
Original label: LABEL_0
  Calculating word importance...
  Used 136 queries for importance ranking
  Attempting word replacements...
Perturbed label: LABEL_0
Success: False, Queries: 817, Similarity: 0.803

Example 631/1000
Original: I have been to this location twice in the past month and each time they mess up our order. Either th...
Original label: LABEL_0
  Calculating word importance...
  Used 51 queries for importance ranking
  Attempting word replacements...
Perturbed label: LABEL_0
Success: False, Queries: 264, Similarity: 0.803

Example 632/1000
Original: I am totally guilty of a closet full of clothes that I often consider wearing but just don't fit qui...
Original label: LABEL_1
  Calculating word importance...
  Used 214 queries for importance ranking
  Attempting word replacements...
  ✓ Attack succeeded after 829 queries!
Perturbed label: LABEL_0
Success: True, Queries: 829, Similarity: 0.807

Example 633/1000
Original: 2 stars is a stretch!!  I got an enchilada and taco plate.  How do you mess up a taco?  Yep couldn't...
Original label: LABEL_0
  Calculating word importance...
  Used 47 queries for importance ranking
  Attempting word replacements...
Perturbed label: LABEL_0
Success: False, Queries: 293, Similarity: 0.800

Example 634/1000
Original: While in Vegas for a conference last week, my company treated us to dinner at SW Steakhouse and whil...
Original label: LABEL_1
  Calculating word importance...
  Used 500 queries for importance ranking
  Attempting word replacements...
Perturbed label: LABEL_1
Success: False, Queries: 1000, Similarity: 0.812

Example 635/1000
Original: \u00e9 by Jose Andres\nFebruary 8, 2012 - 8:30PM\n\nGeneral Fine-Dining Disclaimer: Many people do n...
Original label: LABEL_0
  Calculating word importance...
  Used 500 queries for importance ranking
  Attempting word replacements...
  ✓ Attack succeeded after 501 queries!
Perturbed label: LABEL_1
Success: True, Queries: 501, Similarity: 0.993

Example 636/1000
Original: I had an amazing 4 course meal here with my family from philadlephia. my father runs a farmers marke...
Original label: LABEL_1
  Calculating word importance...
  Used 93 queries for importance ranking
  Attempting word replacements...
  ✓ Attack succeeded after 461 queries!
Perturbed label: LABEL_0
Success: True, Queries: 461, Similarity: 0.716

Example 637/1000
Original: We went here for a girls night out dinner. We ordered 4 different dishes and all of us commented tha...
Original label: LABEL_0
  Calculating word importance...
  Used 165 queries for importance ranking
  Attempting word replacements...
Perturbed label: LABEL_0
Success: False, Queries: 796, Similarity: 0.807

Example 638/1000
Original: Room: We were put in a room on the 3rd floor all the day at the end of the hallway facing the highwa...
Original label: LABEL_0
  Calculating word importance...
  Used 387 queries for importance ranking
  Attempting word replacements...
Perturbed label: LABEL_0
Success: False, Queries: 1000, Similarity: 0.802

Example 639/1000
Original: Dr. Taylor is just an  amazing dentist and his staff is  just as phenomenal as he is. Elaine is quit...
Original label: LABEL_1
  Calculating word importance...
  Used 92 queries for importance ranking
  Attempting word replacements...
  ✓ Attack succeeded after 331 queries!
Perturbed label: LABEL_0
Success: True, Queries: 331, Similarity: 0.890

Example 640/1000
Original: Well here again not much has changed. Brisket is really fatty, 4 out of the 5 ribs are good. Last on...
Original label: LABEL_0
  Calculating word importance...
  Used 35 queries for importance ranking
  Attempting word replacements...
Perturbed label: LABEL_0
Success: False, Queries: 187, Similarity: 0.817

Example 641/1000
Original: I would have given this place 3 stars based on a handful of visits, cool decor and some interesting ...
Original label: LABEL_0
  Calculating word importance...
  Used 87 queries for importance ranking
  Attempting word replacements...
  ✓ Attack succeeded after 530 queries!
Perturbed label: LABEL_1
Success: True, Queries: 530, Similarity: 0.798

Example 642/1000
Original: A last minute Sunday night decision on where to eat turned out to be a delightful dinner. We grabbed...
Original label: LABEL_1
  Calculating word importance...
  Used 105 queries for importance ranking
  Attempting word replacements...
Perturbed label: LABEL_1
Success: False, Queries: 621, Similarity: 0.803

Example 643/1000
Original: I  have never been to a restaurant with better customer service.  The staff at this location are out...
Original label: LABEL_1
  Calculating word importance...
  Used 72 queries for importance ranking
  Attempting word replacements...
  ✓ Attack succeeded after 201 queries!
Perturbed label: LABEL_0
Success: True, Queries: 201, Similarity: 0.822

Example 644/1000
Original: I adore each location I have been to.  I truly wish this location had not moved from its place on Ha...
Original label: LABEL_1
  Calculating word importance...
  Used 92 queries for importance ranking
  Attempting word replacements...
Perturbed label: LABEL_1
Success: False, Queries: 484, Similarity: 0.803

Example 645/1000
Original: The Hub is a well established events venue, which is owned by the Edinburgh International Festival, ...
Original label: LABEL_1
  Calculating word importance...
  Used 136 queries for importance ranking
  Attempting word replacements...
Perturbed label: LABEL_1
Success: False, Queries: 540, Similarity: 0.800

Example 646/1000
Original: Here's a sample experience at MacAlpines:\n\nWow! A real, old fashioned soda parlor! Whoa, look at a...
Original label: LABEL_1
  Calculating word importance...
  Used 181 queries for importance ranking
  Attempting word replacements...
  ✓ Attack succeeded after 555 queries!
Perturbed label: LABEL_0
Success: True, Queries: 555, Similarity: 0.805

Example 647/1000
Original: Great happy hour specials with all wines at half price, appetizers at half price and flatbreads at h...
Original label: LABEL_1
  Calculating word importance...
  Used 140 queries for importance ranking
  Attempting word replacements...
  ✓ Attack succeeded after 361 queries!
Perturbed label: LABEL_0
Success: True, Queries: 361, Similarity: 0.861

Example 648/1000
Original: Very easy and convenient process.  Everyone was polite, professional and had terrific work ethic.  T...
Original label: LABEL_1
  Calculating word importance...
  Used 49 queries for importance ranking
  Attempting word replacements...
Perturbed label: LABEL_1
Success: False, Queries: 380, Similarity: 0.801

Example 649/1000
Original: Awesome drinks and top quality service from Marcus the server and Ivan the bartender, outstanding!  ...
Original label: LABEL_1
  Calculating word importance...
  Used 31 queries for importance ranking
  Attempting word replacements...
Perturbed label: LABEL_1
Success: False, Queries: 162, Similarity: 0.800

Example 650/1000
Original: My partner and I just left and were disgusted by our experience. It's not often I harshly critique a...
Original label: LABEL_0
  Calculating word importance...
  Used 343 queries for importance ranking
  Attempting word replacements...
Perturbed label: LABEL_0
Success: False, Queries: 1000, Similarity: 0.801

Example 651/1000
Original: NOTE: Our stay could have been an entirely different experience had we not booked a stay the weekend...
Original label: LABEL_0
  Calculating word importance...
  Used 500 queries for importance ranking
  Attempting word replacements...
Perturbed label: LABEL_0
Success: False, Queries: 1000, Similarity: 0.805

Example 652/1000
Original: Don't go here for the food.  The atmosphere and bar are very nice.  However, the food is flavorless....
Original label: LABEL_0
  Calculating word importance...
  Used 104 queries for importance ranking
  Attempting word replacements...
Perturbed label: LABEL_0
Success: False, Queries: 543, Similarity: 0.805

Example 653/1000
Original: First of all, let me say that they would have gotten 3 stars, but I took one star off for price.\n\n...
Original label: LABEL_0
  Calculating word importance...
  Used 330 queries for importance ranking
  Attempting word replacements...
Perturbed label: LABEL_0
Success: False, Queries: 1000, Similarity: 0.800

Example 654/1000
Original: I had a membership at Climbmax for few years and I just wanted to add my warning to any future climb...
Original label: LABEL_0
  Calculating word importance...
  Used 87 queries for importance ranking
  Attempting word replacements...
Perturbed label: LABEL_0
Success: False, Queries: 475, Similarity: 0.801

Example 655/1000
Original: So this is just a d\u00e9panneur corner store where you can pick up a pop and some smokes or whateve...
Original label: LABEL_1
  Calculating word importance...
  Used 152 queries for importance ranking
  Attempting word replacements...
Perturbed label: LABEL_1
Success: False, Queries: 782, Similarity: 0.804

Example 656/1000
Original: Wanted to try a new spot and was recommended to try out Hearthstone by a friend. Great decor and ene...
Original label: LABEL_1
  Calculating word importance...
  Used 41 queries for importance ranking
  Attempting word replacements...
Perturbed label: LABEL_1
Success: False, Queries: 203, Similarity: 0.802

Example 657/1000
Original: My friend and I thought it would be fun to try Pub 1842 for a \""light\"" lunch, considering all we ...
Original label: LABEL_1
  Calculating word importance...
  Used 213 queries for importance ranking
  Attempting word replacements...
Perturbed label: LABEL_1
Success: False, Queries: 1000, Similarity: 0.801

Example 658/1000
Original: When it comes to getting Mexican in C-U, this is probably my top pick.  It's cheap, the food I've go...
Original label: LABEL_1
  Calculating word importance...
  Used 79 queries for importance ranking
  Attempting word replacements...
Perturbed label: LABEL_1
Success: False, Queries: 511, Similarity: 0.801

Example 659/1000
Original: I looked up this restaurant hoping for a close approximation of Malaysian cuisine. The place is loca...
Original label: LABEL_0
  Calculating word importance...
  Used 147 queries for importance ranking
  Attempting word replacements...
  ✓ Attack succeeded after 627 queries!
Perturbed label: LABEL_1
Success: True, Queries: 627, Similarity: 0.809

Example 660/1000
Original: average quality, small quantity, expensive and overpriced......
Original label: LABEL_0
  Calculating word importance...
  Used 7 queries for importance ranking
  Attempting word replacements...
Perturbed label: LABEL_0
Success: False, Queries: 34, Similarity: 0.804

Example 661/1000
Original: Great customer service. They  have alot of different things to eat and snack on. I like the fact the...
Original label: LABEL_1
  Calculating word importance...
  Used 38 queries for importance ranking
  Attempting word replacements...
Perturbed label: LABEL_1
Success: False, Queries: 247, Similarity: 0.802

Example 662/1000
Original: Played here last week- was fun! Staff is super friendly and the proceeds went to a homeless shelter ...
Original label: LABEL_1
  Calculating word importance...
  Used 42 queries for importance ranking
  Attempting word replacements...
Perturbed label: LABEL_1
Success: False, Queries: 255, Similarity: 0.802

Example 663/1000
Original: Went out for dinner with the wife and two kids. The Pizza and chicken were both great. The garlic br...
Original label: LABEL_1
  Calculating word importance...
  Used 51 queries for importance ranking
  Attempting word replacements...
Perturbed label: LABEL_1
Success: False, Queries: 287, Similarity: 0.804

Example 664/1000
Original: Best bar food in the neighborhood.  Staff is always good....
Original label: LABEL_1
  Calculating word importance...
  Used 10 queries for importance ranking
  Attempting word replacements...
  ✓ Attack succeeded after 33 queries!
Perturbed label: LABEL_0
Success: True, Queries: 33, Similarity: 0.752

Example 665/1000
Original: I truly enjoyed my experience at Tandoor. The staff was super friendly, the flavors were both fresh ...
Original label: LABEL_1
  Calculating word importance...
  Used 58 queries for importance ranking
  Attempting word replacements...
Perturbed label: LABEL_1
Success: False, Queries: 286, Similarity: 0.800

Example 666/1000
Original: I love this place.  My friends and I try to have a 'girl's night out' once a month and we frequent R...
Original label: LABEL_1
  Calculating word importance...
  Used 56 queries for importance ranking
  Attempting word replacements...
Perturbed label: LABEL_1
Success: False, Queries: 287, Similarity: 0.801

Example 667/1000
Original: I have to say, same great food as the other location, but slightly better service. \nWent with the P...
Original label: LABEL_1
  Calculating word importance...
  Used 76 queries for importance ranking
  Attempting word replacements...
  ✓ Attack succeeded after 278 queries!
Perturbed label: LABEL_0
Success: True, Queries: 278, Similarity: 0.780

Example 668/1000
Original: The is probably one the worst places to eat.  \n\nAs i walked into this place I assumed it was going...
Original label: LABEL_0
  Calculating word importance...
  Used 124 queries for importance ranking
  Attempting word replacements...
Perturbed label: LABEL_0
Success: False, Queries: 715, Similarity: 0.801

Example 669/1000
Original: Delicious. Was intimidating walking in without knowing what anything was, but the person behind the ...
Original label: LABEL_1
  Calculating word importance...
  Used 66 queries for importance ranking
  Attempting word replacements...
Perturbed label: LABEL_1
Success: False, Queries: 418, Similarity: 0.803

Example 670/1000
Original: I was so happy to see this place open in Buckeye, I was even happier when I called and got a sweet y...
Original label: LABEL_1
  Calculating word importance...
  Used 143 queries for importance ranking
  Attempting word replacements...
  ✓ Attack succeeded after 843 queries!
Perturbed label: LABEL_0
Success: True, Queries: 843, Similarity: 0.799

Example 671/1000
Original: A steakhouse is a steakhouse is a steakhouse.\n\nA Las Vegas Strip steakhouse is a great steakhouse ...
Original label: LABEL_1
  Calculating word importance...
  Used 486 queries for importance ranking
  Attempting word replacements...
Perturbed label: LABEL_1
Success: False, Queries: 1000, Similarity: 0.802

Example 672/1000
Original: Excellent team of doctors. I highly recommend American Family Dentistry. I have been to many dentist...
Original label: LABEL_1
  Calculating word importance...
  Used 234 queries for importance ranking
  Attempting word replacements...
  ✓ Attack succeeded after 822 queries!
Perturbed label: LABEL_0
Success: True, Queries: 822, Similarity: 0.797

Example 673/1000
Original: If you ever come here you must sit outside and enjoy the poolside view, even if its a little hot, yo...
Original label: LABEL_1
  Calculating word importance...
  Used 174 queries for importance ranking
  Attempting word replacements...
Perturbed label: LABEL_1
Success: False, Queries: 1000, Similarity: 0.803

Example 674/1000
Original: My fianc\u00e9 and I spent $175 each on really sweet tickets, and were very excited to see this show...
Original label: LABEL_0
  Calculating word importance...
  Used 206 queries for importance ranking
  Attempting word replacements...
  ✓ Attack succeeded after 207 queries!
Perturbed label: LABEL_1
Success: True, Queries: 207, Similarity: 0.996

Example 675/1000
Original: This is a pretty nice place-\nIt is reasonably priced and the service was very good, so were the dri...
Original label: LABEL_1
  Calculating word importance...
  Used 81 queries for importance ranking
  Attempting word replacements...
  ✓ Attack succeeded after 471 queries!
Perturbed label: LABEL_0
Success: True, Queries: 471, Similarity: 0.719

Example 676/1000
Original: As we were at the Montelucia resort for the night we figured we would check out their 'Slow Movement...
Original label: LABEL_0
  Calculating word importance...
  Used 158 queries for importance ranking
  Attempting word replacements...
Perturbed label: LABEL_0
Success: False, Queries: 834, Similarity: 0.801

Example 677/1000
Original: Bringing down prices has never ran so smoothly in the decade I have ever owned a cell phone. \n\n1. ...
Original label: LABEL_1
  Calculating word importance...
  Used 110 queries for importance ranking
  Attempting word replacements...
  ✓ Attack succeeded after 139 queries!
Perturbed label: LABEL_0
Success: True, Queries: 139, Similarity: 0.946

Example 678/1000
Original: Amazing subs- so glad they opened this location. The service is great, the food is awesome, the hot ...
Original label: LABEL_1
  Calculating word importance...
  Used 88 queries for importance ranking
  Attempting word replacements...
Perturbed label: LABEL_1
Success: False, Queries: 483, Similarity: 0.802

Example 679/1000
Original: I FLAT REFUSE TO STEP FOOT IN WinCo Foods for as long as I am residing in Las Vegas. I went in today...
Original label: LABEL_0
  Calculating word importance...
  Used 500 queries for importance ranking
  Attempting word replacements...
Perturbed label: LABEL_0
Success: False, Queries: 1000, Similarity: 0.821

Example 680/1000
Original: Our first visit to Remington's was on a recent weeknight.  We made reservations but they certainly w...
Original label: LABEL_0
  Calculating word importance...
  Used 322 queries for importance ranking
  Attempting word replacements...
Perturbed label: LABEL_0
Success: False, Queries: 1000, Similarity: 0.806

Example 681/1000
Original: Our driver got us to the airport safely in an ice storm.  Wouldn't have made it without him.  Thanks...
Original label: LABEL_1
  Calculating word importance...
  Used 27 queries for importance ranking
  Attempting word replacements...
Perturbed label: LABEL_1
Success: False, Queries: 182, Similarity: 0.807

Example 682/1000
Original: great chai   !!!  this place has alot of room to move around and enjoy your coffee and wifi......
Original label: LABEL_1
  Calculating word importance...
  Used 17 queries for importance ranking
  Attempting word replacements...
  ✓ Attack succeeded after 25 queries!
Perturbed label: LABEL_0
Success: True, Queries: 25, Similarity: 0.859

Example 683/1000
Original: I was not impressed.  The food was not very flavorful.  The location and atmosphere are the best thi...
Original label: LABEL_0
  Calculating word importance...
  Used 68 queries for importance ranking
  Attempting word replacements...
Perturbed label: LABEL_0
Success: False, Queries: 354, Similarity: 0.805

Example 684/1000
Original: The music in the back is good. That is the only plus of this place though. The drinks are meh. Also ...
Original label: LABEL_0
  Calculating word importance...
  Used 106 queries for importance ranking
  Attempting word replacements...
Perturbed label: LABEL_0
Success: False, Queries: 694, Similarity: 0.801

Example 685/1000
Original: This place has a lot of rules:\n1. You cannot wait inside if there are no seats available, even thou...
Original label: LABEL_0
  Calculating word importance...
  Used 493 queries for importance ranking
  Attempting word replacements...
Perturbed label: LABEL_0
Success: False, Queries: 1000, Similarity: 0.807

Example 686/1000
Original: A solid 3.5 stars (I'm Korean and was raised in L.A.,  so my standards are pretty high).  Like Mexic...
Original label: LABEL_1
  Calculating word importance...
  Used 119 queries for importance ranking
  Attempting word replacements...
Perturbed label: LABEL_1
Success: False, Queries: 720, Similarity: 0.800

Example 687/1000
Original: Beautiful pop up wedding. The chapel was so helpful and gracious. The flowers were beautiful, the ph...
Original label: LABEL_1
  Calculating word importance...
  Used 55 queries for importance ranking
  Attempting word replacements...
Perturbed label: LABEL_1
Success: False, Queries: 321, Similarity: 0.800

Example 688/1000
Original: Dropped by for dinner before heading upstairs to the club portion of the establishment.\n\nWe ordere...
Original label: LABEL_1
  Calculating word importance...
  Used 182 queries for importance ranking
  Attempting word replacements...
Perturbed label: LABEL_1
Success: False, Queries: 947, Similarity: 0.801

Example 689/1000
Original: This was only my first time here, but I'm a fan already.  I think I need to make Donut Mondays a tra...
Original label: LABEL_1
  Calculating word importance...
  Used 253 queries for importance ranking
  Attempting word replacements...
Perturbed label: LABEL_1
Success: False, Queries: 1000, Similarity: 0.801

Example 690/1000
Original: Second time I have been here. The strip steak here goes down as the best steak overall I have ever h...
Original label: LABEL_1
  Calculating word importance...
  Used 40 queries for importance ranking
  Attempting word replacements...
Perturbed label: LABEL_1
Success: False, Queries: 273, Similarity: 0.802

Example 691/1000
Original: As fans of small business in general, and as a local business owner myself, my wife and I could not ...
Original label: LABEL_0
  Calculating word importance...
  Used 304 queries for importance ranking
  Attempting word replacements...
Perturbed label: LABEL_0
Success: False, Queries: 1000, Similarity: 0.801

Example 692/1000
Original: No complaints and we'll go back again for further exploration.  The kitchen menu is pretty interesti...
Original label: LABEL_1
  Calculating word importance...
  Used 108 queries for importance ranking
  Attempting word replacements...
Perturbed label: LABEL_1
Success: False, Queries: 553, Similarity: 0.810

Example 693/1000
Original: Subways is Subways, and they generally all taste the same consistently and have pretty decent qualit...
Original label: LABEL_0
  Calculating word importance...
  Used 157 queries for importance ranking
  Attempting word replacements...
Perturbed label: LABEL_0
Success: False, Queries: 770, Similarity: 0.800

Example 694/1000
Original: The Roaring Fork was a pleasant surprise. After finding out that the restaurant we wanted to eat at ...
Original label: LABEL_1
  Calculating word importance...
  Used 219 queries for importance ranking
  Attempting word replacements...
Perturbed label: LABEL_1
Success: False, Queries: 1000, Similarity: 0.801

Example 695/1000
Original: I love the idea of loving this place.  I really do.  And to be honest, if I was reviewing this place...
Original label: LABEL_1
  Calculating word importance...
  Used 186 queries for importance ranking
  Attempting word replacements...
  ✓ Attack succeeded after 588 queries!
Perturbed label: LABEL_0
Success: True, Queries: 588, Similarity: 0.877

Example 696/1000
Original: Fool me thrice, well, that's my fault but I've finally learned my lesson. \n\nIssue #1: I take a sui...
Original label: LABEL_0
  Calculating word importance...
  Used 409 queries for importance ranking
  Attempting word replacements...
Perturbed label: LABEL_0
Success: False, Queries: 1000, Similarity: 0.800

Example 697/1000
Original: Went here on a Friday night late (around 9 pm) as a last minute choice and very hungry. Was slow.\n\...
Original label: LABEL_0
  Calculating word importance...
  Used 183 queries for importance ranking
  Attempting word replacements...
  ✓ Attack succeeded after 884 queries!
Perturbed label: LABEL_1
Success: True, Queries: 884, Similarity: 0.802

Example 698/1000
Original: This review is strictly for the pharmacy.\n\nIF YOU HAVE A CHOICE, GO ELSEWHERE! I've been here a fe...
Original label: LABEL_0
  Calculating word importance...
  Used 387 queries for importance ranking
  Attempting word replacements...
Perturbed label: LABEL_0
Success: False, Queries: 1000, Similarity: 0.802

Example 699/1000
Original: Came in after some highly touted recommendations. \nStood at the front for approx. 4-5 mins before a...
Original label: LABEL_0
  Calculating word importance...
  Used 226 queries for importance ranking
  Attempting word replacements...
Perturbed label: LABEL_0
Success: False, Queries: 1000, Similarity: 0.801

Example 700/1000
Original: I'd never eat here again, even if they paid me to.\n\nBeing a born-and-raised Mainah, I was really c...
Original label: LABEL_0
  Calculating word importance...
  Used 112 queries for importance ranking
  Attempting word replacements...
Perturbed label: LABEL_0
Success: False, Queries: 587, Similarity: 0.801

Example 701/1000
Original: This deli was phenomenal.  We ate here late at night (they are open 24 hours) and opted for #1 which...
Original label: LABEL_1
  Calculating word importance...
  Used 48 queries for importance ranking
  Attempting word replacements...
Perturbed label: LABEL_1
Success: False, Queries: 200, Similarity: 0.810

Example 702/1000
Original: Stayed here this past weekend and was not impressed at all. The Studio was very small and I needed t...
Original label: LABEL_0
  Calculating word importance...
  Used 242 queries for importance ranking
  Attempting word replacements...
Perturbed label: LABEL_0
Success: False, Queries: 1000, Similarity: 0.804

Example 703/1000
Original: Amazing ox tail stew, this alone made my day. Great variety, comfort Chinese food, good portions, ac...
Original label: LABEL_1
  Calculating word importance...
  Used 28 queries for importance ranking
  Attempting word replacements...
Perturbed label: LABEL_1
Success: False, Queries: 265, Similarity: 0.800

Example 704/1000
Original: I don't speak Spanish - which can be tricky because their menu is in Spanish. None the less after so...
Original label: LABEL_1
  Calculating word importance...
  Used 134 queries for importance ranking
  Attempting word replacements...
Perturbed label: LABEL_1
Success: False, Queries: 656, Similarity: 0.800

Example 705/1000
Original: Not the kind of food I expect or want to eat out of a truck in a parking lot.  To me, trucks are abo...
Original label: LABEL_0
  Calculating word importance...
  Used 91 queries for importance ranking
  Attempting word replacements...
Perturbed label: LABEL_0
Success: False, Queries: 481, Similarity: 0.806

Example 706/1000
Original: Cheese = Amazing\n\nCheese curds = amazing x2\n\nThe hidden gem of this place, however is the red ve...
Original label: LABEL_1
  Calculating word importance...
  Used 39 queries for importance ranking
  Attempting word replacements...
Perturbed label: LABEL_1
Success: False, Queries: 163, Similarity: 0.864

Example 707/1000
Original: Naked Pizza sucks. \n\n1. I called in my order, told them it would be pick up. Went to pick up, they...
Original label: LABEL_0
  Calculating word importance...
  Used 286 queries for importance ranking
  Attempting word replacements...
Perturbed label: LABEL_0
Success: False, Queries: 1000, Similarity: 0.807

Example 708/1000
Original: Huge selection of Quebec beer, good prices, knowledgable staff. Always a great place to wander the a...
Original label: LABEL_1
  Calculating word importance...
  Used 87 queries for importance ranking
  Attempting word replacements...
  ✓ Attack succeeded after 144 queries!
Perturbed label: LABEL_0
Success: True, Queries: 144, Similarity: 0.889

Example 709/1000
Original: Stopped in for a latte and a breakfast sandwich.  Jaw nearly hit the floor when told total was over ...
Original label: LABEL_0
  Calculating word importance...
  Used 53 queries for importance ranking
  Attempting word replacements...
Perturbed label: LABEL_0
Success: False, Queries: 374, Similarity: 0.804

Example 710/1000
Original: Just so beautiful. And I am not a gardener...too many bugs, too much dirt. :) But here it is all don...
Original label: LABEL_1
  Calculating word importance...
  Used 44 queries for importance ranking
  Attempting word replacements...
  ✓ Attack succeeded after 47 queries!
Perturbed label: LABEL_0
Success: True, Queries: 47, Similarity: 0.950

Example 711/1000
Original: This is our favorite Teppanyaki place, never has sushi at this location.  Expect to pay $25 for a ty...
Original label: LABEL_1
  Calculating word importance...
  Used 163 queries for importance ranking
  Attempting word replacements...
  ✓ Attack succeeded after 381 queries!
Perturbed label: LABEL_0
Success: True, Queries: 381, Similarity: 0.864

Example 712/1000
Original: My wife has been asking to go to Kneaders since we have moved up to Phoenix. I was shocked how small...
Original label: LABEL_0
  Calculating word importance...
  Used 148 queries for importance ranking
  Attempting word replacements...
  ✓ Attack succeeded after 559 queries!
Perturbed label: LABEL_1
Success: True, Queries: 559, Similarity: 0.785

Example 713/1000
Original: This is one of my favorite places in Pittsburgh.  I would give it 5 stars but I have 2 issues.  The ...
Original label: LABEL_1
  Calculating word importance...
  Used 118 queries for importance ranking
  Attempting word replacements...
  ✓ Attack succeeded after 302 queries!
Perturbed label: LABEL_0
Success: True, Queries: 302, Similarity: 0.918

Example 714/1000
Original: Zomg, I must rave about this place. Normally, I hate the crust of any pizza, but Papa Del's crust is...
Original label: LABEL_1
  Calculating word importance...
  Used 36 queries for importance ranking
  Attempting word replacements...
Perturbed label: LABEL_1
Success: False, Queries: 166, Similarity: 0.806

Example 715/1000
Original: Great food, meh service.  There's less than a handful of places that treat you different when you as...
Original label: LABEL_1
  Calculating word importance...
  Used 73 queries for importance ranking
  Attempting word replacements...
  ✓ Attack succeeded after 168 queries!
Perturbed label: LABEL_0
Success: True, Queries: 168, Similarity: 0.798

Example 716/1000
Original: Well done! Had a delicious, full of flavor dinner and great customer service. We will be coming back...
Original label: LABEL_1
  Calculating word importance...
  Used 18 queries for importance ranking
  Attempting word replacements...
Perturbed label: LABEL_1
Success: False, Queries: 156, Similarity: 0.804

Example 717/1000
Original: Where should I start with this review. I run a local restaurant and tried to order flowers for our p...
Original label: LABEL_0
  Calculating word importance...
  Used 201 queries for importance ranking
  Attempting word replacements...
Perturbed label: LABEL_0
Success: False, Queries: 1000, Similarity: 0.803

Example 718/1000
Original: This place is awesome.  Looks like a true hole-in-the-wall from the outside. Very unassuming.  But i...
Original label: LABEL_1
  Calculating word importance...
  Used 129 queries for importance ranking
  Attempting word replacements...
Perturbed label: LABEL_1
Success: False, Queries: 712, Similarity: 0.800

Example 719/1000
Original: I really love this place, their food is sooo good.  But the service last night was not so good.  It ...
Original label: LABEL_0
  Calculating word importance...
  Used 129 queries for importance ranking
  Attempting word replacements...
Perturbed label: LABEL_0
Success: False, Queries: 856, Similarity: 0.804

Example 720/1000
Original: RUDE RUDE RUDE. I normally NEVER leave a review of a fast food chain, but this is an exception.  The...
Original label: LABEL_0
  Calculating word importance...
  Used 59 queries for importance ranking
  Attempting word replacements...
Perturbed label: LABEL_0
Success: False, Queries: 310, Similarity: 0.801

Example 721/1000
Original: Two words:  STEAK FRIES\n\nI'll add a little more.  It was a little chilly in there but it's pretty ...
Original label: LABEL_1
  Calculating word importance...
  Used 59 queries for importance ranking
  Attempting word replacements...
Perturbed label: LABEL_1
Success: False, Queries: 264, Similarity: 0.809

Example 722/1000
Original: A saleswoman came and offered us this screaming internet deal. Yay!!!! SO, I call today to verify th...
Original label: LABEL_0
  Calculating word importance...
  Used 173 queries for importance ranking
  Attempting word replacements...
Perturbed label: LABEL_0
Success: False, Queries: 969, Similarity: 0.801

Example 723/1000
Original: The food is really good and fresh -- I was surprised as I am not a veg, so this was one of my first ...
Original label: LABEL_1
  Calculating word importance...
  Used 77 queries for importance ranking
  Attempting word replacements...
Perturbed label: LABEL_1
Success: False, Queries: 462, Similarity: 0.801

Example 724/1000
Original: Everything is bad but the $2 Miller lites...
Original label: LABEL_0
  Calculating word importance...
  Used 8 queries for importance ranking
  Attempting word replacements...
  ✓ Attack succeeded after 21 queries!
Perturbed label: LABEL_1
Success: True, Queries: 21, Similarity: 0.834

Example 725/1000
Original: While Dr. Finley is a good doctor with an excellent and caring demeanor, the office policies and sta...
Original label: LABEL_0
  Calculating word importance...
  Used 195 queries for importance ranking
  Attempting word replacements...
Perturbed label: LABEL_0
Success: False, Queries: 1000, Similarity: 0.800

Example 726/1000
Original: A lot of cash for not a lot of food.  The food tasted ok but I paid $28 bucks for a ribeye that was ...
Original label: LABEL_0
  Calculating word importance...
  Used 60 queries for importance ranking
  Attempting word replacements...
Perturbed label: LABEL_0
Success: False, Queries: 252, Similarity: 0.802

Example 727/1000
Original: We went here last night to get a late night snack. \n\nI ordered the shrimp balls. I didn't care for...
Original label: LABEL_0
  Calculating word importance...
  Used 178 queries for importance ranking
  Attempting word replacements...
Perturbed label: LABEL_0
Success: False, Queries: 1000, Similarity: 0.803

Example 728/1000
Original: Psssh about as Epic as a pair of skid marked undies!\n\nThis place sucks, sure it may be cheaper tha...
Original label: LABEL_0
  Calculating word importance...
  Used 128 queries for importance ranking
  Attempting word replacements...
  ✓ Attack succeeded after 439 queries!
Perturbed label: LABEL_1
Success: True, Queries: 439, Similarity: 0.803

Example 729/1000
Original: It's so beeeeyooootiful! I loved it here (and I really, really liked the sheer lotus curtains in our...
Original label: LABEL_1
  Calculating word importance...
  Used 54 queries for importance ranking
  Attempting word replacements...
Perturbed label: LABEL_1
Success: False, Queries: 189, Similarity: 0.807

Example 730/1000
Original: First, the good part: waiter and manager were very receptive and friendly and tried their best to he...
Original label: LABEL_0
  Calculating word importance...
  Used 211 queries for importance ranking
  Attempting word replacements...
Perturbed label: LABEL_0
Success: False, Queries: 1000, Similarity: 0.806

Example 731/1000
Original: There are no stars for this company!! They are thieves and liars!!! I checked out Monday and when I ...
Original label: LABEL_0
  Calculating word importance...
  Used 120 queries for importance ranking
  Attempting word replacements...
Perturbed label: LABEL_0
Success: False, Queries: 701, Similarity: 0.800

Example 732/1000
Original: This was THE worst mani/pedi experience of my life. I arrived on time for my appointment and was not...
Original label: LABEL_0
  Calculating word importance...
  Used 206 queries for importance ranking
  Attempting word replacements...
Perturbed label: LABEL_0
Success: False, Queries: 1000, Similarity: 0.807

Example 733/1000
Original: This beautiful hotel is located in the perfect spot right off the Royal Mile.  It is easy to walk to...
Original label: LABEL_1
  Calculating word importance...
  Used 198 queries for importance ranking
  Attempting word replacements...
Perturbed label: LABEL_1
Success: False, Queries: 1000, Similarity: 0.801

Example 734/1000
Original: Le Thai offers solid Thai food with a nice beer garden atmosphere in down town Las Vegas. \n\nMy fav...
Original label: LABEL_1
  Calculating word importance...
  Used 100 queries for importance ranking
  Attempting word replacements...
Perturbed label: LABEL_1
Success: False, Queries: 365, Similarity: 0.803

Example 735/1000
Original: This is one of my favorite spots for poke & Hawaiian food. For awhile, I've been looking for taegu t...
Original label: LABEL_1
  Calculating word importance...
  Used 156 queries for importance ranking
  Attempting word replacements...
Perturbed label: LABEL_1
Success: False, Queries: 735, Similarity: 0.804

Example 736/1000
Original: Awesome location and free parking! \n\nThey also have a large isolated room that is excellent for st...
Original label: LABEL_1
  Calculating word importance...
  Used 32 queries for importance ranking
  Attempting word replacements...
Perturbed label: LABEL_1
Success: False, Queries: 165, Similarity: 0.820

Example 737/1000
Original: this place has one of the best setups to see a race ever. and mixing drag racing with vegas has just...
Original label: LABEL_1
  Calculating word importance...
  Used 57 queries for importance ranking
  Attempting word replacements...
  ✓ Attack succeeded after 254 queries!
Perturbed label: LABEL_0
Success: True, Queries: 254, Similarity: 0.812

Example 738/1000
Original: Too bad!  I used to love this place. But since the last time, the quality changed completely. We had...
Original label: LABEL_0
  Calculating word importance...
  Used 70 queries for importance ranking
  Attempting word replacements...
Perturbed label: LABEL_0
Success: False, Queries: 398, Similarity: 0.809

Example 739/1000
Original: A Yogurtland is a Yogurtland. They are all pretty much the same to me: good quality yogurt, decent s...
Original label: LABEL_1
  Calculating word importance...
  Used 217 queries for importance ranking
  Attempting word replacements...
Perturbed label: LABEL_1
Success: False, Queries: 1000, Similarity: 0.815

Example 740/1000
Original: No, no, no, no. That's all I can say if you are planning on eating here.  \n\nMy daughter and I went...
Original label: LABEL_0
  Calculating word importance...
  Used 176 queries for importance ranking
  Attempting word replacements...
Perturbed label: LABEL_0
Success: False, Queries: 924, Similarity: 0.802

Example 741/1000
Original: My fiancee and I have been putting off going back to see the University of Illinois campus for a whi...
Original label: LABEL_0
  Calculating word importance...
  Used 205 queries for importance ranking
  Attempting word replacements...
  ✓ Attack succeeded after 871 queries!
Perturbed label: LABEL_1
Success: True, Queries: 871, Similarity: 0.785

Example 742/1000
Original: The food is good, not excellent.  Stay away feom getting your food delivered, you will wait 1.5 hour...
Original label: LABEL_0
  Calculating word importance...
  Used 66 queries for importance ranking
  Attempting word replacements...
Perturbed label: LABEL_0
Success: False, Queries: 321, Similarity: 0.802

Example 743/1000
Original: -Wannabe In-n-Out- My burger was dry, and not very tasty. I can't figure out why this place was so p...
Original label: LABEL_0
  Calculating word importance...
  Used 42 queries for importance ranking
  Attempting word replacements...
Perturbed label: LABEL_0
Success: False, Queries: 211, Similarity: 0.800

Example 744/1000
Original: I'm a Yank -- I've been here twice in 9 months and I've frequented enough pubs in my life to know wh...
Original label: LABEL_1
  Calculating word importance...
  Used 114 queries for importance ranking
  Attempting word replacements...
Perturbed label: LABEL_1
Success: False, Queries: 584, Similarity: 0.801

Example 745/1000
Original: Went there with the wife last week.  We've been there before and the food is always excellent but un...
Original label: LABEL_1
  Calculating word importance...
  Used 82 queries for importance ranking
  Attempting word replacements...
  ✓ Attack succeeded after 103 queries!
Perturbed label: LABEL_0
Success: True, Queries: 103, Similarity: 0.961

Example 746/1000
Original: I got food poisoning after eating a chicken burrito from this place about five years ago. I have nev...
Original label: LABEL_0
  Calculating word importance...
  Used 48 queries for importance ranking
  Attempting word replacements...
  ✓ Attack succeeded after 71 queries!
Perturbed label: LABEL_1
Success: True, Queries: 71, Similarity: 0.866

Example 747/1000
Original: Fantastic! Seats were awesome and the bathrooms were clean-ish. Didn't use the concessions. Love lov...
Original label: LABEL_1
  Calculating word importance...
  Used 27 queries for importance ranking
  Attempting word replacements...
  ✓ Attack succeeded after 31 queries!
Perturbed label: LABEL_0
Success: True, Queries: 31, Similarity: 0.837

Example 748/1000
Original: Went for dinner, make reservations!  We shared the popular crispy rice appetizer.  So many flavors, ...
Original label: LABEL_1
  Calculating word importance...
  Used 139 queries for importance ranking
  Attempting word replacements...
Perturbed label: LABEL_1
Success: False, Queries: 831, Similarity: 0.802

Example 749/1000
Original: I'd give it a zero if I could. This place is weak as fuck. Mexican food? Please. I'd rather go to Ta...
Original label: LABEL_0
  Calculating word importance...
  Used 42 queries for importance ranking
  Attempting word replacements...
Perturbed label: LABEL_0
Success: False, Queries: 231, Similarity: 0.803

Example 750/1000
Original: There are certain dishes I love here and others not so much.  Didn't like the waffles at all.  Howev...
Original label: LABEL_1
  Calculating word importance...
  Used 74 queries for importance ranking
  Attempting word replacements...
  ✓ Attack succeeded after 341 queries!
Perturbed label: LABEL_0
Success: True, Queries: 341, Similarity: 0.785

Example 751/1000
Original: My boyfriend and I were looking to move out of our Summerlin Condo and into a house, so we could get...
Original label: LABEL_0
  Calculating word importance...
  Used 188 queries for importance ranking
  Attempting word replacements...
Perturbed label: LABEL_0
Success: False, Queries: 1000, Similarity: 0.802

Example 752/1000
Original: Worst place ever! Worst service! Worst experience! These people are not used to serving food. Got th...
Original label: LABEL_0
  Calculating word importance...
  Used 423 queries for importance ranking
  Attempting word replacements...
Perturbed label: LABEL_0
Success: False, Queries: 1000, Similarity: 0.868

Example 753/1000
Original: I initially came in to lay-away a TREK. They let me make my own terms that catered to my budget. The...
Original label: LABEL_1
  Calculating word importance...
  Used 70 queries for importance ranking
  Attempting word replacements...
  ✓ Attack succeeded after 138 queries!
Perturbed label: LABEL_0
Success: True, Queries: 138, Similarity: 0.981

Example 754/1000
Original: HAND PULLED NOODLES...  I have had these before in Hong Kong and Cali.  Never expected in AZ.  These...
Original label: LABEL_1
  Calculating word importance...
  Used 114 queries for importance ranking
  Attempting word replacements...
  ✓ Attack succeeded after 384 queries!
Perturbed label: LABEL_0
Success: True, Queries: 384, Similarity: 0.828

Example 755/1000
Original: The Regent Square Theater...a great place to go for film lovers.  \n\nI have all but stopped going t...
Original label: LABEL_1
  Calculating word importance...
  Used 500 queries for importance ranking
  Attempting word replacements...
  ✓ Attack succeeded after 509 queries!
Perturbed label: LABEL_0
Success: True, Queries: 509, Similarity: 0.890

Example 756/1000
Original: It was great. I highly recommend it. Especially garlic butter and filet mignon are perfect....
Original label: LABEL_1
  Calculating word importance...
  Used 15 queries for importance ranking
  Attempting word replacements...
Perturbed label: LABEL_1
Success: False, Queries: 80, Similarity: 0.803

Example 757/1000
Original: Had a quick lunch yesterday and was pleasantly surprised by how good the cantina fish taco's were, t...
Original label: LABEL_1
  Calculating word importance...
  Used 45 queries for importance ranking
  Attempting word replacements...
Perturbed label: LABEL_1
Success: False, Queries: 299, Similarity: 0.804

Example 758/1000
Original: Not a very good selection. Had to wait for food to come out. Lots of fried options. Wanted to like i...
Original label: LABEL_0
  Calculating word importance...
  Used 34 queries for importance ranking
  Attempting word replacements...
Perturbed label: LABEL_0
Success: False, Queries: 197, Similarity: 0.800

Example 759/1000
Original: I used to live across the way so i ate there a lot.  I'm basing my review on the fact its mixed of a...
Original label: LABEL_1
  Calculating word importance...
  Used 121 queries for importance ranking
  Attempting word replacements...
Perturbed label: LABEL_1
Success: False, Queries: 674, Similarity: 0.801

Example 760/1000
Original: Went to Vegas for my birthday weekend planning to have a nice trip with family and friends. Everythi...
Original label: LABEL_0
  Calculating word importance...
  Used 466 queries for importance ranking
  Attempting word replacements...
Perturbed label: LABEL_0
Success: False, Queries: 1000, Similarity: 0.807

Example 761/1000
Original: You can order at BLT and have it delivered to the outdoor patio. Good food, great people watching an...
Original label: LABEL_1
  Calculating word importance...
  Used 37 queries for importance ranking
  Attempting word replacements...
Perturbed label: LABEL_1
Success: False, Queries: 286, Similarity: 0.805

Example 762/1000
Original: TruCom is great when they/it works.  We have them for internet service and when it goes out - if it'...
Original label: LABEL_1
  Calculating word importance...
  Used 51 queries for importance ranking
  Attempting word replacements...
  ✓ Attack succeeded after 52 queries!
Perturbed label: LABEL_0
Success: True, Queries: 52, Similarity: 0.948

Example 763/1000
Original: The drawing card for the Circus Circus Buffet used to be  $4.99 breakfast, $5.99 lunch and  a $6.99 ...
Original label: LABEL_0
  Calculating word importance...
  Used 138 queries for importance ranking
  Attempting word replacements...
Perturbed label: LABEL_0
Success: False, Queries: 776, Similarity: 0.802

Example 764/1000
Original: I had heard about this place for years but never went. Tragic I know! Just recently I discovered tha...
Original label: LABEL_1
  Calculating word importance...
  Used 104 queries for importance ranking
  Attempting word replacements...
Perturbed label: LABEL_1
Success: False, Queries: 635, Similarity: 0.809

Example 765/1000
Original: if you are cool with losing your deposit when you move out... this is the place for you!\n\nWe bough...
Original label: LABEL_0
  Calculating word importance...
  Used 94 queries for importance ranking
  Attempting word replacements...
Perturbed label: LABEL_0
Success: False, Queries: 495, Similarity: 0.809

Example 766/1000
Original: I'm sorry but the employees at this location are RUDE. I asked for help and they were upset because ...
Original label: LABEL_0
  Calculating word importance...
  Used 236 queries for importance ranking
  Attempting word replacements...
Perturbed label: LABEL_0
Success: False, Queries: 1000, Similarity: 0.807

Example 767/1000
Original: Brokenhearted: This used to be my FAV restaurant in Steele Creek Area! Not sure, but maybe new manag...
Original label: LABEL_0
  Calculating word importance...
  Used 171 queries for importance ranking
  Attempting word replacements...
Perturbed label: LABEL_0
Success: False, Queries: 1000, Similarity: 0.801

Example 768/1000
Original: Sprawling tired resort with $30 a day resort fee and lots of tipping opportunities. The resort fee w...
Original label: LABEL_0
  Calculating word importance...
  Used 85 queries for importance ranking
  Attempting word replacements...
Perturbed label: LABEL_0
Success: False, Queries: 458, Similarity: 0.800

Example 769/1000
Original: Usually Have a great experience but the last time was awful! The host was very rude and our server J...
Original label: LABEL_0
  Calculating word importance...
  Used 44 queries for importance ranking
  Attempting word replacements...
Perturbed label: LABEL_0
Success: False, Queries: 300, Similarity: 0.806

Example 770/1000
Original: We've been going to the Texas Land & Cattle since it opened in Concord and never had a problem.  Now...
Original label: LABEL_0
  Calculating word importance...
  Used 87 queries for importance ranking
  Attempting word replacements...
  ✓ Attack succeeded after 402 queries!
Perturbed label: LABEL_1
Success: True, Queries: 402, Similarity: 0.829

Example 771/1000
Original: speechless...this store & their product is the best ever.  after reading others' reviews this is jus...
Original label: LABEL_1
  Calculating word importance...
  Used 223 queries for importance ranking
  Attempting word replacements...
Perturbed label: LABEL_1
Success: False, Queries: 1000, Similarity: 0.800

Example 772/1000
Original: I know this venue is wayyyy too small but I think when they first built it, they had no idea it woul...
Original label: LABEL_1
  Calculating word importance...
  Used 167 queries for importance ranking
  Attempting word replacements...
  ✓ Attack succeeded after 176 queries!
Perturbed label: LABEL_0
Success: True, Queries: 176, Similarity: 0.999

Example 773/1000
Original: Fantastic!  Food was great and unique.  Scotty was attentive, humorous and knowledgeable.  I would r...
Original label: LABEL_1
  Calculating word importance...
  Used 31 queries for importance ranking
  Attempting word replacements...
Perturbed label: LABEL_1
Success: False, Queries: 207, Similarity: 0.800

Example 774/1000
Original: I spend quite a bit of time gallivanting through the entire valley since my relocation to the desert...
Original label: LABEL_0
  Calculating word importance...
  Used 169 queries for importance ranking
  Attempting word replacements...
  ✓ Attack succeeded after 782 queries!
Perturbed label: LABEL_1
Success: True, Queries: 782, Similarity: 0.784

Example 775/1000
Original: Good food and good service.  Their pasta dishes really excell.   On our last visit, we so enjoyed th...
Original label: LABEL_1
  Calculating word importance...
  Used 48 queries for importance ranking
  Attempting word replacements...
  ✓ Attack succeeded after 149 queries!
Perturbed label: LABEL_0
Success: True, Queries: 149, Similarity: 0.806

Example 776/1000
Original: Midori really is as good as it gets.  You'll find no better source of fresh and beautifully prepared...
Original label: LABEL_1
  Calculating word importance...
  Used 50 queries for importance ranking
  Attempting word replacements...
  ✓ Attack succeeded after 376 queries!
Perturbed label: LABEL_0
Success: True, Queries: 376, Similarity: 0.800

Example 777/1000
Original: Great food, fast service and awesome margaritas on the patio made for a great lunch!...
Original label: LABEL_1
  Calculating word importance...
  Used 15 queries for importance ranking
  Attempting word replacements...
Perturbed label: LABEL_1
Success: False, Queries: 117, Similarity: 0.801

Example 778/1000
Original: Okay, a friend came back to the burgh for a long weekend and after much pleading, begging, and final...
Original label: LABEL_0
  Calculating word importance...
  Used 202 queries for importance ranking
  Attempting word replacements...
  ✓ Attack succeeded after 203 queries!
Perturbed label: LABEL_1
Success: True, Queries: 203, Similarity: 0.990

Example 779/1000
Original: Unfortunately, my experience was much similar to Mark's. The staff was indeed friendly, but entirely...
Original label: LABEL_0
  Calculating word importance...
  Used 387 queries for importance ranking
  Attempting word replacements...
Perturbed label: LABEL_0
Success: False, Queries: 1000, Similarity: 0.801

Example 780/1000
Original: Cannot believe this place is still in business. Went in for catlitter. Had been at whole foods next ...
Original label: LABEL_0
  Calculating word importance...
  Used 175 queries for importance ranking
  Attempting word replacements...
Perturbed label: LABEL_0
Success: False, Queries: 1000, Similarity: 0.800

Example 781/1000
Original: For the price, this is a great option. \n\nClean, comfortable, modern, awesome location and fantasti...
Original label: LABEL_0
  Calculating word importance...
  Used 100 queries for importance ranking
  Attempting word replacements...
  ✓ Attack succeeded after 176 queries!
Perturbed label: LABEL_1
Success: True, Queries: 176, Similarity: 0.946

Example 782/1000
Original: Yet another horrible experience. 7 grain bread was soggy and undercooked. A few weeks ago the tuna w...
Original label: LABEL_0
  Calculating word importance...
  Used 28 queries for importance ranking
  Attempting word replacements...
Perturbed label: LABEL_0
Success: False, Queries: 130, Similarity: 0.802

Example 783/1000
Original: Paciugo has CLOSED!\n\nA new gelato place has taken over this location though - La Coppa.  A friend ...
Original label: LABEL_1
  Calculating word importance...
  Used 48 queries for importance ranking
  Attempting word replacements...
  ✓ Attack succeeded after 52 queries!
Perturbed label: LABEL_0
Success: True, Queries: 52, Similarity: 0.983

Example 784/1000
Original: Slowest service in the world. Never going back. The food was respectable but it was not even close t...
Original label: LABEL_0
  Calculating word importance...
  Used 39 queries for importance ranking
  Attempting word replacements...
Perturbed label: LABEL_0
Success: False, Queries: 218, Similarity: 0.811

Example 785/1000
Original: I stayed here for NYE last night, and the hotel had come up with the most ridiculous strategy for de...
Original label: LABEL_0
  Calculating word importance...
  Used 113 queries for importance ranking
  Attempting word replacements...
Perturbed label: LABEL_0
Success: False, Queries: 575, Similarity: 0.805

Example 786/1000
Original: Closest location for a business trip. Dated rooms. Wi-if is useless. Could not park anywhere near my...
Original label: LABEL_0
  Calculating word importance...
  Used 124 queries for importance ranking
  Attempting word replacements...
  ✓ Attack succeeded after 463 queries!
Perturbed label: LABEL_1
Success: True, Queries: 463, Similarity: 0.802

Example 787/1000
Original: great rooms, great location, subpar service.\n\nfor my last stay i wanted adjoining rooms. when i tr...
Original label: LABEL_0
  Calculating word importance...
  Used 396 queries for importance ranking
  Attempting word replacements...
Perturbed label: LABEL_0
Success: False, Queries: 1000, Similarity: 0.803

Example 788/1000
Original: Food is nothing more than ok. Service is horrible. I wish people would stop going there so they can ...
Original label: LABEL_0
  Calculating word importance...
  Used 22 queries for importance ranking
  Attempting word replacements...
Perturbed label: LABEL_0
Success: False, Queries: 146, Similarity: 0.802

Example 789/1000
Original: The supreme breakfast burrito is the number one breakfast burro in chandler, a must try for all.  I ...
Original label: LABEL_1
  Calculating word importance...
  Used 103 queries for importance ranking
  Attempting word replacements...
Perturbed label: LABEL_1
Success: False, Queries: 555, Similarity: 0.807

Example 790/1000
Original: For the best belgian waffle this place is a must try on your bookmark on yelp!  Belgian waffle is li...
Original label: LABEL_1
  Calculating word importance...
  Used 58 queries for importance ranking
  Attempting word replacements...
Perturbed label: LABEL_1
Success: False, Queries: 474, Similarity: 0.801

Example 791/1000
Original: I'm really trying to just grin and bear it as I gradually perceive that the equipment isn't being re...
Original label: LABEL_0
  Calculating word importance...
  Used 97 queries for importance ranking
  Attempting word replacements...
Perturbed label: LABEL_0
Success: False, Queries: 658, Similarity: 0.800

Example 792/1000
Original: Nine inches is small? That's the sort of thing that makes me feel inadequate. \n\nI mean, must make ...
Original label: LABEL_1
  Calculating word importance...
  Used 119 queries for importance ranking
  Attempting word replacements...
  ✓ Attack succeeded after 440 queries!
Perturbed label: LABEL_0
Success: True, Queries: 440, Similarity: 0.874

Example 793/1000
Original: Why is everybody complaining about the size of this restaurant? That's the size, deal with it or tak...
Original label: LABEL_1
  Calculating word importance...
  Used 132 queries for importance ranking
  Attempting word replacements...
  ✓ Attack succeeded after 133 queries!
Perturbed label: LABEL_0
Success: True, Queries: 133, Similarity: 0.997

Example 794/1000
Original: Visited this past Friday for lunch because I love their honey hots wings. Service was prompt as usua...
Original label: LABEL_0
  Calculating word importance...
  Used 66 queries for importance ranking
  Attempting word replacements...
Perturbed label: LABEL_0
Success: False, Queries: 303, Similarity: 0.802

Example 795/1000
Original: I just want to get rid of my Acne scars, but he prescribed me with a very strong medicine with very ...
Original label: LABEL_0
  Calculating word importance...
  Used 109 queries for importance ranking
  Attempting word replacements...
  ✓ Attack succeeded after 418 queries!
Perturbed label: LABEL_1
Success: True, Queries: 418, Similarity: 0.839

Example 796/1000
Original: Lovely garden, spectacular views, great art collections, special events, live music, and good food m...
Original label: LABEL_1
  Calculating word importance...
  Used 82 queries for importance ranking
  Attempting word replacements...
Perturbed label: LABEL_1
Success: False, Queries: 553, Similarity: 0.803

Example 797/1000
Original: I went in recently looking for Aquarium supplies and fish. This store is really small. They dont car...
Original label: LABEL_0
  Calculating word importance...
  Used 72 queries for importance ranking
  Attempting word replacements...
Perturbed label: LABEL_0
Success: False, Queries: 535, Similarity: 0.802

Example 798/1000
Original: Dined here on 5/17...average at best...food ok, margaritas eh...service ok...ambience eh...there's t...
Original label: LABEL_0
  Calculating word importance...
  Used 71 queries for importance ranking
  Attempting word replacements...
  ✓ Attack succeeded after 184 queries!
Perturbed label: LABEL_1
Success: True, Queries: 184, Similarity: 0.812

Example 799/1000
Original: The airport is clean and looks like its been recently renovated. I'm not really fond that the rental...
Original label: LABEL_0
  Calculating word importance...
  Used 136 queries for importance ranking
  Attempting word replacements...
Perturbed label: LABEL_0
Success: False, Queries: 733, Similarity: 0.804

Example 800/1000
Original: I was in town this past weekend with my son and four of his groomsman for his bachelor party.  We ne...
Original label: LABEL_1
  Calculating word importance...
  Used 486 queries for importance ranking
  Attempting word replacements...
Perturbed label: LABEL_1
Success: False, Queries: 1000, Similarity: 0.805

Example 801/1000
Original: The customer service not just sucked, but super sucked. The old granny in cosmetics that ran the reg...
Original label: LABEL_0
  Calculating word importance...
  Used 86 queries for importance ranking
  Attempting word replacements...
Perturbed label: LABEL_0
Success: False, Queries: 585, Similarity: 0.801

Example 802/1000
Original: It's my first check in, but our fourth time here! ^_^\n\nIt's a local mum and pop shoppe we like to ...
Original label: LABEL_1
  Calculating word importance...
  Used 87 queries for importance ranking
  Attempting word replacements...
Perturbed label: LABEL_1
Success: False, Queries: 477, Similarity: 0.800

Example 803/1000
Original: The sandwiches are a rip-off.  Hardly any meat but lots of bread. The chicken is a much better deal ...
Original label: LABEL_0
  Calculating word importance...
  Used 46 queries for importance ranking
  Attempting word replacements...
Perturbed label: LABEL_0
Success: False, Queries: 357, Similarity: 0.804

Example 804/1000
Original: For reference i went to this place Wednesday june 30th at 11pm. Where should i start with this place...
Original label: LABEL_0
  Calculating word importance...
  Used 284 queries for importance ranking
  Attempting word replacements...
Perturbed label: LABEL_0
Success: False, Queries: 1000, Similarity: 0.804

Example 805/1000
Original: Recently helped nonprofit organization fundraiser at the Secret Garden.  Venue was fabulous, but the...
Original label: LABEL_0
  Calculating word importance...
  Used 51 queries for importance ranking
  Attempting word replacements...
Perturbed label: LABEL_0
Success: False, Queries: 204, Similarity: 0.802

Example 806/1000
Original: If you like high quality sushi this place is for you. Don't get me wrong, it is pricey. But if you'r...
Original label: LABEL_1
  Calculating word importance...
  Used 128 queries for importance ranking
  Attempting word replacements...
Perturbed label: LABEL_1
Success: False, Queries: 592, Similarity: 0.800

Example 807/1000
Original: Great prices, friendly staff. I feel very comfortable shopping here....
Original label: LABEL_1
  Calculating word importance...
  Used 10 queries for importance ranking
  Attempting word replacements...
  ✓ Attack succeeded after 18 queries!
Perturbed label: LABEL_0
Success: True, Queries: 18, Similarity: 0.873

Example 808/1000
Original: I took a huge leap of faith and decided to try Salon42 in Dilworth. My husband and I moved to North ...
Original label: LABEL_1
  Calculating word importance...
  Used 142 queries for importance ranking
  Attempting word replacements...
Perturbed label: LABEL_1
Success: False, Queries: 779, Similarity: 0.804

Example 809/1000
Original: This place is soooo overrated.  Food is not that great AT ALL.  Decent, but terribly overpriced.  De...
Original label: LABEL_0
  Calculating word importance...
  Used 36 queries for importance ranking
  Attempting word replacements...
Perturbed label: LABEL_0
Success: False, Queries: 222, Similarity: 0.806

Example 810/1000
Original: Who doesn't enjoy a lazy Sunday morning? I love spending time leisurely reading the Sunday news whil...
Original label: LABEL_1
  Calculating word importance...
  Used 500 queries for importance ranking
  Attempting word replacements...
Perturbed label: LABEL_1
Success: False, Queries: 1000, Similarity: 0.812

Example 811/1000
Original: One of the few places in Vegas I can go to and enjoy Tex-Mex. Having grown up in Fort Worth, I prefe...
Original label: LABEL_1
  Calculating word importance...
  Used 58 queries for importance ranking
  Attempting word replacements...
Perturbed label: LABEL_1
Success: False, Queries: 285, Similarity: 0.801

Example 812/1000
Original: This was next to my ex's old apartment.  We always got coffee there in the mornings, whoever was up ...
Original label: LABEL_0
  Calculating word importance...
  Used 149 queries for importance ranking
  Attempting word replacements...
Perturbed label: LABEL_0
Success: False, Queries: 841, Similarity: 0.802

Example 813/1000
Original: Chimichangas with a few tiny shreds of Chicken, mostly 99.9% rice filled. Tacos had total of one tea...
Original label: LABEL_0
  Calculating word importance...
  Used 63 queries for importance ranking
  Attempting word replacements...
  ✓ Attack succeeded after 231 queries!
Perturbed label: LABEL_1
Success: True, Queries: 231, Similarity: 0.798

Example 814/1000
Original: Ordered some takeout from this place...it wasn't bad...but it wasn't very noteworthy either.  A-OK i...
Original label: LABEL_0
  Calculating word importance...
  Used 194 queries for importance ranking
  Attempting word replacements...
Perturbed label: LABEL_0
Success: False, Queries: 997, Similarity: 0.806

Example 815/1000
Original: This local bike shop is the best at what it does, the guys are friendly and knowledgeable with all a...
Original label: LABEL_1
  Calculating word importance...
  Used 67 queries for importance ranking
  Attempting word replacements...
Perturbed label: LABEL_1
Success: False, Queries: 502, Similarity: 0.800

Example 816/1000
Original: This chain hurts my stomach after I eat it. I don't like how they man handle your food in the assemb...
Original label: LABEL_0
  Calculating word importance...
  Used 56 queries for importance ranking
  Attempting word replacements...
Perturbed label: LABEL_0
Success: False, Queries: 288, Similarity: 0.812

Example 817/1000
Original: Slow service and the $10 bowl of tomato soup may as well been Campbell's :( disappointing!...
Original label: LABEL_0
  Calculating word importance...
  Used 16 queries for importance ranking
  Attempting word replacements...
Perturbed label: LABEL_0
Success: False, Queries: 57, Similarity: 0.834

Example 818/1000
Original: Ditto the other ratings for UVerse customer service, at least once you get past the fabulous sales p...
Original label: LABEL_0
  Calculating word importance...
  Used 223 queries for importance ranking
  Attempting word replacements...
Perturbed label: LABEL_0
Success: False, Queries: 1000, Similarity: 0.800

Example 819/1000
Original: They had interesting flavors and friendly service, but charged $3.98 for the smallest scoop I've eve...
Original label: LABEL_0
  Calculating word importance...
  Used 19 queries for importance ranking
  Attempting word replacements...
  ✓ Attack succeeded after 25 queries!
Perturbed label: LABEL_1
Success: True, Queries: 25, Similarity: 0.942

Example 820/1000
Original: Sky Harbor is overrun with Burger Kings. Been to a few of them and they're all the same, pretty much...
Original label: LABEL_1
  Calculating word importance...
  Used 52 queries for importance ranking
  Attempting word replacements...
Perturbed label: LABEL_1
Success: False, Queries: 224, Similarity: 0.804

Example 821/1000
Original: Went on a Wednesday night with my girlfriend, who had been salivating over the menu for months. We o...
Original label: LABEL_0
  Calculating word importance...
  Used 83 queries for importance ranking
  Attempting word replacements...
Perturbed label: LABEL_0
Success: False, Queries: 433, Similarity: 0.803

Example 822/1000
Original: Let me start by saying I used to live in Vegas and Pure used to be my favorite club. It's beautiful,...
Original label: LABEL_0
  Calculating word importance...
  Used 238 queries for importance ranking
  Attempting word replacements...
  ✓ Attack succeeded after 667 queries!
Perturbed label: LABEL_1
Success: True, Queries: 667, Similarity: 0.786

Example 823/1000
Original: This is a nice little Latin American themed restaurant. It has a very homey feel, like you're visiti...
Original label: LABEL_1
  Calculating word importance...
  Used 266 queries for importance ranking
  Attempting word replacements...
Perturbed label: LABEL_1
Success: False, Queries: 1000, Similarity: 0.802

Example 824/1000
Original: Great place to visit while in Charlotte. I saw it on \""Diners, Drive-ins and Dives\"" so figured we...
Original label: LABEL_1
  Calculating word importance...
  Used 26 queries for importance ranking
  Attempting word replacements...
  ✓ Attack succeeded after 34 queries!
Perturbed label: LABEL_0
Success: True, Queries: 34, Similarity: 0.859

Example 825/1000
Original: I hate to admit it that this was my first time going to K-mart. I've always gone to Walmart, but as ...
Original label: LABEL_0
  Calculating word importance...
  Used 105 queries for importance ranking
  Attempting word replacements...
Perturbed label: LABEL_0
Success: False, Queries: 657, Similarity: 0.809

Example 826/1000
Original: I have ordered Red Devil's pizza and wings for takeout for years now, but today was the first time I...
Original label: LABEL_0
  Calculating word importance...
  Used 157 queries for importance ranking
  Attempting word replacements...
Perturbed label: LABEL_0
Success: False, Queries: 823, Similarity: 0.804

Example 827/1000
Original: Hostess is way too snotty. Menu is way too big. Servers are way too rushed (they really wanna' turn ...
Original label: LABEL_0
  Calculating word importance...
  Used 54 queries for importance ranking
  Attempting word replacements...
Perturbed label: LABEL_0
Success: False, Queries: 399, Similarity: 0.804

Example 828/1000
Original: This is the only gas station I have every been to in my entire life to charge you to use your debit ...
Original label: LABEL_0
  Calculating word importance...
  Used 42 queries for importance ranking
  Attempting word replacements...
Perturbed label: LABEL_0
Success: False, Queries: 287, Similarity: 0.802

Example 829/1000
Original: Worth the wait! Get some Hop Knot next door and work up your appetite!...
Original label: LABEL_1
  Calculating word importance...
  Used 14 queries for importance ranking
  Attempting word replacements...
Perturbed label: LABEL_1
Success: False, Queries: 113, Similarity: 0.802

Example 830/1000
Original: Sucks, sucks, sucks.  Music sucked, crowd sucked, lines sucked... there were lines to get everywhere...
Original label: LABEL_0
  Calculating word importance...
  Used 79 queries for importance ranking
  Attempting word replacements...
Perturbed label: LABEL_0
Success: False, Queries: 632, Similarity: 0.813

Example 831/1000
Original: The cheese counter and \""Dear Heart\"" really are treasures.  They have all manner of fancy aged gr...
Original label: LABEL_1
  Calculating word importance...
  Used 51 queries for importance ranking
  Attempting word replacements...
Perturbed label: LABEL_1
Success: False, Queries: 302, Similarity: 0.800

Example 832/1000
Original: This has been one of the WORST customer service experiences I have ever had. The funniest part is th...
Original label: LABEL_0
  Calculating word importance...
  Used 81 queries for importance ranking
  Attempting word replacements...
Perturbed label: LABEL_0
Success: False, Queries: 586, Similarity: 0.801

Example 833/1000
Original: I really, really, really, like their food.  The spring rolls and Pad Thai are amazing.  I used to ge...
Original label: LABEL_1
  Calculating word importance...
  Used 202 queries for importance ranking
  Attempting word replacements...
  ✓ Attack succeeded after 276 queries!
Perturbed label: LABEL_0
Success: True, Queries: 276, Similarity: 0.904

Example 834/1000
Original: Cheap and awesome.  Pulled pork is the way to go.  No Kool Aid, missed on that one.  Overall one of ...
Original label: LABEL_1
  Calculating word importance...
  Used 27 queries for importance ranking
  Attempting word replacements...
Perturbed label: LABEL_1
Success: False, Queries: 184, Similarity: 0.801

Example 835/1000
Original: Maybe the most disorganized store I have ever seen. Now, add that in with trying to bring my dog wit...
Original label: LABEL_0
  Calculating word importance...
  Used 266 queries for importance ranking
  Attempting word replacements...
Perturbed label: LABEL_0
Success: False, Queries: 1000, Similarity: 0.802

Example 836/1000
Original: Very disappointed with my experience yesterday!  Being a new restaurant I expected first week bugs. ...
Original label: LABEL_0
  Calculating word importance...
  Used 404 queries for importance ranking
  Attempting word replacements...
Perturbed label: LABEL_0
Success: False, Queries: 1000, Similarity: 0.802

Example 837/1000
Original: Although this little spot is only a half mile from my work, I had never noticed it until Groupon ran...
Original label: LABEL_1
  Calculating word importance...
  Used 232 queries for importance ranking
  Attempting word replacements...
Perturbed label: LABEL_1
Success: False, Queries: 1000, Similarity: 0.801

Example 838/1000
Original: I was pretty disappointed on this visit. The food was great but the service sucked. We had to wait a...
Original label: LABEL_0
  Calculating word importance...
  Used 163 queries for importance ranking
  Attempting word replacements...
Perturbed label: LABEL_0
Success: False, Queries: 1000, Similarity: 0.801

Example 839/1000
Original: It all began 2 weeks ago, when dining at Forte for the 4th time.  We twice requested a change of mus...
Original label: LABEL_0
  Calculating word importance...
  Used 280 queries for importance ranking
  Attempting word replacements...
Perturbed label: LABEL_0
Success: False, Queries: 1000, Similarity: 0.801

Example 840/1000
Original: Just moved here from Chicago and was nervous I would never find good Italian food or pizza like we h...
Original label: LABEL_1
  Calculating word importance...
  Used 60 queries for importance ranking
  Attempting word replacements...
Perturbed label: LABEL_1
Success: False, Queries: 440, Similarity: 0.803

Example 841/1000
Original: Do not use this company! They re really Jones Appliance repair they show up in a white pick up truck...
Original label: LABEL_0
  Calculating word importance...
  Used 86 queries for importance ranking
  Attempting word replacements...
Perturbed label: LABEL_0
Success: False, Queries: 585, Similarity: 0.802

Example 842/1000
Original: Holy cow I am so glad I was talked into coming here and trying it out. I was a little apprehensive a...
Original label: LABEL_1
  Calculating word importance...
  Used 314 queries for importance ranking
  Attempting word replacements...
  ✓ Attack succeeded after 344 queries!
Perturbed label: LABEL_0
Success: True, Queries: 344, Similarity: 0.938

Example 843/1000
Original: The picture of the homemade mozz drew me in. Boy, was I sad. It was a $7 ball of tasteless solid whi...
Original label: LABEL_0
  Calculating word importance...
  Used 67 queries for importance ranking
  Attempting word replacements...
Perturbed label: LABEL_0
Success: False, Queries: 396, Similarity: 0.809

Example 844/1000
Original: There's this terrible employee name Leslie Ybarra. After two visits for evaluation and a plan, I was...
Original label: LABEL_0
  Calculating word importance...
  Used 230 queries for importance ranking
  Attempting word replacements...
Perturbed label: LABEL_0
Success: False, Queries: 1000, Similarity: 0.802

Example 845/1000
Original: For the price the Tuesday buffet is great!...
Original label: LABEL_1
  Calculating word importance...
  Used 8 queries for importance ranking
  Attempting word replacements...
  ✓ Attack succeeded after 27 queries!
Perturbed label: LABEL_0
Success: True, Queries: 27, Similarity: 0.751

Example 846/1000
Original: This is one of my favorite sports pubs. Our team generally goes here straight after practice or afte...
Original label: LABEL_1
  Calculating word importance...
  Used 217 queries for importance ranking
  Attempting word replacements...
Perturbed label: LABEL_1
Success: False, Queries: 1000, Similarity: 0.801

Example 847/1000
Original: First time back at this restaurant in ten years (I used to live here back then).\n\nI am very impres...
Original label: LABEL_1
  Calculating word importance...
  Used 75 queries for importance ranking
  Attempting word replacements...
Perturbed label: LABEL_1
Success: False, Queries: 340, Similarity: 0.800

Example 848/1000
Original: Crappy customer service stay away!!!!\nThese people are d o rude and try in any way to make an extra...
Original label: LABEL_0
  Calculating word importance...
  Used 51 queries for importance ranking
  Attempting word replacements...
Perturbed label: LABEL_0
Success: False, Queries: 343, Similarity: 0.805

Example 849/1000
Original: once again i had the hankering for some dim sum, time frame ,travel plans ect took me back to gb i g...
Original label: LABEL_0
  Calculating word importance...
  Used 78 queries for importance ranking
  Attempting word replacements...
Perturbed label: LABEL_0
Success: False, Queries: 593, Similarity: 0.803

Example 850/1000
Original: If i could give 0 stars i would.  Absolutely the worst internet/cable provider ever.  Additional cha...
Original label: LABEL_0
  Calculating word importance...
  Used 110 queries for importance ranking
  Attempting word replacements...
Perturbed label: LABEL_0
Success: False, Queries: 641, Similarity: 0.803

Example 851/1000
Original: This place is awful. One roll cost almost $17 and was the same quality sushi you would get at Von's....
Original label: LABEL_0
  Calculating word importance...
  Used 33 queries for importance ranking
  Attempting word replacements...
Perturbed label: LABEL_0
Success: False, Queries: 314, Similarity: 0.801

Example 852/1000
Original: Got my to go order back to my office and realized they shorted me half my order. Called and the litt...
Original label: LABEL_0
  Calculating word importance...
  Used 49 queries for importance ranking
  Attempting word replacements...
Perturbed label: LABEL_0
Success: False, Queries: 343, Similarity: 0.812

Example 853/1000
Original: What I love about Rubios' is that they always have beer. Always.\n\nThat is all I love though......
Original label: LABEL_1
  Calculating word importance...
  Used 19 queries for importance ranking
  Attempting word replacements...
Perturbed label: LABEL_1
Success: False, Queries: 91, Similarity: 0.803

Example 854/1000
Original: Jesse came out today and sprayed our condo for scorpions. He was super friendly and obviously knew w...
Original label: LABEL_1
  Calculating word importance...
  Used 45 queries for importance ranking
  Attempting word replacements...
Perturbed label: LABEL_1
Success: False, Queries: 235, Similarity: 0.805

Example 855/1000
Original: Love Love Love...........nom nom only one little hiccup.......the shakes were very foamy.....not thi...
Original label: LABEL_0
  Calculating word importance...
  Used 23 queries for importance ranking
  Attempting word replacements...
  ✓ Attack succeeded after 25 queries!
Perturbed label: LABEL_1
Success: True, Queries: 25, Similarity: 0.987

Example 856/1000
Original: i know. i know. there's over 340 reviews, wut else is there to say? nuthin really. i just want to pu...
Original label: LABEL_0
  Calculating word importance...
  Used 102 queries for importance ranking
  Attempting word replacements...
  ✓ Attack succeeded after 113 queries!
Perturbed label: LABEL_1
Success: True, Queries: 113, Similarity: 0.915

Example 857/1000
Original: I went for my first time to this nail salon and I will never go back.  The woman who did my nails ta...
Original label: LABEL_0
  Calculating word importance...
  Used 105 queries for importance ranking
  Attempting word replacements...
Perturbed label: LABEL_0
Success: False, Queries: 630, Similarity: 0.800

Example 858/1000
Original: Decided to take a short trip downtown to try the Central Coast Wine Tasting event held here last wee...
Original label: LABEL_1
  Calculating word importance...
  Used 199 queries for importance ranking
  Attempting word replacements...
Perturbed label: LABEL_1
Success: False, Queries: 1000, Similarity: 0.800

Example 859/1000
Original: After taste-testing many of the restaurants and tea shops for boba tea in Phoenix metropolitan area,...
Original label: LABEL_1
  Calculating word importance...
  Used 34 queries for importance ranking
  Attempting word replacements...
  ✓ Attack succeeded after 111 queries!
Perturbed label: LABEL_0
Success: True, Queries: 111, Similarity: 0.820

Example 860/1000
Original: Second time at this place and the food is just lack luster as last time. The Piled High Nachos were ...
Original label: LABEL_0
  Calculating word importance...
  Used 215 queries for importance ranking
  Attempting word replacements...
Perturbed label: LABEL_0
Success: False, Queries: 1000, Similarity: 0.802

Example 861/1000
Original: If you are looking for great Vietnamese food with good service : go somewhere else !!!...
Original label: LABEL_0
  Calculating word importance...
  Used 14 queries for importance ranking
  Attempting word replacements...
  ✓ Attack succeeded after 30 queries!
Perturbed label: LABEL_1
Success: True, Queries: 30, Similarity: 0.959

Example 862/1000
Original: WeGoGamez is the best. I had a birthday party with some of my friends and their kids. Let me say it ...
Original label: LABEL_1
  Calculating word importance...
  Used 90 queries for importance ranking
  Attempting word replacements...
Perturbed label: LABEL_1
Success: False, Queries: 578, Similarity: 0.806

Example 863/1000
Original: I went to 808 Sushi with some friends. They picked this restaurant because of the All You Can Eat su...
Original label: LABEL_1
  Calculating word importance...
  Used 76 queries for importance ranking
  Attempting word replacements...
  ✓ Attack succeeded after 296 queries!
Perturbed label: LABEL_0
Success: True, Queries: 296, Similarity: 0.851

Example 864/1000
Original: The food (and I just had appetizers) is fantastic, the pints are cold, the music is great, and the p...
Original label: LABEL_1
  Calculating word importance...
  Used 22 queries for importance ranking
  Attempting word replacements...
  ✓ Attack succeeded after 75 queries!
Perturbed label: LABEL_0
Success: True, Queries: 75, Similarity: 0.771

Example 865/1000
Original: This is the worst service i have ever had in my life! They were 3 hours late on their delivery time,...
Original label: LABEL_0
  Calculating word importance...
  Used 67 queries for importance ranking
  Attempting word replacements...
Perturbed label: LABEL_0
Success: False, Queries: 472, Similarity: 0.800

Example 866/1000
Original: Excellent and you can bring your own wine....
Original label: LABEL_1
  Calculating word importance...
  Used 8 queries for importance ranking
  Attempting word replacements...
Perturbed label: LABEL_1
Success: False, Queries: 26, Similarity: 0.812

Example 867/1000
Original: Abuelo's is OK. There is nothing fantastic about it. I ordered the Juarez. I asked that the cheese e...
Original label: LABEL_0
  Calculating word importance...
  Used 70 queries for importance ranking
  Attempting word replacements...
  ✓ Attack succeeded after 302 queries!
Perturbed label: LABEL_1
Success: True, Queries: 302, Similarity: 0.807

Example 868/1000
Original: Disappointed with the service this time, saw our waitress once, no refill and the sandwich was tiny ...
Original label: LABEL_0
  Calculating word importance...
  Used 67 queries for importance ranking
  Attempting word replacements...
  ✓ Attack succeeded after 68 queries!
Perturbed label: LABEL_1
Success: True, Queries: 68, Similarity: 0.991

Example 869/1000
Original: Love this place! I try to come here as often as I can. Great sushi and great service. Definitely rec...
Original label: LABEL_1
  Calculating word importance...
  Used 20 queries for importance ranking
  Attempting word replacements...
Perturbed label: LABEL_1
Success: False, Queries: 116, Similarity: 0.803

Example 870/1000
Original: I would give 0 stars if I could. Worst customer service I have ever had. Not even greeted when I cam...
Original label: LABEL_0
  Calculating word importance...
  Used 69 queries for importance ranking
  Attempting word replacements...
Perturbed label: LABEL_0
Success: False, Queries: 395, Similarity: 0.805

Example 871/1000
Original: TRAINWRECK!!! \nProof positive that it ISN\""T just Location! Location! Location! \nWhile Koi has an...
Original label: LABEL_0
  Calculating word importance...
  Used 285 queries for importance ranking
  Attempting word replacements...
Perturbed label: LABEL_0
Success: False, Queries: 1000, Similarity: 0.805

Example 872/1000
Original: Circus Vargas\n$$$$ Please be aware and let family and friends be aware for wherever this circus tra...
Original label: LABEL_0
  Calculating word importance...
  Used 133 queries for importance ranking
  Attempting word replacements...
  ✓ Attack succeeded after 230 queries!
Perturbed label: LABEL_1
Success: True, Queries: 230, Similarity: 0.904

Example 873/1000
Original: No one has mentioned the fact that you need to be a bat to walk into this place...very overrated.  W...
Original label: LABEL_0
  Calculating word importance...
  Used 46 queries for importance ranking
  Attempting word replacements...
Perturbed label: LABEL_0
Success: False, Queries: 182, Similarity: 0.800

Example 874/1000
Original: THE BEST BURGER IN TOWN, totally love the grill, the breakfast\nbuffet and the Sunday Roast beef is ...
Original label: LABEL_1
  Calculating word importance...
  Used 47 queries for importance ranking
  Attempting word replacements...
Perturbed label: LABEL_1
Success: False, Queries: 229, Similarity: 0.804

Example 875/1000
Original: I went there with family and ordered fettucini alfredo. It was the best fettucini alfredo I've ever ...
Original label: LABEL_1
  Calculating word importance...
  Used 58 queries for importance ranking
  Attempting word replacements...
Perturbed label: LABEL_1
Success: False, Queries: 374, Similarity: 0.801

Example 876/1000
Original: Because of their restaurant policy, I give it two stars because of the bartender. \n\nI came here to...
Original label: LABEL_1
  Calculating word importance...
  Used 272 queries for importance ranking
  Attempting word replacements...
  ✓ Attack succeeded after 273 queries!
Perturbed label: LABEL_0
Success: True, Queries: 273, Similarity: 0.999

Example 877/1000
Original: This morning I give one star. I find it unacceptable to be waiting in the drive thru line with nobod...
Original label: LABEL_0
  Calculating word importance...
  Used 71 queries for importance ranking
  Attempting word replacements...
Perturbed label: LABEL_0
Success: False, Queries: 519, Similarity: 0.805

Example 878/1000
Original: Well,  the pizza was ok.\n\n The sauce is really missing that extra seasoning,  very bland taste. Th...
Original label: LABEL_0
  Calculating word importance...
  Used 101 queries for importance ranking
  Attempting word replacements...
  ✓ Attack succeeded after 169 queries!
Perturbed label: LABEL_1
Success: True, Queries: 169, Similarity: 0.865

Example 879/1000
Original: The best deep dish Chicago style pizza I've found in Arizona. Very limited hours. I called it in and...
Original label: LABEL_1
  Calculating word importance...
  Used 24 queries for importance ranking
  Attempting word replacements...
  ✓ Attack succeeded after 41 queries!
Perturbed label: LABEL_0
Success: True, Queries: 41, Similarity: 0.939

Example 880/1000
Original: I could not think of a place to go to lunch so I saw Paradise Bakery and said to myself I have not b...
Original label: LABEL_0
  Calculating word importance...
  Used 137 queries for importance ranking
  Attempting word replacements...
  ✓ Attack succeeded after 266 queries!
Perturbed label: LABEL_1
Success: True, Queries: 266, Similarity: 0.815

Example 881/1000
Original: Ordered a Chicken Vindaloo for takeout.  When I got home, it was in a small container which was most...
Original label: LABEL_0
  Calculating word importance...
  Used 57 queries for importance ranking
  Attempting word replacements...
  ✓ Attack succeeded after 212 queries!
Perturbed label: LABEL_1
Success: True, Queries: 212, Similarity: 0.812

Example 882/1000
Original: Since I go to college out here in Vegas, I am technically a local. And this nightclub is one of my f...
Original label: LABEL_1
  Calculating word importance...
  Used 119 queries for importance ranking
  Attempting word replacements...
Perturbed label: LABEL_1
Success: False, Queries: 658, Similarity: 0.801

Example 883/1000
Original: This place is great for your run of the mill, work downtown under 35 crowd. That's not my crowd, but...
Original label: LABEL_1
  Calculating word importance...
  Used 114 queries for importance ranking
  Attempting word replacements...
  ✓ Attack succeeded after 186 queries!
Perturbed label: LABEL_0
Success: True, Queries: 186, Similarity: 0.953

Example 884/1000
Original: I love this place.  The employees are awesome and the coffee is so good.  I love the blueberry muffi...
Original label: LABEL_1
  Calculating word importance...
  Used 51 queries for importance ranking
  Attempting word replacements...
Perturbed label: LABEL_1
Success: False, Queries: 305, Similarity: 0.805

Example 885/1000
Original: Great pizza joint.  Fantastic deals on pizza, easy format, great crust and toppings.  Beer for $4.00...
Original label: LABEL_1
  Calculating word importance...
  Used 50 queries for importance ranking
  Attempting word replacements...
Perturbed label: LABEL_1
Success: False, Queries: 300, Similarity: 0.803

Example 886/1000
Original: Went here for breakfast one day. No issues with the food it was standard diner fare but the slow was...
Original label: LABEL_0
  Calculating word importance...
  Used 54 queries for importance ranking
  Attempting word replacements...
Perturbed label: LABEL_0
Success: False, Queries: 224, Similarity: 0.808

Example 887/1000
Original: Great atmosphere, staff and food.\nThe skinny \nI am not much of a big Thai food guy but every now a...
Original label: LABEL_1
  Calculating word importance...
  Used 210 queries for importance ranking
  Attempting word replacements...
Perturbed label: LABEL_1
Success: False, Queries: 1000, Similarity: 0.805

Example 888/1000
Original: I enjoy Jack in the Box. Probably too much for my own good. However, I will not be stopping at this ...
Original label: LABEL_0
  Calculating word importance...
  Used 187 queries for importance ranking
  Attempting word replacements...
Perturbed label: LABEL_0
Success: False, Queries: 1000, Similarity: 0.813

Example 889/1000
Original: Cannot request level of spiciness of the pad Thai when ordering online. I wanted no spicy but it was...
Original label: LABEL_1
  Calculating word importance...
  Used 29 queries for importance ranking
  Attempting word replacements...
  ✓ Attack succeeded after 32 queries!
Perturbed label: LABEL_0
Success: True, Queries: 32, Similarity: 0.979

Example 890/1000
Original: Mirage Nail & Spa was suggested to me over 2 years ago and I have been going back ever since.  \nMy ...
Original label: LABEL_1
  Calculating word importance...
  Used 333 queries for importance ranking
  Attempting word replacements...
Perturbed label: LABEL_1
Success: False, Queries: 1000, Similarity: 0.800

Example 891/1000
Original: have been a customer for years as I was first introduced to Wally's when they first open by a very d...
Original label: LABEL_0
  Calculating word importance...
  Used 201 queries for importance ranking
  Attempting word replacements...
  ✓ Attack succeeded after 205 queries!
Perturbed label: LABEL_1
Success: True, Queries: 205, Similarity: 0.992

Example 892/1000
Original: Ok, I'll say this up front, I don't like chains.  There are just far too many awesome restaurants in...
Original label: LABEL_1
  Calculating word importance...
  Used 124 queries for importance ranking
  Attempting word replacements...
  ✓ Attack succeeded after 295 queries!
Perturbed label: LABEL_0
Success: True, Queries: 295, Similarity: 0.873

Example 893/1000
Original: * sigh*\n\nI don't understand how it's possible for service to be this bad!? Every time. It never fa...
Original label: LABEL_0
  Calculating word importance...
  Used 71 queries for importance ranking
  Attempting word replacements...
Perturbed label: LABEL_0
Success: False, Queries: 380, Similarity: 0.800

Example 894/1000
Original: I will never us this company again and will go out of my way to sway anyone I talk to, also to never...
Original label: LABEL_0
  Calculating word importance...
  Used 64 queries for importance ranking
  Attempting word replacements...
  ✓ Attack succeeded after 190 queries!
Perturbed label: LABEL_1
Success: True, Queries: 190, Similarity: 0.644

Example 895/1000
Original: An open letter to Primp & Blow: I am a real customer. Writing a real review. Stop accusing your comp...
Original label: LABEL_0
  Calculating word importance...
  Used 332 queries for importance ranking
  Attempting word replacements...
Perturbed label: LABEL_0
Success: False, Queries: 1000, Similarity: 0.802

Example 896/1000
Original: This place is one of a kind! If you are a visitor or a local it's totally worth your time! Early aft...
Original label: LABEL_1
  Calculating word importance...
  Used 92 queries for importance ranking
  Attempting word replacements...
  ✓ Attack succeeded after 500 queries!
Perturbed label: LABEL_0
Success: True, Queries: 500, Similarity: 0.788

Example 897/1000
Original: I've been spoiled by the luxury theaters!!!\n\nThis theater is nice and very clean, but I still pref...
Original label: LABEL_1
  Calculating word importance...
  Used 30 queries for importance ranking
  Attempting word replacements...
  ✓ Attack succeeded after 31 queries!
Perturbed label: LABEL_0
Success: True, Queries: 31, Similarity: 0.981

Example 898/1000
Original: Was not able to eat here for lunch, they closed seating. Asked for next day an same thing happened d...
Original label: LABEL_0
  Calculating word importance...
  Used 22 queries for importance ranking
  Attempting word replacements...
Perturbed label: LABEL_0
Success: False, Queries: 92, Similarity: 0.805

Example 899/1000
Original: Appointment was for 12:46, called to confirm on morning of appointment & was told 12:45 pm but to be...
Original label: LABEL_0
  Calculating word importance...
  Used 173 queries for importance ranking
  Attempting word replacements...
Perturbed label: LABEL_0
Success: False, Queries: 1000, Similarity: 0.802

Example 900/1000
Original: While you can grab a six pack at almost any bar in this lovely neighborhood I call home, I was reall...
Original label: LABEL_1
  Calculating word importance...
  Used 141 queries for importance ranking
  Attempting word replacements...
Perturbed label: LABEL_1
Success: False, Queries: 717, Similarity: 0.800

Example 901/1000
Original: Awesome British food:Yes \nRelaxed atmosphere: Yup\nHot waiter: Oh, Yeah...
Original label: LABEL_1
  Calculating word importance...
  Used 11 queries for importance ranking
  Attempting word replacements...
Perturbed label: LABEL_1
Success: False, Queries: 13, Similarity: 0.823

Example 902/1000
Original: A great way to hit 300 reviews! \n\nWe had heard only good things about this place, both on Yelp and...
Original label: LABEL_1
  Calculating word importance...
  Used 268 queries for importance ranking
  Attempting word replacements...
Perturbed label: LABEL_1
Success: False, Queries: 1000, Similarity: 0.803

Example 903/1000
Original: Horrible and overpriced. I got the chicken salad on a French roll. The chicken salad had way too muc...
Original label: LABEL_0
  Calculating word importance...
  Used 86 queries for importance ranking
  Attempting word replacements...
Perturbed label: LABEL_0
Success: False, Queries: 448, Similarity: 0.800

Example 904/1000
Original: I came here with 3 coworkers on a Saturday around 11am after a long night of drinking. There was no ...
Original label: LABEL_1
  Calculating word importance...
  Used 147 queries for importance ranking
  Attempting word replacements...
Perturbed label: LABEL_1
Success: False, Queries: 784, Similarity: 0.805

Example 905/1000
Original: Nach dem Waschen fielen mir Kratzer auf der Scheibe an der Fahrerseite auf. Einfaches Nachfragen und...
Original label: LABEL_0
  Calculating word importance...
  Used 87 queries for importance ranking
  Attempting word replacements...
  ✓ Attack succeeded after 88 queries!
Perturbed label: LABEL_1
Success: True, Queries: 88, Similarity: 0.975

Example 906/1000
Original: Good Guys that did Good work, were on time, efficient, funny to the point that even though they were...
Original label: LABEL_1
  Calculating word importance...
  Used 30 queries for importance ranking
  Attempting word replacements...
  ✓ Attack succeeded after 42 queries!
Perturbed label: LABEL_0
Success: True, Queries: 42, Similarity: 0.889

Example 907/1000
Original: This is one of my favorite Burlesque shows to attend here in Vegas. It is very authentic and always ...
Original label: LABEL_1
  Calculating word importance...
  Used 75 queries for importance ranking
  Attempting word replacements...
Perturbed label: LABEL_1
Success: False, Queries: 308, Similarity: 0.800

Example 908/1000
Original: When I moved from Phoenix. I knew I was going to miss Madison but I had no idea how much. I figured ...
Original label: LABEL_1
  Calculating word importance...
  Used 385 queries for importance ranking
  Attempting word replacements...
Perturbed label: LABEL_1
Success: False, Queries: 1000, Similarity: 0.804

Example 909/1000
Original: My wife and I go out for lunch a lot.  We do not live in the city which makes it hard for us to enjo...
Original label: LABEL_0
  Calculating word importance...
  Used 282 queries for importance ranking
  Attempting word replacements...
Perturbed label: LABEL_0
Success: False, Queries: 1000, Similarity: 0.800

Example 910/1000
Original: If you know me you know I love Las Vegas! So I hardly will find a place I can't have a good time at ...
Original label: LABEL_1
  Calculating word importance...
  Used 274 queries for importance ranking
  Attempting word replacements...
Perturbed label: LABEL_1
Success: False, Queries: 1000, Similarity: 0.801

Example 911/1000
Original: Gone down hill big time\nI have gone to this restaurant many times in my life. In the 60's it was a ...
Original label: LABEL_0
  Calculating word importance...
  Used 215 queries for importance ranking
  Attempting word replacements...
Perturbed label: LABEL_0
Success: False, Queries: 1000, Similarity: 0.802

Example 912/1000
Original: I had never heard of a third party licensing option, so I was kind of leery when my friend recommend...
Original label: LABEL_1
  Calculating word importance...
  Used 104 queries for importance ranking
  Attempting word replacements...
  ✓ Attack succeeded after 419 queries!
Perturbed label: LABEL_0
Success: True, Queries: 419, Similarity: 0.783

Example 913/1000
Original: After reading glowing reviews on Handy Andy I went to his website and emailed him.   Didn't receive ...
Original label: LABEL_0
  Calculating word importance...
  Used 165 queries for importance ranking
  Attempting word replacements...
Perturbed label: LABEL_0
Success: False, Queries: 830, Similarity: 0.804

Example 914/1000
Original: A coffee shop that serves frozen yogurt? This is my kind of shop! I can only review the frozen yogur...
Original label: LABEL_1
  Calculating word importance...
  Used 156 queries for importance ranking
  Attempting word replacements...
Perturbed label: LABEL_1
Success: False, Queries: 831, Similarity: 0.800

Example 915/1000
Original: The new location passes the smell test!  We had the red curry chicken and the chicken pad thai.  I r...
Original label: LABEL_1
  Calculating word importance...
  Used 107 queries for importance ranking
  Attempting word replacements...
  ✓ Attack succeeded after 191 queries!
Perturbed label: LABEL_0
Success: True, Queries: 191, Similarity: 0.972

Example 916/1000
Original: Ok so this is a sushi bar right? the salads and the regular menu was bigger than their sushi menu.  ...
Original label: LABEL_0
  Calculating word importance...
  Used 306 queries for importance ranking
  Attempting word replacements...
Perturbed label: LABEL_0
Success: False, Queries: 1000, Similarity: 0.801

Example 917/1000
Original: From the moment we arrived, we had a fantastic service experience.  The wine list is very good, with...
Original label: LABEL_1
  Calculating word importance...
  Used 92 queries for importance ranking
  Attempting word replacements...
Perturbed label: LABEL_1
Success: False, Queries: 633, Similarity: 0.802

Example 918/1000
Original: The old hag with the bad wig behind the bar is so unfriendly. She and another old lady who works the...
Original label: LABEL_0
  Calculating word importance...
  Used 41 queries for importance ranking
  Attempting word replacements...
Perturbed label: LABEL_0
Success: False, Queries: 230, Similarity: 0.808

Example 919/1000
Original: Was stoked to see this little coffee shop while wandering PHX during a long layover.  The menu board...
Original label: LABEL_1
  Calculating word importance...
  Used 234 queries for importance ranking
  Attempting word replacements...
Perturbed label: LABEL_1
Success: False, Queries: 1000, Similarity: 0.808

Example 920/1000
Original: Had my wedding reception lunch here.  Service was gruff (maybe in effort to make this restaurant see...
Original label: LABEL_1
  Calculating word importance...
  Used 94 queries for importance ranking
  Attempting word replacements...
  ✓ Attack succeeded after 249 queries!
Perturbed label: LABEL_0
Success: True, Queries: 249, Similarity: 0.811

Example 921/1000
Original: My friends and I LOVE Wicked Spoon! We come here every time we go to Las Vegas. We've tried other we...
Original label: LABEL_1
  Calculating word importance...
  Used 251 queries for importance ranking
  Attempting word replacements...
Perturbed label: LABEL_1
Success: False, Queries: 1000, Similarity: 0.805

Example 922/1000
Original: Un classique \u00e0 Montr\u00e9al. Le d\u00e9cor laisse \u00e0 d\u00e9sirer mais on n'an pas envie q...
Original label: LABEL_1
  Calculating word importance...
  Used 47 queries for importance ranking
  Attempting word replacements...
  ✓ Attack succeeded after 57 queries!
Perturbed label: LABEL_0
Success: True, Queries: 57, Similarity: 0.947

Example 923/1000
Original: i will never understand this place.  the ice cream is horrible and yet there is a ready supply of co...
Original label: LABEL_0
  Calculating word importance...
  Used 82 queries for importance ranking
  Attempting word replacements...
Perturbed label: LABEL_0
Success: False, Queries: 508, Similarity: 0.801

Example 924/1000
Original: This place is pretty bad... got a honeydew boba that took forever to get. The boba balls tasted like...
Original label: LABEL_0
  Calculating word importance...
  Used 59 queries for importance ranking
  Attempting word replacements...
Perturbed label: LABEL_0
Success: False, Queries: 486, Similarity: 0.802

Example 925/1000
Original: Ick.  Stay away unless you want to be treated like you are a criminal who cannot afford a pricey ite...
Original label: LABEL_0
  Calculating word importance...
  Used 126 queries for importance ranking
  Attempting word replacements...
Perturbed label: LABEL_0
Success: False, Queries: 548, Similarity: 0.807

Example 926/1000
Original: As cheesey and old as this place might look- its a really fun place to hang out!  We had a blast her...
Original label: LABEL_1
  Calculating word importance...
  Used 33 queries for importance ranking
  Attempting word replacements...
Perturbed label: LABEL_1
Success: False, Queries: 198, Similarity: 0.803

Example 927/1000
Original: Great atmosphere to enjoy a Sunday brunch! Wait was not bad they will text you when table is ready. ...
Original label: LABEL_1
  Calculating word importance...
  Used 50 queries for importance ranking
  Attempting word replacements...
Perturbed label: LABEL_1
Success: False, Queries: 273, Similarity: 0.803

Example 928/1000
Original: THE SAME BAD THING HAPPENED TO ME!!! Driver completely forgot about picking us up at Luxor to catch ...
Original label: LABEL_0
  Calculating word importance...
  Used 198 queries for importance ranking
  Attempting word replacements...
Perturbed label: LABEL_0
Success: False, Queries: 993, Similarity: 0.811

Example 929/1000
Original: I had a really bad experience here where I was grilled about my health insurance when trying to get ...
Original label: LABEL_0
  Calculating word importance...
  Used 198 queries for importance ranking
  Attempting word replacements...
Perturbed label: LABEL_0
Success: False, Queries: 1000, Similarity: 0.804

Example 930/1000
Original: I hate to bemoan the passage of time and the change of ownership ( granted, that's been some time ag...
Original label: LABEL_0
  Calculating word importance...
  Used 120 queries for importance ranking
  Attempting word replacements...
Perturbed label: LABEL_0
Success: False, Queries: 661, Similarity: 0.801

Example 931/1000
Original: We  were seated immediately.  The tables were very small especially when we planned to cook our meal...
Original label: LABEL_0
  Calculating word importance...
  Used 79 queries for importance ranking
  Attempting word replacements...
Perturbed label: LABEL_0
Success: False, Queries: 549, Similarity: 0.800

Example 932/1000
Original: I have brought my bike in for various reasons four different times and it has always been a solid ex...
Original label: LABEL_1
  Calculating word importance...
  Used 255 queries for importance ranking
  Attempting word replacements...
Perturbed label: LABEL_1
Success: False, Queries: 1000, Similarity: 0.801

Example 933/1000
Original: When I first moved to Madison I was really excited to come to this restaurant because the man had hy...
Original label: LABEL_0
  Calculating word importance...
  Used 204 queries for importance ranking
  Attempting word replacements...
Perturbed label: LABEL_0
Success: False, Queries: 1000, Similarity: 0.801

Example 934/1000
Original: Can you say crappy service? They stole $59 from my boba card. Freaking ridiculous. Will never eat he...
Original label: LABEL_0
  Calculating word importance...
  Used 29 queries for importance ranking
  Attempting word replacements...
Perturbed label: LABEL_0
Success: False, Queries: 116, Similarity: 0.805

Example 935/1000
Original: Reasons why I love Vegas... Places like THIS.\n\nIt was 1am (no I wasn't drunk...so my star rating i...
Original label: LABEL_1
  Calculating word importance...
  Used 119 queries for importance ranking
  Attempting word replacements...
Perturbed label: LABEL_1
Success: False, Queries: 540, Similarity: 0.801

Example 936/1000
Original: I've been here twice now and have been very pleased both times!  They do an excellent job and are ve...
Original label: LABEL_1
  Calculating word importance...
  Used 62 queries for importance ranking
  Attempting word replacements...
Perturbed label: LABEL_1
Success: False, Queries: 305, Similarity: 0.808

Example 937/1000
Original: Crowded, mashups, girls all wearing the same clothes, horrible booze (like poison-you horrible), $12...
Original label: LABEL_0
  Calculating word importance...
  Used 46 queries for importance ranking
  Attempting word replacements...
Perturbed label: LABEL_0
Success: False, Queries: 187, Similarity: 0.801

Example 938/1000
Original: They have removed all the pastries cookies sweets and treats, very limited on some pastries maybe a ...
Original label: LABEL_0
  Calculating word importance...
  Used 123 queries for importance ranking
  Attempting word replacements...
Perturbed label: LABEL_0
Success: False, Queries: 767, Similarity: 0.800

Example 939/1000
Original: It's tough for me to give a place five stars. And I won't do it after one visit. Though I will be ba...
Original label: LABEL_1
  Calculating word importance...
  Used 129 queries for importance ranking
  Attempting word replacements...
Perturbed label: LABEL_1
Success: False, Queries: 698, Similarity: 0.801

Example 940/1000
Original: The look I got when I asked if the customers is always right ...I got no\nThis place is exactly what...
Original label: LABEL_0
  Calculating word importance...
  Used 50 queries for importance ranking
  Attempting word replacements...
Perturbed label: LABEL_0
Success: False, Queries: 323, Similarity: 0.800

Example 941/1000
Original: We decided to try this place because we were staying at Monte Carlo and got discount tickets from Ti...
Original label: LABEL_0
  Calculating word importance...
  Used 58 queries for importance ranking
  Attempting word replacements...
Perturbed label: LABEL_0
Success: False, Queries: 379, Similarity: 0.808

Example 942/1000
Original: I can't believe my sister almost forgot to take me here while I'm in town visiting! This place is AW...
Original label: LABEL_1
  Calculating word importance...
  Used 285 queries for importance ranking
  Attempting word replacements...
Perturbed label: LABEL_1
Success: False, Queries: 1000, Similarity: 0.800

Example 943/1000
Original: These people are cheap money grubbing idiots with a need to call their customers liars and not corre...
Original label: LABEL_0
  Calculating word importance...
  Used 167 queries for importance ranking
  Attempting word replacements...
Perturbed label: LABEL_0
Success: False, Queries: 1000, Similarity: 0.802

Example 944/1000
Original: I love playing here. \n\nComfy chairs. Attentive cocktailetresses. Dealers and bosses on point. Engl...
Original label: LABEL_1
  Calculating word importance...
  Used 196 queries for importance ranking
  Attempting word replacements...
Perturbed label: LABEL_1
Success: False, Queries: 1000, Similarity: 0.805

Example 945/1000
Original: While Benecol is clinically proven to lower your cholesterol, this place is clinically proven to rai...
Original label: LABEL_1
  Calculating word importance...
  Used 204 queries for importance ranking
  Attempting word replacements...
  ✓ Attack succeeded after 235 queries!
Perturbed label: LABEL_0
Success: True, Queries: 235, Similarity: 0.923

Example 946/1000
Original: Service was slow and not attentive. Our Sushi sat at the sushi counter for 20 mins. The other food w...
Original label: LABEL_0
  Calculating word importance...
  Used 41 queries for importance ranking
  Attempting word replacements...
Perturbed label: LABEL_0
Success: False, Queries: 245, Similarity: 0.802

Example 947/1000
Original: Don't believe what you read about the famous Phoenician Sunday Brunch. Just another disappointment t...
Original label: LABEL_0
  Calculating word importance...
  Used 341 queries for importance ranking
  Attempting word replacements...
Perturbed label: LABEL_0
Success: False, Queries: 1000, Similarity: 0.801

Example 948/1000
Original: I came in here because I had seen how amazing all the Yelp reviews were, and now I am completely baf...
Original label: LABEL_0
  Calculating word importance...
  Used 122 queries for importance ranking
  Attempting word replacements...
Perturbed label: LABEL_0
Success: False, Queries: 853, Similarity: 0.801

Example 949/1000
Original: Dr. Gilchrist came to my house yesterday to check on my 2 cats.  Dr. Gilchrist and his associate wer...
Original label: LABEL_1
  Calculating word importance...
  Used 170 queries for importance ranking
  Attempting word replacements...
Perturbed label: LABEL_1
Success: False, Queries: 957, Similarity: 0.800

Example 950/1000
Original: THE FAST FOOD OF EYELASH EXTENSIONS! CUSTOMER BEWARE! \n\n\nThere's so many things wrong with this b...
Original label: LABEL_0
  Calculating word importance...
  Used 500 queries for importance ranking
  Attempting word replacements...
Perturbed label: LABEL_0
Success: False, Queries: 1000, Similarity: 0.809

Example 951/1000
Original: Very fun and lively place. Food is absolutely delicious, service is witty and attentive. Menu is sho...
Original label: LABEL_1
  Calculating word importance...
  Used 48 queries for importance ranking
  Attempting word replacements...
Perturbed label: LABEL_1
Success: False, Queries: 303, Similarity: 0.813

Example 952/1000
Original: I dont think it deserves a star waiting on line for a hour every time I go here I get depressed. Cus...
Original label: LABEL_0
  Calculating word importance...
  Used 66 queries for importance ranking
  Attempting word replacements...
Perturbed label: LABEL_0
Success: False, Queries: 390, Similarity: 0.805

Example 953/1000
Original: It is out of expectation for all dishes with high price..and long line \nYes, it has more internatio...
Original label: LABEL_0
  Calculating word importance...
  Used 90 queries for importance ranking
  Attempting word replacements...
Perturbed label: LABEL_0
Success: False, Queries: 483, Similarity: 0.801

Example 954/1000
Original: The Cupcakery is amazing!!!\n\nI was in Las Vegas with my family recently and we were on the hunt fo...
Original label: LABEL_1
  Calculating word importance...
  Used 205 queries for importance ranking
  Attempting word replacements...
Perturbed label: LABEL_1
Success: False, Queries: 959, Similarity: 0.806

Example 955/1000
Original: My favorite place in Phoenix to grab a Perfect Pint. I think Guinness in an Irish pub just tastes be...
Original label: LABEL_1
  Calculating word importance...
  Used 114 queries for importance ranking
  Attempting word replacements...
Perturbed label: LABEL_1
Success: False, Queries: 697, Similarity: 0.805

Example 956/1000
Original: Now, let me begin by saying I'm a blues guy and I like BB King. Ok, now let me continue by saying ma...
Original label: LABEL_0
  Calculating word importance...
  Used 151 queries for importance ranking
  Attempting word replacements...
Perturbed label: LABEL_0
Success: False, Queries: 902, Similarity: 0.801

Example 957/1000
Original: If it was not for my amazing fianc\u00e9 (did someone just vomit in their mouth from my lovey-dovey ...
Original label: LABEL_1
  Calculating word importance...
  Used 406 queries for importance ranking
  Attempting word replacements...
Perturbed label: LABEL_1
Success: False, Queries: 1000, Similarity: 0.802

Example 958/1000
Original: So, I decided to get sum china food today!!! Umm i got spicy orange chicken n fried rice...... I'm n...
Original label: LABEL_0
  Calculating word importance...
  Used 70 queries for importance ranking
  Attempting word replacements...
Perturbed label: LABEL_0
Success: False, Queries: 465, Similarity: 0.804

Example 959/1000
Original: Stopped by half an hour before closing time by myself (not a big group or anything). Was turned away...
Original label: LABEL_0
  Calculating word importance...
  Used 26 queries for importance ranking
  Attempting word replacements...
Perturbed label: LABEL_0
Success: False, Queries: 158, Similarity: 0.803

Example 960/1000
Original: The food here is everything they say it is, but the small place is not very easy to find, even with ...
Original label: LABEL_1
  Calculating word importance...
  Used 87 queries for importance ranking
  Attempting word replacements...
Perturbed label: LABEL_1
Success: False, Queries: 435, Similarity: 0.800

Example 961/1000
Original: I had so much fun at Tavern 51!  The drinks prices were very reasonable.  The bartender was fun and ...
Original label: LABEL_1
  Calculating word importance...
  Used 38 queries for importance ranking
  Attempting word replacements...
  ✓ Attack succeeded after 192 queries!
Perturbed label: LABEL_0
Success: True, Queries: 192, Similarity: 0.792

Example 962/1000
Original: Are you a BRIDE thinking about having your wedding here? STOP!\nCan you give a place no stars? This ...
Original label: LABEL_0
  Calculating word importance...
  Used 500 queries for importance ranking
  Attempting word replacements...
Perturbed label: LABEL_0
Success: False, Queries: 1000, Similarity: 0.801

Example 963/1000
Original: Don't believe the hype! I won't say this place is awful, but it's nothing to write home about.\n\nI ...
Original label: LABEL_0
  Calculating word importance...
  Used 227 queries for importance ranking
  Attempting word replacements...
  ✓ Attack succeeded after 469 queries!
Perturbed label: LABEL_1
Success: True, Queries: 469, Similarity: 0.808

Example 964/1000
Original: This place is usally packed with family or friends, but I have been fortunate to have never had to w...
Original label: LABEL_1
  Calculating word importance...
  Used 117 queries for importance ranking
  Attempting word replacements...
Perturbed label: LABEL_1
Success: False, Queries: 735, Similarity: 0.817

Example 965/1000
Original: This club was pretty large...it had a lounge area with it's own bar and then a standing room with a ...
Original label: LABEL_1
  Calculating word importance...
  Used 141 queries for importance ranking
  Attempting word replacements...
  ✓ Attack succeeded after 418 queries!
Perturbed label: LABEL_0
Success: True, Queries: 418, Similarity: 0.803

Example 966/1000
Original: Best Chinese take-out in Gilbert! We've tried quite a few but none as good as this one! Customer ser...
Original label: LABEL_1
  Calculating word importance...
  Used 26 queries for importance ranking
  Attempting word replacements...
  ✓ Attack succeeded after 63 queries!
Perturbed label: LABEL_0
Success: True, Queries: 63, Similarity: 0.744

Example 967/1000
Original: My husband and I love this place. I think everything here is really good. The pad kee mao is very go...
Original label: LABEL_1
  Calculating word importance...
  Used 66 queries for importance ranking
  Attempting word replacements...
Perturbed label: LABEL_1
Success: False, Queries: 455, Similarity: 0.825

Example 968/1000
Original: Meaty wings, bland sauces. I don't like a whole lot of spice on my wings, so ordered the mild and th...
Original label: LABEL_0
  Calculating word importance...
  Used 51 queries for importance ranking
  Attempting word replacements...
Perturbed label: LABEL_0
Success: False, Queries: 335, Similarity: 0.809

Example 969/1000
Original: I can't understand all the negative reviews for Macayos in Goodyear. YES, for those that don't alrea...
Original label: LABEL_1
  Calculating word importance...
  Used 226 queries for importance ranking
  Attempting word replacements...
Perturbed label: LABEL_1
Success: False, Queries: 1000, Similarity: 0.804

Example 970/1000
Original: Horrific; Cold food that is overpriced and not seasoned at all. \n\nAs for the service, it's almost ...
Original label: LABEL_0
  Calculating word importance...
  Used 43 queries for importance ranking
  Attempting word replacements...
Perturbed label: LABEL_0
Success: False, Queries: 156, Similarity: 0.809

Example 971/1000
Original: First off I'd like to start off with how AMAZING the food is. I can't complain about that. I honestl...
Original label: LABEL_1
  Calculating word importance...
  Used 220 queries for importance ranking
  Attempting word replacements...
  ✓ Attack succeeded after 221 queries!
Perturbed label: LABEL_0
Success: True, Queries: 221, Similarity: 0.997

Example 972/1000
Original: If you ever go to buy something that you saw online then you should take a printout of the webpage. ...
Original label: LABEL_0
  Calculating word importance...
  Used 87 queries for importance ranking
  Attempting word replacements...
Perturbed label: LABEL_0
Success: False, Queries: 516, Similarity: 0.801

Example 973/1000
Original: Pacino's fell short on all requirements of a good restaurant. So it is Valentines Day night. I calle...
Original label: LABEL_0
  Calculating word importance...
  Used 500 queries for importance ranking
  Attempting word replacements...
Perturbed label: LABEL_0
Success: False, Queries: 1000, Similarity: 0.854

Example 974/1000
Original: I walked up to the counter and said, \""I'll have an Italian Beef, Hot, with provolone and hot Giard...
Original label: LABEL_1
  Calculating word importance...
  Used 490 queries for importance ranking
  Attempting word replacements...
Perturbed label: LABEL_1
Success: False, Queries: 1000, Similarity: 0.803

Example 975/1000
Original: One of my favorite spots in LV!! Ya gotta try it at least once!...
Original label: LABEL_1
  Calculating word importance...
  Used 14 queries for importance ranking
  Attempting word replacements...
  ✓ Attack succeeded after 37 queries!
Perturbed label: LABEL_0
Success: True, Queries: 37, Similarity: 0.680

Example 976/1000
Original: Phone cracked last night and needed it repaired ASAP. Recently moved to Vegas and all my friends rec...
Original label: LABEL_1
  Calculating word importance...
  Used 49 queries for importance ranking
  Attempting word replacements...
Perturbed label: LABEL_1
Success: False, Queries: 343, Similarity: 0.807

Example 977/1000
Original: Aerogelic Ballooning has always been one of my favorite ballooning companies in the Phoenix area.  I...
Original label: LABEL_1
  Calculating word importance...
  Used 168 queries for importance ranking
  Attempting word replacements...
Perturbed label: LABEL_1
Success: False, Queries: 824, Similarity: 0.803

Example 978/1000
Original: Diner food done at a typical diner level....
Original label: LABEL_0
  Calculating word importance...
  Used 8 queries for importance ranking
  Attempting word replacements...
  ✓ Attack succeeded after 10 queries!
Perturbed label: LABEL_1
Success: True, Queries: 10, Similarity: 0.727

Example 979/1000
Original: Don't go to this pet salon.  They completely destroyed my dogs private parts and blamed it on my dog...
Original label: LABEL_0
  Calculating word importance...
  Used 41 queries for importance ranking
  Attempting word replacements...
Perturbed label: LABEL_0
Success: False, Queries: 264, Similarity: 0.806

Example 980/1000
Original: People & service were great. The pastries were delicious. The coffee was too bitter for my taste oth...
Original label: LABEL_1
  Calculating word importance...
  Used 26 queries for importance ranking
  Attempting word replacements...
Perturbed label: LABEL_1
Success: False, Queries: 153, Similarity: 0.813

Example 981/1000
Original: Wow, what a disappointing experience. My hubby keeps telling me to stop buying Groupons and I might ...
Original label: LABEL_0
  Calculating word importance...
  Used 220 queries for importance ranking
  Attempting word replacements...
Perturbed label: LABEL_0
Success: False, Queries: 1000, Similarity: 0.800

Example 982/1000
Original: This is a casino review only.\n\nNot impressed.  Although the casino is beautiful and has a pretty g...
Original label: LABEL_0
  Calculating word importance...
  Used 174 queries for importance ranking
  Attempting word replacements...
Perturbed label: LABEL_0
Success: False, Queries: 975, Similarity: 0.802

Example 983/1000
Original: This was the second time I've been to Bliss. The first time I ordered the Grilled Cheese with Pears,...
Original label: LABEL_0
  Calculating word importance...
  Used 214 queries for importance ranking
  Attempting word replacements...
Perturbed label: LABEL_0
Success: False, Queries: 1000, Similarity: 0.801

Example 984/1000
Original: I am still unable to get my car after over a months of repairing it from 08/15/2011. Told them count...
Original label: LABEL_0
  Calculating word importance...
  Used 63 queries for importance ranking
  Attempting word replacements...
Perturbed label: LABEL_0
Success: False, Queries: 409, Similarity: 0.809

Example 985/1000
Original: I love me lyng. Tuan, the owner, is one of the nicest people on the planet. He will greet you with a...
Original label: LABEL_1
  Calculating word importance...
  Used 129 queries for importance ranking
  Attempting word replacements...
Perturbed label: LABEL_1
Success: False, Queries: 718, Similarity: 0.801

Example 986/1000
Original: As a hookah frequent, I have to say Harem has to be the biggest waste of money iv ever spent at a ho...
Original label: LABEL_0
  Calculating word importance...
  Used 133 queries for importance ranking
  Attempting word replacements...
Perturbed label: LABEL_0
Success: False, Queries: 751, Similarity: 0.805

Example 987/1000
Original: I love this place, a stand-by for happy hours.  The beer selection is amazing and the food is top-no...
Original label: LABEL_1
  Calculating word importance...
  Used 104 queries for importance ranking
  Attempting word replacements...
Perturbed label: LABEL_1
Success: False, Queries: 534, Similarity: 0.803

Example 988/1000
Original: Note: the museum is tiny, tiny, tiny.... You can see the whole place in less than an hour, easily, b...
Original label: LABEL_1
  Calculating word importance...
  Used 199 queries for importance ranking
  Attempting word replacements...
Perturbed label: LABEL_1
Success: False, Queries: 1000, Similarity: 0.803

Example 989/1000
Original: I really wanted this place to be good..  It's close to my house..  \n\nStrike 1, the door guy is a c...
Original label: LABEL_0
  Calculating word importance...
  Used 79 queries for importance ranking
  Attempting word replacements...
Perturbed label: LABEL_0
Success: False, Queries: 445, Similarity: 0.803

Example 990/1000
Original: Sensational Food, Spellbinding View\n\nThe Fountains Brunch at Jasmine may be the best Sunday brunch...
Original label: LABEL_1
  Calculating word importance...
  Used 416 queries for importance ranking
  Attempting word replacements...
Perturbed label: LABEL_1
Success: False, Queries: 1000, Similarity: 0.802

Example 991/1000
Original: excellent afterhours, late-night spot. soups, sandwiches, salads, & desserts are also excellent....
Original label: LABEL_1
  Calculating word importance...
  Used 12 queries for importance ranking
  Attempting word replacements...
Perturbed label: LABEL_1
Success: False, Queries: 71, Similarity: 0.803

Example 992/1000
Original: Didn't eat but spent a lotta dough on drinks.  We had a good time with a good friend, new friend and...
Original label: LABEL_1
  Calculating word importance...
  Used 23 queries for importance ranking
  Attempting word replacements...
  ✓ Attack succeeded after 48 queries!
Perturbed label: LABEL_0
Success: True, Queries: 48, Similarity: 0.869

Example 993/1000
Original: I know Fuel is predominately a pizza joint, but as much as I love their pizza, the one thing they do...
Original label: LABEL_1
  Calculating word importance...
  Used 342 queries for importance ranking
  Attempting word replacements...
Perturbed label: LABEL_1
Success: False, Queries: 1000, Similarity: 0.801

Example 994/1000
Original: Wally world a necessary evil.  it has low prices and pretty much everything you need. Customer servi...
Original label: LABEL_0
  Calculating word importance...
  Used 64 queries for importance ranking
  Attempting word replacements...
  ✓ Attack succeeded after 67 queries!
Perturbed label: LABEL_1
Success: True, Queries: 67, Similarity: 0.972

Example 995/1000
Original: I've been here 3 times for a group happy hour. \n\nThe first time, it was excellent.  Had a great wa...
Original label: LABEL_0
  Calculating word importance...
  Used 320 queries for importance ranking
  Attempting word replacements...
Perturbed label: LABEL_0
Success: False, Queries: 1000, Similarity: 0.802

Example 996/1000
Original: The Griddle has a HUGE menu, so be prepared for that when you arrive.  My friends and I dined on a S...
Original label: LABEL_1
  Calculating word importance...
  Used 151 queries for importance ranking
  Attempting word replacements...
Perturbed label: LABEL_1
Success: False, Queries: 713, Similarity: 0.803

Example 997/1000
Original: horrible. Just horrible...
Original label: LABEL_0
  Calculating word importance...
  Used 3 queries for importance ranking
  Attempting word replacements...
Perturbed label: LABEL_0
Success: False, Queries: 11, Similarity: 0.809

Example 998/1000
Original: This place has been on my radar for three months now. I finally made it for lunch a few days ago, an...
Original label: LABEL_0
  Calculating word importance...
  Used 207 queries for importance ranking
  Attempting word replacements...
Perturbed label: LABEL_0
Success: False, Queries: 1000, Similarity: 0.801

Example 999/1000
Original: This has to be the worst casino in Vegas. We wandered in here because it was somewhat close to our h...
Original label: LABEL_0
  Calculating word importance...
  Used 82 queries for importance ranking
  Attempting word replacements...
  ✓ Attack succeeded after 483 queries!
Perturbed label: LABEL_1
Success: True, Queries: 483, Similarity: 0.792

Example 1000/1000
Original: Horrible don't give a cr*p service. The worst I have experienced in any restaurant here in the valle...
Original label: LABEL_0
  Calculating word importance...
  Used 43 queries for importance ranking
  Attempting word replacements...
Perturbed label: LABEL_0
Success: False, Queries: 200, Similarity: 0.809

================================================================================
RESULTS SUMMARY - yelp_polarity
================================================================================
Total examples: 1000
Attack Success Rate (ASR): 0.261 (26.1%)
Average queries: 516.7
Average queries (successful only): 267.9
Average semantic similarity: 0.820
Total time: 74.0 minutes
Time per example: 4.4 seconds
Results saved to: ./textfooler_results/textfooler_yelp_polarity.csv
================================================================================

Summary saved to: ./textfooler_results/summary_yelp_polarity.csv

