Downloading NLTK data...
✅ NLTK data downloaded.

--- Loading Semantic Similarity Model (SBERT) ---
✅ SBERT loaded.

================================================================================
TEXTFOOLER BASELINE ATTACK
================================================================================
Dataset: imdb
Number of examples: 1000
Max queries per example: 1000
Semantic threshold: 0.5
Output directory: ./textfooler_results
================================================================================


--- Loading Victim Model: textattack/distilbert-base-uncased-imdb ---
--- Loading Dataset: imdb (test) ---
Text column identified as: 'text'

Starting attacks on 1000 examples...


Example 1/1000
Original: <br /><br />When I unsuspectedly rented A Thousand Acres, I thought I was in for an entertaining Kin...
Original label: LABEL_1
  Calculating word importance...
  Used 330 queries for importance ranking
  Attempting word replacements...
Perturbed label: LABEL_1
Success: False, Queries: 1000, Similarity: 0.822

Example 2/1000
Original: This is the latest entry in the long series of films with the French agent, O.S.S. 117 (the French a...
Original label: LABEL_1
  Calculating word importance...
  Used 173 queries for importance ranking
  Attempting word replacements...
  ✓ Attack succeeded after 185 queries!
Perturbed label: LABEL_0
Success: True, Queries: 185, Similarity: 0.994

Example 3/1000
Original: This movie was so frustrating. Everything seemed energetic and I was totally prepared to have a good...
Original label: LABEL_0
  Calculating word importance...
  Used 126 queries for importance ranking
  Attempting word replacements...
Perturbed label: LABEL_0
Success: False, Queries: 618, Similarity: 0.803

Example 4/1000
Original: I was truly and wonderfully surprised at "O' Brother, Where Art Thou?" The video store was out of al...
Original label: LABEL_1
  Calculating word importance...
  Used 113 queries for importance ranking
  Attempting word replacements...
Perturbed label: LABEL_1
Success: False, Queries: 643, Similarity: 0.802

Example 5/1000
Original: This movie spends most of its time preaching that it is the script that makes the movie, but apparen...
Original label: LABEL_0
  Calculating word importance...
  Used 90 queries for importance ranking
  Attempting word replacements...
Perturbed label: LABEL_0
Success: False, Queries: 542, Similarity: 0.805

Example 6/1000
Original: After a very long time Marathi cinema has come with some good movie.This movie is one of the best Ma...
Original label: LABEL_1
  Calculating word importance...
  Used 146 queries for importance ranking
  Attempting word replacements...
  ✓ Attack succeeded after 267 queries!
Perturbed label: LABEL_0
Success: True, Queries: 267, Similarity: 0.888

Example 7/1000
Original: This is a really sad, and touching movie! It deals with the subject of child abuse. It's really sad,...
Original label: LABEL_1
  Calculating word importance...
  Used 120 queries for importance ranking
  Attempting word replacements...
  ✓ Attack succeeded after 139 queries!
Perturbed label: LABEL_0
Success: True, Queries: 139, Similarity: 0.992

Example 8/1000
Original: Don't pay any attention to the rave reviews of this film here. It is the worst Van Damme film and on...
Original label: LABEL_0
  Calculating word importance...
  Used 138 queries for importance ranking
  Attempting word replacements...
Perturbed label: LABEL_0
Success: False, Queries: 794, Similarity: 0.802

Example 9/1000
Original: Porn legend Gregory Dark directs this cheesy horror flick that has Glen Jacobs (Kane from WWF/WWE/ w...
Original label: LABEL_0
  Calculating word importance...
  Used 137 queries for importance ranking
  Attempting word replacements...
Perturbed label: LABEL_0
Success: False, Queries: 779, Similarity: 0.801

Example 10/1000
Original: This was a great movie. Something not only for Black History month but as a reminder of the goodness...
Original label: LABEL_1
  Calculating word importance...
  Used 141 queries for importance ranking
  Attempting word replacements...
  ✓ Attack succeeded after 166 queries!
Perturbed label: LABEL_0
Success: True, Queries: 166, Similarity: 0.989

Example 11/1000
Original: If you're a fan of Turkish and Middle Eastern music, you're in great luck. This film is a documentar...
Original label: LABEL_1
  Calculating word importance...
  Used 137 queries for importance ranking
  Attempting word replacements...
  ✓ Attack succeeded after 236 queries!
Perturbed label: LABEL_0
Success: True, Queries: 236, Similarity: 0.861

Example 12/1000
Original: OK, it was a "risky" move to rent this flick, but I thought I had nothing to lose.Well, I was wrong....
Original label: LABEL_0
  Calculating word importance...
  Used 121 queries for importance ranking
  Attempting word replacements...
Perturbed label: LABEL_0
Success: False, Queries: 654, Similarity: 0.800

Example 13/1000
Original: These days, writers, directors and producers are relying more and more on the "surprise" ending. The...
Original label: LABEL_0
  Calculating word importance...
  Used 229 queries for importance ranking
  Attempting word replacements...
Perturbed label: LABEL_0
Success: False, Queries: 1000, Similarity: 0.804

Example 14/1000
Original: Teenager Tamara (Jenna Dewan) has it rough. She's ridiculed by all the popular "kids" for being shy,...
Original label: LABEL_0
  Calculating word importance...
  Used 268 queries for importance ranking
  Attempting word replacements...
Perturbed label: LABEL_0
Success: False, Queries: 1000, Similarity: 0.801

Example 15/1000
Original: Dirty Harry goes to Atlanta is what Burt called this fantastic, first-rate detective thriller that b...
Original label: LABEL_1
  Calculating word importance...
  Used 461 queries for importance ranking
  Attempting word replacements...
Perturbed label: LABEL_1
Success: False, Queries: 1000, Similarity: 0.805

Example 16/1000
Original: I'm 15, usually not kids my age usually watch these old classic movies. But this is one of my favori...
Original label: LABEL_1
  Calculating word importance...
  Used 189 queries for importance ranking
  Attempting word replacements...
Perturbed label: LABEL_1
Success: False, Queries: 989, Similarity: 0.800

Example 17/1000
Original: The story is: a turn-of-the-century troupe of actors, along with producers and theatre-owners, have ...
Original label: LABEL_0
  Calculating word importance...
  Used 181 queries for importance ranking
  Attempting word replacements...
Perturbed label: LABEL_0
Success: False, Queries: 994, Similarity: 0.802

Example 18/1000
Original: A holiday on a boat, a married couple, an angry waiter and a shipwreck is the reason to this films b...
Original label: LABEL_0
  Calculating word importance...
  Used 290 queries for importance ranking
  Attempting word replacements...
  ✓ Attack succeeded after 292 queries!
Perturbed label: LABEL_1
Success: True, Queries: 292, Similarity: 0.998

Example 19/1000
Original: Definitely a movie for people who ask only to be entertained and who do not over-think their movies....
Original label: LABEL_1
  Calculating word importance...
  Used 159 queries for importance ranking
  Attempting word replacements...
Perturbed label: LABEL_1
Success: False, Queries: 960, Similarity: 0.801

Example 20/1000
Original: If Hollywood had the wellbeing of the audience at heart we would see 20 films a year with the kind o...
Original label: LABEL_1
  Calculating word importance...
  Used 167 queries for importance ranking
  Attempting word replacements...
  ✓ Attack succeeded after 679 queries!
Perturbed label: LABEL_0
Success: True, Queries: 679, Similarity: 0.798

Example 21/1000
Original: I was expecting a lot more of this film than what I actually got. The acting was just awful from eve...
Original label: LABEL_0
  Calculating word importance...
  Used 158 queries for importance ranking
  Attempting word replacements...
  ✓ Attack succeeded after 290 queries!
Perturbed label: LABEL_1
Success: True, Queries: 290, Similarity: 0.912

Example 22/1000
Original: Coming from Kiarostami, this art-house visual and sound exposition is a surprise. For a director kno...
Original label: LABEL_1
  Calculating word importance...
  Used 435 queries for importance ranking
  Attempting word replacements...
  ✓ Attack succeeded after 447 queries!
Perturbed label: LABEL_0
Success: True, Queries: 447, Similarity: 0.993

Example 23/1000
Original: In the early 00's, production companies had a short-lived craze for supernatural genre movies in Fra...
Original label: LABEL_0
  Calculating word importance...
  Used 475 queries for importance ranking
  Attempting word replacements...
Perturbed label: LABEL_0
Success: False, Queries: 1000, Similarity: 0.800

Example 24/1000
Original: I was so happy to learn that Hari Om will finally be theatrically released in 2007. I saw this film ...
Original label: LABEL_1
  Calculating word importance...
  Used 180 queries for importance ranking
  Attempting word replacements...
Perturbed label: LABEL_1
Success: False, Queries: 1000, Similarity: 0.801

Example 25/1000
Original: The gates of Hell opened up and spit out this film, then closed again.<br /><br />Watching this movi...
Original label: LABEL_0
  Calculating word importance...
  Used 130 queries for importance ranking
  Attempting word replacements...
  ✓ Attack succeeded after 141 queries!
Perturbed label: LABEL_1
Success: True, Queries: 141, Similarity: 0.933

Example 26/1000
Original: "In Love and War" is a simple feel-good TV-film, and should be viewed as such.<br /><br />(Possible ...
Original label: LABEL_1
  Calculating word importance...
  Used 210 queries for importance ranking
  Attempting word replacements...
  ✓ Attack succeeded after 481 queries!
Perturbed label: LABEL_0
Success: True, Queries: 481, Similarity: 0.831

Example 27/1000
Original: Not much to say other than plenty of Wire-fu and supposed Sholin monks ego-tripping about Kung-fu an...
Original label: LABEL_0
  Calculating word importance...
  Used 193 queries for importance ranking
  Attempting word replacements...
Perturbed label: LABEL_0
Success: False, Queries: 826, Similarity: 0.803

Example 28/1000
Original: It could be easy to complain about the quality of this movie (you don't have to throw cartloads of m...
Original label: LABEL_1
  Calculating word importance...
  Used 141 queries for importance ranking
  Attempting word replacements...
  ✓ Attack succeeded after 518 queries!
Perturbed label: LABEL_0
Success: True, Queries: 518, Similarity: 0.785

Example 29/1000
Original: I have always loved old movies but this is one of my top ten favorites...it has all the charm, 1940'...
Original label: LABEL_1
  Calculating word importance...
  Used 206 queries for importance ranking
  Attempting word replacements...
  ✓ Attack succeeded after 464 queries!
Perturbed label: LABEL_0
Success: True, Queries: 464, Similarity: 0.809

Example 30/1000
Original: I absolutely loved this movie. Great, realistic looking combat footage for one thing and a touching,...
Original label: LABEL_1
  Calculating word importance...
  Used 143 queries for importance ranking
  Attempting word replacements...
  ✓ Attack succeeded after 191 queries!
Perturbed label: LABEL_0
Success: True, Queries: 191, Similarity: 0.935

Example 31/1000
Original: Intended as light entertainment, this film is indeed successful as such during its first half, but t...
Original label: LABEL_0
  Calculating word importance...
  Used 340 queries for importance ranking
  Attempting word replacements...
  ✓ Attack succeeded after 341 queries!
Perturbed label: LABEL_1
Success: True, Queries: 341, Similarity: 0.998

Example 32/1000
Original: This is just one of those films which cannot justify much of anything that happens. These people are...
Original label: LABEL_0
  Calculating word importance...
  Used 128 queries for importance ranking
  Attempting word replacements...
Perturbed label: LABEL_0
Success: False, Queries: 935, Similarity: 0.801

Example 33/1000
Original: It's really too bad that nobody knows about this movie. I think if it were just spruced up a little ...
Original label: LABEL_1
  Calculating word importance...
  Used 101 queries for importance ranking
  Attempting word replacements...
  ✓ Attack succeeded after 197 queries!
Perturbed label: LABEL_0
Success: True, Queries: 197, Similarity: 0.818

Example 34/1000
Original: Unlike Terms of Endearment and Steel Magnolia's, I left the movie theater feeling VERY disappointed....
Original label: LABEL_0
  Calculating word importance...
  Used 80 queries for importance ranking
  Attempting word replacements...
Perturbed label: LABEL_0
Success: False, Queries: 464, Similarity: 0.804

Example 35/1000
Original: "An astronaut (Michael Emmet) dies while returning from a mission and his body is recovered by the m...
Original label: LABEL_0
  Calculating word importance...
  Used 152 queries for importance ranking
  Attempting word replacements...
Perturbed label: LABEL_0
Success: False, Queries: 713, Similarity: 0.801

Example 36/1000
Original: I recently rented this video after seeing "Final Ascent" by the same writer. I wasn't prepared for h...
Original label: LABEL_1
  Calculating word importance...
  Used 64 queries for importance ranking
  Attempting word replacements...
  ✓ Attack succeeded after 423 queries!
Perturbed label: LABEL_0
Success: True, Queries: 423, Similarity: 0.789

Example 37/1000
Original: Lovely music. Beautiful photography, some of scenes are breathtaking and affecting. But the dramatic...
Original label: LABEL_0
  Calculating word importance...
  Used 131 queries for importance ranking
  Attempting word replacements...
Perturbed label: LABEL_0
Success: False, Queries: 931, Similarity: 0.802

Example 38/1000
Original: As everyone knows, nobody can play Scarlett O'Hara like Vivien Leigh, and nobody can play Rhett Butl...
Original label: LABEL_0
  Calculating word importance...
  Used 320 queries for importance ranking
  Attempting word replacements...
  ✓ Attack succeeded after 612 queries!
Perturbed label: LABEL_1
Success: True, Queries: 612, Similarity: 0.882

Example 39/1000
Original: A very sensitive topic--15 y/o girl abandoned by mother as a baby and who goes to visit her, continu...
Original label: LABEL_0
  Calculating word importance...
  Used 169 queries for importance ranking
  Attempting word replacements...
  ✓ Attack succeeded after 170 queries!
Perturbed label: LABEL_1
Success: True, Queries: 170, Similarity: 1.000

Example 40/1000
Original: This is about some vampires (who can run around out in the sunlight), that are causing some problems...
Original label: LABEL_0
  Calculating word importance...
  Used 500 queries for importance ranking
  Attempting word replacements...
Perturbed label: LABEL_0
Success: False, Queries: 1000, Similarity: 0.812

Example 41/1000
Original: This film is bad. It's filled with glaring plot holes, characters who are ruled by stupidity, bad ac...
Original label: LABEL_0
  Calculating word importance...
  Used 57 queries for importance ranking
  Attempting word replacements...
Perturbed label: LABEL_0
Success: False, Queries: 359, Similarity: 0.805

Example 42/1000
Original: This movie is so bad that it actually gets funny. One of the worst movies I've ever seen in my entir...
Original label: LABEL_0
  Calculating word importance...
  Used 119 queries for importance ranking
  Attempting word replacements...
Perturbed label: LABEL_0
Success: False, Queries: 799, Similarity: 0.803

Example 43/1000
Original: Well, where to start describing this celluloid debacle? You already know the big fat NADA passing as...
Original label: LABEL_0
  Calculating word importance...
  Used 328 queries for importance ranking
  Attempting word replacements...
Perturbed label: LABEL_0
Success: False, Queries: 1000, Similarity: 0.801

Example 44/1000
Original: I really liked the movie 'The Emporer's New Groove', but watching this was like coming home and seei...
Original label: LABEL_0
  Calculating word importance...
  Used 120 queries for importance ranking
  Attempting word replacements...
Perturbed label: LABEL_0
Success: False, Queries: 656, Similarity: 0.805

Example 45/1000
Original: This thing, directed by french sensation Patrick Sebastien,is worst than all the turkeys that you ma...
Original label: LABEL_0
  Calculating word importance...
  Used 111 queries for importance ranking
  Attempting word replacements...
  ✓ Attack succeeded after 112 queries!
Perturbed label: LABEL_1
Success: True, Queries: 112, Similarity: 0.977

Example 46/1000
Original: I have done a lot of international travel, both on business and as a tourist. For both types I assur...
Original label: LABEL_1
  Calculating word importance...
  Used 168 queries for importance ranking
  Attempting word replacements...
  ✓ Attack succeeded after 229 queries!
Perturbed label: LABEL_0
Success: True, Queries: 229, Similarity: 0.974

Example 47/1000
Original: Late night on BBC1, was on my way to bed but curiosity piqued at a contemporary-set Irish film so I ...
Original label: LABEL_1
  Calculating word importance...
  Used 232 queries for importance ranking
  Attempting word replacements...
  ✓ Attack succeeded after 468 queries!
Perturbed label: LABEL_0
Success: True, Queries: 468, Similarity: 0.895

Example 48/1000
Original: Absolute grabber of a movie, and given its age, years ahead of its time. I first saw this the week m...
Original label: LABEL_1
  Calculating word importance...
  Used 206 queries for importance ranking
  Attempting word replacements...
  ✓ Attack succeeded after 573 queries!
Perturbed label: LABEL_0
Success: True, Queries: 573, Similarity: 0.909

Example 49/1000
Original: I saw Le Conseguenze Dell'Amore on the 2005 Rotterdam Filmfestival, It was the first of ten films I ...
Original label: LABEL_1
  Calculating word importance...
  Used 277 queries for importance ranking
  Attempting word replacements...
Perturbed label: LABEL_1
Success: False, Queries: 1000, Similarity: 0.804

Example 50/1000
Original: A not so good action thriller because it unsuccessfully trends the same water as early Steven Seagal...
Original label: LABEL_0
  Calculating word importance...
  Used 142 queries for importance ranking
  Attempting word replacements...
  ✓ Attack succeeded after 266 queries!
Perturbed label: LABEL_1
Success: True, Queries: 266, Similarity: 0.926

Example 51/1000
Original: Fantastic Chaplin movie with many memorable moments as Charlie joins the army to fight in WW 1.<br /...
Original label: LABEL_1
  Calculating word importance...
  Used 404 queries for importance ranking
  Attempting word replacements...
Perturbed label: LABEL_1
Success: False, Queries: 1000, Similarity: 0.802

Example 52/1000
Original: It is to typical of people complaining about something when they no nothing about it...So this is ab...
Original label: LABEL_1
  Calculating word importance...
  Used 187 queries for importance ranking
  Attempting word replacements...
  ✓ Attack succeeded after 459 queries!
Perturbed label: LABEL_0
Success: True, Queries: 459, Similarity: 0.853

Example 53/1000
Original: This series takes a classic story and makes rubbish of it. Robin is somehow mystified by an elk-man ...
Original label: LABEL_0
  Calculating word importance...
  Used 126 queries for importance ranking
  Attempting word replacements...
Perturbed label: LABEL_0
Success: False, Queries: 540, Similarity: 0.806

Example 54/1000
Original: There's a good running bit about the price tag of a silk negligee. The bimbo in the office shows off...
Original label: LABEL_0
  Calculating word importance...
  Used 206 queries for importance ranking
  Attempting word replacements...
  ✓ Attack succeeded after 208 queries!
Perturbed label: LABEL_1
Success: True, Queries: 208, Similarity: 0.999

Example 55/1000
Original: I especially liked the ending of this movie--I really felt what the characters must have felt, which...
Original label: LABEL_1
  Calculating word importance...
  Used 113 queries for importance ranking
  Attempting word replacements...
  ✓ Attack succeeded after 612 queries!
Perturbed label: LABEL_0
Success: True, Queries: 612, Similarity: 0.770

Example 56/1000
Original: I remember seeing this film in the mid 80's thought it a well paced and well acted piece. I now work...
Original label: LABEL_1
  Calculating word importance...
  Used 136 queries for importance ranking
  Attempting word replacements...
  ✓ Attack succeeded after 137 queries!
Perturbed label: LABEL_0
Success: True, Queries: 137, Similarity: 0.998

Example 57/1000
Original: I wasn't able to last ten minutes on the this terrible film. In and age of DV cameras, it looks to h...
Original label: LABEL_0
  Calculating word importance...
  Used 139 queries for importance ranking
  Attempting word replacements...
Perturbed label: LABEL_0
Success: False, Queries: 877, Similarity: 0.801

Example 58/1000
Original: At first I didn't think that the performance by Lauren Ambrose was anything but flaky, but as her ch...
Original label: LABEL_1
  Calculating word importance...
  Used 160 queries for importance ranking
  Attempting word replacements...
  ✓ Attack succeeded after 282 queries!
Perturbed label: LABEL_0
Success: True, Queries: 282, Similarity: 0.754

Example 59/1000
Original: I'd like to point out these excellent points in favor of this movie:<br /><br />#1 Angelina Jolie se...
Original label: LABEL_1
  Calculating word importance...
  Used 136 queries for importance ranking
  Attempting word replacements...
  ✓ Attack succeeded after 146 queries!
Perturbed label: LABEL_0
Success: True, Queries: 146, Similarity: 0.945

Example 60/1000
Original: Sex, drugs, racism and of course you ABC's. What more could you want in a kid's show!<br /><br />---...
Original label: LABEL_1
  Calculating word importance...
  Used 167 queries for importance ranking
  Attempting word replacements...
  ✓ Attack succeeded after 207 queries!
Perturbed label: LABEL_0
Success: True, Queries: 207, Similarity: 0.922

Example 61/1000
Original: Just above the box i am typing in now, i was required to pick a number between 1 and 10, and rate th...
Original label: LABEL_0
  Calculating word importance...
  Used 383 queries for importance ranking
  Attempting word replacements...
Perturbed label: LABEL_0
Success: False, Queries: 1000, Similarity: 0.803

Example 62/1000
Original: NBC should be ashamed. I wouldn't allow my children to see this. I definitely would tell my church t...
Original label: LABEL_0
  Calculating word importance...
  Used 126 queries for importance ranking
  Attempting word replacements...
Perturbed label: LABEL_0
Success: False, Queries: 793, Similarity: 0.811

Example 63/1000
Original: Film critics of the world, I apologize. It is your job to give advice to the moviegoing public so th...
Original label: LABEL_0
  Calculating word importance...
  Used 407 queries for importance ranking
  Attempting word replacements...
Perturbed label: LABEL_0
Success: False, Queries: 1000, Similarity: 0.801

Example 64/1000
Original: There are certain scenes in this film (like the hero's first meeting with super-villainess Shirley E...
Original label: LABEL_0
  Calculating word importance...
  Used 94 queries for importance ranking
  Attempting word replacements...
Perturbed label: LABEL_0
Success: False, Queries: 559, Similarity: 0.808

Example 65/1000
Original: this movie makes me laugh by even just thinking about it. such a smart comedy! very precise yet easy...
Original label: LABEL_1
  Calculating word importance...
  Used 127 queries for importance ranking
  Attempting word replacements...
Perturbed label: LABEL_1
Success: False, Queries: 801, Similarity: 0.803

Example 66/1000
Original: This movie is really bad, trying to create scientific explanations for zombies always ends up taking...
Original label: LABEL_0
  Calculating word importance...
  Used 220 queries for importance ranking
  Attempting word replacements...
Perturbed label: LABEL_0
Success: False, Queries: 1000, Similarity: 0.802

Example 67/1000
Original: some would argue this is better mainly because of the acting; but it is indeed far worse for reasons...
Original label: LABEL_0
  Calculating word importance...
  Used 210 queries for importance ranking
  Attempting word replacements...
Perturbed label: LABEL_0
Success: False, Queries: 1000, Similarity: 0.802

Example 68/1000
Original: Just a short comment! I want to say that I like this movie very much! Sandra Bullock is my favourite...
Original label: LABEL_1
  Calculating word importance...
  Used 49 queries for importance ranking
  Attempting word replacements...
Perturbed label: LABEL_1
Success: False, Queries: 210, Similarity: 0.805

Example 69/1000
Original: When I was young, I was a big fan of the Naked Gun movies but just recently I watched the show Polic...
Original label: LABEL_1
  Calculating word importance...
  Used 151 queries for importance ranking
  Attempting word replacements...
  ✓ Attack succeeded after 341 queries!
Perturbed label: LABEL_0
Success: True, Queries: 341, Similarity: 0.837

Example 70/1000
Original: Seeing the names of the starring actors (Statham, Snipes and Phillippe) I thought that the movie sho...
Original label: LABEL_0
  Calculating word importance...
  Used 134 queries for importance ranking
  Attempting word replacements...
Perturbed label: LABEL_0
Success: False, Queries: 712, Similarity: 0.801

Example 71/1000
Original: I used to always love the bill because of its great script and characters, but lately i feel as thou...
Original label: LABEL_0
  Calculating word importance...
  Used 332 queries for importance ranking
  Attempting word replacements...
  ✓ Attack succeeded after 345 queries!
Perturbed label: LABEL_1
Success: True, Queries: 345, Similarity: 1.000

Example 72/1000
Original: I am a regular reader of Kathy Reichs' Temperance Brennan novels. As such I am extremely surprised s...
Original label: LABEL_0
  Calculating word importance...
  Used 272 queries for importance ranking
  Attempting word replacements...
Perturbed label: LABEL_0
Success: False, Queries: 1000, Similarity: 0.800

Example 73/1000
Original: I saw this movie on the strength of the single positive review and I can only imagine that guy is a ...
Original label: LABEL_0
  Calculating word importance...
  Used 155 queries for importance ranking
  Attempting word replacements...
Perturbed label: LABEL_0
Success: False, Queries: 806, Similarity: 0.800

Example 74/1000
Original: This movie is an amazing comedy.. the script is too funny.. if u watch it more than once you will en...
Original label: LABEL_1
  Calculating word importance...
  Used 63 queries for importance ranking
  Attempting word replacements...
  ✓ Attack succeeded after 79 queries!
Perturbed label: LABEL_0
Success: True, Queries: 79, Similarity: 0.945

Example 75/1000
Original: I saw this movie, and I do like horror movies.<br /><br />I did not know what to expect, but as soon...
Original label: LABEL_0
  Calculating word importance...
  Used 204 queries for importance ranking
  Attempting word replacements...
Perturbed label: LABEL_0
Success: False, Queries: 1000, Similarity: 0.802

Example 76/1000
Original: A truly masterful piece of filmmaking. It managed to put me to sleep and to boggle my mind. So borin...
Original label: LABEL_1
  Calculating word importance...
  Used 59 queries for importance ranking
  Attempting word replacements...
  ✓ Attack succeeded after 60 queries!
Perturbed label: LABEL_0
Success: True, Queries: 60, Similarity: 0.989

Example 77/1000
Original: This is going to be my first review on IMDb and I'm glad that the standard rating is 1 out of 10 bec...
Original label: LABEL_0
  Calculating word importance...
  Used 268 queries for importance ranking
  Attempting word replacements...
Perturbed label: LABEL_0
Success: False, Queries: 1000, Similarity: 0.802

Example 78/1000
Original: As far as I know this was my first experience with Icelandic movies. It's such a relief to see somet...
Original label: LABEL_1
  Calculating word importance...
  Used 143 queries for importance ranking
  Attempting word replacements...
Perturbed label: LABEL_1
Success: False, Queries: 869, Similarity: 0.800

Example 79/1000
Original: All I can do is echo the sentiment already expressed by some of the other commenters. This is CITY O...
Original label: LABEL_1
  Calculating word importance...
  Used 219 queries for importance ranking
  Attempting word replacements...
  ✓ Attack succeeded after 225 queries!
Perturbed label: LABEL_0
Success: True, Queries: 225, Similarity: 0.998

Example 80/1000
Original: First, the positives: an excellent job at depicting urban landscapes to suit the mood of the film. S...
Original label: LABEL_1
  Calculating word importance...
  Used 89 queries for importance ranking
  Attempting word replacements...
  ✓ Attack succeeded after 90 queries!
Perturbed label: LABEL_0
Success: True, Queries: 90, Similarity: 0.994

Example 81/1000
Original: Now and again, a film comes around purely by accident that makes you doubt your sanity. We just fini...
Original label: LABEL_0
  Calculating word importance...
  Used 268 queries for importance ranking
  Attempting word replacements...
Perturbed label: LABEL_0
Success: False, Queries: 1000, Similarity: 0.801

Example 82/1000
Original: What an awesome mini-series. The original TRAFFIK completely stole me away from anything else that w...
Original label: LABEL_1
  Calculating word importance...
  Used 290 queries for importance ranking
  Attempting word replacements...
  ✓ Attack succeeded after 291 queries!
Perturbed label: LABEL_0
Success: True, Queries: 291, Similarity: 0.985

Example 83/1000
Original: It has a bit of that indie queer edge that was hip in the 90s and which places an explicit sell-by d...
Original label: LABEL_0
  Calculating word importance...
  Used 153 queries for importance ranking
  Attempting word replacements...
Perturbed label: LABEL_0
Success: False, Queries: 847, Similarity: 0.803

Example 84/1000
Original: I watched Pola X because Scott Walker composed the film score and I admire his music a lot. Frankly,...
Original label: LABEL_1
  Calculating word importance...
  Used 181 queries for importance ranking
  Attempting word replacements...
Perturbed label: LABEL_1
Success: False, Queries: 882, Similarity: 0.801

Example 85/1000
Original: You can tell that this is the first offering by the Director (who also wrote it), but you can also s...
Original label: LABEL_1
  Calculating word importance...
  Used 138 queries for importance ranking
  Attempting word replacements...
  ✓ Attack succeeded after 174 queries!
Perturbed label: LABEL_0
Success: True, Queries: 174, Similarity: 0.941

Example 86/1000
Original: This film was incredible! Looked high budget but felt heartfelt and original like an Indie. The most...
Original label: LABEL_1
  Calculating word importance...
  Used 124 queries for importance ranking
  Attempting word replacements...
Perturbed label: LABEL_1
Success: False, Queries: 784, Similarity: 0.800

Example 87/1000
Original: I viewed my videotape last night, for the first time in at least ten years. I found the work itself ...
Original label: LABEL_1
  Calculating word importance...
  Used 257 queries for importance ranking
  Attempting word replacements...
  ✓ Attack succeeded after 688 queries!
Perturbed label: LABEL_0
Success: True, Queries: 688, Similarity: 0.846

Example 88/1000
Original: Heart of Darkness was terrible. The novel was difficult enough to understand, but when a production ...
Original label: LABEL_0
  Calculating word importance...
  Used 136 queries for importance ranking
  Attempting word replacements...
Perturbed label: LABEL_0
Success: False, Queries: 790, Similarity: 0.801

Example 89/1000
Original: i was having a horrid day but this movie grabbed me, and i couldn't put it down until the end... and...
Original label: LABEL_0
  Calculating word importance...
  Used 500 queries for importance ranking
  Attempting word replacements...
Perturbed label: LABEL_0
Success: False, Queries: 1000, Similarity: 0.804

Example 90/1000
Original: "Two Hands" is an entertaining, funny story about Australian lowlifes. The screenplay contrasts the ...
Original label: LABEL_1
  Calculating word importance...
  Used 164 queries for importance ranking
  Attempting word replacements...
  ✓ Attack succeeded after 198 queries!
Perturbed label: LABEL_0
Success: True, Queries: 198, Similarity: 0.883

Example 91/1000
Original: Just watched this today on TCM, where the other reviewers here saw it.<br /><br />Sorry that I was t...
Original label: LABEL_0
  Calculating word importance...
  Used 296 queries for importance ranking
  Attempting word replacements...
  ✓ Attack succeeded after 297 queries!
Perturbed label: LABEL_1
Success: True, Queries: 297, Similarity: 1.000

Example 92/1000
Original: Mr Baseball was a fun video rental with my Fiancé Susan Nauss. Susan said that she had been looking ...
Original label: LABEL_1
  Calculating word importance...
  Used 204 queries for importance ranking
  Attempting word replacements...
  ✓ Attack succeeded after 227 queries!
Perturbed label: LABEL_0
Success: True, Queries: 227, Similarity: 0.990

Example 93/1000
Original: "Opposing Force [1986]" wasn't as good as "Dr. Strangelove" and it wasn't as good as "The Bridge on ...
Original label: LABEL_0
  Calculating word importance...
  Used 325 queries for importance ranking
  Attempting word replacements...
Perturbed label: LABEL_0
Success: False, Queries: 1000, Similarity: 0.809

Example 94/1000
Original: Crackerjack is another classic Aussie film. As so many Australian films like The Castle, The Dish an...
Original label: LABEL_1
  Calculating word importance...
  Used 117 queries for importance ranking
  Attempting word replacements...
  ✓ Attack succeeded after 289 queries!
Perturbed label: LABEL_0
Success: True, Queries: 289, Similarity: 0.806

Example 95/1000
Original: Clearly this film was made for a newer generation that may or may not have had an inkling of Charles...
Original label: LABEL_0
  Calculating word importance...
  Used 308 queries for importance ranking
  Attempting word replacements...
Perturbed label: LABEL_0
Success: False, Queries: 1000, Similarity: 0.802

Example 96/1000
Original: I've seen some terrible book-to-film adaptations in my day, but this one tops them all! The bizarrel...
Original label: LABEL_0
  Calculating word importance...
  Used 164 queries for importance ranking
  Attempting word replacements...
Perturbed label: LABEL_0
Success: False, Queries: 856, Similarity: 0.803

Example 97/1000
Original: I see that C. Thomas Howell has appeared in many movies since his heyday in the 80s as an accomplish...
Original label: LABEL_0
  Calculating word importance...
  Used 205 queries for importance ranking
  Attempting word replacements...
Perturbed label: LABEL_0
Success: False, Queries: 1000, Similarity: 0.802

Example 98/1000
Original: Wow! What a movie if you want to blow your budget on the title and have it look real bad ask the guy...
Original label: LABEL_0
  Calculating word importance...
  Used 66 queries for importance ranking
  Attempting word replacements...
Perturbed label: LABEL_0
Success: False, Queries: 444, Similarity: 0.801

Example 99/1000
Original: There are few films that deal with things that I would consider myself an expert on, this one is.<br...
Original label: LABEL_0
  Calculating word importance...
  Used 301 queries for importance ranking
  Attempting word replacements...
Perturbed label: LABEL_0
Success: False, Queries: 1000, Similarity: 0.802

Example 100/1000
Original: One of the best! As being a fan of the civil war, I was very pleased with the first installment of t...
Original label: LABEL_1
  Calculating word importance...
  Used 168 queries for importance ranking
  Attempting word replacements...
Perturbed label: LABEL_1
Success: False, Queries: 791, Similarity: 0.801

Example 101/1000
Original: I wish I would have read more reviews and more opinions about this movie before I rented it. A waste...
Original label: LABEL_0
  Calculating word importance...
  Used 125 queries for importance ranking
  Attempting word replacements...
Perturbed label: LABEL_0
Success: False, Queries: 625, Similarity: 0.804

Example 102/1000
Original: Today You Die was the 4th Seagal movie in a mini marathon I just held. Wow, I don't know where to st...
Original label: LABEL_0
  Calculating word importance...
  Used 125 queries for importance ranking
  Attempting word replacements...
Perturbed label: LABEL_0
Success: False, Queries: 616, Similarity: 0.801

Example 103/1000
Original: Stop me if you hard this one before, some cheerleaders, their coach and a couple guys are trapped wi...
Original label: LABEL_0
  Calculating word importance...
  Used 179 queries for importance ranking
  Attempting word replacements...
Perturbed label: LABEL_0
Success: False, Queries: 938, Similarity: 0.803

Example 104/1000
Original: Great cult flick for MST-3K types: Richard Boone is a mess -- bad hair, arthritis, even his dark gla...
Original label: LABEL_0
  Calculating word importance...
  Used 52 queries for importance ranking
  Attempting word replacements...
Perturbed label: LABEL_0
Success: False, Queries: 382, Similarity: 0.806

Example 105/1000
Original: I have fond memories of watching this when it came out. It's one of those films that you know is rub...
Original label: LABEL_1
  Calculating word importance...
  Used 64 queries for importance ranking
  Attempting word replacements...
  ✓ Attack succeeded after 68 queries!
Perturbed label: LABEL_0
Success: True, Queries: 68, Similarity: 0.997

Example 106/1000
Original: I turned this off within the first five minutes. It's very sick and disturbing, the moment I turned ...
Original label: LABEL_0
  Calculating word importance...
  Used 161 queries for importance ranking
  Attempting word replacements...
Perturbed label: LABEL_0
Success: False, Queries: 837, Similarity: 0.807

Example 107/1000
Original: Family guy. When the show first aired, it was fresh, original, and actually quite funny. Now, I have...
Original label: LABEL_0
  Calculating word importance...
  Used 172 queries for importance ranking
  Attempting word replacements...
Perturbed label: LABEL_0
Success: False, Queries: 965, Similarity: 0.800

Example 108/1000
Original: This movie defines the word "confused". All the actors stay true to the script. More's the pity, bec...
Original label: LABEL_0
  Calculating word importance...
  Used 60 queries for importance ranking
  Attempting word replacements...
Perturbed label: LABEL_0
Success: False, Queries: 338, Similarity: 0.801

Example 109/1000
Original: This is, without a doubt, the most hilarious movie I've ever seen. Seriously, if the makers of this ...
Original label: LABEL_1
  Calculating word importance...
  Used 45 queries for importance ranking
  Attempting word replacements...
  ✓ Attack succeeded after 70 queries!
Perturbed label: LABEL_0
Success: True, Queries: 70, Similarity: 0.875

Example 110/1000
Original: Well, it is standard Hollywood schmaltz that you can see coming a mile off. It's enjoyable in parts ...
Original label: LABEL_0
  Calculating word importance...
  Used 128 queries for importance ranking
  Attempting word replacements...
Perturbed label: LABEL_0
Success: False, Queries: 849, Similarity: 0.805

Example 111/1000
Original: Rickman is sexy and good, but the "stranger" is less convincing - Reedus is sort of sexy, but he is ...
Original label: LABEL_0
  Calculating word importance...
  Used 163 queries for importance ranking
  Attempting word replacements...
  ✓ Attack succeeded after 166 queries!
Perturbed label: LABEL_1
Success: True, Queries: 166, Similarity: 0.998

Example 112/1000
Original: It was probably watching this TV movie that got me interested in the debate as to whether "Anna" was...
Original label: LABEL_1
  Calculating word importance...
  Used 306 queries for importance ranking
  Attempting word replacements...
Perturbed label: LABEL_1
Success: False, Queries: 1000, Similarity: 0.805

Example 113/1000
Original: I saw this fine flick shortly leaving college. As I sat there happily watching Alice go from repress...
Original label: LABEL_1
  Calculating word importance...
  Used 288 queries for importance ranking
  Attempting word replacements...
  ✓ Attack succeeded after 289 queries!
Perturbed label: LABEL_0
Success: True, Queries: 289, Similarity: 0.988

Example 114/1000
Original: Every year there's one can't-miss much-anticipated red-hot big-budget title with the right combinati...
Original label: LABEL_1
  Calculating word importance...
  Used 388 queries for importance ranking
  Attempting word replacements...
Perturbed label: LABEL_1
Success: False, Queries: 1000, Similarity: 0.802

Example 115/1000
Original: Billed as a romantic comedy set against the early years of WWII it fails to deliver. The problem is ...
Original label: LABEL_0
  Calculating word importance...
  Used 119 queries for importance ranking
  Attempting word replacements...
Perturbed label: LABEL_0
Success: False, Queries: 708, Similarity: 0.802

Example 116/1000
Original: This interesting film noir features three very good performances: Sanders, Patrick, and Blackmer. Th...
Original label: LABEL_1
  Calculating word importance...
  Used 274 queries for importance ranking
  Attempting word replacements...
Perturbed label: LABEL_1
Success: False, Queries: 1000, Similarity: 0.801

Example 117/1000
Original: Wow. When I went to this film at the Toronto film festival I had no idea what I was in for. This mov...
Original label: LABEL_1
  Calculating word importance...
  Used 142 queries for importance ranking
  Attempting word replacements...
Perturbed label: LABEL_1
Success: False, Queries: 899, Similarity: 0.812

Example 118/1000
Original: * Some spoilers *<br /><br />This movie is sometimes subtitled "Life Everlasting." That's often take...
Original label: LABEL_0
  Calculating word importance...
  Used 500 queries for importance ranking
  Attempting word replacements...
Perturbed label: LABEL_0
Success: False, Queries: 1000, Similarity: 0.801

Example 119/1000
Original: Deepa Mehta's "Fire" is groundbreaking, bold, and artistic. A masterful social commentary on the pli...
Original label: LABEL_1
  Calculating word importance...
  Used 151 queries for importance ranking
  Attempting word replacements...
  ✓ Attack succeeded after 453 queries!
Perturbed label: LABEL_0
Success: True, Queries: 453, Similarity: 0.825

Example 120/1000
Original: Bears about as much resemblance to Dean Koontz's novel as Jessica Simpson does to a rocket scientist...
Original label: LABEL_0
  Calculating word importance...
  Used 409 queries for importance ranking
  Attempting word replacements...
Perturbed label: LABEL_0
Success: False, Queries: 1000, Similarity: 0.801

Example 121/1000
Original: To be fair, it has been several years since I watched the bile committed to celluloid known as "Here...
Original label: LABEL_0
  Calculating word importance...
  Used 380 queries for importance ranking
  Attempting word replacements...
Perturbed label: LABEL_0
Success: False, Queries: 1000, Similarity: 0.803

Example 122/1000
Original: I have read each and every one of Baroness Orczy's Scarlet Pimpernel books. Counting this one, I hav...
Original label: LABEL_0
  Calculating word importance...
  Used 111 queries for importance ranking
  Attempting word replacements...
  ✓ Attack succeeded after 113 queries!
Perturbed label: LABEL_1
Success: True, Queries: 113, Similarity: 1.000

Example 123/1000
Original: This film was a Mexican made horror film from the late 60s. It's not that good, but really not so ba...
Original label: LABEL_0
  Calculating word importance...
  Used 322 queries for importance ranking
  Attempting word replacements...
Perturbed label: LABEL_0
Success: False, Queries: 1000, Similarity: 0.801

Example 124/1000
Original: Found this movie in a rental store. Never heard about it before, but it was a good movie. Great acti...
Original label: LABEL_1
  Calculating word importance...
  Used 48 queries for importance ranking
  Attempting word replacements...
  ✓ Attack succeeded after 95 queries!
Perturbed label: LABEL_0
Success: True, Queries: 95, Similarity: 0.904

Example 125/1000
Original: Johnny Crawford is great in this movie of a troubled teen coming of age in a generation that was in ...
Original label: LABEL_1
  Calculating word importance...
  Used 145 queries for importance ranking
  Attempting word replacements...
  ✓ Attack succeeded after 756 queries!
Perturbed label: LABEL_0
Success: True, Queries: 756, Similarity: 0.797

Example 126/1000
Original: OK...ths film (like Segal's last few films) once again goes beyond the "knock 'em down, kick 'em in ...
Original label: LABEL_1
  Calculating word importance...
  Used 118 queries for importance ranking
  Attempting word replacements...
  ✓ Attack succeeded after 163 queries!
Perturbed label: LABEL_0
Success: True, Queries: 163, Similarity: 0.942

Example 127/1000
Original: imagine if you took the Christ myth, mixed it with a healthy dose of porn, against a backdrop of bad...
Original label: LABEL_0
  Calculating word importance...
  Used 116 queries for importance ranking
  Attempting word replacements...
  ✓ Attack succeeded after 119 queries!
Perturbed label: LABEL_1
Success: True, Queries: 119, Similarity: 0.985

Example 128/1000
Original: Finally! Third time lucky. This film has been always been on my mind, but my first viewing I forgot ...
Original label: LABEL_1
  Calculating word importance...
  Used 500 queries for importance ranking
  Attempting word replacements...
Perturbed label: LABEL_1
Success: False, Queries: 1000, Similarity: 0.803

Example 129/1000
Original: This is not a good movie. It is a tried remake of the English movie 'The Hitch'. But it insults the ...
Original label: LABEL_0
  Calculating word importance...
  Used 201 queries for importance ranking
  Attempting word replacements...
Perturbed label: LABEL_0
Success: False, Queries: 1000, Similarity: 0.803

Example 130/1000
Original: Jessica Bohl plays Daphne, the sexually precocious suburban teenager struggling with the hell of hig...
Original label: LABEL_1
  Calculating word importance...
  Used 315 queries for importance ranking
  Attempting word replacements...
Perturbed label: LABEL_1
Success: False, Queries: 1000, Similarity: 0.806

Example 131/1000
Original: A woman in love with her husband (he's suicidal) decides to have a baby to save his life. She's been...
Original label: LABEL_0
  Calculating word importance...
  Used 151 queries for importance ranking
  Attempting word replacements...
Perturbed label: LABEL_0
Success: False, Queries: 698, Similarity: 0.800

Example 132/1000
Original: Is this supposed to be serious? I hope not. This is one of the most pathetically hilarious movies I'...
Original label: LABEL_0
  Calculating word importance...
  Used 127 queries for importance ranking
  Attempting word replacements...
Perturbed label: LABEL_0
Success: False, Queries: 652, Similarity: 0.800

Example 133/1000
Original: This should be re-named "Everybody Loves Sebastian". The 1983 rural go-nowhere town high school juni...
Original label: LABEL_0
  Calculating word importance...
  Used 300 queries for importance ranking
  Attempting word replacements...
Perturbed label: LABEL_0
Success: False, Queries: 1000, Similarity: 0.802

Example 134/1000
Original: I was at the premier of the movie last night in Rome. I am not an expert in the book, however there ...
Original label: LABEL_1
  Calculating word importance...
  Used 321 queries for importance ranking
  Attempting word replacements...
  ✓ Attack succeeded after 595 queries!
Perturbed label: LABEL_0
Success: True, Queries: 595, Similarity: 0.823

Example 135/1000
Original: "Lights of New York" originally started out as an experimental two reel Vitaphone short that eventua...
Original label: LABEL_0
  Calculating word importance...
  Used 443 queries for importance ranking
  Attempting word replacements...
  ✓ Attack succeeded after 444 queries!
Perturbed label: LABEL_1
Success: True, Queries: 444, Similarity: 0.977

Example 136/1000
Original: Heath Ledgers acting in this film really bugs me, but overall its a great watch. Bryan Brown is exce...
Original label: LABEL_1
  Calculating word importance...
  Used 104 queries for importance ranking
  Attempting word replacements...
Perturbed label: LABEL_1
Success: False, Queries: 468, Similarity: 0.801

Example 137/1000
Original: I have read several reviews that ask the question, "Why was this film made"? I myself found that que...
Original label: LABEL_0
  Calculating word importance...
  Used 500 queries for importance ranking
  Attempting word replacements...
Perturbed label: LABEL_0
Success: False, Queries: 1000, Similarity: 0.803

Example 138/1000
Original: Let me break down this film for you...<br /><br />The first fifteen minutes are a showcase for terri...
Original label: LABEL_0
  Calculating word importance...
  Used 463 queries for importance ranking
  Attempting word replacements...
Perturbed label: LABEL_0
Success: False, Queries: 1000, Similarity: 0.802

Example 139/1000
Original: This film is brilliant it has cute little dolphins in it and its a great storyline and it has elijah...
Original label: LABEL_1
  Calculating word importance...
  Used 51 queries for importance ranking
  Attempting word replacements...
Perturbed label: LABEL_1
Success: False, Queries: 405, Similarity: 0.802

Example 140/1000
Original: Don't listen to what the critics have always said about this cute, charming little movie. Madonna is...
Original label: LABEL_1
  Calculating word importance...
  Used 69 queries for importance ranking
  Attempting word replacements...
  ✓ Attack succeeded after 174 queries!
Perturbed label: LABEL_0
Success: True, Queries: 174, Similarity: 0.820

Example 141/1000
Original: I thought it will be a Ok movie after seeing the commercials about it. It was funny at some parts an...
Original label: LABEL_0
  Calculating word importance...
  Used 75 queries for importance ranking
  Attempting word replacements...
  ✓ Attack succeeded after 81 queries!
Perturbed label: LABEL_1
Success: True, Queries: 81, Similarity: 0.996

Example 142/1000
Original: UK-born Australian helmer Alex Frayne calls for attention with his strange, necessitating a meticulo...
Original label: LABEL_1
  Calculating word importance...
  Used 500 queries for importance ranking
  Attempting word replacements...
Perturbed label: LABEL_1
Success: False, Queries: 1000, Similarity: 0.801

Example 143/1000
Original: Before seeing this film, I suggest the viewer puts away any expectations that the victims of the cri...
Original label: LABEL_1
  Calculating word importance...
  Used 190 queries for importance ranking
  Attempting word replacements...
  ✓ Attack succeeded after 451 queries!
Perturbed label: LABEL_0
Success: True, Queries: 451, Similarity: 0.891

Example 144/1000
Original: Get Smart should be titled Get Stupid. There is not one funny line or gag in the entire film. This f...
Original label: LABEL_0
  Calculating word importance...
  Used 135 queries for importance ranking
  Attempting word replacements...
Perturbed label: LABEL_0
Success: False, Queries: 915, Similarity: 0.801

Example 145/1000
Original: This is a cute little French silent comedy about a man who bets another that he can't stay in this c...
Original label: LABEL_1
  Calculating word importance...
  Used 179 queries for importance ranking
  Attempting word replacements...
  ✓ Attack succeeded after 211 queries!
Perturbed label: LABEL_0
Success: True, Queries: 211, Similarity: 0.957

Example 146/1000
Original: First off, I just want to say that this show could've done well, way better than it's doing now. Wha...
Original label: LABEL_0
  Calculating word importance...
  Used 190 queries for importance ranking
  Attempting word replacements...
Perturbed label: LABEL_0
Success: False, Queries: 1000, Similarity: 0.804

Example 147/1000
Original: "Tenchi Muyo In Love 2" is the third Tenchi movie. It seemed that its creators took elements from th...
Original label: LABEL_0
  Calculating word importance...
  Used 108 queries for importance ranking
  Attempting word replacements...
  ✓ Attack succeeded after 109 queries!
Perturbed label: LABEL_1
Success: True, Queries: 109, Similarity: 0.999

Example 148/1000
Original: "Black Dragons" is a second feature WWII propaganda film popular at the time. It's not as bad as som...
Original label: LABEL_0
  Calculating word importance...
  Used 247 queries for importance ranking
  Attempting word replacements...
  ✓ Attack succeeded after 251 queries!
Perturbed label: LABEL_1
Success: True, Queries: 251, Similarity: 1.000

Example 149/1000
Original: Wagon Master is a very unique film amongst John Ford's work. Mainly because it's the only one that i...
Original label: LABEL_1
  Calculating word importance...
  Used 383 queries for importance ranking
  Attempting word replacements...
Perturbed label: LABEL_1
Success: False, Queries: 1000, Similarity: 0.800

Example 150/1000
Original: In this film Gary Oldman plays a defense attorney, who was formerly a prosecutor. He is a bit tormen...
Original label: LABEL_0
  Calculating word importance...
  Used 123 queries for importance ranking
  Attempting word replacements...
Perturbed label: LABEL_0
Success: False, Queries: 673, Similarity: 0.802

Example 151/1000
Original: Was this supposed to be funny? This is one of those films that just doesn't work. The first one, Bru...
Original label: LABEL_0
  Calculating word importance...
  Used 148 queries for importance ranking
  Attempting word replacements...
Perturbed label: LABEL_0
Success: False, Queries: 770, Similarity: 0.803

Example 152/1000
Original: It's a shame Barry Humphries infamous Sir Les Patterson character had it's film debut in this under ...
Original label: LABEL_0
  Calculating word importance...
  Used 187 queries for importance ranking
  Attempting word replacements...
Perturbed label: LABEL_0
Success: False, Queries: 1000, Similarity: 0.801

Example 153/1000
Original: I really hoped for the best with this one, but it just didn't happen. Financed at a very non-dutch m...
Original label: LABEL_0
  Calculating word importance...
  Used 96 queries for importance ranking
  Attempting word replacements...
Perturbed label: LABEL_0
Success: False, Queries: 535, Similarity: 0.802

Example 154/1000
Original: I would say to the foreign people who have seen this movie and who did not understand it that it is ...
Original label: LABEL_1
  Calculating word importance...
  Used 67 queries for importance ranking
  Attempting word replacements...
  ✓ Attack succeeded after 231 queries!
Perturbed label: LABEL_0
Success: True, Queries: 231, Similarity: 0.801

Example 155/1000
Original: This movie was absolutely one of the worst movies I have ever seen. The plot could have been made to...
Original label: LABEL_0
  Calculating word importance...
  Used 88 queries for importance ranking
  Attempting word replacements...
Perturbed label: LABEL_0
Success: False, Queries: 739, Similarity: 0.807

Example 156/1000
Original: 1st watched 2/18/2007 - 4 out of 10(Dir-Leon Leonard): Fair adventure movie based on a novel by the ...
Original label: LABEL_0
  Calculating word importance...
  Used 394 queries for importance ranking
  Attempting word replacements...
Perturbed label: LABEL_0
Success: False, Queries: 1000, Similarity: 0.800

Example 157/1000
Original: This is a great horror movie. Great Plot. And a person with a fear of midgets will definately love t...
Original label: LABEL_1
  Calculating word importance...
  Used 45 queries for importance ranking
  Attempting word replacements...
  ✓ Attack succeeded after 198 queries!
Perturbed label: LABEL_0
Success: True, Queries: 198, Similarity: 0.800

Example 158/1000
Original: I happened to leave HBO on last night following Six Feet Under. What ran next has left me speechless...
Original label: LABEL_1
  Calculating word importance...
  Used 56 queries for importance ranking
  Attempting word replacements...
  ✓ Attack succeeded after 205 queries!
Perturbed label: LABEL_0
Success: True, Queries: 205, Similarity: 0.797

Example 159/1000
Original: Having just borrowing the Series one DVD collection from my somewhat obsessive brother, I was expect...
Original label: LABEL_1
  Calculating word importance...
  Used 370 queries for importance ranking
  Attempting word replacements...
  ✓ Attack succeeded after 739 queries!
Perturbed label: LABEL_0
Success: True, Queries: 739, Similarity: 0.744

Example 160/1000
Original: Steve Martin looks like he's had a face lift. Something very strange about his face. I usually like ...
Original label: LABEL_0
  Calculating word importance...
  Used 56 queries for importance ranking
  Attempting word replacements...
Perturbed label: LABEL_0
Success: False, Queries: 354, Similarity: 0.820

Example 161/1000
Original: I wasn't sure where this was headed until the ending. when it turned out that this was all a liberal...
Original label: LABEL_0
  Calculating word importance...
  Used 134 queries for importance ranking
  Attempting word replacements...
Perturbed label: LABEL_0
Success: False, Queries: 816, Similarity: 0.801

Example 162/1000
Original: I have noticed that people have asked if anyone has this show. I have all 26 episodes that aired in ...
Original label: LABEL_1
  Calculating word importance...
  Used 153 queries for importance ranking
  Attempting word replacements...
  ✓ Attack succeeded after 323 queries!
Perturbed label: LABEL_0
Success: True, Queries: 323, Similarity: 0.812

Example 163/1000
Original: Okay, to be fair this movie did have an interesting concept. Given a few script rewrites, some decen...
Original label: LABEL_0
  Calculating word importance...
  Used 49 queries for importance ranking
  Attempting word replacements...
Perturbed label: LABEL_0
Success: False, Queries: 296, Similarity: 0.807

Example 164/1000
Original: This short was director Del Lord's last and only Shemp short. The problem: It was quite weak and the...
Original label: LABEL_0
  Calculating word importance...
  Used 167 queries for importance ranking
  Attempting word replacements...
  ✓ Attack succeeded after 180 queries!
Perturbed label: LABEL_1
Success: True, Queries: 180, Similarity: 0.989

Example 165/1000
Original: I haven't laughed so much in a theater in years. The only problem is that it was not the intent of t...
Original label: LABEL_0
  Calculating word importance...
  Used 238 queries for importance ranking
  Attempting word replacements...
Perturbed label: LABEL_0
Success: False, Queries: 1000, Similarity: 0.804

Example 166/1000
Original: There is a serious scene in this movie. A scene that lets you know that his film won't be pulling ma...
Original label: LABEL_1
  Calculating word importance...
  Used 500 queries for importance ranking
  Attempting word replacements...
  ✓ Attack succeeded after 638 queries!
Perturbed label: LABEL_0
Success: True, Queries: 638, Similarity: 0.920

Example 167/1000
Original: Everyone knows that Lindburgh succeeded in the first transatlantic flight. So how can there be any s...
Original label: LABEL_1
  Calculating word importance...
  Used 123 queries for importance ranking
  Attempting word replacements...
  ✓ Attack succeeded after 287 queries!
Perturbed label: LABEL_0
Success: True, Queries: 287, Similarity: 0.817

Example 168/1000
Original: The director seems like a good, solid man. His parents struggle with the same issues we all cope wit...
Original label: LABEL_0
  Calculating word importance...
  Used 153 queries for importance ranking
  Attempting word replacements...
  ✓ Attack succeeded after 449 queries!
Perturbed label: LABEL_1
Success: True, Queries: 449, Similarity: 0.795

Example 169/1000
Original: I waited a long time to finally see what I thought was going to be a fun caper flick and was shocked...
Original label: LABEL_0
  Calculating word importance...
  Used 241 queries for importance ranking
  Attempting word replacements...
Perturbed label: LABEL_0
Success: False, Queries: 1000, Similarity: 0.800

Example 170/1000
Original: Don't get me wrong, I love the TV series of League Of Gentlemen. It was funny, twisted and completel...
Original label: LABEL_0
  Calculating word importance...
  Used 253 queries for importance ranking
  Attempting word replacements...
Perturbed label: LABEL_0
Success: False, Queries: 1000, Similarity: 0.814

Example 171/1000
Original: I saw this movie with my mother, and I loved it! It was such a sweet story, (Not to mention funny be...
Original label: LABEL_1
  Calculating word importance...
  Used 153 queries for importance ranking
  Attempting word replacements...
  ✓ Attack succeeded after 222 queries!
Perturbed label: LABEL_0
Success: True, Queries: 222, Similarity: 0.915

Example 172/1000
Original: Chris Smith's American Movie is an insightful examination of the American dream. The movie focuses a...
Original label: LABEL_1
  Calculating word importance...
  Used 247 queries for importance ranking
  Attempting word replacements...
Perturbed label: LABEL_1
Success: False, Queries: 1000, Similarity: 0.801

Example 173/1000
Original: OK I watched this movie. Someone needs to kick me. WHY must the Olsen twins insist on subjecting the...
Original label: LABEL_0
  Calculating word importance...
  Used 122 queries for importance ranking
  Attempting word replacements...
Perturbed label: LABEL_0
Success: False, Queries: 534, Similarity: 0.801

Example 174/1000
Original: Gordon Scott made some good Tarzan movies, but this is not one of them.<br /><br />As I watched it, ...
Original label: LABEL_0
  Calculating word importance...
  Used 178 queries for importance ranking
  Attempting word replacements...
Perturbed label: LABEL_0
Success: False, Queries: 977, Similarity: 0.805

Example 175/1000
Original: This movie was playing on Lifetime Movie Network last month and I decided to check it out. I watched...
Original label: LABEL_0
  Calculating word importance...
  Used 364 queries for importance ranking
  Attempting word replacements...
Perturbed label: LABEL_0
Success: False, Queries: 1000, Similarity: 0.801

Example 176/1000
Original: If you have ever wanted to know more about cab drivers, then this is an excellent movie to watch, fo...
Original label: LABEL_1
  Calculating word importance...
  Used 500 queries for importance ranking
  Attempting word replacements...
  ✓ Attack succeeded after 501 queries!
Perturbed label: LABEL_0
Success: True, Queries: 501, Similarity: 0.994

Example 177/1000
Original: The episode begins with scenes of a dead woman bather washed up on the shore, a forlorn Jim strollin...
Original label: LABEL_1
  Calculating word importance...
  Used 178 queries for importance ranking
  Attempting word replacements...
  ✓ Attack succeeded after 376 queries!
Perturbed label: LABEL_0
Success: True, Queries: 376, Similarity: 0.842

Example 178/1000
Original: For all of us American Deneuve fans, this little gem is a little tough to get ahold of. Fortunately,...
Original label: LABEL_1
  Calculating word importance...
  Used 304 queries for importance ranking
  Attempting word replacements...
  ✓ Attack succeeded after 464 queries!
Perturbed label: LABEL_0
Success: True, Queries: 464, Similarity: 0.876

Example 179/1000
Original: I have seen many many movies and this just totally blew my mind. The trauma, the suspense is just am...
Original label: LABEL_1
  Calculating word importance...
  Used 121 queries for importance ranking
  Attempting word replacements...
  ✓ Attack succeeded after 240 queries!
Perturbed label: LABEL_0
Success: True, Queries: 240, Similarity: 0.933

Example 180/1000
Original: How is bear´s paw, elephant´s trunk or monkey´s brain for dinner? Let Tsui Hark tell you in this won...
Original label: LABEL_1
  Calculating word importance...
  Used 129 queries for importance ranking
  Attempting word replacements...
  ✓ Attack succeeded after 228 queries!
Perturbed label: LABEL_0
Success: True, Queries: 228, Similarity: 0.894

Example 181/1000
Original: not really sure what to make of this movie. very weird, very artsy. not the kind of movie you watch ...
Original label: LABEL_1
  Calculating word importance...
  Used 86 queries for importance ranking
  Attempting word replacements...
Perturbed label: LABEL_1
Success: False, Queries: 482, Similarity: 0.806

Example 182/1000
Original: I absolutely loved this movie! It's my number one favorite. Although there were a few flaws (what mo...
Original label: LABEL_1
  Calculating word importance...
  Used 179 queries for importance ranking
  Attempting word replacements...
  ✓ Attack succeeded after 844 queries!
Perturbed label: LABEL_0
Success: True, Queries: 844, Similarity: 0.797

Example 183/1000
Original: It starts a little slow but give it a chance. In the spirit of the "Wackiest Ship in the Arm" and th...
Original label: LABEL_1
  Calculating word importance...
  Used 118 queries for importance ranking
  Attempting word replacements...
  ✓ Attack succeeded after 150 queries!
Perturbed label: LABEL_0
Success: True, Queries: 150, Similarity: 0.953

Example 184/1000
Original: The only reason I rented the movie was to see Jeri Ryan in it! OMG that was the most boring, pointle...
Original label: LABEL_0
  Calculating word importance...
  Used 102 queries for importance ranking
  Attempting word replacements...
  ✓ Attack succeeded after 458 queries!
Perturbed label: LABEL_1
Success: True, Queries: 458, Similarity: 0.796

Example 185/1000
Original: Koyaanisqatsi and Powaqqatsi are both Beautiful films, but this final installment of the trilogy is ...
Original label: LABEL_0
  Calculating word importance...
  Used 125 queries for importance ranking
  Attempting word replacements...
Perturbed label: LABEL_0
Success: False, Queries: 793, Similarity: 0.806

Example 186/1000
Original: This was one of the few shows that my wife and I agreed on watching. I was upset to hear that it was...
Original label: LABEL_1
  Calculating word importance...
  Used 146 queries for importance ranking
  Attempting word replacements...
  ✓ Attack succeeded after 221 queries!
Perturbed label: LABEL_0
Success: True, Queries: 221, Similarity: 0.831

Example 187/1000
Original: I keep waiting for Peter Fonda to start acting. For someone who comes from such a talented family, i...
Original label: LABEL_0
  Calculating word importance...
  Used 241 queries for importance ranking
  Attempting word replacements...
Perturbed label: LABEL_0
Success: False, Queries: 1000, Similarity: 0.807

Example 188/1000
Original: Purchased this film for one dollar and figured I could never go wrong, my big mistake was watching i...
Original label: LABEL_1
  Calculating word importance...
  Used 137 queries for importance ranking
  Attempting word replacements...
  ✓ Attack succeeded after 205 queries!
Perturbed label: LABEL_0
Success: True, Queries: 205, Similarity: 0.918

Example 189/1000
Original: When I first saw this film around 6 months ago, I considered it interesting, but little more. But it...
Original label: LABEL_1
  Calculating word importance...
  Used 149 queries for importance ranking
  Attempting word replacements...
  ✓ Attack succeeded after 221 queries!
Perturbed label: LABEL_0
Success: True, Queries: 221, Similarity: 0.977

Example 190/1000
Original: I saw this movie (unfortunately) because it was the only option at that time and because David Zucke...
Original label: LABEL_0
  Calculating word importance...
  Used 217 queries for importance ranking
  Attempting word replacements...
Perturbed label: LABEL_0
Success: False, Queries: 1000, Similarity: 0.802

Example 191/1000
Original: Joline (Heather Graham) married Carl (Luke Wilson) and about five hundred and some days later, Carl ...
Original label: LABEL_1
  Calculating word importance...
  Used 161 queries for importance ranking
  Attempting word replacements...
  ✓ Attack succeeded after 571 queries!
Perturbed label: LABEL_0
Success: True, Queries: 571, Similarity: 0.795

Example 192/1000
Original: I was told about this film from a friend who saw it late night during the week He told me it was so ...
Original label: LABEL_0
  Calculating word importance...
  Used 149 queries for importance ranking
  Attempting word replacements...
  ✓ Attack succeeded after 748 queries!
Perturbed label: LABEL_1
Success: True, Queries: 748, Similarity: 0.813

Example 193/1000
Original: Like "The Blair Witch Project" before it, "Hatchet" has garnered its own fair share of publicity fro...
Original label: LABEL_0
  Calculating word importance...
  Used 306 queries for importance ranking
  Attempting word replacements...
Perturbed label: LABEL_0
Success: False, Queries: 1000, Similarity: 0.804

Example 194/1000
Original: Being a fan of time travel stories I was surprised that there was no 'device' that sent Russell John...
Original label: LABEL_0
  Calculating word importance...
  Used 149 queries for importance ranking
  Attempting word replacements...
  ✓ Attack succeeded after 150 queries!
Perturbed label: LABEL_1
Success: True, Queries: 150, Similarity: 0.995

Example 195/1000
Original: A Great show.<br /><br />First, to the people who don't like it..Don't like it, then DON'T WATCH IT....
Original label: LABEL_1
  Calculating word importance...
  Used 169 queries for importance ranking
  Attempting word replacements...
Perturbed label: LABEL_1
Success: False, Queries: 804, Similarity: 0.802

Example 196/1000
Original: This was a very funny, fast paced movie. I watched it more than once and am keeping my rental around...
Original label: LABEL_1
  Calculating word importance...
  Used 148 queries for importance ranking
  Attempting word replacements...
  ✓ Attack succeeded after 174 queries!
Perturbed label: LABEL_0
Success: True, Queries: 174, Similarity: 0.997

Example 197/1000
Original: Imagine if you will an alternative universe where someone has made SEVEN where instead of a talented...
Original label: LABEL_0
  Calculating word importance...
  Used 447 queries for importance ranking
  Attempting word replacements...
Perturbed label: LABEL_0
Success: False, Queries: 1000, Similarity: 0.802

Example 198/1000
Original: My favourite police series of all time turns to a TV-film. Does it work? Yes. Gee runs for mayor and...
Original label: LABEL_1
  Calculating word importance...
  Used 97 queries for importance ranking
  Attempting word replacements...
  ✓ Attack succeeded after 589 queries!
Perturbed label: LABEL_0
Success: True, Queries: 589, Similarity: 0.771

Example 199/1000
Original: Tumbling Doll of Flesh (aka Niku daruma and Psycho: The Snuff Reels) This was on my want list for qu...
Original label: LABEL_1
  Calculating word importance...
  Used 330 queries for importance ranking
  Attempting word replacements...
Perturbed label: LABEL_1
Success: False, Queries: 1000, Similarity: 0.801

Example 200/1000
Original: Though this film doesn't stand out particularly from the movie crowd, its still a very nice film to ...
Original label: LABEL_1
  Calculating word importance...
  Used 135 queries for importance ranking
  Attempting word replacements...
Perturbed label: LABEL_1
Success: False, Queries: 628, Similarity: 0.803

Example 201/1000
Original: I don't understand why this movie has such a low rating. It totally deserves more! Sure, it's comple...
Original label: LABEL_1
  Calculating word importance...
  Used 113 queries for importance ranking
  Attempting word replacements...
  ✓ Attack succeeded after 231 queries!
Perturbed label: LABEL_0
Success: True, Queries: 231, Similarity: 0.735

Example 202/1000
Original: There is not much to add to what others have already commented, the movie fails hard where it should...
Original label: LABEL_0
  Calculating word importance...
  Used 148 queries for importance ranking
  Attempting word replacements...
Perturbed label: LABEL_0
Success: False, Queries: 940, Similarity: 0.802

Example 203/1000
Original: All I can say about this movie, is it is absolutely boring. The intro to the movie is quite possibly...
Original label: LABEL_0
  Calculating word importance...
  Used 219 queries for importance ranking
  Attempting word replacements...
Perturbed label: LABEL_0
Success: False, Queries: 1000, Similarity: 0.800

Example 204/1000
Original: The Grudge 2...Let's see. Don't get me wrong, I'm not a Japanese Horror Film or Horror or Grudge bas...
Original label: LABEL_0
  Calculating word importance...
  Used 193 queries for importance ranking
  Attempting word replacements...
  ✓ Attack succeeded after 300 queries!
Perturbed label: LABEL_1
Success: True, Queries: 300, Similarity: 0.901

Example 205/1000
Original: (Spoilers more than likely... nothing really important you couldn't have figured out yourselves) Yea...
Original label: LABEL_0
  Calculating word importance...
  Used 270 queries for importance ranking
  Attempting word replacements...
Perturbed label: LABEL_0
Success: False, Queries: 1000, Similarity: 0.801

Example 206/1000
Original: OK, last night I saw the world premiere of Paul Schrader's The Exorcist: The Beginning at the Brusse...
Original label: LABEL_0
  Calculating word importance...
  Used 280 queries for importance ranking
  Attempting word replacements...
Perturbed label: LABEL_0
Success: False, Queries: 1000, Similarity: 0.800

Example 207/1000
Original: The precise text of an ad (except the word Chinese, as in Grauman's Chinese, at the end, should appe...
Original label: LABEL_1
  Calculating word importance...
  Used 282 queries for importance ranking
  Attempting word replacements...
  ✓ Attack succeeded after 867 queries!
Perturbed label: LABEL_0
Success: True, Queries: 867, Similarity: 0.801

Example 208/1000
Original: While I'm normally a big fan of John Turturro's work as an actor and director, ILLUMINATA is a great...
Original label: LABEL_0
  Calculating word importance...
  Used 100 queries for importance ranking
  Attempting word replacements...
Perturbed label: LABEL_0
Success: False, Queries: 724, Similarity: 0.800

Example 209/1000
Original: This is one of the worst Sandra Bullock movie since Speed 2 But not quite that bad. I really lost it...
Original label: LABEL_0
  Calculating word importance...
  Used 50 queries for importance ranking
  Attempting word replacements...
  ✓ Attack succeeded after 115 queries!
Perturbed label: LABEL_1
Success: True, Queries: 115, Similarity: 0.826

Example 210/1000
Original: A box with a button provides a couple with the opportunity to be financially free, but the cost is t...
Original label: LABEL_0
  Calculating word importance...
  Used 124 queries for importance ranking
  Attempting word replacements...
  ✓ Attack succeeded after 754 queries!
Perturbed label: LABEL_1
Success: True, Queries: 754, Similarity: 0.799

Example 211/1000
Original: As a father of four in his forties I thought this film made compelling viewing - if not edge-of-the-...
Original label: LABEL_1
  Calculating word importance...
  Used 130 queries for importance ranking
  Attempting word replacements...
  ✓ Attack succeeded after 407 queries!
Perturbed label: LABEL_0
Success: True, Queries: 407, Similarity: 0.799

Example 212/1000
Original: I'm going to make this short and sweet. It's not surprising that you had no use for this film. This ...
Original label: LABEL_0
  Calculating word importance...
  Used 143 queries for importance ranking
  Attempting word replacements...
  ✓ Attack succeeded after 145 queries!
Perturbed label: LABEL_1
Success: True, Queries: 145, Similarity: 1.000

Example 213/1000
Original: The 13th and last RKO Falcon film starts with the mutual injunction by Tom Conway as Tom Lawrence al...
Original label: LABEL_1
  Calculating word importance...
  Used 471 queries for importance ranking
  Attempting word replacements...
  ✓ Attack succeeded after 476 queries!
Perturbed label: LABEL_0
Success: True, Queries: 476, Similarity: 0.941

Example 214/1000
Original: This movie isn't worth going to the theaters to watch, i did and i didn't like it, the effects on th...
Original label: LABEL_0
  Calculating word importance...
  Used 132 queries for importance ranking
  Attempting word replacements...
Perturbed label: LABEL_0
Success: False, Queries: 910, Similarity: 0.801

Example 215/1000
Original: I was one of the many fools who were sapped out into paying for this at the theater, even though I p...
Original label: LABEL_0
  Calculating word importance...
  Used 230 queries for importance ranking
  Attempting word replacements...
Perturbed label: LABEL_0
Success: False, Queries: 1000, Similarity: 0.802

Example 216/1000
Original: Zachary Scott does what he does best, i.e., plays a worm, in "Danger Signal," a 1945 B movie also st...
Original label: LABEL_1
  Calculating word importance...
  Used 293 queries for importance ranking
  Attempting word replacements...
  ✓ Attack succeeded after 773 queries!
Perturbed label: LABEL_0
Success: True, Queries: 773, Similarity: 0.800

Example 217/1000
Original: Screening as part of a series of funny shorts at the Sydney Gay and Lesbian Mardi Gras film festival...
Original label: LABEL_1
  Calculating word importance...
  Used 51 queries for importance ranking
  Attempting word replacements...
  ✓ Attack succeeded after 306 queries!
Perturbed label: LABEL_0
Success: True, Queries: 306, Similarity: 0.803

Example 218/1000
Original: This is one of those movies that you just don't want to end. The characters are rich like a well wov...
Original label: LABEL_1
  Calculating word importance...
  Used 138 queries for importance ranking
  Attempting word replacements...
  ✓ Attack succeeded after 561 queries!
Perturbed label: LABEL_0
Success: True, Queries: 561, Similarity: 0.797

Example 219/1000
Original: Well, Anne is way way too old. Wentworth looks younger than she and he should not. Louisa is much to...
Original label: LABEL_0
  Calculating word importance...
  Used 176 queries for importance ranking
  Attempting word replacements...
Perturbed label: LABEL_0
Success: False, Queries: 983, Similarity: 0.801

Example 220/1000
Original: I got this movie out a week after the death of Ichikawa Kon - I suppose if there is one way to mark ...
Original label: LABEL_1
  Calculating word importance...
  Used 397 queries for importance ranking
  Attempting word replacements...
Perturbed label: LABEL_1
Success: False, Queries: 1000, Similarity: 0.802

Example 221/1000
Original: Without saying how it ended, it is sufficient to say that the whole thing degenerates from about fiv...
Original label: LABEL_0
  Calculating word importance...
  Used 106 queries for importance ranking
  Attempting word replacements...
  ✓ Attack succeeded after 246 queries!
Perturbed label: LABEL_1
Success: True, Queries: 246, Similarity: 0.796

Example 222/1000
Original: After watching this movie, I have nothing but contempt for any of those who were involved in the mak...
Original label: LABEL_0
  Calculating word importance...
  Used 133 queries for importance ranking
  Attempting word replacements...
Perturbed label: LABEL_0
Success: False, Queries: 624, Similarity: 0.805

Example 223/1000
Original: An Italian/American co-production co-starring Linda Blair and David 'The Hoff' Hasselhoff: how could...
Original label: LABEL_0
  Calculating word importance...
  Used 433 queries for importance ranking
  Attempting word replacements...
Perturbed label: LABEL_0
Success: False, Queries: 1000, Similarity: 0.800

Example 224/1000
Original: Whatever Committee of PC Enforcers is responsible for this movie has achieved something that I never...
Original label: LABEL_0
  Calculating word importance...
  Used 141 queries for importance ranking
  Attempting word replacements...
Perturbed label: LABEL_0
Success: False, Queries: 712, Similarity: 0.800

Example 225/1000
Original: Most of us kids growing up in the 40's or 50's were western buffs but this was one that had escaped ...
Original label: LABEL_1
  Calculating word importance...
  Used 163 queries for importance ranking
  Attempting word replacements...
Perturbed label: LABEL_1
Success: False, Queries: 728, Similarity: 0.802

Example 226/1000
Original: My friends and I saw this at the San Diego Black Film Festival. It was great. Stormy is a strong bla...
Original label: LABEL_1
  Calculating word importance...
  Used 111 queries for importance ranking
  Attempting word replacements...
  ✓ Attack succeeded after 196 queries!
Perturbed label: LABEL_0
Success: True, Queries: 196, Similarity: 0.936

Example 227/1000
Original: As you know "The Greatest Game Ever Played" is about golf. I used to snicker at the over-dramatic ti...
Original label: LABEL_1
  Calculating word importance...
  Used 395 queries for importance ranking
  Attempting word replacements...
Perturbed label: LABEL_1
Success: False, Queries: 1000, Similarity: 0.802

Example 228/1000
Original: This movie is simply awesome. It is so hilarious. Although the skating and other montages are played...
Original label: LABEL_1
  Calculating word importance...
  Used 68 queries for importance ranking
  Attempting word replacements...
  ✓ Attack succeeded after 285 queries!
Perturbed label: LABEL_0
Success: True, Queries: 285, Similarity: 0.791

Example 229/1000
Original: Billy Wilder created a somewhat conventional biopic about the Charles Lindberg flight. He structures...
Original label: LABEL_1
  Calculating word importance...
  Used 242 queries for importance ranking
  Attempting word replacements...
Perturbed label: LABEL_1
Success: False, Queries: 1000, Similarity: 0.810

Example 230/1000
Original: I am sitting here watching the film, Tango and Cash. IT led to a discussion about other great late 8...
Original label: LABEL_1
  Calculating word importance...
  Used 98 queries for importance ranking
  Attempting word replacements...
Perturbed label: LABEL_1
Success: False, Queries: 435, Similarity: 0.803

Example 231/1000
Original: "Cleo's Second Husband" is an amateurish attempt at psychodrama with more to fault than to praise. T...
Original label: LABEL_0
  Calculating word importance...
  Used 48 queries for importance ranking
  Attempting word replacements...
Perturbed label: LABEL_0
Success: False, Queries: 170, Similarity: 0.801

Example 232/1000
Original: A movie about a French girl who gets raped by street hoodlums. The rape scene itself is shot in all ...
Original label: LABEL_0
  Calculating word importance...
  Used 253 queries for importance ranking
  Attempting word replacements...
  ✓ Attack succeeded after 254 queries!
Perturbed label: LABEL_1
Success: True, Queries: 254, Similarity: 0.994

Example 233/1000
Original: first off, i'm amazed to see that this film has got a rating of 7 on this site. at first i thought i...
Original label: LABEL_0
  Calculating word importance...
  Used 219 queries for importance ranking
  Attempting word replacements...
Perturbed label: LABEL_0
Success: False, Queries: 1000, Similarity: 0.800

Example 234/1000
Original: This was easily one of the weirder of the Ernest movies, especially in regards to the production des...
Original label: LABEL_0
  Calculating word importance...
  Used 78 queries for importance ranking
  Attempting word replacements...
  ✓ Attack succeeded after 85 queries!
Perturbed label: LABEL_1
Success: True, Queries: 85, Similarity: 0.992

Example 235/1000
Original: What a great show! A very underrated dramatic show. It is great how there are no main characters and...
Original label: LABEL_1
  Calculating word importance...
  Used 183 queries for importance ranking
  Attempting word replacements...
  ✓ Attack succeeded after 964 queries!
Perturbed label: LABEL_0
Success: True, Queries: 964, Similarity: 0.801

Example 236/1000
Original: This is one creepy underrated Gem with chilling performances and a fantastic finale!. All the charac...
Original label: LABEL_1
  Calculating word importance...
  Used 423 queries for importance ranking
  Attempting word replacements...
Perturbed label: LABEL_1
Success: False, Queries: 1000, Similarity: 0.802

Example 237/1000
Original: "Eighteen" (2004) tells the story of Pip Anders, a depressed and extremely cynical young man who is ...
Original label: LABEL_1
  Calculating word importance...
  Used 315 queries for importance ranking
  Attempting word replacements...
Perturbed label: LABEL_1
Success: False, Queries: 1000, Similarity: 0.801

Example 238/1000
Original: I knew I was in for a LONG 90 minutes when the opening voice over mispronounced the word 'scarecrow'...
Original label: LABEL_0
  Calculating word importance...
  Used 172 queries for importance ranking
  Attempting word replacements...
Perturbed label: LABEL_0
Success: False, Queries: 1000, Similarity: 0.803

Example 239/1000
Original: This film has not been seen by me in quite a few years. It came on the Disney Channel in the wee hou...
Original label: LABEL_1
  Calculating word importance...
  Used 106 queries for importance ranking
  Attempting word replacements...
  ✓ Attack succeeded after 592 queries!
Perturbed label: LABEL_0
Success: True, Queries: 592, Similarity: 0.779

Example 240/1000
Original: Dresden had great expectations because of its spectacular theme and its high budget. I was really lo...
Original label: LABEL_0
  Calculating word importance...
  Used 298 queries for importance ranking
  Attempting word replacements...
Perturbed label: LABEL_0
Success: False, Queries: 1000, Similarity: 0.801

Example 241/1000
Original: "House of Dracula" is a good sequel to "House of Frankenstein". There isn't as much action but the a...
Original label: LABEL_1
  Calculating word importance...
  Used 194 queries for importance ranking
  Attempting word replacements...
  ✓ Attack succeeded after 227 queries!
Perturbed label: LABEL_0
Success: True, Queries: 227, Similarity: 0.973

Example 242/1000
Original: I really wanted to write a title for this review that didn't come off as corny or gushing but still ...
Original label: LABEL_1
  Calculating word importance...
  Used 343 queries for importance ranking
  Attempting word replacements...
Perturbed label: LABEL_1
Success: False, Queries: 1000, Similarity: 0.802

Example 243/1000
Original: technically, this movie would have had it all: decent actors, a nice landscape, no obvious sights of...
Original label: LABEL_0
  Calculating word importance...
  Used 266 queries for importance ranking
  Attempting word replacements...
Perturbed label: LABEL_0
Success: False, Queries: 1000, Similarity: 0.801

Example 244/1000
Original: This was really the worst movie I've ever seen. Anyone who has seen it will know what I'm talking ab...
Original label: LABEL_0
  Calculating word importance...
  Used 53 queries for importance ranking
  Attempting word replacements...
  ✓ Attack succeeded after 55 queries!
Perturbed label: LABEL_1
Success: True, Queries: 55, Similarity: 0.798

Example 245/1000
Original: The success of SCREAM gave birth to a whole new horror flicks wave. I'm happy with that, as a big fa...
Original label: LABEL_1
  Calculating word importance...
  Used 108 queries for importance ranking
  Attempting word replacements...
Perturbed label: LABEL_1
Success: False, Queries: 589, Similarity: 0.801

Example 246/1000
Original: This is a title in search of a movie. It's a pitch that sounded lucrative to some studio executive a...
Original label: LABEL_0
  Calculating word importance...
  Used 358 queries for importance ranking
  Attempting word replacements...
Perturbed label: LABEL_0
Success: False, Queries: 1000, Similarity: 0.806

Example 247/1000
Original: Dolemite may not have been the first black exploitation flick to come along but it certainly is one ...
Original label: LABEL_1
  Calculating word importance...
  Used 120 queries for importance ranking
  Attempting word replacements...
Perturbed label: LABEL_1
Success: False, Queries: 610, Similarity: 0.801

Example 248/1000
Original: When the film started I got the feeling this was going to be something special. The acting and camer...
Original label: LABEL_0
  Calculating word importance...
  Used 121 queries for importance ranking
  Attempting word replacements...
Perturbed label: LABEL_0
Success: False, Queries: 834, Similarity: 0.805

Example 249/1000
Original: Very good political thriller regarding the aftermath of terrorism and the using of political torture...
Original label: LABEL_1
  Calculating word importance...
  Used 169 queries for importance ranking
  Attempting word replacements...
Perturbed label: LABEL_1
Success: False, Queries: 1000, Similarity: 0.800

Example 250/1000
Original: "Shadows" is often acclaimed as the film that was the breakthrough for American independent cinema. ...
Original label: LABEL_1
  Calculating word importance...
  Used 248 queries for importance ranking
  Attempting word replacements...
Perturbed label: LABEL_1
Success: False, Queries: 1000, Similarity: 0.804

Example 251/1000
Original: A really terrible movie, really low-budget, with terrible acting, a convoluted and inane plot, a mod...
Original label: LABEL_0
  Calculating word importance...
  Used 67 queries for importance ranking
  Attempting word replacements...
Perturbed label: LABEL_0
Success: False, Queries: 376, Similarity: 0.802

Example 252/1000
Original: Boring as hell and kind of a chick flick.<br /><br />It's the story of a neurotic woman who struggle...
Original label: LABEL_0
  Calculating word importance...
  Used 106 queries for importance ranking
  Attempting word replacements...
Perturbed label: LABEL_0
Success: False, Queries: 569, Similarity: 0.804

Example 253/1000
Original: SPOILERS<br /><br />I love movies. I've seen a lot of movies. I didn't think I'd ever see a film tha...
Original label: LABEL_0
  Calculating word importance...
  Used 342 queries for importance ranking
  Attempting word replacements...
Perturbed label: LABEL_0
Success: False, Queries: 1000, Similarity: 0.803

Example 254/1000
Original: This is a truly heartwarming film not just about love, but about learning about yourself and your va...
Original label: LABEL_1
  Calculating word importance...
  Used 55 queries for importance ranking
  Attempting word replacements...
Perturbed label: LABEL_1
Success: False, Queries: 276, Similarity: 0.804

Example 255/1000
Original: Well, I AM "the target market" & I loved it. Furthermore my husband, also a Boomer with strong memor...
Original label: LABEL_1
  Calculating word importance...
  Used 54 queries for importance ranking
  Attempting word replacements...
Perturbed label: LABEL_1
Success: False, Queries: 260, Similarity: 0.804

Example 256/1000
Original: This is an OK adaptation of the breath taking book of Dan Brown. I can't say it is novel or very goo...
Original label: LABEL_0
  Calculating word importance...
  Used 179 queries for importance ranking
  Attempting word replacements...
  ✓ Attack succeeded after 180 queries!
Perturbed label: LABEL_1
Success: True, Queries: 180, Similarity: 1.000

Example 257/1000
Original: I first saw this masterpiece on VHS 10 years ago, and the powerful interpretation on angry-kid-painf...
Original label: LABEL_1
  Calculating word importance...
  Used 97 queries for importance ranking
  Attempting word replacements...
  ✓ Attack succeeded after 575 queries!
Perturbed label: LABEL_0
Success: True, Queries: 575, Similarity: 0.802

Example 258/1000
Original: I channel surfed past this many times, mainly because the synopsis sounded so cheesy, so "Love Ameri...
Original label: LABEL_1
  Calculating word importance...
  Used 126 queries for importance ranking
  Attempting word replacements...
  ✓ Attack succeeded after 307 queries!
Perturbed label: LABEL_0
Success: True, Queries: 307, Similarity: 0.794

Example 259/1000
Original: Many horror fans complain that horror has scarcely progressed in the last twenty years. I was inclin...
Original label: LABEL_1
  Calculating word importance...
  Used 216 queries for importance ranking
  Attempting word replacements...
Perturbed label: LABEL_1
Success: False, Queries: 1000, Similarity: 0.802

Example 260/1000
Original: I recently saw this at the 2007 Palm Springs International Film Festival. The film's title and in fa...
Original label: LABEL_1
  Calculating word importance...
  Used 287 queries for importance ranking
  Attempting word replacements...
  ✓ Attack succeeded after 617 queries!
Perturbed label: LABEL_0
Success: True, Queries: 617, Similarity: 0.824

Example 261/1000
Original: Chaplin is a doughboy in his final film of 1918, a doughboy who can not seem to get the marching dow...
Original label: LABEL_1
  Calculating word importance...
  Used 260 queries for importance ranking
  Attempting word replacements...
  ✓ Attack succeeded after 661 queries!
Perturbed label: LABEL_0
Success: True, Queries: 661, Similarity: 0.879

Example 262/1000
Original: It is playing on SHOWTIME right now but is going to be released as a movie called THREE or has been ...
Original label: LABEL_0
  Calculating word importance...
  Used 183 queries for importance ranking
  Attempting word replacements...
Perturbed label: LABEL_0
Success: False, Queries: 1000, Similarity: 0.801

Example 263/1000
Original: I like seeing Linda Blair playing in an actual "horror" movie again. I had been disappointed with he...
Original label: LABEL_1
  Calculating word importance...
  Used 111 queries for importance ranking
  Attempting word replacements...
  ✓ Attack succeeded after 484 queries!
Perturbed label: LABEL_0
Success: True, Queries: 484, Similarity: 0.804

Example 264/1000
Original: Greyfriars Bobby was NOT a westie - Bobby was a skye terrier. A highlight of my childhood day trips ...
Original label: LABEL_1
  Calculating word importance...
  Used 121 queries for importance ranking
  Attempting word replacements...
  ✓ Attack succeeded after 181 queries!
Perturbed label: LABEL_0
Success: True, Queries: 181, Similarity: 0.989

Example 265/1000
Original: It is sad to have to say that a film is truly awful and one tries to find ways around saying this. H...
Original label: LABEL_0
  Calculating word importance...
  Used 124 queries for importance ranking
  Attempting word replacements...
Perturbed label: LABEL_0
Success: False, Queries: 807, Similarity: 0.807

Example 266/1000
Original: This is one of the best Non-English series I have seen. It weaves interesting single and double epis...
Original label: LABEL_1
  Calculating word importance...
  Used 114 queries for importance ranking
  Attempting word replacements...
Perturbed label: LABEL_1
Success: False, Queries: 717, Similarity: 0.804

Example 267/1000
Original: I have never read a Jacqueline Susann novel, but I have also seen Valley of the Dolls, based on anot...
Original label: LABEL_0
  Calculating word importance...
  Used 455 queries for importance ranking
  Attempting word replacements...
Perturbed label: LABEL_0
Success: False, Queries: 1000, Similarity: 0.801

Example 268/1000
Original: Drifting around on bootlegs, sometimes thought an urban comic book legend, the first FF movie is pre...
Original label: LABEL_0
  Calculating word importance...
  Used 426 queries for importance ranking
  Attempting word replacements...
Perturbed label: LABEL_0
Success: False, Queries: 1000, Similarity: 0.801

Example 269/1000
Original: The chaser's war on everything is a weekly show from the guys that brought you CNNNN and the chaser ...
Original label: LABEL_1
  Calculating word importance...
  Used 135 queries for importance ranking
  Attempting word replacements...
  ✓ Attack succeeded after 306 queries!
Perturbed label: LABEL_0
Success: True, Queries: 306, Similarity: 0.894

Example 270/1000
Original: About five years ago, my friend and I went to the video rental store to get something to watch. My f...
Original label: LABEL_0
  Calculating word importance...
  Used 218 queries for importance ranking
  Attempting word replacements...
Perturbed label: LABEL_0
Success: False, Queries: 1000, Similarity: 0.800

Example 271/1000
Original: algernon4's comment that Ms Paget's "ultra lewd dance in (this film) is the most erotic in the histo...
Original label: LABEL_1
  Calculating word importance...
  Used 162 queries for importance ranking
  Attempting word replacements...
  ✓ Attack succeeded after 309 queries!
Perturbed label: LABEL_0
Success: True, Queries: 309, Similarity: 0.907

Example 272/1000
Original: The most vivid portrait of small-town oddity I've seen in a long time -and I'm not just talking abou...
Original label: LABEL_1
  Calculating word importance...
  Used 203 queries for importance ranking
  Attempting word replacements...
Perturbed label: LABEL_1
Success: False, Queries: 983, Similarity: 0.801

Example 273/1000
Original: Zipperface is the kind of experience one waits an entire lifetime to avoid! Mansour Pormand ranks as...
Original label: LABEL_0
  Calculating word importance...
  Used 37 queries for importance ranking
  Attempting word replacements...
  ✓ Attack succeeded after 82 queries!
Perturbed label: LABEL_1
Success: True, Queries: 82, Similarity: 0.914

Example 274/1000
Original: I disagree with the imdb.com synopsis that this is about a bisexual guy preparing to get married. It...
Original label: LABEL_1
  Calculating word importance...
  Used 117 queries for importance ranking
  Attempting word replacements...
  ✓ Attack succeeded after 432 queries!
Perturbed label: LABEL_0
Success: True, Queries: 432, Similarity: 0.795

Example 275/1000
Original: This Columbo episode is one of the better and perhaps one of my personal favorites. The cast include...
Original label: LABEL_1
  Calculating word importance...
  Used 138 queries for importance ranking
  Attempting word replacements...
Perturbed label: LABEL_1
Success: False, Queries: 603, Similarity: 0.808

Example 276/1000
Original: first watched this film years ago with my daughter who is now 13 and fell in love with the vampire. ...
Original label: LABEL_1
  Calculating word importance...
  Used 150 queries for importance ranking
  Attempting word replacements...
  ✓ Attack succeeded after 726 queries!
Perturbed label: LABEL_0
Success: True, Queries: 726, Similarity: 0.796

Example 277/1000
Original: The two leads, an Englishman and an Aussie filming an American Civil War story in Romania, have not ...
Original label: LABEL_0
  Calculating word importance...
  Used 183 queries for importance ranking
  Attempting word replacements...
Perturbed label: LABEL_0
Success: False, Queries: 965, Similarity: 0.800

Example 278/1000
Original: Okay,I'm a history buff,and okay,I'm a action film junkie,so of course,this film is on my top ten of...
Original label: LABEL_1
  Calculating word importance...
  Used 160 queries for importance ranking
  Attempting word replacements...
  ✓ Attack succeeded after 241 queries!
Perturbed label: LABEL_0
Success: True, Queries: 241, Similarity: 0.954

Example 279/1000
Original: The short film which got Gaspar Noe on the movie map, introducing us to his horrific, but thoroughly...
Original label: LABEL_1
  Calculating word importance...
  Used 383 queries for importance ranking
  Attempting word replacements...
Perturbed label: LABEL_1
Success: False, Queries: 1000, Similarity: 0.807

Example 280/1000
Original: For those who expect documentaries to be objective creatures, let me give you a little lesson in Ame...
Original label: LABEL_1
  Calculating word importance...
  Used 268 queries for importance ranking
  Attempting word replacements...
  ✓ Attack succeeded after 313 queries!
Perturbed label: LABEL_0
Success: True, Queries: 313, Similarity: 0.956

Example 281/1000
Original: If it wasn't meant to be a comedy, the filmmakers sure goofed. If they intended for it to be a comed...
Original label: LABEL_1
  Calculating word importance...
  Used 63 queries for importance ranking
  Attempting word replacements...
  ✓ Attack succeeded after 112 queries!
Perturbed label: LABEL_0
Success: True, Queries: 112, Similarity: 0.804

Example 282/1000
Original: If you really loved GWTW, you will find quite disappointing the story. Those who may think this is j...
Original label: LABEL_0
  Calculating word importance...
  Used 304 queries for importance ranking
  Attempting word replacements...
Perturbed label: LABEL_0
Success: False, Queries: 1000, Similarity: 0.802

Example 283/1000
Original: To be fair, I couldn't bear to watch this movie all the way thru, so I have no idea if it suddenly g...
Original label: LABEL_0
  Calculating word importance...
  Used 79 queries for importance ranking
  Attempting word replacements...
Perturbed label: LABEL_0
Success: False, Queries: 560, Similarity: 0.800

Example 284/1000
Original: The Beat was an exciting movie about a couple of young punks trying to survive in 1980's New York. T...
Original label: LABEL_1
  Calculating word importance...
  Used 427 queries for importance ranking
  Attempting word replacements...
Perturbed label: LABEL_1
Success: False, Queries: 1000, Similarity: 0.803

Example 285/1000
Original: After reading many good things about it ,i finally watched "the clearing".With a cast of great actor...
Original label: LABEL_0
  Calculating word importance...
  Used 500 queries for importance ranking
  Attempting word replacements...
Perturbed label: LABEL_0
Success: False, Queries: 1000, Similarity: 0.803

Example 286/1000
Original: One of the many backwoods horror's that came out in the early eightes and fortunately this is one of...
Original label: LABEL_1
  Calculating word importance...
  Used 225 queries for importance ranking
  Attempting word replacements...
  ✓ Attack succeeded after 287 queries!
Perturbed label: LABEL_0
Success: True, Queries: 287, Similarity: 0.914

Example 287/1000
Original: Edge Vs. Michaels-Boring in general (loved the sweet chin music into the chair) 4/10 Taker Vs. Heide...
Original label: LABEL_0
  Calculating word importance...
  Used 120 queries for importance ranking
  Attempting word replacements...
Perturbed label: LABEL_0
Success: False, Queries: 634, Similarity: 0.805

Example 288/1000
Original: I was actually satisfied when i played this game.The graphics were something new.The missions were g...
Original label: LABEL_1
  Calculating word importance...
  Used 133 queries for importance ranking
  Attempting word replacements...
  ✓ Attack succeeded after 134 queries!
Perturbed label: LABEL_0
Success: True, Queries: 134, Similarity: 0.939

Example 289/1000
Original: This is a new Barbie movie. The graphics were really good. They made the movie seem partially realis...
Original label: LABEL_1
  Calculating word importance...
  Used 168 queries for importance ranking
  Attempting word replacements...
  ✓ Attack succeeded after 183 queries!
Perturbed label: LABEL_0
Success: True, Queries: 183, Similarity: 0.981

Example 290/1000
Original: I'm afraid I did not like this adaptation. When I started watching it I had a strange feeling of wat...
Original label: LABEL_0
  Calculating word importance...
  Used 123 queries for importance ranking
  Attempting word replacements...
Perturbed label: LABEL_0
Success: False, Queries: 679, Similarity: 0.808

Example 291/1000
Original: Few people realize it, but there was world literature in the ancient world before the Greeks came on...
Original label: LABEL_1
  Calculating word importance...
  Used 500 queries for importance ranking
  Attempting word replacements...
  ✓ Attack succeeded after 768 queries!
Perturbed label: LABEL_0
Success: True, Queries: 768, Similarity: 0.836

Example 292/1000
Original: Here he is. A new horror icon for the new millennium. Better than Freddy. More dangerous than Jason ...
Original label: LABEL_0
  Calculating word importance...
  Used 215 queries for importance ranking
  Attempting word replacements...
Perturbed label: LABEL_0
Success: False, Queries: 1000, Similarity: 0.806

Example 293/1000
Original: I picked out this DVD out of the cheepo bin at Walmart because the cover showed one of the planes I ...
Original label: LABEL_0
  Calculating word importance...
  Used 472 queries for importance ranking
  Attempting word replacements...
  ✓ Attack succeeded after 482 queries!
Perturbed label: LABEL_1
Success: True, Queries: 482, Similarity: 1.000

Example 294/1000
Original: I've been a huge fan of the Cky videos, Jackass, and Viva La Bam for a long time. They've had a grea...
Original label: LABEL_0
  Calculating word importance...
  Used 306 queries for importance ranking
  Attempting word replacements...
Perturbed label: LABEL_0
Success: False, Queries: 1000, Similarity: 0.800

Example 295/1000
Original: I found this early talkie difficult to watch and I'm a Norma Shearer fan! It's not her fault, but th...
Original label: LABEL_0
  Calculating word importance...
  Used 54 queries for importance ranking
  Attempting word replacements...
Perturbed label: LABEL_0
Success: False, Queries: 236, Similarity: 0.804

Example 296/1000
Original: When I was engaged, my fiance and I would frequent the adult bookstores. He would look for his favor...
Original label: LABEL_1
  Calculating word importance...
  Used 500 queries for importance ranking
  Attempting word replacements...
Perturbed label: LABEL_1
Success: False, Queries: 1000, Similarity: 0.824

Example 297/1000
Original: Although copies of this movie are hard to find, if you can find it, get it!! !!! I believe this was,...
Original label: LABEL_1
  Calculating word importance...
  Used 110 queries for importance ranking
  Attempting word replacements...
  ✓ Attack succeeded after 516 queries!
Perturbed label: LABEL_0
Success: True, Queries: 516, Similarity: 0.799

Example 298/1000
Original: Ha ha. - oh no - what to say about this film? Yes - green eggs and ham makes more sense than this mo...
Original label: LABEL_0
  Calculating word importance...
  Used 426 queries for importance ranking
  Attempting word replacements...
Perturbed label: LABEL_0
Success: False, Queries: 1000, Similarity: 0.800

Example 299/1000
Original: A blind person could have shot this movie better...seriously! The director is clearly a novice. He m...
Original label: LABEL_0
  Calculating word importance...
  Used 117 queries for importance ranking
  Attempting word replacements...
  ✓ Attack succeeded after 619 queries!
Perturbed label: LABEL_1
Success: True, Queries: 619, Similarity: 0.800

Example 300/1000
Original: Daft potboilers don't come much dafter than this, but it's a Douglas Sirk movie which makes everythi...
Original label: LABEL_1
  Calculating word importance...
  Used 231 queries for importance ranking
  Attempting word replacements...
  ✓ Attack succeeded after 321 queries!
Perturbed label: LABEL_0
Success: True, Queries: 321, Similarity: 0.989

Example 301/1000
Original: This film was so well-paced that I don't think I actually blinked while watching. One intense situat...
Original label: LABEL_1
  Calculating word importance...
  Used 162 queries for importance ranking
  Attempting word replacements...
  ✓ Attack succeeded after 605 queries!
Perturbed label: LABEL_0
Success: True, Queries: 605, Similarity: 0.851

Example 302/1000
Original: Based on the true story about Christopher Boyce (Hutton) and Daulton Lee (Penn), and their involveme...
Original label: LABEL_1
  Calculating word importance...
  Used 324 queries for importance ranking
  Attempting word replacements...
Perturbed label: LABEL_1
Success: False, Queries: 1000, Similarity: 0.801

Example 303/1000
Original: When I saw this film the first time I was very impressed concerning the kind of atmosphere the direc...
Original label: LABEL_1
  Calculating word importance...
  Used 127 queries for importance ranking
  Attempting word replacements...
  ✓ Attack succeeded after 505 queries!
Perturbed label: LABEL_0
Success: True, Queries: 505, Similarity: 0.851

Example 304/1000
Original: 20 years ago Dr Chopper(yes, he is driving a chopper as well as chopping people up) disappeared when...
Original label: LABEL_0
  Calculating word importance...
  Used 246 queries for importance ranking
  Attempting word replacements...
Perturbed label: LABEL_0
Success: False, Queries: 1000, Similarity: 0.807

Example 305/1000
Original: Great book, great movie, great soundtrack. Frank Sinatra shows in this movie that when he wanted to ...
Original label: LABEL_1
  Calculating word importance...
  Used 71 queries for importance ranking
  Attempting word replacements...
Perturbed label: LABEL_1
Success: False, Queries: 397, Similarity: 0.804

Example 306/1000
Original: I agree with all aforementioned comments. This show was a delight to watch. Funny, witty, terrific a...
Original label: LABEL_1
  Calculating word importance...
  Used 123 queries for importance ranking
  Attempting word replacements...
Perturbed label: LABEL_1
Success: False, Queries: 714, Similarity: 0.804

Example 307/1000
Original: An intense thriller about a mute movie make-up artist who witnesses a snuff film being made when she...
Original label: LABEL_1
  Calculating word importance...
  Used 71 queries for importance ranking
  Attempting word replacements...
Perturbed label: LABEL_1
Success: False, Queries: 451, Similarity: 0.800

Example 308/1000
Original: Oliver Stone, always ready to make politically-themed movies, makes another one here. "Talk Radio" i...
Original label: LABEL_1
  Calculating word importance...
  Used 159 queries for importance ranking
  Attempting word replacements...
  ✓ Attack succeeded after 261 queries!
Perturbed label: LABEL_0
Success: True, Queries: 261, Similarity: 0.975

Example 309/1000
Original: This is a known fact, Mr. Seagal cannot smile, he can act, he can kick butt, there are faint smiles,...
Original label: LABEL_0
  Calculating word importance...
  Used 280 queries for importance ranking
  Attempting word replacements...
Perturbed label: LABEL_0
Success: False, Queries: 1000, Similarity: 0.801

Example 310/1000
Original: OK...i have seen just about everything....and some are considered classics that shouldn't be ( like ...
Original label: LABEL_0
  Calculating word importance...
  Used 228 queries for importance ranking
  Attempting word replacements...
Perturbed label: LABEL_0
Success: False, Queries: 1000, Similarity: 0.801

Example 311/1000
Original: I finally got a chance to settle in and compare the two versions of this film currently going around...
Original label: LABEL_1
  Calculating word importance...
  Used 427 queries for importance ranking
  Attempting word replacements...
  ✓ Attack succeeded after 428 queries!
Perturbed label: LABEL_0
Success: True, Queries: 428, Similarity: 1.000

Example 312/1000
Original: I always wanted to see ELECTRA GLIDE IN BLUE for a very long time. I've always been intrigued by the...
Original label: LABEL_0
  Calculating word importance...
  Used 500 queries for importance ranking
  Attempting word replacements...
Perturbed label: LABEL_0
Success: False, Queries: 1000, Similarity: 0.801

Example 313/1000
Original: Just what is the point of this film? It starts off as one film, then changes track, cheating us of a...
Original label: LABEL_0
  Calculating word importance...
  Used 263 queries for importance ranking
  Attempting word replacements...
Perturbed label: LABEL_0
Success: False, Queries: 1000, Similarity: 0.801

Example 314/1000
Original: National Lampoon's Christmas Vacation 2: Cousin Eddie's Island Adventure (2003) Randy Quaid, Miriam ...
Original label: LABEL_0
  Calculating word importance...
  Used 117 queries for importance ranking
  Attempting word replacements...
Perturbed label: LABEL_0
Success: False, Queries: 497, Similarity: 0.800

Example 315/1000
Original: "Autumn Spring" tells of the misadventures of a dapper, walrus faced, 78 (approx) year old Czech man...
Original label: LABEL_1
  Calculating word importance...
  Used 133 queries for importance ranking
  Attempting word replacements...
  ✓ Attack succeeded after 546 queries!
Perturbed label: LABEL_0
Success: True, Queries: 546, Similarity: 0.789

Example 316/1000
Original: THE GOOD: The acting were great especially Terrence Howard and Thandie Newton. Terrence Howard shoul...
Original label: LABEL_0
  Calculating word importance...
  Used 500 queries for importance ranking
  Attempting word replacements...
Perturbed label: LABEL_0
Success: False, Queries: 1000, Similarity: 0.800

Example 317/1000
Original: I like movies that show real people "Americans" and tell truth. The movie is simple and that seems t...
Original label: LABEL_1
  Calculating word importance...
  Used 160 queries for importance ranking
  Attempting word replacements...
  ✓ Attack succeeded after 899 queries!
Perturbed label: LABEL_0
Success: True, Queries: 899, Similarity: 0.796

Example 318/1000
Original: I'm sorry to say that this movies was one of the biggest disappointments of the year. Following one ...
Original label: LABEL_0
  Calculating word importance...
  Used 500 queries for importance ranking
  Attempting word replacements...
Perturbed label: LABEL_0
Success: False, Queries: 1000, Similarity: 0.800

Example 319/1000
Original: When I started watching 3 of the episodes of this series on the Action Channel,I have to say out of ...
Original label: LABEL_1
  Calculating word importance...
  Used 175 queries for importance ranking
  Attempting word replacements...
Perturbed label: LABEL_1
Success: False, Queries: 994, Similarity: 0.800

Example 320/1000
Original: too bad this movie isn't. While "Nemesis Game" is mildly entertaining, I found it hard to suspend my...
Original label: LABEL_0
  Calculating word importance...
  Used 267 queries for importance ranking
  Attempting word replacements...
Perturbed label: LABEL_0
Success: False, Queries: 1000, Similarity: 0.800

Example 321/1000
Original: This movie was included in the Six Wives of Henry VIII BBC miniseries DVD. I loved those six movies....
Original label: LABEL_0
  Calculating word importance...
  Used 310 queries for importance ranking
  Attempting word replacements...
Perturbed label: LABEL_0
Success: False, Queries: 1000, Similarity: 0.800

Example 322/1000
Original: I saw this film at a special screening. At first I thought the movie would be like a typical Amanda ...
Original label: LABEL_1
  Calculating word importance...
  Used 132 queries for importance ranking
  Attempting word replacements...
  ✓ Attack succeeded after 143 queries!
Perturbed label: LABEL_0
Success: True, Queries: 143, Similarity: 0.941

Example 323/1000
Original: I really should have learned more about this movie before renting it. It was one of those movies whe...
Original label: LABEL_0
  Calculating word importance...
  Used 154 queries for importance ranking
  Attempting word replacements...
  ✓ Attack succeeded after 155 queries!
Perturbed label: LABEL_1
Success: True, Queries: 155, Similarity: 1.000

Example 324/1000
Original: I'm not picky with movies, oh I've seen so much crap I could watch anything. Maybe that was the reas...
Original label: LABEL_0
  Calculating word importance...
  Used 172 queries for importance ranking
  Attempting word replacements...
Perturbed label: LABEL_0
Success: False, Queries: 1000, Similarity: 0.801

Example 325/1000
Original: I have seen both the MST3K version and the uncut version. I rather enjoyed it. Either way, it wasn't...
Original label: LABEL_1
  Calculating word importance...
  Used 198 queries for importance ranking
  Attempting word replacements...
  ✓ Attack succeeded after 628 queries!
Perturbed label: LABEL_0
Success: True, Queries: 628, Similarity: 0.792

Example 326/1000
Original: First off, I absolutely loved this movie. As a Billy Crystal fan, I must say that I was expecting mo...
Original label: LABEL_1
  Calculating word importance...
  Used 158 queries for importance ranking
  Attempting word replacements...
  ✓ Attack succeeded after 296 queries!
Perturbed label: LABEL_0
Success: True, Queries: 296, Similarity: 0.833

Example 327/1000
Original: OK, what to say about Actium Maximus...<br /><br />There are some bad movies that are so horribly aw...
Original label: LABEL_0
  Calculating word importance...
  Used 183 queries for importance ranking
  Attempting word replacements...
Perturbed label: LABEL_0
Success: False, Queries: 1000, Similarity: 0.802

Example 328/1000
Original: The Texas Revolution of 1835 to 1836, including the periods preceding and immediately following, is ...
Original label: LABEL_0
  Calculating word importance...
  Used 187 queries for importance ranking
  Attempting word replacements...
Perturbed label: LABEL_0
Success: False, Queries: 979, Similarity: 0.800

Example 329/1000
Original: I agree that this film is too pretentious, and it is not easy to know where it is going. I have been...
Original label: LABEL_0
  Calculating word importance...
  Used 138 queries for importance ranking
  Attempting word replacements...
Perturbed label: LABEL_0
Success: False, Queries: 799, Similarity: 0.802

Example 330/1000
Original: This show is amazing! I love each and every episode. Carrie is a spitfire and Doug is a lovable and ...
Original label: LABEL_1
  Calculating word importance...
  Used 183 queries for importance ranking
  Attempting word replacements...
  ✓ Attack succeeded after 197 queries!
Perturbed label: LABEL_0
Success: True, Queries: 197, Similarity: 0.980

Example 331/1000
Original: One of the worst films I have ever seen! After watching it i walk out like, what happened? I am conf...
Original label: LABEL_0
  Calculating word importance...
  Used 153 queries for importance ranking
  Attempting word replacements...
Perturbed label: LABEL_0
Success: False, Queries: 884, Similarity: 0.805

Example 332/1000
Original: This was one of the best half-hour horror/suspense/fantasy shows of the eighties, without a doubt. G...
Original label: LABEL_1
  Calculating word importance...
  Used 205 queries for importance ranking
  Attempting word replacements...
Perturbed label: LABEL_1
Success: False, Queries: 1000, Similarity: 0.800

Example 333/1000
Original: This movie is the best one forever upon the warm feelings of this real love story during the Korean ...
Original label: LABEL_1
  Calculating word importance...
  Used 203 queries for importance ranking
  Attempting word replacements...
Perturbed label: LABEL_1
Success: False, Queries: 862, Similarity: 0.802

Example 334/1000
Original: This is by far the worst movie i have ever seen. Its been a few years since I saw it and nothing has...
Original label: LABEL_0
  Calculating word importance...
  Used 89 queries for importance ranking
  Attempting word replacements...
Perturbed label: LABEL_0
Success: False, Queries: 630, Similarity: 0.806

Example 335/1000
Original: Jamie Foxx did an incredible job playing Ray Charles. I loved this movie because every so often ther...
Original label: LABEL_1
  Calculating word importance...
  Used 137 queries for importance ranking
  Attempting word replacements...
  ✓ Attack succeeded after 196 queries!
Perturbed label: LABEL_0
Success: True, Queries: 196, Similarity: 0.893

Example 336/1000
Original: THE worst movie I've ever seen, and I've seen allot. Acting is horrible, plot is awful, idea is terr...
Original label: LABEL_0
  Calculating word importance...
  Used 90 queries for importance ranking
  Attempting word replacements...
Perturbed label: LABEL_0
Success: False, Queries: 622, Similarity: 0.803

Example 337/1000
Original: Well, "built" Doris Day (as Ethel S. "Dynamite" Jackson) is mistaken for thespian Ethel Barrymore, a...
Original label: LABEL_0
  Calculating word importance...
  Used 121 queries for importance ranking
  Attempting word replacements...
Perturbed label: LABEL_0
Success: False, Queries: 557, Similarity: 0.808

Example 338/1000
Original: Seems to me that Joe Estevez spends most of his time hidden under the shadow of his rather successfu...
Original label: LABEL_0
  Calculating word importance...
  Used 196 queries for importance ranking
  Attempting word replacements...
  ✓ Attack succeeded after 197 queries!
Perturbed label: LABEL_1
Success: True, Queries: 197, Similarity: 0.999

Example 339/1000
Original: I am a Sociologist/Anthropologist specializing in the field of Symbolic Interactionism, and I must s...
Original label: LABEL_1
  Calculating word importance...
  Used 132 queries for importance ranking
  Attempting word replacements...
Perturbed label: LABEL_1
Success: False, Queries: 698, Similarity: 0.803

Example 340/1000
Original: not a Larry Mcmurty masterpiece but it stands on its own as a good western, any of the lonesome dove...
Original label: LABEL_1
  Calculating word importance...
  Used 120 queries for importance ranking
  Attempting word replacements...
  ✓ Attack succeeded after 339 queries!
Perturbed label: LABEL_0
Success: True, Queries: 339, Similarity: 0.801

Example 341/1000
Original: Our reviewer from Toronto told you what you need to know about this film (except note that it needs ...
Original label: LABEL_1
  Calculating word importance...
  Used 131 queries for importance ranking
  Attempting word replacements...
Perturbed label: LABEL_1
Success: False, Queries: 802, Similarity: 0.801

Example 342/1000
Original: This movie was a complete waste of time. The soundtrack was bad, story was lame and predictable, and...
Original label: LABEL_0
  Calculating word importance...
  Used 45 queries for importance ranking
  Attempting word replacements...
Perturbed label: LABEL_0
Success: False, Queries: 320, Similarity: 0.800

Example 343/1000
Original: I'd heard of the case, but hadn't really paid attention during the whole hoopla of Fuhrman writing t...
Original label: LABEL_1
  Calculating word importance...
  Used 104 queries for importance ranking
  Attempting word replacements...
Perturbed label: LABEL_1
Success: False, Queries: 546, Similarity: 0.802

Example 344/1000
Original: i have rated this movie a 1/10 and have done this in good nature. this movie is not as it seems and ...
Original label: LABEL_0
  Calculating word importance...
  Used 168 queries for importance ranking
  Attempting word replacements...
Perturbed label: LABEL_0
Success: False, Queries: 1000, Similarity: 0.810

Example 345/1000
Original: First, I would like to apologize for my rating of "1"... The only reason i give this film such a hig...
Original label: LABEL_0
  Calculating word importance...
  Used 125 queries for importance ranking
  Attempting word replacements...
Perturbed label: LABEL_0
Success: False, Queries: 708, Similarity: 0.804

Example 346/1000
Original: I had the pleasure of seeing Saltimbanco live before seeing the video version of the show. While not...
Original label: LABEL_1
  Calculating word importance...
  Used 72 queries for importance ranking
  Attempting word replacements...
Perturbed label: LABEL_1
Success: False, Queries: 424, Similarity: 0.808

Example 347/1000
Original: Sylvester the cat stowaway upon a ship that Tweety bird happens to be on with his owner Granny. Oh I...
Original label: LABEL_0
  Calculating word importance...
  Used 120 queries for importance ranking
  Attempting word replacements...
  ✓ Attack succeeded after 294 queries!
Perturbed label: LABEL_1
Success: True, Queries: 294, Similarity: 0.843

Example 348/1000
Original: A vehemently cynical, sarcastic and intense film, mocking and imitating the style of Pulp Fiction an...
Original label: LABEL_1
  Calculating word importance...
  Used 500 queries for importance ranking
  Attempting word replacements...
Perturbed label: LABEL_1
Success: False, Queries: 1000, Similarity: 0.802

Example 349/1000
Original: This is an absolutely horrid excuse for a show. People say its witty and intelligence? I don't see h...
Original label: LABEL_0
  Calculating word importance...
  Used 131 queries for importance ranking
  Attempting word replacements...
Perturbed label: LABEL_0
Success: False, Queries: 780, Similarity: 0.808

Example 350/1000
Original: What are Forest Whitaker and Clifton Collins Jr. doing in this? Light It Up is a ridiculously melodr...
Original label: LABEL_0
  Calculating word importance...
  Used 129 queries for importance ranking
  Attempting word replacements...
Perturbed label: LABEL_0
Success: False, Queries: 575, Similarity: 0.802

Example 351/1000
Original: I admit to being in awe of the Sea and have spent a number of years in the Navy, so I am somewhat bi...
Original label: LABEL_1
  Calculating word importance...
  Used 205 queries for importance ranking
  Attempting word replacements...
  ✓ Attack succeeded after 389 queries!
Perturbed label: LABEL_0
Success: True, Queries: 389, Similarity: 0.929

Example 352/1000
Original: For awhile I was hooked on shows like Ghost Hunters and Destination Truth and stuff, even though I t...
Original label: LABEL_0
  Calculating word importance...
  Used 500 queries for importance ranking
  Attempting word replacements...
Perturbed label: LABEL_0
Success: False, Queries: 1000, Similarity: 0.829

Example 353/1000
Original: I watched this movie at the first showing available in my area, and it was quite clear that most peo...
Original label: LABEL_1
  Calculating word importance...
  Used 204 queries for importance ranking
  Attempting word replacements...
Perturbed label: LABEL_1
Success: False, Queries: 993, Similarity: 0.804

Example 354/1000
Original: This is a good family movie with a few laughs. I wish it didn't have too much of the school stuff li...
Original label: LABEL_1
  Calculating word importance...
  Used 143 queries for importance ranking
  Attempting word replacements...
  ✓ Attack succeeded after 171 queries!
Perturbed label: LABEL_0
Success: True, Queries: 171, Similarity: 0.989

Example 355/1000
Original: I love movies in this genre. Beautiful girls, toilet humor, gratuitous nudity. So why didn't I like ...
Original label: LABEL_0
  Calculating word importance...
  Used 135 queries for importance ranking
  Attempting word replacements...
Perturbed label: LABEL_0
Success: False, Queries: 710, Similarity: 0.804

Example 356/1000
Original: Death Camp Opera: Right Here, Right Now!<br /><br />Ten years ago, I read that a very special movie ...
Original label: LABEL_1
  Calculating word importance...
  Used 414 queries for importance ranking
  Attempting word replacements...
  ✓ Attack succeeded after 707 queries!
Perturbed label: LABEL_0
Success: True, Queries: 707, Similarity: 0.806

Example 357/1000
Original: This movie has everything typical horror movies lack. Although some things are far fetched we are de...
Original label: LABEL_1
  Calculating word importance...
  Used 62 queries for importance ranking
  Attempting word replacements...
Perturbed label: LABEL_1
Success: False, Queries: 365, Similarity: 0.807

Example 358/1000
Original: The real surprise of this effortlessly lightweight movie is how such a top notch cast got assembled ...
Original label: LABEL_0
  Calculating word importance...
  Used 274 queries for importance ranking
  Attempting word replacements...
Perturbed label: LABEL_0
Success: False, Queries: 1000, Similarity: 0.800

Example 359/1000
Original: Well, I'm a huge fan and follower of Elizabeth Berkley. I bought this on DVD off of eBay for my boyf...
Original label: LABEL_0
  Calculating word importance...
  Used 138 queries for importance ranking
  Attempting word replacements...
Perturbed label: LABEL_0
Success: False, Queries: 625, Similarity: 0.802

Example 360/1000
Original: "Hollywood Cavalcade" is a mildly entertaining 1939 film starring two staples of the 20th Century Fo...
Original label: LABEL_0
  Calculating word importance...
  Used 339 queries for importance ranking
  Attempting word replacements...
  ✓ Attack succeeded after 340 queries!
Perturbed label: LABEL_1
Success: True, Queries: 340, Similarity: 1.000

Example 361/1000
Original: After a good start, it turned out to be the worst piece of holier than thou propaganda i've ever see...
Original label: LABEL_0
  Calculating word importance...
  Used 160 queries for importance ranking
  Attempting word replacements...
Perturbed label: LABEL_0
Success: False, Queries: 861, Similarity: 0.805

Example 362/1000
Original: 'Nuff said. An undercover cop from the state capital is sent to a small county where moonshine runni...
Original label: LABEL_0
  Calculating word importance...
  Used 149 queries for importance ranking
  Attempting word replacements...
  ✓ Attack succeeded after 207 queries!
Perturbed label: LABEL_1
Success: True, Queries: 207, Similarity: 0.905

Example 363/1000
Original: Before I begin, a "little" correction: IMDb states that Richard Gere is 180 cm tall. Wrong! I passed...
Original label: LABEL_0
  Calculating word importance...
  Used 273 queries for importance ranking
  Attempting word replacements...
Perturbed label: LABEL_0
Success: False, Queries: 1000, Similarity: 0.802

Example 364/1000
Original: This is perhaps the most ridiculous crap I have ever watched. Three unconnected stories about comple...
Original label: LABEL_0
  Calculating word importance...
  Used 185 queries for importance ranking
  Attempting word replacements...
Perturbed label: LABEL_0
Success: False, Queries: 1000, Similarity: 0.802

Example 365/1000
Original: Here's a spoof that's guaranteed to entertain folks in the IQ range of Homer Simpson. It's a cheap s...
Original label: LABEL_0
  Calculating word importance...
  Used 143 queries for importance ranking
  Attempting word replacements...
Perturbed label: LABEL_0
Success: False, Queries: 788, Similarity: 0.800

Example 366/1000
Original: This solid black and white slapstick comedy with a dark (but hopelessly contrived) plot is a true cr...
Original label: LABEL_1
  Calculating word importance...
  Used 191 queries for importance ranking
  Attempting word replacements...
  ✓ Attack succeeded after 220 queries!
Perturbed label: LABEL_0
Success: True, Queries: 220, Similarity: 0.992

Example 367/1000
Original: It is an interesting fact that metaphysics by Platon and Aristoteles, formal logic and abstract onto...
Original label: LABEL_1
  Calculating word importance...
  Used 500 queries for importance ranking
  Attempting word replacements...
  ✓ Attack succeeded after 664 queries!
Perturbed label: LABEL_0
Success: True, Queries: 664, Similarity: 0.934

Example 368/1000
Original: Cult-director Lucio Fulci is probably most famous for his gory Zombie flicks from the 1980s that ear...
Original label: LABEL_1
  Calculating word importance...
  Used 417 queries for importance ranking
  Attempting word replacements...
Perturbed label: LABEL_1
Success: False, Queries: 1000, Similarity: 0.807

Example 369/1000
Original: Don't pick this one. ****Spoiler Alert***** The plot of this aggravatingly bad movie is four friends...
Original label: LABEL_0
  Calculating word importance...
  Used 437 queries for importance ranking
  Attempting word replacements...
Perturbed label: LABEL_0
Success: False, Queries: 1000, Similarity: 0.805

Example 370/1000
Original: This HAS to be my guilty pleasure. I am a HUGE fan of 80's movies that were designed to entertain an...
Original label: LABEL_0
  Calculating word importance...
  Used 78 queries for importance ranking
  Attempting word replacements...
  ✓ Attack succeeded after 82 queries!
Perturbed label: LABEL_1
Success: True, Queries: 82, Similarity: 0.857

Example 371/1000
Original: After reading some of these reviews, it is apparent that some have missed the point. What is great a...
Original label: LABEL_1
  Calculating word importance...
  Used 147 queries for importance ranking
  Attempting word replacements...
  ✓ Attack succeeded after 338 queries!
Perturbed label: LABEL_0
Success: True, Queries: 338, Similarity: 0.817

Example 372/1000
Original: (This review is based on the English language version)<br /><br />Orson Welles' legendary unfinished...
Original label: LABEL_0
  Calculating word importance...
  Used 500 queries for importance ranking
  Attempting word replacements...
Perturbed label: LABEL_0
Success: False, Queries: 1000, Similarity: 0.811

Example 373/1000
Original: Though not a huge fan, I am a Three Stooges purist. I believe that their best work, by far, was with...
Original label: LABEL_1
  Calculating word importance...
  Used 172 queries for importance ranking
  Attempting word replacements...
Perturbed label: LABEL_1
Success: False, Queries: 1000, Similarity: 0.802

Example 374/1000
Original: Ill-conceived sequel(..the absurd idea of having the killer snowman on the rampage at an island reso...
Original label: LABEL_0
  Calculating word importance...
  Used 500 queries for importance ranking
  Attempting word replacements...
Perturbed label: LABEL_0
Success: False, Queries: 1000, Similarity: 0.801

Example 375/1000
Original: First, This movie was made in 1978. So that tells you that the movie is going to be bad anyway.But I...
Original label: LABEL_0
  Calculating word importance...
  Used 73 queries for importance ranking
  Attempting word replacements...
Perturbed label: LABEL_0
Success: False, Queries: 651, Similarity: 0.802

Example 376/1000
Original: this is a really great series. i love the show and i am so glad it isn't canceled yet. it has really...
Original label: LABEL_1
  Calculating word importance...
  Used 137 queries for importance ranking
  Attempting word replacements...
  ✓ Attack succeeded after 368 queries!
Perturbed label: LABEL_0
Success: True, Queries: 368, Similarity: 0.870

Example 377/1000
Original: Okay, sure, this film will never win an oscar. Citizen cane this film is not... BUT why does every f...
Original label: LABEL_0
  Calculating word importance...
  Used 80 queries for importance ranking
  Attempting word replacements...
Perturbed label: LABEL_0
Success: False, Queries: 502, Similarity: 0.805

Example 378/1000
Original: This film would like to be the kind of shocking, cerebral, and intense movie that many others in its...
Original label: LABEL_0
  Calculating word importance...
  Used 235 queries for importance ranking
  Attempting word replacements...
Perturbed label: LABEL_0
Success: False, Queries: 1000, Similarity: 0.802

Example 379/1000
Original: This relic from before the days of the Production Code and the Hays Office is good fun, not great bu...
Original label: LABEL_1
  Calculating word importance...
  Used 330 queries for importance ranking
  Attempting word replacements...
  ✓ Attack succeeded after 359 queries!
Perturbed label: LABEL_0
Success: True, Queries: 359, Similarity: 0.936

Example 380/1000
Original: Man this movie is awesome especially the part they show the Italian chick damn shes incredibly hot s...
Original label: LABEL_1
  Calculating word importance...
  Used 134 queries for importance ranking
  Attempting word replacements...
  ✓ Attack succeeded after 161 queries!
Perturbed label: LABEL_0
Success: True, Queries: 161, Similarity: 0.925

Example 381/1000
Original: Well, the movie did turn out a lot better than i expected. It's not boring and it's not unoriginal. ...
Original label: LABEL_1
  Calculating word importance...
  Used 220 queries for importance ranking
  Attempting word replacements...
  ✓ Attack succeeded after 710 queries!
Perturbed label: LABEL_0
Success: True, Queries: 710, Similarity: 0.802

Example 382/1000
Original: "Hit and Run" is a shattering story starring the always wonderful Margaret Colin as a society lady w...
Original label: LABEL_1
  Calculating word importance...
  Used 177 queries for importance ranking
  Attempting word replacements...
  ✓ Attack succeeded after 563 queries!
Perturbed label: LABEL_0
Success: True, Queries: 563, Similarity: 0.801

Example 383/1000
Original: I bought this DVD from Walmart for cheap, thinking it would be a typical, crap straight-to-video mon...
Original label: LABEL_1
  Calculating word importance...
  Used 221 queries for importance ranking
  Attempting word replacements...
  ✓ Attack succeeded after 449 queries!
Perturbed label: LABEL_0
Success: True, Queries: 449, Similarity: 0.878

Example 384/1000
Original: This was a fantastically written screenplay when it comes to perceiving things from another perspect...
Original label: LABEL_1
  Calculating word importance...
  Used 110 queries for importance ranking
  Attempting word replacements...
Perturbed label: LABEL_1
Success: False, Queries: 576, Similarity: 0.803

Example 385/1000
Original: The biggest tragedy surrounding this thoroughly delightful movie is its lack of U.S. distribution. I...
Original label: LABEL_1
  Calculating word importance...
  Used 68 queries for importance ranking
  Attempting word replacements...
Perturbed label: LABEL_1
Success: False, Queries: 466, Similarity: 0.809

Example 386/1000
Original: This is possibly the worst thing I've ever seen on television. First, I'm pretty sure it takes itsel...
Original label: LABEL_0
  Calculating word importance...
  Used 151 queries for importance ranking
  Attempting word replacements...
Perturbed label: LABEL_0
Success: False, Queries: 762, Similarity: 0.801

Example 387/1000
Original: This is a film that everyone who lives in Sweden should watch. The film shows the political riots wh...
Original label: LABEL_1
  Calculating word importance...
  Used 132 queries for importance ranking
  Attempting word replacements...
Perturbed label: LABEL_1
Success: False, Queries: 876, Similarity: 0.804

Example 388/1000
Original: The plot of "In the Mood for Love" is simple enough: A married man and a married woman (though not t...
Original label: LABEL_1
  Calculating word importance...
  Used 162 queries for importance ranking
  Attempting word replacements...
Perturbed label: LABEL_1
Success: False, Queries: 774, Similarity: 0.803

Example 389/1000
Original: I first saw this film on hbo around 1983 and I loved it! I scoured all of the auction web sites to b...
Original label: LABEL_1
  Calculating word importance...
  Used 71 queries for importance ranking
  Attempting word replacements...
  ✓ Attack succeeded after 186 queries!
Perturbed label: LABEL_0
Success: True, Queries: 186, Similarity: 0.809

Example 390/1000
Original: Silly Disney film about a college student who accidentally discovers a potion that makes things invi...
Original label: LABEL_0
  Calculating word importance...
  Used 69 queries for importance ranking
  Attempting word replacements...
Perturbed label: LABEL_0
Success: False, Queries: 457, Similarity: 0.801

Example 391/1000
Original: Lloyd Hamilton was one of the most imaginative (and among the funniest) of all the silent-film comed...
Original label: LABEL_1
  Calculating word importance...
  Used 463 queries for importance ranking
  Attempting word replacements...
Perturbed label: LABEL_1
Success: False, Queries: 1000, Similarity: 0.801

Example 392/1000
Original: It was so very long ago (1960), but I have never forgotten this series and often wished it would rea...
Original label: LABEL_1
  Calculating word importance...
  Used 254 queries for importance ranking
  Attempting word replacements...
  ✓ Attack succeeded after 548 queries!
Perturbed label: LABEL_0
Success: True, Queries: 548, Similarity: 0.806

Example 393/1000
Original: If it was possible to give negative stars I would for this stinkburger.<br /><br />Don't get me wron...
Original label: LABEL_0
  Calculating word importance...
  Used 410 queries for importance ranking
  Attempting word replacements...
Perturbed label: LABEL_0
Success: False, Queries: 1000, Similarity: 0.804

Example 394/1000
Original: I have always wanted to see the movie because I loved the novel, but was warned away because I'd hea...
Original label: LABEL_0
  Calculating word importance...
  Used 130 queries for importance ranking
  Attempting word replacements...
Perturbed label: LABEL_0
Success: False, Queries: 723, Similarity: 0.808

Example 395/1000
Original: I thought this was a very daring representation of the old hokey 'Tarzan' concept made so popular by...
Original label: LABEL_1
  Calculating word importance...
  Used 457 queries for importance ranking
  Attempting word replacements...
Perturbed label: LABEL_1
Success: False, Queries: 1000, Similarity: 0.802

Example 396/1000
Original: The first DH wasn't that great, but I really didn't expect it to be. But this horrible movie was jus...
Original label: LABEL_0
  Calculating word importance...
  Used 144 queries for importance ranking
  Attempting word replacements...
Perturbed label: LABEL_0
Success: False, Queries: 838, Similarity: 0.800

Example 397/1000
Original: I recently saw this film at a 3-D film festival in Hollywood. It was in polarized 3-D (Gray glasses ...
Original label: LABEL_1
  Calculating word importance...
  Used 125 queries for importance ranking
  Attempting word replacements...
Perturbed label: LABEL_1
Success: False, Queries: 583, Similarity: 0.810

Example 398/1000
Original: I watch a lot of movies - DVD, features, and classics, you name it. The night I watched JERICHO MILE...
Original label: LABEL_1
  Calculating word importance...
  Used 173 queries for importance ranking
  Attempting word replacements...
  ✓ Attack succeeded after 414 queries!
Perturbed label: LABEL_0
Success: True, Queries: 414, Similarity: 0.819

Example 399/1000
Original: A very great movie.<br /><br />A big love story. Lots of sword fighting. Huge battle scenes. Heros a...
Original label: LABEL_1
  Calculating word importance...
  Used 247 queries for importance ranking
  Attempting word replacements...
  ✓ Attack succeeded after 264 queries!
Perturbed label: LABEL_0
Success: True, Queries: 264, Similarity: 0.985

Example 400/1000
Original: What a great movie!! It's a touching story about four high-school friends who grow up in the 1960s. ...
Original label: LABEL_1
  Calculating word importance...
  Used 73 queries for importance ranking
  Attempting word replacements...
Perturbed label: LABEL_1
Success: False, Queries: 472, Similarity: 0.806

Example 401/1000
Original: If you want to really terrify people, choose the Devil as your subject. After all, a good deal of th...
Original label: LABEL_1
  Calculating word importance...
  Used 286 queries for importance ranking
  Attempting word replacements...
  ✓ Attack succeeded after 287 queries!
Perturbed label: LABEL_0
Success: True, Queries: 287, Similarity: 0.978

Example 402/1000
Original: I was at Wrestlemania VI in Toronto as a 10 year old, and the event I saw then was pretty different ...
Original label: LABEL_1
  Calculating word importance...
  Used 146 queries for importance ranking
  Attempting word replacements...
  ✓ Attack succeeded after 147 queries!
Perturbed label: LABEL_0
Success: True, Queries: 147, Similarity: 0.998

Example 403/1000
Original: I am probably a little too old for this movie, 16, and being a guy, the story is a little too girlie...
Original label: LABEL_1
  Calculating word importance...
  Used 303 queries for importance ranking
  Attempting word replacements...
  ✓ Attack succeeded after 444 queries!
Perturbed label: LABEL_0
Success: True, Queries: 444, Similarity: 0.874

Example 404/1000
Original: Fred Astaire is reteamed with Rita Hayworth one year after their big hit for Columbia, "You'll Never...
Original label: LABEL_0
  Calculating word importance...
  Used 167 queries for importance ranking
  Attempting word replacements...
Perturbed label: LABEL_0
Success: False, Queries: 838, Similarity: 0.808

Example 405/1000
Original: I thought this was a really great movie especially since it was jut filler for me. I was bored, I go...
Original label: LABEL_1
  Calculating word importance...
  Used 130 queries for importance ranking
  Attempting word replacements...
Perturbed label: LABEL_1
Success: False, Queries: 812, Similarity: 0.800

Example 406/1000
Original: This movie was horrible, and it doesn't even deserve to be called a movie. The way I look at it, it'...
Original label: LABEL_0
  Calculating word importance...
  Used 324 queries for importance ranking
  Attempting word replacements...
Perturbed label: LABEL_0
Success: False, Queries: 1000, Similarity: 0.803

Example 407/1000
Original: Latter Days for me was a very moving film, it showed just how hard and disrespected the gay communit...
Original label: LABEL_1
  Calculating word importance...
  Used 170 queries for importance ranking
  Attempting word replacements...
  ✓ Attack succeeded after 569 queries!
Perturbed label: LABEL_0
Success: True, Queries: 569, Similarity: 0.795

Example 408/1000
Original: EXCUSE ME!!! HellOOOOOOOOOO!!!!!!!!!!! CUBA GOODING,Jr. Should Have Won An Oscar For His Portrayal I...
Original label: LABEL_1
  Calculating word importance...
  Used 159 queries for importance ranking
  Attempting word replacements...
Perturbed label: LABEL_1
Success: False, Queries: 1000, Similarity: 0.801

Example 409/1000
Original: Yeah, I know the girls are hot and the scenery lovely but for someone knowing the place, it's hilari...
Original label: LABEL_1
  Calculating word importance...
  Used 217 queries for importance ranking
  Attempting word replacements...
  ✓ Attack succeeded after 498 queries!
Perturbed label: LABEL_0
Success: True, Queries: 498, Similarity: 0.803

Example 410/1000
Original: William H. Macy always gives a good performance. He never looks lazy and never seems like he'd rathe...
Original label: LABEL_1
  Calculating word importance...
  Used 141 queries for importance ranking
  Attempting word replacements...
  ✓ Attack succeeded after 151 queries!
Perturbed label: LABEL_0
Success: True, Queries: 151, Similarity: 0.980

Example 411/1000
Original: I just re-watched this thriller, one I had previously believed to be one of Hitch's lesser efforts. ...
Original label: LABEL_1
  Calculating word importance...
  Used 76 queries for importance ranking
  Attempting word replacements...
Perturbed label: LABEL_1
Success: False, Queries: 450, Similarity: 0.801

Example 412/1000
Original: Where to start, where to start....hmmm...well how about some of the stiffest, most unnatural, unbeli...
Original label: LABEL_0
  Calculating word importance...
  Used 87 queries for importance ranking
  Attempting word replacements...
Perturbed label: LABEL_0
Success: False, Queries: 368, Similarity: 0.802

Example 413/1000
Original: I've seen just about all of the Coen brothers' films now, and I have to say this is one of their bet...
Original label: LABEL_1
  Calculating word importance...
  Used 164 queries for importance ranking
  Attempting word replacements...
Perturbed label: LABEL_1
Success: False, Queries: 785, Similarity: 0.802

Example 414/1000
Original: I should have realized that any two-video set being sold for only $6 would be bad. I even read the r...
Original label: LABEL_0
  Calculating word importance...
  Used 169 queries for importance ranking
  Attempting word replacements...
  ✓ Attack succeeded after 347 queries!
Perturbed label: LABEL_1
Success: True, Queries: 347, Similarity: 0.842

Example 415/1000
Original: When I saw this film at a festival years ago I was very impressed and I started to looking for it. N...
Original label: LABEL_1
  Calculating word importance...
  Used 109 queries for importance ranking
  Attempting word replacements...
  ✓ Attack succeeded after 395 queries!
Perturbed label: LABEL_0
Success: True, Queries: 395, Similarity: 0.854

Example 416/1000
Original: I saw this film when it came out. Let me see now--this guy who had earlier skied down Mount Fuji man...
Original label: LABEL_1
  Calculating word importance...
  Used 247 queries for importance ranking
  Attempting word replacements...
  ✓ Attack succeeded after 248 queries!
Perturbed label: LABEL_0
Success: True, Queries: 248, Similarity: 1.000

Example 417/1000
Original: I think my summary says it all. This MTV-ish answer to the classic Candid Camera TV show features a ...
Original label: LABEL_0
  Calculating word importance...
  Used 195 queries for importance ranking
  Attempting word replacements...
Perturbed label: LABEL_0
Success: False, Queries: 1000, Similarity: 0.803

Example 418/1000
Original: This movie surprised me. The box is misleading, the tagline is misleading and the costumes and tone ...
Original label: LABEL_1
  Calculating word importance...
  Used 117 queries for importance ranking
  Attempting word replacements...
Perturbed label: LABEL_1
Success: False, Queries: 572, Similarity: 0.800

Example 419/1000
Original: Eddy Murphy and Robert De Niro should be a combination that results in a great comedy. Great expecta...
Original label: LABEL_0
  Calculating word importance...
  Used 172 queries for importance ranking
  Attempting word replacements...
  ✓ Attack succeeded after 193 queries!
Perturbed label: LABEL_1
Success: True, Queries: 193, Similarity: 0.879

Example 420/1000
Original: I really enjoyed this movie. Yes there was disrespect throughout the movie, but Bruce Willis learned...
Original label: LABEL_1
  Calculating word importance...
  Used 111 queries for importance ranking
  Attempting word replacements...
Perturbed label: LABEL_1
Success: False, Queries: 568, Similarity: 0.805

Example 421/1000
Original: Kokoda was inspired by events on the Kokoda track during WW2 when Australian militia slowed and ulti...
Original label: LABEL_0
  Calculating word importance...
  Used 231 queries for importance ranking
  Attempting word replacements...
Perturbed label: LABEL_0
Success: False, Queries: 1000, Similarity: 0.801

Example 422/1000
Original: This is an absolutely true and faithful adaptation of 'The Hollow'. It could be argued that the actu...
Original label: LABEL_1
  Calculating word importance...
  Used 241 queries for importance ranking
  Attempting word replacements...
Perturbed label: LABEL_1
Success: False, Queries: 1000, Similarity: 0.800

Example 423/1000
Original: I watched this film on the advice of a friend who assured me it was one of the funniest things he'd ...
Original label: LABEL_0
  Calculating word importance...
  Used 59 queries for importance ranking
  Attempting word replacements...
Perturbed label: LABEL_0
Success: False, Queries: 432, Similarity: 0.804

Example 424/1000
Original: Now I remember what the 'indie' filmmakers were ripping off before Pulp Fiction. It was David Lynch,...
Original label: LABEL_0
  Calculating word importance...
  Used 223 queries for importance ranking
  Attempting word replacements...
Perturbed label: LABEL_0
Success: False, Queries: 1000, Similarity: 0.800

Example 425/1000
Original: Someone once defined what is the definition of AN INTELLECTUAL as being: "A person who can listen to...
Original label: LABEL_1
  Calculating word importance...
  Used 500 queries for importance ranking
  Attempting word replacements...
  ✓ Attack succeeded after 835 queries!
Perturbed label: LABEL_0
Success: True, Queries: 835, Similarity: 0.802

Example 426/1000
Original: I have seen a number of horror movies to know that this one was one of kind. Full Moon Pictures has ...
Original label: LABEL_1
  Calculating word importance...
  Used 57 queries for importance ranking
  Attempting word replacements...
  ✓ Attack succeeded after 265 queries!
Perturbed label: LABEL_0
Success: True, Queries: 265, Similarity: 0.787

Example 427/1000
Original: As someone who used to spend hours driving around the backstreets of North London in an attempt to a...
Original label: LABEL_1
  Calculating word importance...
  Used 251 queries for importance ranking
  Attempting word replacements...
Perturbed label: LABEL_1
Success: False, Queries: 1000, Similarity: 0.809

Example 428/1000
Original: "May contain spoilers" Sadly Lou Costellos' last film has the distinction of being slightly better t...
Original label: LABEL_0
  Calculating word importance...
  Used 136 queries for importance ranking
  Attempting word replacements...
Perturbed label: LABEL_0
Success: False, Queries: 785, Similarity: 0.801

Example 429/1000
Original: This one started excellently. The photography and audio are the best I've experienced in years (okay...
Original label: LABEL_0
  Calculating word importance...
  Used 152 queries for importance ranking
  Attempting word replacements...
  ✓ Attack succeeded after 163 queries!
Perturbed label: LABEL_1
Success: True, Queries: 163, Similarity: 0.999

Example 430/1000
Original: 'Oppenheimer' with Sam Waterston in the title role and with David Suchet as Evard Teller is an examp...
Original label: LABEL_1
  Calculating word importance...
  Used 237 queries for importance ranking
  Attempting word replacements...
  ✓ Attack succeeded after 345 queries!
Perturbed label: LABEL_0
Success: True, Queries: 345, Similarity: 0.929

Example 431/1000
Original: Oh noes one of these attack of the Japanese ghost girl movies... i don't even remember how many i've...
Original label: LABEL_0
  Calculating word importance...
  Used 146 queries for importance ranking
  Attempting word replacements...
Perturbed label: LABEL_0
Success: False, Queries: 849, Similarity: 0.800

Example 432/1000
Original: For a teenager who has never read Austen, this adaptation might be fine. But only for them. This is ...
Original label: LABEL_0
  Calculating word importance...
  Used 286 queries for importance ranking
  Attempting word replacements...
Perturbed label: LABEL_0
Success: False, Queries: 1000, Similarity: 0.804

Example 433/1000
Original: "Dolemite" is the touching story of Dolemite (Gotta love blaxploitation film titles), an ex-con who ...
Original label: LABEL_0
  Calculating word importance...
  Used 414 queries for importance ranking
  Attempting word replacements...
  ✓ Attack succeeded after 417 queries!
Perturbed label: LABEL_1
Success: True, Queries: 417, Similarity: 1.000

Example 434/1000
Original: Bedrooms and Hallways gives its audience a look into the mind of a man who thinks he's found himself...
Original label: LABEL_1
  Calculating word importance...
  Used 69 queries for importance ranking
  Attempting word replacements...
  ✓ Attack succeeded after 306 queries!
Perturbed label: LABEL_0
Success: True, Queries: 306, Similarity: 0.785

Example 435/1000
Original: The story starts out with a soldier being transported to a desert town then goes back in time to tel...
Original label: LABEL_1
  Calculating word importance...
  Used 129 queries for importance ranking
  Attempting word replacements...
Perturbed label: LABEL_1
Success: False, Queries: 618, Similarity: 0.812

Example 436/1000
Original: i enjoyed this film immensely, due to pungent scenes (humorous as well as ironic, some even "tragica...
Original label: LABEL_1
  Calculating word importance...
  Used 148 queries for importance ranking
  Attempting word replacements...
Perturbed label: LABEL_1
Success: False, Queries: 574, Similarity: 0.802

Example 437/1000
Original: Let me state this right from the start. I do NOT hate this show. I actually quite like some aspects ...
Original label: LABEL_0
  Calculating word importance...
  Used 500 queries for importance ranking
  Attempting word replacements...
Perturbed label: LABEL_0
Success: False, Queries: 1000, Similarity: 0.801

Example 438/1000
Original: Tycoon will never be listed as one of John Wayne's better post Stagecoach film. It's good in spots, ...
Original label: LABEL_0
  Calculating word importance...
  Used 261 queries for importance ranking
  Attempting word replacements...
  ✓ Attack succeeded after 442 queries!
Perturbed label: LABEL_1
Success: True, Queries: 442, Similarity: 0.867

Example 439/1000
Original: A very well directed version of Eric Bogosian's stage play. Well worth checking out for Bogosian's g...
Original label: LABEL_1
  Calculating word importance...
  Used 36 queries for importance ranking
  Attempting word replacements...
  ✓ Attack succeeded after 97 queries!
Perturbed label: LABEL_0
Success: True, Queries: 97, Similarity: 0.707

Example 440/1000
Original: I'm astonished how a filmmaker notorious for his political left-wing fervor could make such a subtle...
Original label: LABEL_1
  Calculating word importance...
  Used 80 queries for importance ranking
  Attempting word replacements...
  ✓ Attack succeeded after 112 queries!
Perturbed label: LABEL_0
Success: True, Queries: 112, Similarity: 0.878

Example 441/1000
Original: Everything about "Choose Connor" was top=drawer, especially the script and the very proficient work ...
Original label: LABEL_1
  Calculating word importance...
  Used 121 queries for importance ranking
  Attempting word replacements...
  ✓ Attack succeeded after 356 queries!
Perturbed label: LABEL_0
Success: True, Queries: 356, Similarity: 0.844

Example 442/1000
Original: This is a awful re-make of a very good movie called "Up In The Air" starring Frankie Darrow, Mantan ...
Original label: LABEL_0
  Calculating word importance...
  Used 131 queries for importance ranking
  Attempting word replacements...
  ✓ Attack succeeded after 135 queries!
Perturbed label: LABEL_1
Success: True, Queries: 135, Similarity: 0.992

Example 443/1000
Original: I found this movie to be preachy and unrealistic. It tries to be a movie showing kids fighting again...
Original label: LABEL_0
  Calculating word importance...
  Used 96 queries for importance ranking
  Attempting word replacements...
Perturbed label: LABEL_0
Success: False, Queries: 520, Similarity: 0.800

Example 444/1000
Original: Director Jay Craven's adaptation of Howard Frank Mosher's 'Where the rivers flow north' is one of th...
Original label: LABEL_1
  Calculating word importance...
  Used 384 queries for importance ranking
  Attempting word replacements...
Perturbed label: LABEL_1
Success: False, Queries: 1000, Similarity: 0.800

Example 445/1000
Original: I bought this video on a throw-out table at the video store expecting a good cast in what was touted...
Original label: LABEL_0
  Calculating word importance...
  Used 202 queries for importance ranking
  Attempting word replacements...
Perturbed label: LABEL_0
Success: False, Queries: 1000, Similarity: 0.801

Example 446/1000
Original: I have seen about five or six episodes of this stupid show, and most of them I was forced to watch. ...
Original label: LABEL_0
  Calculating word importance...
  Used 142 queries for importance ranking
  Attempting word replacements...
Perturbed label: LABEL_0
Success: False, Queries: 689, Similarity: 0.807

Example 447/1000
Original: Ridiculous, nauseating doggerel with terrible acting; ineptly, superficially, and condescendingly tr...
Original label: LABEL_0
  Calculating word importance...
  Used 135 queries for importance ranking
  Attempting word replacements...
Perturbed label: LABEL_0
Success: False, Queries: 632, Similarity: 0.800

Example 448/1000
Original: Anatomie isn't very unique in horror genre, in fact it isn't even scary at all. It reminds me of its...
Original label: LABEL_0
  Calculating word importance...
  Used 134 queries for importance ranking
  Attempting word replacements...
Perturbed label: LABEL_0
Success: False, Queries: 595, Similarity: 0.801

Example 449/1000
Original: What a waste of time to watch this movie. Poor picture quality, poor sound, poor acting and definite...
Original label: LABEL_0
  Calculating word importance...
  Used 127 queries for importance ranking
  Attempting word replacements...
Perturbed label: LABEL_0
Success: False, Queries: 817, Similarity: 0.802

Example 450/1000
Original: "Where to begin, where to begin . . ?(Savannah in the episode "Gimme Shelter")" To disabuse: Fox/Via...
Original label: LABEL_1
  Calculating word importance...
  Used 196 queries for importance ranking
  Attempting word replacements...
Perturbed label: LABEL_1
Success: False, Queries: 888, Similarity: 0.801

Example 451/1000
Original: Demi and Woody are married, but they're poor. They meet Robert Redford, and he's REALLY rich. He tak...
Original label: LABEL_0
  Calculating word importance...
  Used 222 queries for importance ranking
  Attempting word replacements...
  ✓ Attack succeeded after 905 queries!
Perturbed label: LABEL_1
Success: True, Queries: 905, Similarity: 0.804

Example 452/1000
Original: .... could it be that ITV wouldn't want to release this absolute classic because it would show up th...
Original label: LABEL_1
  Calculating word importance...
  Used 187 queries for importance ranking
  Attempting word replacements...
  ✓ Attack succeeded after 298 queries!
Perturbed label: LABEL_0
Success: True, Queries: 298, Similarity: 0.917

Example 453/1000
Original: I think the film makes a subtile reference to rouge of Kieslowski, as the whole atmosphere gives me ...
Original label: LABEL_1
  Calculating word importance...
  Used 55 queries for importance ranking
  Attempting word replacements...
Perturbed label: LABEL_1
Success: False, Queries: 369, Similarity: 0.801

Example 454/1000
Original: This is possibly the single worst film i have ever seen - it has no good features at all.<br /><br /...
Original label: LABEL_0
  Calculating word importance...
  Used 86 queries for importance ranking
  Attempting word replacements...
Perturbed label: LABEL_0
Success: False, Queries: 458, Similarity: 0.802

Example 455/1000
Original: I blow hot and cold over Carné. He really can be a puzzle for me. I think perhaps his inspiration le...
Original label: LABEL_0
  Calculating word importance...
  Used 252 queries for importance ranking
  Attempting word replacements...
  ✓ Attack succeeded after 253 queries!
Perturbed label: LABEL_1
Success: True, Queries: 253, Similarity: 1.000

Example 456/1000
Original: Co-scripted by William H. Macy from, arguably, Donald E. Westlake's best and hardest to find novel, ...
Original label: LABEL_1
  Calculating word importance...
  Used 135 queries for importance ranking
  Attempting word replacements...
Perturbed label: LABEL_1
Success: False, Queries: 736, Similarity: 0.803

Example 457/1000
Original: Maybe I'm biased because the F-16 is my favorite fighter aircraft - although the F-14 is probably se...
Original label: LABEL_1
  Calculating word importance...
  Used 126 queries for importance ranking
  Attempting word replacements...
Perturbed label: LABEL_1
Success: False, Queries: 519, Similarity: 0.801

Example 458/1000
Original: GREAT MOVIE! Chucky is by far the funniest character in a movie. Jennifer Tilly (Tiffany) makes this...
Original label: LABEL_1
  Calculating word importance...
  Used 61 queries for importance ranking
  Attempting word replacements...
Perturbed label: LABEL_1
Success: False, Queries: 387, Similarity: 0.801

Example 459/1000
Original: This is one of t.v.'s greatest mini-series! It comes to life almost as well as the book did. Also th...
Original label: LABEL_1
  Calculating word importance...
  Used 50 queries for importance ranking
  Attempting word replacements...
Perturbed label: LABEL_1
Success: False, Queries: 275, Similarity: 0.809

Example 460/1000
Original: Like most, I rented this after I heard the universal praise. And despite COUNTLESS bizarre, unexplai...
Original label: LABEL_0
  Calculating word importance...
  Used 233 queries for importance ranking
  Attempting word replacements...
Perturbed label: LABEL_0
Success: False, Queries: 1000, Similarity: 0.802

Example 461/1000
Original: If you are looking for the feel-good hit of the summer, Dark Harvest 2 might just be your ticket. Th...
Original label: LABEL_0
  Calculating word importance...
  Used 196 queries for importance ranking
  Attempting word replacements...
Perturbed label: LABEL_0
Success: False, Queries: 896, Similarity: 0.800

Example 462/1000
Original: A VERY un-Tom and Jerry short. Jerry narrates this tale that revolves around Tom the cat falling in ...
Original label: LABEL_0
  Calculating word importance...
  Used 122 queries for importance ranking
  Attempting word replacements...
  ✓ Attack succeeded after 321 queries!
Perturbed label: LABEL_1
Success: True, Queries: 321, Similarity: 0.802

Example 463/1000
Original: A plane carrying employees of a large biotech firm--including the CEO's daughter--goes down in thick...
Original label: LABEL_0
  Calculating word importance...
  Used 500 queries for importance ranking
  Attempting word replacements...
Perturbed label: LABEL_0
Success: False, Queries: 1000, Similarity: 0.805

Example 464/1000
Original: Its the best movie I have seen in 2000, it has the beautiful and talented Natalie Portman in it. It ...
Original label: LABEL_1
  Calculating word importance...
  Used 36 queries for importance ranking
  Attempting word replacements...
Perturbed label: LABEL_1
Success: False, Queries: 227, Similarity: 0.802

Example 465/1000
Original: Buddy Manucci(Roy Scheider, solid in a chance leading role)heads a secret undercover police squad ca...
Original label: LABEL_1
  Calculating word importance...
  Used 343 queries for importance ranking
  Attempting word replacements...
Perturbed label: LABEL_1
Success: False, Queries: 1000, Similarity: 0.801

Example 466/1000
Original: A tough life gets tougher when the three children of a single mom are scheduled to be sent to separa...
Original label: LABEL_1
  Calculating word importance...
  Used 174 queries for importance ranking
  Attempting word replacements...
  ✓ Attack succeeded after 198 queries!
Perturbed label: LABEL_0
Success: True, Queries: 198, Similarity: 0.905

Example 467/1000
Original: I went to this film full of hope. With so many capable and humorous actors headed up by Sir Ben I th...
Original label: LABEL_0
  Calculating word importance...
  Used 257 queries for importance ranking
  Attempting word replacements...
Perturbed label: LABEL_0
Success: False, Queries: 1000, Similarity: 0.801

Example 468/1000
Original: This TV show is possibly the most pathetic display of crap on TV today. Horribly predictable, obscen...
Original label: LABEL_0
  Calculating word importance...
  Used 117 queries for importance ranking
  Attempting word replacements...
Perturbed label: LABEL_0
Success: False, Queries: 834, Similarity: 0.800

Example 469/1000
Original: This movie can't decide what it is -- a soft porno or a sf movie. Not enough plot for a real movie, ...
Original label: LABEL_0
  Calculating word importance...
  Used 216 queries for importance ranking
  Attempting word replacements...
Perturbed label: LABEL_0
Success: False, Queries: 1000, Similarity: 0.802

Example 470/1000
Original: No matter how you feel about Michael Jackson himself, you can't deny that this video is the most uni...
Original label: LABEL_1
  Calculating word importance...
  Used 113 queries for importance ranking
  Attempting word replacements...
  ✓ Attack succeeded after 370 queries!
Perturbed label: LABEL_0
Success: True, Queries: 370, Similarity: 0.800

Example 471/1000
Original: These writers are trying to re-create the characters they have on "scrubs" in a different occupation...
Original label: LABEL_0
  Calculating word importance...
  Used 170 queries for importance ranking
  Attempting word replacements...
Perturbed label: LABEL_0
Success: False, Queries: 891, Similarity: 0.800

Example 472/1000
Original: By the time this movie came out in 1996, director Mark Lester had been making tight, sharp little B ...
Original label: LABEL_0
  Calculating word importance...
  Used 252 queries for importance ranking
  Attempting word replacements...
Perturbed label: LABEL_0
Success: False, Queries: 1000, Similarity: 0.800

Example 473/1000
Original: _The Wild Life_ has an obvious resemblance to _Fast Times At Ridgemont High_, and _The Wild Life_ co...
Original label: LABEL_1
  Calculating word importance...
  Used 159 queries for importance ranking
  Attempting word replacements...
  ✓ Attack succeeded after 196 queries!
Perturbed label: LABEL_0
Success: True, Queries: 196, Similarity: 0.981

Example 474/1000
Original: I've got as much testosterone as the next bloke, and Raquel Welch at her finest is certainly worth a...
Original label: LABEL_0
  Calculating word importance...
  Used 195 queries for importance ranking
  Attempting word replacements...
  ✓ Attack succeeded after 764 queries!
Perturbed label: LABEL_1
Success: True, Queries: 764, Similarity: 0.804

Example 475/1000
Original: What a dire film. I cannot believe that I actually sat down and watched it. A very, very, very, very...
Original label: LABEL_0
  Calculating word importance...
  Used 100 queries for importance ranking
  Attempting word replacements...
Perturbed label: LABEL_0
Success: False, Queries: 556, Similarity: 0.800

Example 476/1000
Original: To start out with, the script is immitative and inane. The characters are shallow and formulaic. The...
Original label: LABEL_0
  Calculating word importance...
  Used 165 queries for importance ranking
  Attempting word replacements...
Perturbed label: LABEL_0
Success: False, Queries: 947, Similarity: 0.801

Example 477/1000
Original: The trio are a pleasant, nostalgic journey to that first hint of desire--when it was still about sim...
Original label: LABEL_1
  Calculating word importance...
  Used 108 queries for importance ranking
  Attempting word replacements...
Perturbed label: LABEL_1
Success: False, Queries: 595, Similarity: 0.804

Example 478/1000
Original: i just get exited when the movie start(because i saw Juliette lewis name on the screen).the script s...
Original label: LABEL_0
  Calculating word importance...
  Used 165 queries for importance ranking
  Attempting word replacements...
Perturbed label: LABEL_0
Success: False, Queries: 952, Similarity: 0.802

Example 479/1000
Original: Absolutely one of the worst movies I've ever seen! "The Beginning" was not the greatest either but b...
Original label: LABEL_0
  Calculating word importance...
  Used 136 queries for importance ranking
  Attempting word replacements...
Perturbed label: LABEL_0
Success: False, Queries: 815, Similarity: 0.802

Example 480/1000
Original: ...left behind when the ostensible heroine's Venus flytrap makes any man whose sexual advances are f...
Original label: LABEL_0
  Calculating word importance...
  Used 179 queries for importance ranking
  Attempting word replacements...
Perturbed label: LABEL_0
Success: False, Queries: 1000, Similarity: 0.804

Example 481/1000
Original: Yes Pigeon and Coburn are great, and it's interesting to watch them, although Coburn seems rather re...
Original label: LABEL_0
  Calculating word importance...
  Used 141 queries for importance ranking
  Attempting word replacements...
Perturbed label: LABEL_0
Success: False, Queries: 709, Similarity: 0.801

Example 482/1000
Original: I really enjoyed the first film and when it turned up again, without thinking, or checking, I took a...
Original label: LABEL_0
  Calculating word importance...
  Used 118 queries for importance ranking
  Attempting word replacements...
  ✓ Attack succeeded after 151 queries!
Perturbed label: LABEL_1
Success: True, Queries: 151, Similarity: 0.928

Example 483/1000
Original: The creator of Donnie Darko brings you a twilight zone themed tale of the oddest fashion. The film c...
Original label: LABEL_1
  Calculating word importance...
  Used 251 queries for importance ranking
  Attempting word replacements...
  ✓ Attack succeeded after 952 queries!
Perturbed label: LABEL_0
Success: True, Queries: 952, Similarity: 0.807

Example 484/1000
Original: The credits come from the Sandy Frank stitching job that was made to turn this movie into Cave Dwell...
Original label: LABEL_0
  Calculating word importance...
  Used 132 queries for importance ranking
  Attempting word replacements...
Perturbed label: LABEL_0
Success: False, Queries: 761, Similarity: 0.801

Example 485/1000
Original: This is the only Pauly Shore movie you should ever see. O.K., it's the only one I've ever seen, and ...
Original label: LABEL_0
  Calculating word importance...
  Used 80 queries for importance ranking
  Attempting word replacements...
Perturbed label: LABEL_0
Success: False, Queries: 521, Similarity: 0.809

Example 486/1000
Original: I have just watched this movie on DVD late this morning and was so disappointed that even thought it...
Original label: LABEL_0
  Calculating word importance...
  Used 118 queries for importance ranking
  Attempting word replacements...
Perturbed label: LABEL_0
Success: False, Queries: 644, Similarity: 0.800

Example 487/1000
Original: I appear to be in the minority, but I thought "Radio" was pretty awful. It seemed to contain almost ...
Original label: LABEL_0
  Calculating word importance...
  Used 128 queries for importance ranking
  Attempting word replacements...
Perturbed label: LABEL_0
Success: False, Queries: 779, Similarity: 0.807

Example 488/1000
Original: When this show first aired I will admit to being intrigued by the premise and the setting. With an o...
Original label: LABEL_0
  Calculating word importance...
  Used 128 queries for importance ranking
  Attempting word replacements...
Perturbed label: LABEL_0
Success: False, Queries: 637, Similarity: 0.802

Example 489/1000
Original: This had the promise of being an interesting film. The subject matter was certainly a promising one ...
Original label: LABEL_0
  Calculating word importance...
  Used 170 queries for importance ranking
  Attempting word replacements...
Perturbed label: LABEL_0
Success: False, Queries: 828, Similarity: 0.812

Example 490/1000
Original: by Dane Youssef<br /><br />I was kind of looking forward to this one. I enjoy Eddie Murphy and I lov...
Original label: LABEL_0
  Calculating word importance...
  Used 500 queries for importance ranking
  Attempting word replacements...
Perturbed label: LABEL_0
Success: False, Queries: 1000, Similarity: 0.805

Example 491/1000
Original: I don't know how expensive was the creation of this movie but the effects were awful. Half of the mo...
Original label: LABEL_0
  Calculating word importance...
  Used 172 queries for importance ranking
  Attempting word replacements...
Perturbed label: LABEL_0
Success: False, Queries: 1000, Similarity: 0.801

Example 492/1000
Original: The problem with the film is quite simply this, Conrad's prose is powerfully verbose and cannot be a...
Original label: LABEL_0
  Calculating word importance...
  Used 143 queries for importance ranking
  Attempting word replacements...
  ✓ Attack succeeded after 144 queries!
Perturbed label: LABEL_1
Success: True, Queries: 144, Similarity: 0.997

Example 493/1000
Original: A hugely enjoyable screen version of Rona Jaffe's best-selling pot-boiler about the trials and tribu...
Original label: LABEL_1
  Calculating word importance...
  Used 204 queries for importance ranking
  Attempting word replacements...
  ✓ Attack succeeded after 209 queries!
Perturbed label: LABEL_0
Success: True, Queries: 209, Similarity: 0.990

Example 494/1000
Original: The only time I seem to trawl through IMDb comments is when I've seen a duff film. I guess I'm looki...
Original label: LABEL_0
  Calculating word importance...
  Used 155 queries for importance ranking
  Attempting word replacements...
Perturbed label: LABEL_0
Success: False, Queries: 794, Similarity: 0.800

Example 495/1000
Original: 1) Men over the age of 25 that refer to themselves, without irony, as having "game", or being either...
Original label: LABEL_1
  Calculating word importance...
  Used 255 queries for importance ranking
  Attempting word replacements...
  ✓ Attack succeeded after 419 queries!
Perturbed label: LABEL_0
Success: True, Queries: 419, Similarity: 0.805

Example 496/1000
Original: I'm not going to say too much as this movie isn't worth the effort. To put it simply the movie absol...
Original label: LABEL_0
  Calculating word importance...
  Used 76 queries for importance ranking
  Attempting word replacements...
Perturbed label: LABEL_0
Success: False, Queries: 475, Similarity: 0.802

Example 497/1000
Original: Definitely the worst movie I have ever seen in my entire life. I can't find anything positive to say...
Original label: LABEL_0
  Calculating word importance...
  Used 119 queries for importance ranking
  Attempting word replacements...
Perturbed label: LABEL_0
Success: False, Queries: 712, Similarity: 0.801

Example 498/1000
Original: Wow, there are no words to describe how bad this movie truly is. I usually pride myself on being abl...
Original label: LABEL_0
  Calculating word importance...
  Used 141 queries for importance ranking
  Attempting word replacements...
Perturbed label: LABEL_0
Success: False, Queries: 828, Similarity: 0.802

Example 499/1000
Original: Gritty drama? Emotionally powerful? Blah! The BBC has lost out big time to masterful productions suc...
Original label: LABEL_0
  Calculating word importance...
  Used 198 queries for importance ranking
  Attempting word replacements...
Perturbed label: LABEL_0
Success: False, Queries: 1000, Similarity: 0.801

Example 500/1000
Original: The CinemaScope color cinematography of Leon Shamroy is quite remarkable here,including his use of c...
Original label: LABEL_0
  Calculating word importance...
  Used 171 queries for importance ranking
  Attempting word replacements...
  ✓ Attack succeeded after 187 queries!
Perturbed label: LABEL_1
Success: True, Queries: 187, Similarity: 0.996

Example 501/1000
Original: Sometimes when a film is panned by the critics one just has to see it to see if it is really as bad ...
Original label: LABEL_0
  Calculating word importance...
  Used 330 queries for importance ranking
  Attempting word replacements...
  ✓ Attack succeeded after 626 queries!
Perturbed label: LABEL_1
Success: True, Queries: 626, Similarity: 0.891

Example 502/1000
Original: A political satire of a comedian (Williams) who after dissing the political campaigns and presidents...
Original label: LABEL_1
  Calculating word importance...
  Used 144 queries for importance ranking
  Attempting word replacements...
  ✓ Attack succeeded after 228 queries!
Perturbed label: LABEL_0
Success: True, Queries: 228, Similarity: 0.976

Example 503/1000
Original: Now I did watch this when it first came out on VHS, and all my friends and I thought it was a pretty...
Original label: LABEL_0
  Calculating word importance...
  Used 152 queries for importance ranking
  Attempting word replacements...
Perturbed label: LABEL_0
Success: False, Queries: 691, Similarity: 0.801

Example 504/1000
Original: I have nothing but praise for this mini series. It's only about a year and a half old but I have see...
Original label: LABEL_1
  Calculating word importance...
  Used 181 queries for importance ranking
  Attempting word replacements...
  ✓ Attack succeeded after 439 queries!
Perturbed label: LABEL_0
Success: True, Queries: 439, Similarity: 0.831

Example 505/1000
Original: Guess a few upscale film directors were sitting around sipping their absinthe, grappa, aramangac or ...
Original label: LABEL_1
  Calculating word importance...
  Used 207 queries for importance ranking
  Attempting word replacements...
Perturbed label: LABEL_1
Success: False, Queries: 819, Similarity: 0.802

Example 506/1000
Original: I and my brother are very big Asian movie fans, so when finding this movie hidden in a shop, I bough...
Original label: LABEL_0
  Calculating word importance...
  Used 193 queries for importance ranking
  Attempting word replacements...
Perturbed label: LABEL_0
Success: False, Queries: 981, Similarity: 0.803

Example 507/1000
Original: Gave it two stars because the DVD cover was good enough to make me buy this piece of horse manure. I...
Original label: LABEL_0
  Calculating word importance...
  Used 148 queries for importance ranking
  Attempting word replacements...
Perturbed label: LABEL_0
Success: False, Queries: 1000, Similarity: 0.808

Example 508/1000
Original: A very insightful psychological thriller! Footprints is a stylish example of the 70's powerful Itali...
Original label: LABEL_1
  Calculating word importance...
  Used 237 queries for importance ranking
  Attempting word replacements...
Perturbed label: LABEL_1
Success: False, Queries: 958, Similarity: 0.801

Example 509/1000
Original: There wasn't a 0 in the voting option so i was compelled to use the next available figure.<br /><br ...
Original label: LABEL_0
  Calculating word importance...
  Used 113 queries for importance ranking
  Attempting word replacements...
Perturbed label: LABEL_0
Success: False, Queries: 560, Similarity: 0.803

Example 510/1000
Original: The film tackles the here and now horror of "rendition" with a multi-cast trans-global account of al...
Original label: LABEL_1
  Calculating word importance...
  Used 500 queries for importance ranking
  Attempting word replacements...
  ✓ Attack succeeded after 874 queries!
Perturbed label: LABEL_0
Success: True, Queries: 874, Similarity: 0.808

Example 511/1000
Original: This second full-length Lone Ranger feature doesn't measure up to the 1956 classic but is a fine fil...
Original label: LABEL_1
  Calculating word importance...
  Used 168 queries for importance ranking
  Attempting word replacements...
  ✓ Attack succeeded after 553 queries!
Perturbed label: LABEL_0
Success: True, Queries: 553, Similarity: 0.807

Example 512/1000
Original: What exactly do people expect when they watch an Al Adamson film? Are they expecting classic cinema ...
Original label: LABEL_0
  Calculating word importance...
  Used 318 queries for importance ranking
  Attempting word replacements...
Perturbed label: LABEL_0
Success: False, Queries: 1000, Similarity: 0.802

Example 513/1000
Original: I must first mention that as a group of mates, we often find entertainment in wacthing films which a...
Original label: LABEL_0
  Calculating word importance...
  Used 119 queries for importance ranking
  Attempting word replacements...
Perturbed label: LABEL_0
Success: False, Queries: 736, Similarity: 0.803

Example 514/1000
Original: One of the most sublime of American masterpieces, Morrissey opens the film by sexualizing Dallesandr...
Original label: LABEL_1
  Calculating word importance...
  Used 500 queries for importance ranking
  Attempting word replacements...
  ✓ Attack succeeded after 739 queries!
Perturbed label: LABEL_0
Success: True, Queries: 739, Similarity: 0.843

Example 515/1000
Original: If you know anything about the Manhattan Project, you will find "Fat Man and Little Boy" at least an...
Original label: LABEL_1
  Calculating word importance...
  Used 227 queries for importance ranking
  Attempting word replacements...
Perturbed label: LABEL_1
Success: False, Queries: 1000, Similarity: 0.806

Example 516/1000
Original: Tipping the Velvet (2002) (TV) was directed by Geoffrey Sax for BBC television. The basic plot is a ...
Original label: LABEL_1
  Calculating word importance...
  Used 275 queries for importance ranking
  Attempting word replacements...
Perturbed label: LABEL_1
Success: False, Queries: 1000, Similarity: 0.803

Example 517/1000
Original: Quai des Orfevres takes too long getting going, with Clouzot so enamored of his back-stage milieu th...
Original label: LABEL_1
  Calculating word importance...
  Used 362 queries for importance ranking
  Attempting word replacements...
Perturbed label: LABEL_1
Success: False, Queries: 1000, Similarity: 0.802

Example 518/1000
Original: Terrific, deeply moving crime thriller starring Andy Lau and Lau Ching Wan.<br /><br />From the dizz...
Original label: LABEL_1
  Calculating word importance...
  Used 165 queries for importance ranking
  Attempting word replacements...
Perturbed label: LABEL_1
Success: False, Queries: 706, Similarity: 0.804

Example 519/1000
Original: This movie purports to show a middle class family's attempt to figure out what is "going down" in th...
Original label: LABEL_0
  Calculating word importance...
  Used 118 queries for importance ranking
  Attempting word replacements...
Perturbed label: LABEL_0
Success: False, Queries: 719, Similarity: 0.803

Example 520/1000
Original: Yes, it is a bit cheesy. But it's suspenseful and entertaining, and one of my favorites; there are s...
Original label: LABEL_1
  Calculating word importance...
  Used 181 queries for importance ranking
  Attempting word replacements...
  ✓ Attack succeeded after 620 queries!
Perturbed label: LABEL_0
Success: True, Queries: 620, Similarity: 0.790

Example 521/1000
Original: Hammer House of Horror: Witching Time is set in rural England on Woodstock farm where stressed music...
Original label: LABEL_1
  Calculating word importance...
  Used 487 queries for importance ranking
  Attempting word replacements...
  ✓ Attack succeeded after 540 queries!
Perturbed label: LABEL_0
Success: True, Queries: 540, Similarity: 0.909

Example 522/1000
Original: so. i was completely in love with this movie. gaga for it, even with all its plot twists...but the o...
Original label: LABEL_1
  Calculating word importance...
  Used 132 queries for importance ranking
  Attempting word replacements...
  ✓ Attack succeeded after 133 queries!
Perturbed label: LABEL_0
Success: True, Queries: 133, Similarity: 0.995

Example 523/1000
Original: There's no better way to describe the HORRENDOUS experience that's to watch Mamma Mia: Hitler must b...
Original label: LABEL_0
  Calculating word importance...
  Used 380 queries for importance ranking
  Attempting word replacements...
Perturbed label: LABEL_0
Success: False, Queries: 1000, Similarity: 0.803

Example 524/1000
Original: I used to work in a video store. I saw this title in the horror section and took it home as a free r...
Original label: LABEL_0
  Calculating word importance...
  Used 273 queries for importance ranking
  Attempting word replacements...
Perturbed label: LABEL_0
Success: False, Queries: 1000, Similarity: 0.803

Example 525/1000
Original: "Blame it on Rio" is a romantic comedy 80's style, with more than an eye full of sex throughout its ...
Original label: LABEL_0
  Calculating word importance...
  Used 208 queries for importance ranking
  Attempting word replacements...
  ✓ Attack succeeded after 960 queries!
Perturbed label: LABEL_1
Success: True, Queries: 960, Similarity: 0.796

Example 526/1000
Original: As a veteran screen writing instructor at Richland College in Dallas and a former MGM screenwriter b...
Original label: LABEL_1
  Calculating word importance...
  Used 136 queries for importance ranking
  Attempting word replacements...
  ✓ Attack succeeded after 630 queries!
Perturbed label: LABEL_0
Success: True, Queries: 630, Similarity: 0.803

Example 527/1000
Original: Destined to be a classic before it was even conceptualized. This game deserves all the recognition i...
Original label: LABEL_1
  Calculating word importance...
  Used 96 queries for importance ranking
  Attempting word replacements...
  ✓ Attack succeeded after 241 queries!
Perturbed label: LABEL_0
Success: True, Queries: 241, Similarity: 0.830

Example 528/1000
Original: The movie was great and everything but, there were a lot of mistakes in the "soccer" scenes, i wonde...
Original label: LABEL_1
  Calculating word importance...
  Used 248 queries for importance ranking
  Attempting word replacements...
  ✓ Attack succeeded after 249 queries!
Perturbed label: LABEL_0
Success: True, Queries: 249, Similarity: 0.999

Example 529/1000
Original: "Scarecrow Gone Wild: He's the Death of the Party!" Need I say more? Scarecrow gone wild got four ou...
Original label: LABEL_0
  Calculating word importance...
  Used 179 queries for importance ranking
  Attempting word replacements...
Perturbed label: LABEL_0
Success: False, Queries: 1000, Similarity: 0.801

Example 530/1000
Original: This is a VERY good movie. I give it a 10.<br /><br />It's very different in that it's kind of a lon...
Original label: LABEL_1
  Calculating word importance...
  Used 113 queries for importance ranking
  Attempting word replacements...
  ✓ Attack succeeded after 144 queries!
Perturbed label: LABEL_0
Success: True, Queries: 144, Similarity: 0.969

Example 531/1000
Original: Crispin Glovers' way of acting (and not only his) is tremendous. You really want to believe him beca...
Original label: LABEL_1
  Calculating word importance...
  Used 142 queries for importance ranking
  Attempting word replacements...
Perturbed label: LABEL_1
Success: False, Queries: 808, Similarity: 0.801

Example 532/1000
Original: There's been a whole lot made about Carlos Mencia's (Mr. Holness, excuse me) theft of other comics' ...
Original label: LABEL_0
  Calculating word importance...
  Used 235 queries for importance ranking
  Attempting word replacements...
Perturbed label: LABEL_0
Success: False, Queries: 1000, Similarity: 0.802

Example 533/1000
Original: Being too young to have experienced the Hammer films when they were fresh and new, I am discovering ...
Original label: LABEL_0
  Calculating word importance...
  Used 208 queries for importance ranking
  Attempting word replacements...
Perturbed label: LABEL_0
Success: False, Queries: 1000, Similarity: 0.801

Example 534/1000
Original: That someone could have conceived this nonsense and then got it produced is incredible. That it actu...
Original label: LABEL_0
  Calculating word importance...
  Used 121 queries for importance ranking
  Attempting word replacements...
Perturbed label: LABEL_0
Success: False, Queries: 819, Similarity: 0.800

Example 535/1000
Original: I had high hopes for this one after reading the back of the DVD, "In the spirit of American Pie and ...
Original label: LABEL_0
  Calculating word importance...
  Used 129 queries for importance ranking
  Attempting word replacements...
Perturbed label: LABEL_0
Success: False, Queries: 666, Similarity: 0.800

Example 536/1000
Original: First of all I dunno if I was supposed to use my imagination in this film or the director was trying...
Original label: LABEL_0
  Calculating word importance...
  Used 242 queries for importance ranking
  Attempting word replacements...
Perturbed label: LABEL_0
Success: False, Queries: 1000, Similarity: 0.801

Example 537/1000
Original: Yahoo Serious is like a $3 bottle of wine - had no substance to begin with and just gets worse with ...
Original label: LABEL_0
  Calculating word importance...
  Used 122 queries for importance ranking
  Attempting word replacements...
Perturbed label: LABEL_0
Success: False, Queries: 676, Similarity: 0.801

Example 538/1000
Original: More exciting than the Wesley Snipes film, and with better characters, too. The last vampire hunter ...
Original label: LABEL_1
  Calculating word importance...
  Used 46 queries for importance ranking
  Attempting word replacements...
  ✓ Attack succeeded after 47 queries!
Perturbed label: LABEL_0
Success: True, Queries: 47, Similarity: 0.941

Example 539/1000
Original: (Caution: several spoilers)<br /><br />Someday, somewhere, there's going to be a post-apocalyptic mo...
Original label: LABEL_0
  Calculating word importance...
  Used 500 queries for importance ranking
  Attempting word replacements...
  ✓ Attack succeeded after 604 queries!
Perturbed label: LABEL_1
Success: True, Queries: 604, Similarity: 0.931

Example 540/1000
Original: I find it terribly ironic that "left wing" Hollywood continues to hedge its bets, making these awful...
Original label: LABEL_0
  Calculating word importance...
  Used 323 queries for importance ranking
  Attempting word replacements...
Perturbed label: LABEL_0
Success: False, Queries: 1000, Similarity: 0.801

Example 541/1000
Original: I rented this movie under the impression that it was "Scarecrow 3:Dark Harvest", thinking it was a c...
Original label: LABEL_0
  Calculating word importance...
  Used 117 queries for importance ranking
  Attempting word replacements...
Perturbed label: LABEL_0
Success: False, Queries: 643, Similarity: 0.803

Example 542/1000
Original: This film is about Xavier, an Erasmus exchange student from Paris who spends one year in Barcelona. ...
Original label: LABEL_1
  Calculating word importance...
  Used 371 queries for importance ranking
  Attempting word replacements...
Perturbed label: LABEL_1
Success: False, Queries: 1000, Similarity: 0.801

Example 543/1000
Original: David Lynch's ninth full length feature film, Mulholland Drive is a deeply touching story about betr...
Original label: LABEL_1
  Calculating word importance...
  Used 500 queries for importance ranking
  Attempting word replacements...
Perturbed label: LABEL_1
Success: False, Queries: 1000, Similarity: 0.872

Example 544/1000
Original: This has to be one of the worst movies ever to come out of the Sci-Fi Channel. Here is how the movie...
Original label: LABEL_0
  Calculating word importance...
  Used 256 queries for importance ranking
  Attempting word replacements...
Perturbed label: LABEL_0
Success: False, Queries: 1000, Similarity: 0.801

Example 545/1000
Original: In retrospect, the 1970s was a golden era for the American cinema, as demonstrated and explored by t...
Original label: LABEL_1
  Calculating word importance...
  Used 221 queries for importance ranking
  Attempting word replacements...
Perturbed label: LABEL_1
Success: False, Queries: 1000, Similarity: 0.800

Example 546/1000
Original: Is there anything else on earth to be more enticing than to learn what expects our frail bodies afte...
Original label: LABEL_0
  Calculating word importance...
  Used 500 queries for importance ranking
  Attempting word replacements...
Perturbed label: LABEL_0
Success: False, Queries: 1000, Similarity: 0.806

Example 547/1000
Original: I wonder sometimes if maybe Meryl Streep has become so accepted as the most impressive, versatile ac...
Original label: LABEL_1
  Calculating word importance...
  Used 500 queries for importance ranking
  Attempting word replacements...
Perturbed label: LABEL_1
Success: False, Queries: 1000, Similarity: 0.808

Example 548/1000
Original: and abysmal, over-the-top acting, you might enjoy this rubbish flick.Apparently atomic bombs makes l...
Original label: LABEL_0
  Calculating word importance...
  Used 163 queries for importance ranking
  Attempting word replacements...
Perturbed label: LABEL_0
Success: False, Queries: 906, Similarity: 0.800

Example 549/1000
Original: Years ago, I didn't love and respect the films of Jimmy Cagney nearly as much as I do now. I noticed...
Original label: LABEL_1
  Calculating word importance...
  Used 356 queries for importance ranking
  Attempting word replacements...
  ✓ Attack succeeded after 800 queries!
Perturbed label: LABEL_0
Success: True, Queries: 800, Similarity: 0.803

Example 550/1000
Original: Paul Bettany did a great role as the tortured father whose favorite little girl dies tragically of d...
Original label: LABEL_0
  Calculating word importance...
  Used 177 queries for importance ranking
  Attempting word replacements...
Perturbed label: LABEL_0
Success: False, Queries: 809, Similarity: 0.801

Example 551/1000
Original: Early 1950s Sci-Fi directed by Lesley Selander. Special effects of course are very primitive, but pr...
Original label: LABEL_1
  Calculating word importance...
  Used 149 queries for importance ranking
  Attempting word replacements...
  ✓ Attack succeeded after 156 queries!
Perturbed label: LABEL_0
Success: True, Queries: 156, Similarity: 1.000

Example 552/1000
Original: An untidy man, known as Bill, lives in a small dreary flat, with a poster of Marilyn Monroe on the w...
Original label: LABEL_1
  Calculating word importance...
  Used 302 queries for importance ranking
  Attempting word replacements...
  ✓ Attack succeeded after 393 queries!
Perturbed label: LABEL_0
Success: True, Queries: 393, Similarity: 0.907

Example 553/1000
Original: Who really wants to see that? Disgusting violence, disgusting sex, for such a long time. I do not wa...
Original label: LABEL_0
  Calculating word importance...
  Used 361 queries for importance ranking
  Attempting word replacements...
Perturbed label: LABEL_0
Success: False, Queries: 1000, Similarity: 0.801

Example 554/1000
Original: This program was shown in an early morning time slot on SPACE, a cable sci-fi station. I am amazed t...
Original label: LABEL_0
  Calculating word importance...
  Used 160 queries for importance ranking
  Attempting word replacements...
Perturbed label: LABEL_0
Success: False, Queries: 945, Similarity: 0.805

Example 555/1000
Original: Well, the episode I just watched had the older "Gastineau Girl" whining about why people keep mentio...
Original label: LABEL_1
  Calculating word importance...
  Used 164 queries for importance ranking
  Attempting word replacements...
  ✓ Attack succeeded after 200 queries!
Perturbed label: LABEL_0
Success: True, Queries: 200, Similarity: 0.974

Example 556/1000
Original: When I saw the trailer for this film, I said out loud to no one in particular "this film is going to...
Original label: LABEL_1
  Calculating word importance...
  Used 500 queries for importance ranking
  Attempting word replacements...
  ✓ Attack succeeded after 964 queries!
Perturbed label: LABEL_0
Success: True, Queries: 964, Similarity: 0.769

Example 557/1000
Original: Sorry this movie was a bad made for TV movie. Are the rest of you on drugs when you watched it? I th...
Original label: LABEL_0
  Calculating word importance...
  Used 188 queries for importance ranking
  Attempting word replacements...
Perturbed label: LABEL_0
Success: False, Queries: 1000, Similarity: 0.802

Example 558/1000
Original: When I watched L'Appartement with my girlfriend, she sighed: "How complicated!" And she is right, of...
Original label: LABEL_1
  Calculating word importance...
  Used 500 queries for importance ranking
  Attempting word replacements...
Perturbed label: LABEL_1
Success: False, Queries: 1000, Similarity: 0.811

Example 559/1000
Original: HBO created this show for purposes of making us see the most realistic view of prison possible and t...
Original label: LABEL_1
  Calculating word importance...
  Used 500 queries for importance ranking
  Attempting word replacements...
Perturbed label: LABEL_1
Success: False, Queries: 1000, Similarity: 0.874

Example 560/1000
Original: I got this movie in a bargain bin, hoping for an amusingly bad flick. Boy was I disappointed. (excep...
Original label: LABEL_0
  Calculating word importance...
  Used 324 queries for importance ranking
  Attempting word replacements...
Perturbed label: LABEL_0
Success: False, Queries: 1000, Similarity: 0.801

Example 561/1000
Original: When a rocket from a government experiment on the effects of cosmic rays on animals crashes in a sma...
Original label: LABEL_0
  Calculating word importance...
  Used 286 queries for importance ranking
  Attempting word replacements...
Perturbed label: LABEL_0
Success: False, Queries: 1000, Similarity: 0.800

Example 562/1000
Original: I woke up and it was a beautiful day; the sun was shining, the birds were singing and i fancied gett...
Original label: LABEL_0
  Calculating word importance...
  Used 268 queries for importance ranking
  Attempting word replacements...
Perturbed label: LABEL_0
Success: False, Queries: 1000, Similarity: 0.802

Example 563/1000
Original: Once again seeing this kind of movies turns me more and more into English humor, not too often seen ...
Original label: LABEL_1
  Calculating word importance...
  Used 120 queries for importance ranking
  Attempting word replacements...
  ✓ Attack succeeded after 487 queries!
Perturbed label: LABEL_0
Success: True, Queries: 487, Similarity: 0.820

Example 564/1000
Original: Especially if you love horrible movies. When I first started watching it, all I could say was "I hop...
Original label: LABEL_0
  Calculating word importance...
  Used 197 queries for importance ranking
  Attempting word replacements...
Perturbed label: LABEL_0
Success: False, Queries: 1000, Similarity: 0.802

Example 565/1000
Original: I did not quite get Barnens O  it is one of the weirdest ones I have watched. The soundtrack was qu...
Original label: LABEL_0
  Calculating word importance...
  Used 173 queries for importance ranking
  Attempting word replacements...
  ✓ Attack succeeded after 174 queries!
Perturbed label: LABEL_1
Success: True, Queries: 174, Similarity: 0.930

Example 566/1000
Original: I will give it a second chance but was very disappointed in the first one. It wouldn't hold a candle...
Original label: LABEL_0
  Calculating word importance...
  Used 137 queries for importance ranking
  Attempting word replacements...
Perturbed label: LABEL_0
Success: False, Queries: 733, Similarity: 0.802

Example 567/1000
Original: Going by the good words of my friends, I hired this movie, hoping that it would at least equal the l...
Original label: LABEL_0
  Calculating word importance...
  Used 108 queries for importance ranking
  Attempting word replacements...
Perturbed label: LABEL_0
Success: False, Queries: 553, Similarity: 0.809

Example 568/1000
Original: This is a totally awesome movie! If you haven't seen it yet, you damn well should. Sure, the plot is...
Original label: LABEL_1
  Calculating word importance...
  Used 129 queries for importance ranking
  Attempting word replacements...
  ✓ Attack succeeded after 130 queries!
Perturbed label: LABEL_0
Success: True, Queries: 130, Similarity: 0.994

Example 569/1000
Original: Time line of the film: * Laugh * Laugh * Laugh * Smirk * Smirk * Yawn * Look at watch * walk out * r...
Original label: LABEL_0
  Calculating word importance...
  Used 38 queries for importance ranking
  Attempting word replacements...
  ✓ Attack succeeded after 168 queries!
Perturbed label: LABEL_1
Success: True, Queries: 168, Similarity: 0.753

Example 570/1000
Original: Fantastic movie! One of the best film noir movies ever made. Bad guys, bad girls, a jewel heist, a t...
Original label: LABEL_1
  Calculating word importance...
  Used 66 queries for importance ranking
  Attempting word replacements...
  ✓ Attack succeeded after 100 queries!
Perturbed label: LABEL_0
Success: True, Queries: 100, Similarity: 0.892

Example 571/1000
Original: This movie makes you wish imdb would let you vote a zero. One of the two movies I've ever walked out...
Original label: LABEL_0
  Calculating word importance...
  Used 46 queries for importance ranking
  Attempting word replacements...
Perturbed label: LABEL_0
Success: False, Queries: 273, Similarity: 0.802

Example 572/1000
Original: This is the ultimate Kung Fu movie! This is the only Kung Fu movie! This is the only Kung Fu movie I...
Original label: LABEL_0
  Calculating word importance...
  Used 446 queries for importance ranking
  Attempting word replacements...
Perturbed label: LABEL_0
Success: False, Queries: 1000, Similarity: 0.813

Example 573/1000
Original: An annoying group of ex-students from 'Monte Alto International High School' decide to spend a night...
Original label: LABEL_0
  Calculating word importance...
  Used 147 queries for importance ranking
  Attempting word replacements...
Perturbed label: LABEL_0
Success: False, Queries: 672, Similarity: 0.805

Example 574/1000
Original: An absolute classic of 80's scare flix. This one isn't like any other as it pits pint-size, wild-eye...
Original label: LABEL_1
  Calculating word importance...
  Used 213 queries for importance ranking
  Attempting word replacements...
  ✓ Attack succeeded after 237 queries!
Perturbed label: LABEL_0
Success: True, Queries: 237, Similarity: 0.968

Example 575/1000
Original: The core issues at play (God & Satan / Good & Evil) can be & should be tremendously compelling (as d...
Original label: LABEL_0
  Calculating word importance...
  Used 107 queries for importance ranking
  Attempting word replacements...
  ✓ Attack succeeded after 322 queries!
Perturbed label: LABEL_1
Success: True, Queries: 322, Similarity: 0.796

Example 576/1000
Original: Chupacabra Terror: 2/10: It was the Navy Seal team that tipped the balance from bad cheesy movie to ...
Original label: LABEL_0
  Calculating word importance...
  Used 334 queries for importance ranking
  Attempting word replacements...
Perturbed label: LABEL_0
Success: False, Queries: 1000, Similarity: 0.812

Example 577/1000
Original: I saw this movie as a child and fell in love with it. It has a sweet sensitive story. Something chil...
Original label: LABEL_1
  Calculating word importance...
  Used 150 queries for importance ranking
  Attempting word replacements...
Perturbed label: LABEL_1
Success: False, Queries: 941, Similarity: 0.803

Example 578/1000
Original: There is part of one sequence where some water rushes into the sunken plane, everything else that ha...
Original label: LABEL_0
  Calculating word importance...
  Used 319 queries for importance ranking
  Attempting word replacements...
Perturbed label: LABEL_0
Success: False, Queries: 1000, Similarity: 0.801

Example 579/1000
Original: Into a happy household comes the gypsy girl, played by Myrna Loy. With her amazingly wild hair and v...
Original label: LABEL_0
  Calculating word importance...
  Used 208 queries for importance ranking
  Attempting word replacements...
Perturbed label: LABEL_0
Success: False, Queries: 1000, Similarity: 0.801

Example 580/1000
Original: And that's saying a lot. Rent this if you want to be staggered by oddness, blown away by one of the ...
Original label: LABEL_0
  Calculating word importance...
  Used 84 queries for importance ranking
  Attempting word replacements...
  ✓ Attack succeeded after 322 queries!
Perturbed label: LABEL_1
Success: True, Queries: 322, Similarity: 0.769

Example 581/1000
Original: i wrote an essay in 1981, the year i graduated high school called the "last American virgin." i also...
Original label: LABEL_0
  Calculating word importance...
  Used 234 queries for importance ranking
  Attempting word replacements...
  ✓ Attack succeeded after 847 queries!
Perturbed label: LABEL_1
Success: True, Queries: 847, Similarity: 0.795

Example 582/1000
Original: Harmony Korine. I'm not sure what he was trying to do with this film. If it was to turn my good day ...
Original label: LABEL_0
  Calculating word importance...
  Used 191 queries for importance ranking
  Attempting word replacements...
  ✓ Attack succeeded after 192 queries!
Perturbed label: LABEL_1
Success: True, Queries: 192, Similarity: 0.976

Example 583/1000
Original: Many reviewers seem to prefer the original version of The Man Who Knew Too Much, which I have not ha...
Original label: LABEL_1
  Calculating word importance...
  Used 397 queries for importance ranking
  Attempting word replacements...
Perturbed label: LABEL_1
Success: False, Queries: 1000, Similarity: 0.802

Example 584/1000
Original: Anastasia: The Mystery of Anna was a two-part star studded historical T.V. movie based on the Peter ...
Original label: LABEL_1
  Calculating word importance...
  Used 223 queries for importance ranking
  Attempting word replacements...
  ✓ Attack succeeded after 511 queries!
Perturbed label: LABEL_0
Success: True, Queries: 511, Similarity: 0.899

Example 585/1000
Original: One night I was listening to talk radio and they had Leslie Nielsen on the program. He went on to ex...
Original label: LABEL_1
  Calculating word importance...
  Used 172 queries for importance ranking
  Attempting word replacements...
  ✓ Attack succeeded after 250 queries!
Perturbed label: LABEL_0
Success: True, Queries: 250, Similarity: 0.915

Example 586/1000
Original: Beyond Rangoon is one of the most emotional and intense films ever made. Superbly directed by John B...
Original label: LABEL_1
  Calculating word importance...
  Used 120 queries for importance ranking
  Attempting word replacements...
Perturbed label: LABEL_1
Success: False, Queries: 813, Similarity: 0.804

Example 587/1000
Original: Although flawed in it's view of homosexuals, this movie will shed light for the viewer about the myt...
Original label: LABEL_1
  Calculating word importance...
  Used 84 queries for importance ranking
  Attempting word replacements...
Perturbed label: LABEL_1
Success: False, Queries: 377, Similarity: 0.801

Example 588/1000
Original: This isn't among my favorite Hitchcock films, though I must admit it's still pretty good. Among the ...
Original label: LABEL_0
  Calculating word importance...
  Used 157 queries for importance ranking
  Attempting word replacements...
  ✓ Attack succeeded after 166 queries!
Perturbed label: LABEL_1
Success: True, Queries: 166, Similarity: 0.999

Example 589/1000
Original: The three names that mean the most to this film are Burt Reynolds, Mark Wahlberg, and Julianne Moore...
Original label: LABEL_1
  Calculating word importance...
  Used 303 queries for importance ranking
  Attempting word replacements...
Perturbed label: LABEL_1
Success: False, Queries: 1000, Similarity: 0.804

Example 590/1000
Original: So Udo Kier earned like nine bucks and free food for this so that is a victory in and of itself. <br...
Original label: LABEL_1
  Calculating word importance...
  Used 500 queries for importance ranking
  Attempting word replacements...
  ✓ Attack succeeded after 508 queries!
Perturbed label: LABEL_0
Success: True, Queries: 508, Similarity: 0.997

Example 591/1000
Original: I just saw a terrible film called The Sleeping Dictionary. One reviewer on Four Word Film Review (ww...
Original label: LABEL_0
  Calculating word importance...
  Used 320 queries for importance ranking
  Attempting word replacements...
Perturbed label: LABEL_0
Success: False, Queries: 1000, Similarity: 0.805

Example 592/1000
Original: <br /><br />When I first heard about this back in 1997, over coffee with friends, I decided to check...
Original label: LABEL_1
  Calculating word importance...
  Used 118 queries for importance ranking
  Attempting word replacements...
Perturbed label: LABEL_1
Success: False, Queries: 579, Similarity: 0.808

Example 593/1000
Original: I really don't know much about the Marquis de Sade, not having read any of his book, but I never ima...
Original label: LABEL_0
  Calculating word importance...
  Used 161 queries for importance ranking
  Attempting word replacements...
Perturbed label: LABEL_0
Success: False, Queries: 943, Similarity: 0.803

Example 594/1000
Original: "Chips" is an excellent blend of music, light comedy and drama with a picture perfect performance by...
Original label: LABEL_1
  Calculating word importance...
  Used 247 queries for importance ranking
  Attempting word replacements...
Perturbed label: LABEL_1
Success: False, Queries: 1000, Similarity: 0.801

Example 595/1000
Original: My friend recommended this movie to me.Is should have known not to watch it because my friend is kin...
Original label: LABEL_0
  Calculating word importance...
  Used 186 queries for importance ranking
  Attempting word replacements...
Perturbed label: LABEL_0
Success: False, Queries: 1000, Similarity: 0.803

Example 596/1000
Original: The only redeeming quality of this film is that it shows bands and their music when it was changing ...
Original label: LABEL_0
  Calculating word importance...
  Used 162 queries for importance ranking
  Attempting word replacements...
Perturbed label: LABEL_0
Success: False, Queries: 861, Similarity: 0.802

Example 597/1000
Original: A Cryptozoologist captures a mythical chupacabra on a Caribbean island.To get it back to civilizatio...
Original label: LABEL_0
  Calculating word importance...
  Used 276 queries for importance ranking
  Attempting word replacements...
Perturbed label: LABEL_0
Success: False, Queries: 1000, Similarity: 0.801

Example 598/1000
Original: It's a pity to throw away such a good idea. The main idea of the movie is travel into past lives whi...
Original label: LABEL_0
  Calculating word importance...
  Used 198 queries for importance ranking
  Attempting word replacements...
Perturbed label: LABEL_0
Success: False, Queries: 1000, Similarity: 0.802

Example 599/1000
Original: My spoiler is in my pants because thinking about this movie made me so angry I crapped myself.<br />...
Original label: LABEL_0
  Calculating word importance...
  Used 400 queries for importance ranking
  Attempting word replacements...
Perturbed label: LABEL_0
Success: False, Queries: 1000, Similarity: 0.802

Example 600/1000
Original: Cleopatra (the delicious Monica Bellucci) is challenged by Cesar (Alain Chabat): in order to prove t...
Original label: LABEL_1
  Calculating word importance...
  Used 180 queries for importance ranking
  Attempting word replacements...
  ✓ Attack succeeded after 188 queries!
Perturbed label: LABEL_0
Success: True, Queries: 188, Similarity: 0.982

Example 601/1000
Original: This 1925 film narrates the story of the mutiny on board battleship Potemkin at the port of Odessa. ...
Original label: LABEL_1
  Calculating word importance...
  Used 155 queries for importance ranking
  Attempting word replacements...
Perturbed label: LABEL_1
Success: False, Queries: 866, Similarity: 0.801

Example 602/1000
Original: Despite what its critics ensue, I enjoyed immensely for precisely what it is. Eyecandy for both side...
Original label: LABEL_1
  Calculating word importance...
  Used 151 queries for importance ranking
  Attempting word replacements...
Perturbed label: LABEL_1
Success: False, Queries: 620, Similarity: 0.801

Example 603/1000
Original: I was fortunate enough to record this wonderful drama, both parts, when it originally aired on Maste...
Original label: LABEL_1
  Calculating word importance...
  Used 146 queries for importance ranking
  Attempting word replacements...
  ✓ Attack succeeded after 354 queries!
Perturbed label: LABEL_0
Success: True, Queries: 354, Similarity: 0.797

Example 604/1000
Original: This is one of those films with a great potential. Brilliant actors, a debut from a very interesting...
Original label: LABEL_0
  Calculating word importance...
  Used 324 queries for importance ranking
  Attempting word replacements...
Perturbed label: LABEL_0
Success: False, Queries: 1000, Similarity: 0.800

Example 605/1000
Original: Walter Matthau is wonderful as the "philandering" dentist Dr. Julian Winston whose frequent fibs to ...
Original label: LABEL_1
  Calculating word importance...
  Used 101 queries for importance ranking
  Attempting word replacements...
  ✓ Attack succeeded after 327 queries!
Perturbed label: LABEL_0
Success: True, Queries: 327, Similarity: 0.841

Example 606/1000
Original: Man kills bear. Man becomes bear. Man/bear meets bear. Man/bear stays man/bear after meeting bear. T...
Original label: LABEL_0
  Calculating word importance...
  Used 150 queries for importance ranking
  Attempting word replacements...
Perturbed label: LABEL_0
Success: False, Queries: 838, Similarity: 0.800

Example 607/1000
Original: Rented this one by mistake thinking it was another film with the same title, and realizing that I ha...
Original label: LABEL_0
  Calculating word importance...
  Used 119 queries for importance ranking
  Attempting word replacements...
  ✓ Attack succeeded after 428 queries!
Perturbed label: LABEL_1
Success: True, Queries: 428, Similarity: 0.780

Example 608/1000
Original: I know it's not original, but what the hey? What else can be said about it? I feel unutterably silly...
Original label: LABEL_0
  Calculating word importance...
  Used 70 queries for importance ranking
  Attempting word replacements...
Perturbed label: LABEL_0
Success: False, Queries: 331, Similarity: 0.802

Example 609/1000
Original: Bloody awful! There's just no other way to put it. In fact, it's **SO** bad that the only reason I'm...
Original label: LABEL_0
  Calculating word importance...
  Used 353 queries for importance ranking
  Attempting word replacements...
Perturbed label: LABEL_0
Success: False, Queries: 1000, Similarity: 0.807

Example 610/1000
Original: This is one of the movies one has to start watching with an open mind. One knows it's going to about...
Original label: LABEL_1
  Calculating word importance...
  Used 223 queries for importance ranking
  Attempting word replacements...
  ✓ Attack succeeded after 495 queries!
Perturbed label: LABEL_0
Success: True, Queries: 495, Similarity: 0.915

Example 611/1000
Original: Not to be mistaken as the highly touted Samuel L. Jackson vehicle SNAKES ON A PLANE; SNAKES ON A TRA...
Original label: LABEL_1
  Calculating word importance...
  Used 165 queries for importance ranking
  Attempting word replacements...
  ✓ Attack succeeded after 167 queries!
Perturbed label: LABEL_0
Success: True, Queries: 167, Similarity: 0.995

Example 612/1000
Original: And the worst part is that it could have been good. But something horribly wrong. First thing first,...
Original label: LABEL_0
  Calculating word importance...
  Used 376 queries for importance ranking
  Attempting word replacements...
Perturbed label: LABEL_0
Success: False, Queries: 1000, Similarity: 0.808

Example 613/1000
Original: When moviegoers hear two popular villains/characters will be fighting, they flock to the theaters to...
Original label: LABEL_0
  Calculating word importance...
  Used 442 queries for importance ranking
  Attempting word replacements...
Perturbed label: LABEL_0
Success: False, Queries: 1000, Similarity: 0.802

Example 614/1000
Original: This is a great movie to watch with a good friend, boy/girl friend or family. Basically one of those...
Original label: LABEL_1
  Calculating word importance...
  Used 135 queries for importance ranking
  Attempting word replacements...
  ✓ Attack succeeded after 785 queries!
Perturbed label: LABEL_0
Success: True, Queries: 785, Similarity: 0.795

Example 615/1000
Original: I'm very interested in the overwhelmingly positive reviews here. While it had some good features, fo...
Original label: LABEL_0
  Calculating word importance...
  Used 230 queries for importance ranking
  Attempting word replacements...
Perturbed label: LABEL_0
Success: False, Queries: 1000, Similarity: 0.801

Example 616/1000
Original: The Battle at Elderbrush Gulch was Griffith's longest and most expensive short he had made up to tha...
Original label: LABEL_1
  Calculating word importance...
  Used 500 queries for importance ranking
  Attempting word replacements...
Perturbed label: LABEL_1
Success: False, Queries: 1000, Similarity: 0.801

Example 617/1000
Original: (This review does not necessarily expose the plot of the movie, however it may change one's expectat...
Original label: LABEL_0
  Calculating word importance...
  Used 500 queries for importance ranking
  Attempting word replacements...
Perturbed label: LABEL_0
Success: False, Queries: 1000, Similarity: 0.800

Example 618/1000
Original: The only reason any of the hundred or so users watched this movie was because they belong to the cre...
Original label: LABEL_0
  Calculating word importance...
  Used 447 queries for importance ranking
  Attempting word replacements...
Perturbed label: LABEL_0
Success: False, Queries: 1000, Similarity: 0.801

Example 619/1000
Original: i watched it because my friend said we could try it, when my father asked if we'd watch it. i didn't...
Original label: LABEL_1
  Calculating word importance...
  Used 191 queries for importance ranking
  Attempting word replacements...
  ✓ Attack succeeded after 730 queries!
Perturbed label: LABEL_0
Success: True, Queries: 730, Similarity: 0.799

Example 620/1000
Original: Not much actually happens in this movie. There are a few pivotal moments, and everything else is tal...
Original label: LABEL_0
  Calculating word importance...
  Used 397 queries for importance ranking
  Attempting word replacements...
Perturbed label: LABEL_0
Success: False, Queries: 1000, Similarity: 0.806

Example 621/1000
Original: So far I disliked every single Jean Rollin movie I've seen, and that always bothered me because he's...
Original label: LABEL_1
  Calculating word importance...
  Used 481 queries for importance ranking
  Attempting word replacements...
  ✓ Attack succeeded after 496 queries!
Perturbed label: LABEL_0
Success: True, Queries: 496, Similarity: 0.926

Example 622/1000
Original: I'm sorry guys, all who thought this film could be something great, I'm afraid you would be disappoi...
Original label: LABEL_0
  Calculating word importance...
  Used 211 queries for importance ranking
  Attempting word replacements...
Perturbed label: LABEL_0
Success: False, Queries: 1000, Similarity: 0.815

Example 623/1000
Original: Well now this strange movie. It was listed as a comedy but I certainly found nothing to laugh at. Ac...
Original label: LABEL_0
  Calculating word importance...
  Used 146 queries for importance ranking
  Attempting word replacements...
  ✓ Attack succeeded after 522 queries!
Perturbed label: LABEL_1
Success: True, Queries: 522, Similarity: 0.807

Example 624/1000
Original: Apart from the fact that this film was made ( I suppose it seemed a good idea at the time considerin...
Original label: LABEL_0
  Calculating word importance...
  Used 104 queries for importance ranking
  Attempting word replacements...
  ✓ Attack succeeded after 117 queries!
Perturbed label: LABEL_1
Success: True, Queries: 117, Similarity: 0.930

Example 625/1000
Original: I was under assumption that this was the cat and mouse duo but it wasn't instead it was something th...
Original label: LABEL_0
  Calculating word importance...
  Used 185 queries for importance ranking
  Attempting word replacements...
Perturbed label: LABEL_0
Success: False, Queries: 1000, Similarity: 0.802

Example 626/1000
Original: Yes, let's get this out of the way before we begin: *This is the one that Sean Connery returned to i...
Original label: LABEL_1
  Calculating word importance...
  Used 500 queries for importance ranking
  Attempting word replacements...
Perturbed label: LABEL_1
Success: False, Queries: 1000, Similarity: 0.806

Example 627/1000
Original: Just as in Rififi, the most compelling scene in the movie is the perfected silence of the jewel heis...
Original label: LABEL_1
  Calculating word importance...
  Used 482 queries for importance ranking
  Attempting word replacements...
  ✓ Attack succeeded after 489 queries!
Perturbed label: LABEL_0
Success: True, Queries: 489, Similarity: 0.990

Example 628/1000
Original: Three words: Piece of Art. This film is just great. It's beautiful, sad, frightening and thought-pro...
Original label: LABEL_1
  Calculating word importance...
  Used 236 queries for importance ranking
  Attempting word replacements...
  ✓ Attack succeeded after 293 queries!
Perturbed label: LABEL_0
Success: True, Queries: 293, Similarity: 0.960

Example 629/1000
Original: Definitely not only for urban legend aficionados, Campfire Tales is an often scary and always fun ri...
Original label: LABEL_1
  Calculating word importance...
  Used 195 queries for importance ranking
  Attempting word replacements...
  ✓ Attack succeeded after 730 queries!
Perturbed label: LABEL_0
Success: True, Queries: 730, Similarity: 0.801

Example 630/1000
Original: God, that sucked. You can't end a horror movie with a happily-ever-after family setting. Yeash. I wa...
Original label: LABEL_0
  Calculating word importance...
  Used 192 queries for importance ranking
  Attempting word replacements...
Perturbed label: LABEL_0
Success: False, Queries: 956, Similarity: 0.802

Example 631/1000
Original: 1st watched 10/28/2007, 8 out of 10(Dir-Jesus Ponce): Simple, sweet story of a homeless couple and t...
Original label: LABEL_1
  Calculating word importance...
  Used 335 queries for importance ranking
  Attempting word replacements...
Perturbed label: LABEL_1
Success: False, Queries: 1000, Similarity: 0.800

Example 632/1000
Original: Ever went on Youtube? Well, the definite question to that is YES. Do you see the boatloads of ICarly...
Original label: LABEL_0
  Calculating word importance...
  Used 290 queries for importance ranking
  Attempting word replacements...
Perturbed label: LABEL_0
Success: False, Queries: 1000, Similarity: 0.803

Example 633/1000
Original: When it opened in London during the Christmas season of 1969 this musical version of James Hilton's ...
Original label: LABEL_1
  Calculating word importance...
  Used 298 queries for importance ranking
  Attempting word replacements...
Perturbed label: LABEL_1
Success: False, Queries: 1000, Similarity: 0.801

Example 634/1000
Original: Some will say this movie is a guilty pleasure. I loved this flick but I don't feel guilty about it. ...
Original label: LABEL_1
  Calculating word importance...
  Used 241 queries for importance ranking
  Attempting word replacements...
  ✓ Attack succeeded after 245 queries!
Perturbed label: LABEL_0
Success: True, Queries: 245, Similarity: 0.996

Example 635/1000
Original: without a doubt, one of the most racially prejudiced films i've ever seen, with the prejudice being ...
Original label: LABEL_0
  Calculating word importance...
  Used 184 queries for importance ranking
  Attempting word replacements...
Perturbed label: LABEL_0
Success: False, Queries: 978, Similarity: 0.807

Example 636/1000
Original: THE PROTECTOR. You hear the name. You think, "ah, it's a crappy Hong Kong movie." Guess what - it's ...
Original label: LABEL_0
  Calculating word importance...
  Used 101 queries for importance ranking
  Attempting word replacements...
  ✓ Attack succeeded after 102 queries!
Perturbed label: LABEL_1
Success: True, Queries: 102, Similarity: 0.999

Example 637/1000
Original: This movie was really funny even though it wasn't meant to be! The acting was stupid and so were the...
Original label: LABEL_0
  Calculating word importance...
  Used 166 queries for importance ranking
  Attempting word replacements...
Perturbed label: LABEL_0
Success: False, Queries: 833, Similarity: 0.803

Example 638/1000
Original: I had no expectations (never saw previews for "Marigold") and enjoyed the characters, contemporary m...
Original label: LABEL_1
  Calculating word importance...
  Used 118 queries for importance ranking
  Attempting word replacements...
  ✓ Attack succeeded after 239 queries!
Perturbed label: LABEL_0
Success: True, Queries: 239, Similarity: 0.912

Example 639/1000
Original: I had heard good things about "States of Grace" and came in with an open mind. I thought that "God's...
Original label: LABEL_0
  Calculating word importance...
  Used 265 queries for importance ranking
  Attempting word replacements...
Perturbed label: LABEL_0
Success: False, Queries: 1000, Similarity: 0.802

Example 640/1000
Original: This DVD will be treated with indifference by mllions of classic rock music devotees across the worl...
Original label: LABEL_1
  Calculating word importance...
  Used 236 queries for importance ranking
  Attempting word replacements...
Perturbed label: LABEL_1
Success: False, Queries: 1000, Similarity: 0.800

Example 641/1000
Original: Another example of the women-in-prison genre. This is not exactly a genre known for quality films, b...
Original label: LABEL_0
  Calculating word importance...
  Used 126 queries for importance ranking
  Attempting word replacements...
Perturbed label: LABEL_0
Success: False, Queries: 615, Similarity: 0.806

Example 642/1000
Original: Blindingly stupid guff from the formerly talented John Hughes, who'll soon be making a film with the...
Original label: LABEL_0
  Calculating word importance...
  Used 119 queries for importance ranking
  Attempting word replacements...
Perturbed label: LABEL_0
Success: False, Queries: 626, Similarity: 0.801

Example 643/1000
Original: Getting Eaten By A Bunch Of Snakes Is More Entertaining Than This Film Getting Eaten By A Bunch Of S...
Original label: LABEL_0
  Calculating word importance...
  Used 130 queries for importance ranking
  Attempting word replacements...
Perturbed label: LABEL_0
Success: False, Queries: 436, Similarity: 0.800

Example 644/1000
Original: Pretty terrible, but not entirely unwatchable. Another review mentioned "predictable" - and that's a...
Original label: LABEL_0
  Calculating word importance...
  Used 256 queries for importance ranking
  Attempting word replacements...
Perturbed label: LABEL_0
Success: False, Queries: 1000, Similarity: 0.800

Example 645/1000
Original: Honestly, buying this movie was a waste of money. It's one of the most boring movies I have seen in ...
Original label: LABEL_0
  Calculating word importance...
  Used 46 queries for importance ranking
  Attempting word replacements...
Perturbed label: LABEL_0
Success: False, Queries: 265, Similarity: 0.802

Example 646/1000
Original: Alice (Florinda Bolkan), a translator living in Italy, discovers that she has a memory loss and can'...
Original label: LABEL_1
  Calculating word importance...
  Used 174 queries for importance ranking
  Attempting word replacements...
  ✓ Attack succeeded after 500 queries!
Perturbed label: LABEL_0
Success: True, Queries: 500, Similarity: 0.821

Example 647/1000
Original: The idea that anyone could of concocted such a trite, cliché, yet indeliberately comical movie is sh...
Original label: LABEL_0
  Calculating word importance...
  Used 139 queries for importance ranking
  Attempting word replacements...
Perturbed label: LABEL_0
Success: False, Queries: 579, Similarity: 0.804

Example 648/1000
Original: This is one of those movies that I can watch again and again and not get tired of it. It is by far o...
Original label: LABEL_1
  Calculating word importance...
  Used 169 queries for importance ranking
  Attempting word replacements...
  ✓ Attack succeeded after 701 queries!
Perturbed label: LABEL_0
Success: True, Queries: 701, Similarity: 0.744

Example 649/1000
Original: They loved him up and turned him into a horny toad! God, that gets to me every time.<br /><br />This...
Original label: LABEL_1
  Calculating word importance...
  Used 110 queries for importance ranking
  Attempting word replacements...
Perturbed label: LABEL_1
Success: False, Queries: 634, Similarity: 0.802

Example 650/1000
Original: I absolutely adore this film about a lady columnist (Barbara Stanwyck) for a major homemaking magazi...
Original label: LABEL_1
  Calculating word importance...
  Used 139 queries for importance ranking
  Attempting word replacements...
Perturbed label: LABEL_1
Success: False, Queries: 552, Similarity: 0.804

Example 651/1000
Original: i watch this film with horror in my heart because my mother also was a crack head like Michelle. i'v...
Original label: LABEL_0
  Calculating word importance...
  Used 141 queries for importance ranking
  Attempting word replacements...
  ✓ Attack succeeded after 142 queries!
Perturbed label: LABEL_1
Success: True, Queries: 142, Similarity: 0.999

Example 652/1000
Original: For all its many flaws, I'm inclined to be charitable towards "Thing". There is the nugget of an int...
Original label: LABEL_0
  Calculating word importance...
  Used 500 queries for importance ranking
  Attempting word replacements...
Perturbed label: LABEL_0
Success: False, Queries: 1000, Similarity: 0.801

Example 653/1000
Original: This movie started off well enough, sticking to the mood of the book fairly well even if the acting ...
Original label: LABEL_0
  Calculating word importance...
  Used 415 queries for importance ranking
  Attempting word replacements...
Perturbed label: LABEL_0
Success: False, Queries: 1000, Similarity: 0.800

Example 654/1000
Original: This movie was beautiful and touching. It touched a place deep inside me and I'm not sure why. I am ...
Original label: LABEL_1
  Calculating word importance...
  Used 392 queries for importance ranking
  Attempting word replacements...
Perturbed label: LABEL_1
Success: False, Queries: 1000, Similarity: 0.801

Example 655/1000
Original: This is the most frightening film ever made in Hollywood. It is a cautionary tale of how to take a E...
Original label: LABEL_0
  Calculating word importance...
  Used 176 queries for importance ranking
  Attempting word replacements...
  ✓ Attack succeeded after 177 queries!
Perturbed label: LABEL_1
Success: True, Queries: 177, Similarity: 1.000

Example 656/1000
Original: This is a multi-faceted, insightful and bold story about the people in the life of a schizophrenic p...
Original label: LABEL_1
  Calculating word importance...
  Used 500 queries for importance ranking
  Attempting word replacements...
Perturbed label: LABEL_1
Success: False, Queries: 1000, Similarity: 0.804

Example 657/1000
Original: It starts off pretty well, with the accident and the decision not to return to LA. But everything fa...
Original label: LABEL_0
  Calculating word importance...
  Used 128 queries for importance ranking
  Attempting word replacements...
Perturbed label: LABEL_0
Success: False, Queries: 845, Similarity: 0.810

Example 658/1000
Original: Excellent entry in the RKO Saint series with well-written original script, good camera work and tran...
Original label: LABEL_1
  Calculating word importance...
  Used 142 queries for importance ranking
  Attempting word replacements...
Perturbed label: LABEL_1
Success: False, Queries: 861, Similarity: 0.807

Example 659/1000
Original: Shazam was okay, but Hero High was my favorite when I was a kid, I mean before there was Sky High(20...
Original label: LABEL_1
  Calculating word importance...
  Used 179 queries for importance ranking
  Attempting word replacements...
  ✓ Attack succeeded after 537 queries!
Perturbed label: LABEL_0
Success: True, Queries: 537, Similarity: 0.859

Example 660/1000
Original: There are not many films which I would describe as perfect, but Rififi definitely fits the bill. No ...
Original label: LABEL_1
  Calculating word importance...
  Used 316 queries for importance ranking
  Attempting word replacements...
  ✓ Attack succeeded after 979 queries!
Perturbed label: LABEL_0
Success: True, Queries: 979, Similarity: 0.785

Example 661/1000
Original: Caught this recently after noticing James Earl Jones name on the title. It was better than I expecte...
Original label: LABEL_1
  Calculating word importance...
  Used 142 queries for importance ranking
  Attempting word replacements...
  ✓ Attack succeeded after 587 queries!
Perturbed label: LABEL_0
Success: True, Queries: 587, Similarity: 0.792

Example 662/1000
Original: Istanbul is a big , crowded city between Europe and Asia.Too many types of people living together th...
Original label: LABEL_1
  Calculating word importance...
  Used 95 queries for importance ranking
  Attempting word replacements...
  ✓ Attack succeeded after 111 queries!
Perturbed label: LABEL_0
Success: True, Queries: 111, Similarity: 0.905

Example 663/1000
Original: I had to write a review for this movie based on the ones that are saying gory, non stop action, grea...
Original label: LABEL_0
  Calculating word importance...
  Used 148 queries for importance ranking
  Attempting word replacements...
Perturbed label: LABEL_0
Success: False, Queries: 909, Similarity: 0.801

Example 664/1000
Original: At the opposite end of the spectrum from RAIDERS OF THE LOST ARK is David Hemmings' utterly inferior...
Original label: LABEL_0
  Calculating word importance...
  Used 157 queries for importance ranking
  Attempting word replacements...
Perturbed label: LABEL_0
Success: False, Queries: 791, Similarity: 0.808

Example 665/1000
Original: Just do a little research on the making of this film. Something so simple as a Google search. It was...
Original label: LABEL_0
  Calculating word importance...
  Used 163 queries for importance ranking
  Attempting word replacements...
Perturbed label: LABEL_0
Success: False, Queries: 826, Similarity: 0.801

Example 666/1000
Original: Just after watching the first one and it is very dumb. I happened to watch an episode of Bones first...
Original label: LABEL_0
  Calculating word importance...
  Used 401 queries for importance ranking
  Attempting word replacements...
Perturbed label: LABEL_0
Success: False, Queries: 1000, Similarity: 0.800

Example 667/1000
Original: This is my first Almodavar film. I'll confess we chose it mainly because we knew this had the entici...
Original label: LABEL_0
  Calculating word importance...
  Used 132 queries for importance ranking
  Attempting word replacements...
Perturbed label: LABEL_0
Success: False, Queries: 665, Similarity: 0.800

Example 668/1000
Original: For those expecting the cover art and story outline to indicate another entertaining Bollywood India...
Original label: LABEL_0
  Calculating word importance...
  Used 474 queries for importance ranking
  Attempting word replacements...
Perturbed label: LABEL_0
Success: False, Queries: 1000, Similarity: 0.800

Example 669/1000
Original: This is one of my favourite films, dating back to my childhood. Set in the remote wilderness of Sibe...
Original label: LABEL_1
  Calculating word importance...
  Used 431 queries for importance ranking
  Attempting word replacements...
Perturbed label: LABEL_1
Success: False, Queries: 1000, Similarity: 0.806

Example 670/1000
Original: If you're in the mood to laugh at a truly bad movie (bad in the way only Ken Russell at his worst ca...
Original label: LABEL_0
  Calculating word importance...
  Used 191 queries for importance ranking
  Attempting word replacements...
Perturbed label: LABEL_0
Success: False, Queries: 1000, Similarity: 0.803

Example 671/1000
Original: A swedish splatter movie? Has the world gone insane?<br /><br />Probably not, but it's still not a c...
Original label: LABEL_0
  Calculating word importance...
  Used 203 queries for importance ranking
  Attempting word replacements...
Perturbed label: LABEL_0
Success: False, Queries: 1000, Similarity: 0.802

Example 672/1000
Original: First of all, this movie is so confused that it is almost impossible to summarize it, since I myself...
Original label: LABEL_0
  Calculating word importance...
  Used 199 queries for importance ranking
  Attempting word replacements...
Perturbed label: LABEL_0
Success: False, Queries: 1000, Similarity: 0.802

Example 673/1000
Original: I really wanted to love this film. I have read the book to my daughters and we all loved it. The boo...
Original label: LABEL_0
  Calculating word importance...
  Used 500 queries for importance ranking
  Attempting word replacements...
  ✓ Attack succeeded after 504 queries!
Perturbed label: LABEL_1
Success: True, Queries: 504, Similarity: 0.998

Example 674/1000
Original: Great film about an American G.I. who quits the army to marry a German girl who saved his life in th...
Original label: LABEL_0
  Calculating word importance...
  Used 353 queries for importance ranking
  Attempting word replacements...
  ✓ Attack succeeded after 355 queries!
Perturbed label: LABEL_1
Success: True, Queries: 355, Similarity: 0.992

Example 675/1000
Original: This movie attempted to make Stu Ungar's life interesting by being creative. What they forgot is tha...
Original label: LABEL_0
  Calculating word importance...
  Used 178 queries for importance ranking
  Attempting word replacements...
Perturbed label: LABEL_0
Success: False, Queries: 894, Similarity: 0.802

Example 676/1000
Original: Hilarious film, I had a great time watching it. The star (Cuneyt Arkin, sometimes credited as Steve ...
Original label: LABEL_1
  Calculating word importance...
  Used 78 queries for importance ranking
  Attempting word replacements...
  ✓ Attack succeeded after 113 queries!
Perturbed label: LABEL_0
Success: True, Queries: 113, Similarity: 0.946

Example 677/1000
Original: Hmmmmmmm - cheerleader massacre. Let me think - high school girls get sliced up, except the cute one...
Original label: LABEL_0
  Calculating word importance...
  Used 132 queries for importance ranking
  Attempting word replacements...
  ✓ Attack succeeded after 666 queries!
Perturbed label: LABEL_1
Success: True, Queries: 666, Similarity: 0.753

Example 678/1000
Original: ok we have a film that some are calling one of the best movies ever..but i'm sitting here thinking h...
Original label: LABEL_0
  Calculating word importance...
  Used 80 queries for importance ranking
  Attempting word replacements...
Perturbed label: LABEL_0
Success: False, Queries: 504, Similarity: 0.801

Example 679/1000
Original: I have had more boring stretches of 80 minutes in my life, but none are coming to mind right now. He...
Original label: LABEL_0
  Calculating word importance...
  Used 179 queries for importance ranking
  Attempting word replacements...
Perturbed label: LABEL_0
Success: False, Queries: 877, Similarity: 0.801

Example 680/1000
Original: This is a very realistic movie. It's the most realistic I've seen on urban youth. The actors were gr...
Original label: LABEL_1
  Calculating word importance...
  Used 155 queries for importance ranking
  Attempting word replacements...
  ✓ Attack succeeded after 485 queries!
Perturbed label: LABEL_0
Success: True, Queries: 485, Similarity: 0.759

Example 681/1000
Original: This was one of the worst movies that I have ever watched. The story was about a woman prisoner sent...
Original label: LABEL_0
  Calculating word importance...
  Used 194 queries for importance ranking
  Attempting word replacements...
Perturbed label: LABEL_0
Success: False, Queries: 1000, Similarity: 0.800

Example 682/1000
Original: I played Sam (the porter, Lou's sidekick) in the Film "Dead Rail" Which later aired as "Alien Expres...
Original label: LABEL_1
  Calculating word importance...
  Used 427 queries for importance ranking
  Attempting word replacements...
Perturbed label: LABEL_1
Success: False, Queries: 1000, Similarity: 0.802

Example 683/1000
Original: As a parent of two girls(14 and 11) I have grave doubts about this show and all the shows aimed at t...
Original label: LABEL_0
  Calculating word importance...
  Used 312 queries for importance ranking
  Attempting word replacements...
  ✓ Attack succeeded after 313 queries!
Perturbed label: LABEL_1
Success: True, Queries: 313, Similarity: 0.995

Example 684/1000
Original: A dark and painful look at the perils of drug addiction, Sinatra is wonderful in this film. Just wat...
Original label: LABEL_1
  Calculating word importance...
  Used 224 queries for importance ranking
  Attempting word replacements...
Perturbed label: LABEL_1
Success: False, Queries: 1000, Similarity: 0.804

Example 685/1000
Original: Junior high and high school teachers will find "The Cure" an excellent teaching tool, both as a comp...
Original label: LABEL_1
  Calculating word importance...
  Used 86 queries for importance ranking
  Attempting word replacements...
Perturbed label: LABEL_1
Success: False, Queries: 353, Similarity: 0.802

Example 686/1000
Original: First, I rated this movie 10/10. To me, it's simply one of the best I saw since I was born (I'm 23, ...
Original label: LABEL_1
  Calculating word importance...
  Used 257 queries for importance ranking
  Attempting word replacements...
Perturbed label: LABEL_1
Success: False, Queries: 1000, Similarity: 0.807

Example 687/1000
Original: Granny is definitely one of the worst horror movies ever made in the history of cinema.<br /><br />T...
Original label: LABEL_0
  Calculating word importance...
  Used 190 queries for importance ranking
  Attempting word replacements...
Perturbed label: LABEL_0
Success: False, Queries: 1000, Similarity: 0.802

Example 688/1000
Original: We sought out this hard-to-find VHS after watching two excellent Merchant-Ivory pictures back to bac...
Original label: LABEL_0
  Calculating word importance...
  Used 359 queries for importance ranking
  Attempting word replacements...
Perturbed label: LABEL_0
Success: False, Queries: 1000, Similarity: 0.807

Example 689/1000
Original: Perhaps one of the best movies ever made. Orry and Goerge's friendship runs deep, and the War puts a...
Original label: LABEL_1
  Calculating word importance...
  Used 212 queries for importance ranking
  Attempting word replacements...
  ✓ Attack succeeded after 234 queries!
Perturbed label: LABEL_0
Success: True, Queries: 234, Similarity: 0.987

Example 690/1000
Original: I can imagine why he'd want to die, after starring in this rubbish. The man is incredible, but even ...
Original label: LABEL_0
  Calculating word importance...
  Used 59 queries for importance ranking
  Attempting word replacements...
Perturbed label: LABEL_0
Success: False, Queries: 277, Similarity: 0.804

Example 691/1000
Original: George Burns returns as the joshing Almighty after enjoying a big success with 1977's "Oh, God!", an...
Original label: LABEL_0
  Calculating word importance...
  Used 226 queries for importance ranking
  Attempting word replacements...
  ✓ Attack succeeded after 231 queries!
Perturbed label: LABEL_1
Success: True, Queries: 231, Similarity: 0.996

Example 692/1000
Original: The use of "astral projection"(wandering soul), to exist outside of body, with the result inflicting...
Original label: LABEL_0
  Calculating word importance...
  Used 449 queries for importance ranking
  Attempting word replacements...
Perturbed label: LABEL_0
Success: False, Queries: 1000, Similarity: 0.805

Example 693/1000
Original: Matt Cvetic is a loyal communist in a Pittsburgh steel mill who works to recruit workers into the pa...
Original label: LABEL_0
  Calculating word importance...
  Used 204 queries for importance ranking
  Attempting word replacements...
Perturbed label: LABEL_0
Success: False, Queries: 1000, Similarity: 0.801

Example 694/1000
Original: It's okay ... a few years later Chayefsky's classic "Network" will be his true cinematic BIG home ru...
Original label: LABEL_0
  Calculating word importance...
  Used 209 queries for importance ranking
  Attempting word replacements...
  ✓ Attack succeeded after 364 queries!
Perturbed label: LABEL_1
Success: True, Queries: 364, Similarity: 0.804

Example 695/1000
Original: You have to be awfully patient to sit through a film with one-liners so flat and unfunny that you wo...
Original label: LABEL_0
  Calculating word importance...
  Used 257 queries for importance ranking
  Attempting word replacements...
Perturbed label: LABEL_0
Success: False, Queries: 1000, Similarity: 0.802

Example 696/1000
Original: Why I disliked the movie, apart from the sheer ugliness of the actors themselves, is that someone mi...
Original label: LABEL_0
  Calculating word importance...
  Used 240 queries for importance ranking
  Attempting word replacements...
Perturbed label: LABEL_0
Success: False, Queries: 1000, Similarity: 0.803

Example 697/1000
Original: I consider myself a fan of Jess Franco and his trash movies, but nearly every time I see one of them...
Original label: LABEL_0
  Calculating word importance...
  Used 423 queries for importance ranking
  Attempting word replacements...
Perturbed label: LABEL_0
Success: False, Queries: 1000, Similarity: 0.863

Example 698/1000
Original: I watched the first episode and I found it to be a very wooden performance.<br /><br />I have watche...
Original label: LABEL_0
  Calculating word importance...
  Used 344 queries for importance ranking
  Attempting word replacements...
Perturbed label: LABEL_0
Success: False, Queries: 1000, Similarity: 0.804

Example 699/1000
Original: I liked House of Dracula much more than house of Frankenstein. Carradine is much more passable & his...
Original label: LABEL_1
  Calculating word importance...
  Used 127 queries for importance ranking
  Attempting word replacements...
  ✓ Attack succeeded after 491 queries!
Perturbed label: LABEL_0
Success: True, Queries: 491, Similarity: 0.792

Example 700/1000
Original: One of the most notorious of the banned "Video Nasties" of the 1980s is also one of the most excessi...
Original label: LABEL_0
  Calculating word importance...
  Used 156 queries for importance ranking
  Attempting word replacements...
Perturbed label: LABEL_0
Success: False, Queries: 811, Similarity: 0.806

Example 701/1000
Original: One of my co-workers recommended this one, implying that it was one of the most frightening movies s...
Original label: LABEL_0
  Calculating word importance...
  Used 123 queries for importance ranking
  Attempting word replacements...
Perturbed label: LABEL_0
Success: False, Queries: 659, Similarity: 0.803

Example 702/1000
Original: SLOOOOOOOW, tepid, poorly produced 70's schlocker made moore cowvincing because of today's headlines...
Original label: LABEL_0
  Calculating word importance...
  Used 252 queries for importance ranking
  Attempting word replacements...
Perturbed label: LABEL_0
Success: False, Queries: 1000, Similarity: 0.804

Example 703/1000
Original: Recap: Based on the true story of Charlie Wilson, an American Congressman, who (according to this mo...
Original label: LABEL_1
  Calculating word importance...
  Used 156 queries for importance ranking
  Attempting word replacements...
  ✓ Attack succeeded after 259 queries!
Perturbed label: LABEL_0
Success: True, Queries: 259, Similarity: 0.936

Example 704/1000
Original: This is one of Alfred Hitchcock's best films, and one of his most underrated. I believe it certainly...
Original label: LABEL_1
  Calculating word importance...
  Used 500 queries for importance ranking
  Attempting word replacements...
Perturbed label: LABEL_1
Success: False, Queries: 1000, Similarity: 0.801

Example 705/1000
Original: My reasoning behind viewing this film (despite the fact that it was free), was more or less out of c...
Original label: LABEL_0
  Calculating word importance...
  Used 339 queries for importance ranking
  Attempting word replacements...
Perturbed label: LABEL_0
Success: False, Queries: 1000, Similarity: 0.803

Example 706/1000
Original: Ordinarily, I love these "Stranger Within" thrillers. Some good examples are "Fatal Attraction," "Si...
Original label: LABEL_0
  Calculating word importance...
  Used 374 queries for importance ranking
  Attempting word replacements...
Perturbed label: LABEL_0
Success: False, Queries: 1000, Similarity: 0.803

Example 707/1000
Original: I stumbled across this film while channel surfing, and was blown away. It was being broadcast on a l...
Original label: LABEL_1
  Calculating word importance...
  Used 102 queries for importance ranking
  Attempting word replacements...
Perturbed label: LABEL_1
Success: False, Queries: 556, Similarity: 0.802

Example 708/1000
Original: After the lush, inspiring aerial shot in fast motion in the opening of the movie, this slipped into ...
Original label: LABEL_0
  Calculating word importance...
  Used 500 queries for importance ranking
  Attempting word replacements...
Perturbed label: LABEL_0
Success: False, Queries: 1000, Similarity: 0.803

Example 709/1000
Original: I really love this movie!!! I haven't played Final Fantasy VII but i still loved the movie, its real...
Original label: LABEL_1
  Calculating word importance...
  Used 134 queries for importance ranking
  Attempting word replacements...
  ✓ Attack succeeded after 232 queries!
Perturbed label: LABEL_0
Success: True, Queries: 232, Similarity: 0.823

Example 710/1000
Original: This is another one of those films that I remember staying up late to watch on TV, scaring the crap ...
Original label: LABEL_1
  Calculating word importance...
  Used 410 queries for importance ranking
  Attempting word replacements...
Perturbed label: LABEL_1
Success: False, Queries: 1000, Similarity: 0.801

Example 711/1000
Original: Directed by Jacques Tourneur (Cat People, Out of the Past, Night of the Demon) and written by Philli...
Original label: LABEL_1
  Calculating word importance...
  Used 272 queries for importance ranking
  Attempting word replacements...
  ✓ Attack succeeded after 364 queries!
Perturbed label: LABEL_0
Success: True, Queries: 364, Similarity: 0.873

Example 712/1000
Original: To view the fictionalized biography "The Phenix City Story", I claim, is to enter fields where U.S. ...
Original label: LABEL_1
  Calculating word importance...
  Used 500 queries for importance ranking
  Attempting word replacements...
Perturbed label: LABEL_1
Success: False, Queries: 1000, Similarity: 0.804

Example 713/1000
Original: These days, Ridley Scott is one of the top directors and producers and can command huge sums to helm...
Original label: LABEL_1
  Calculating word importance...
  Used 183 queries for importance ranking
  Attempting word replacements...
  ✓ Attack succeeded after 187 queries!
Perturbed label: LABEL_0
Success: True, Queries: 187, Similarity: 0.993

Example 714/1000
Original: As i watched "Wirey Spindell" i couldnt but laugh at what was taking place on screen. Wirey sure got...
Original label: LABEL_0
  Calculating word importance...
  Used 72 queries for importance ranking
  Attempting word replacements...
  ✓ Attack succeeded after 73 queries!
Perturbed label: LABEL_1
Success: True, Queries: 73, Similarity: 0.997

Example 715/1000
Original: Another Raquel Welch Classic! This Picture hit the theaters November 10 1969 starring Raquel Welch a...
Original label: LABEL_1
  Calculating word importance...
  Used 391 queries for importance ranking
  Attempting word replacements...
Perturbed label: LABEL_1
Success: False, Queries: 1000, Similarity: 0.934

Example 716/1000
Original: Little Dieter Needs to Fly was my first film during the 1999 edition of the Göteborg Filmfestival. A...
Original label: LABEL_1
  Calculating word importance...
  Used 76 queries for importance ranking
  Attempting word replacements...
  ✓ Attack succeeded after 192 queries!
Perturbed label: LABEL_0
Success: True, Queries: 192, Similarity: 0.779

Example 717/1000
Original: SPOILERS <br /><br />As you may know, I have been commenting on a lot of silent short films in the p...
Original label: LABEL_1
  Calculating word importance...
  Used 273 queries for importance ranking
  Attempting word replacements...
Perturbed label: LABEL_1
Success: False, Queries: 1000, Similarity: 0.801

Example 718/1000
Original: Hayao Miyazaki has captured the imagination of audiences young and old across the globe, and his mos...
Original label: LABEL_1
  Calculating word importance...
  Used 500 queries for importance ranking
  Attempting word replacements...
Perturbed label: LABEL_1
Success: False, Queries: 1000, Similarity: 0.820

Example 719/1000
Original: This horrible action  sci-fi movie is a crap. I have just spent 90 minutes of my life watching one ...
Original label: LABEL_0
  Calculating word importance...
  Used 147 queries for importance ranking
  Attempting word replacements...
Perturbed label: LABEL_0
Success: False, Queries: 1000, Similarity: 0.800

Example 720/1000
Original: Although it doesn't seem very promising for a long stretch, Renoir's French Cancan ends up being an ...
Original label: LABEL_1
  Calculating word importance...
  Used 276 queries for importance ranking
  Attempting word replacements...
Perturbed label: LABEL_1
Success: False, Queries: 1000, Similarity: 0.801

Example 721/1000
Original: I like Steve Buscemi. I like his work very much, both as an actor and a director. You could say that...
Original label: LABEL_0
  Calculating word importance...
  Used 500 queries for importance ranking
  Attempting word replacements...
Perturbed label: LABEL_0
Success: False, Queries: 1000, Similarity: 0.800

Example 722/1000
Original: This is a Very Very Boring and uninteresting action film, and without Chuck Norris it would have bee...
Original label: LABEL_0
  Calculating word importance...
  Used 190 queries for importance ranking
  Attempting word replacements...
Perturbed label: LABEL_0
Success: False, Queries: 1000, Similarity: 0.801

Example 723/1000
Original: A lovely librarian, played by Playboy model Kristine DeBell, falls asleep and dreams herself into a ...
Original label: LABEL_1
  Calculating word importance...
  Used 134 queries for importance ranking
  Attempting word replacements...
  ✓ Attack succeeded after 725 queries!
Perturbed label: LABEL_0
Success: True, Queries: 725, Similarity: 0.798

Example 724/1000
Original: Why, oh why, is this trash considered a classic? I've seen higher body counts on episodes of The Sim...
Original label: LABEL_0
  Calculating word importance...
  Used 295 queries for importance ranking
  Attempting word replacements...
Perturbed label: LABEL_0
Success: False, Queries: 1000, Similarity: 0.802

Example 725/1000
Original: Just saw it at as closing film of Austin Film Festival. Going in, a had seen a few snippets of their...
Original label: LABEL_1
  Calculating word importance...
  Used 129 queries for importance ranking
  Attempting word replacements...
Perturbed label: LABEL_1
Success: False, Queries: 711, Similarity: 0.802

Example 726/1000
Original: I've seen a few movies in my time, but this one is exceptional. You'll have to watch it more than on...
Original label: LABEL_1
  Calculating word importance...
  Used 142 queries for importance ranking
  Attempting word replacements...
Perturbed label: LABEL_1
Success: False, Queries: 637, Similarity: 0.803

Example 727/1000
Original: I read most of the comments here were everybody saw only the flaws of the movie. I agree, the direct...
Original label: LABEL_1
  Calculating word importance...
  Used 136 queries for importance ranking
  Attempting word replacements...
  ✓ Attack succeeded after 215 queries!
Perturbed label: LABEL_0
Success: True, Queries: 215, Similarity: 0.929

Example 728/1000
Original: James Bridges' "The China Syndrome" is a first rate thriller; a model for those who want to make a g...
Original label: LABEL_1
  Calculating word importance...
  Used 398 queries for importance ranking
  Attempting word replacements...
Perturbed label: LABEL_1
Success: False, Queries: 1000, Similarity: 0.802

Example 729/1000
Original: I saw this movie on a fluke.I was standing on 42nd street waiting for a bus to go home and a sister ...
Original label: LABEL_1
  Calculating word importance...
  Used 161 queries for importance ranking
  Attempting word replacements...
  ✓ Attack succeeded after 719 queries!
Perturbed label: LABEL_0
Success: True, Queries: 719, Similarity: 0.798

Example 730/1000
Original: The Beauty. The Terror. The Poetry. The Horror. The Innocence. The Guilt.<br /><br />Maybe that's ju...
Original label: LABEL_1
  Calculating word importance...
  Used 500 queries for importance ranking
  Attempting word replacements...
Perturbed label: LABEL_1
Success: False, Queries: 1000, Similarity: 0.809

Example 731/1000
Original: Took a chance to see if perhaps a really good WWI film had slipped my notice--this isn't it. John Ph...
Original label: LABEL_0
  Calculating word importance...
  Used 128 queries for importance ranking
  Attempting word replacements...
Perturbed label: LABEL_0
Success: False, Queries: 822, Similarity: 0.801

Example 732/1000
Original: I thought this movie was really good. It ends up showing the viewers in the end that Leila should of...
Original label: LABEL_1
  Calculating word importance...
  Used 186 queries for importance ranking
  Attempting word replacements...
  ✓ Attack succeeded after 232 queries!
Perturbed label: LABEL_0
Success: True, Queries: 232, Similarity: 0.876

Example 733/1000
Original: Less Than Zero could have been the 80s movie that reveals teenage apathy in its most extreme form ha...
Original label: LABEL_1
  Calculating word importance...
  Used 308 queries for importance ranking
  Attempting word replacements...
  ✓ Attack succeeded after 616 queries!
Perturbed label: LABEL_0
Success: True, Queries: 616, Similarity: 0.840

Example 734/1000
Original: Pierre Jolivet plays a Don Quixote character, unable to speak, living in a world incompatible with m...
Original label: LABEL_1
  Calculating word importance...
  Used 271 queries for importance ranking
  Attempting word replacements...
  ✓ Attack succeeded after 615 queries!
Perturbed label: LABEL_0
Success: True, Queries: 615, Similarity: 0.893

Example 735/1000
Original: This movie is juxtaposition of various super bad tough guy biker characters, loosely connected but w...
Original label: LABEL_0
  Calculating word importance...
  Used 143 queries for importance ranking
  Attempting word replacements...
  ✓ Attack succeeded after 739 queries!
Perturbed label: LABEL_1
Success: True, Queries: 739, Similarity: 0.807

Example 736/1000
Original: This is truly a re-make that should never have gotten out of the stable. It has two casts that are a...
Original label: LABEL_0
  Calculating word importance...
  Used 350 queries for importance ranking
  Attempting word replacements...
Perturbed label: LABEL_0
Success: False, Queries: 1000, Similarity: 0.800

Example 737/1000
Original: Well, I fell for it. I saw the box for this at the video store, and mistook it for "Girlfight", whic...
Original label: LABEL_0
  Calculating word importance...
  Used 500 queries for importance ranking
  Attempting word replacements...
Perturbed label: LABEL_0
Success: False, Queries: 1000, Similarity: 0.802

Example 738/1000
Original: I've read the comments on Las Vegas and do agree with some of them, it's not brain surgery TV, but t...
Original label: LABEL_1
  Calculating word importance...
  Used 230 queries for importance ranking
  Attempting word replacements...
Perturbed label: LABEL_1
Success: False, Queries: 1000, Similarity: 0.803

Example 739/1000
Original: Firstly let me get this of my chest I hate Octopussy with an absolute passion. What is so frustratin...
Original label: LABEL_0
  Calculating word importance...
  Used 145 queries for importance ranking
  Attempting word replacements...
Perturbed label: LABEL_0
Success: False, Queries: 915, Similarity: 0.804

Example 740/1000
Original: I usually really enjoy Steven Seagal movies. They are usually highly entertaining and being somewhat...
Original label: LABEL_0
  Calculating word importance...
  Used 128 queries for importance ranking
  Attempting word replacements...
Perturbed label: LABEL_0
Success: False, Queries: 641, Similarity: 0.803

Example 741/1000
Original: Last week I watched a Royal Shakespeare Company production of Macbeth. It was 25 years old, filmed w...
Original label: LABEL_0
  Calculating word importance...
  Used 133 queries for importance ranking
  Attempting word replacements...
Perturbed label: LABEL_0
Success: False, Queries: 756, Similarity: 0.802

Example 742/1000
Original: With the exception of the fine rack on Clara Evans...this show was pretty bad...so why did I watch i...
Original label: LABEL_0
  Calculating word importance...
  Used 184 queries for importance ranking
  Attempting word replacements...
Perturbed label: LABEL_0
Success: False, Queries: 1000, Similarity: 0.803

Example 743/1000
Original: Cyber zone, as this DVD was sold in Oz, is about the worst B-Grade junk I have seen. Apart from a re...
Original label: LABEL_0
  Calculating word importance...
  Used 223 queries for importance ranking
  Attempting word replacements...
Perturbed label: LABEL_0
Success: False, Queries: 1000, Similarity: 0.800

Example 744/1000
Original: While I thought this was a good film about JFK Jr it was a little hard to follow the timeline. It ju...
Original label: LABEL_1
  Calculating word importance...
  Used 58 queries for importance ranking
  Attempting word replacements...
  ✓ Attack succeeded after 103 queries!
Perturbed label: LABEL_0
Success: True, Queries: 103, Similarity: 0.965

Example 745/1000
Original: I bought this because it was $1.99 and Harry Carey was in it and a friend of mine was in it, and for...
Original label: LABEL_0
  Calculating word importance...
  Used 188 queries for importance ranking
  Attempting word replacements...
Perturbed label: LABEL_0
Success: False, Queries: 990, Similarity: 0.801

Example 746/1000
Original: This was the best film I saw in the year 2000. The Cohen brothers have never let me down before, and...
Original label: LABEL_1
  Calculating word importance...
  Used 174 queries for importance ranking
  Attempting word replacements...
Perturbed label: LABEL_1
Success: False, Queries: 894, Similarity: 0.801

Example 747/1000
Original: I enjoyed Carax's "Les Amants du Pont Neuf" and was therefore expecting this film to be of a similar...
Original label: LABEL_0
  Calculating word importance...
  Used 50 queries for importance ranking
  Attempting word replacements...
Perturbed label: LABEL_0
Success: False, Queries: 233, Similarity: 0.802

Example 748/1000
Original: Roy Anderssons "Du Levande" is not totally original as it is counter piece to Anderssons previous mo...
Original label: LABEL_1
  Calculating word importance...
  Used 183 queries for importance ranking
  Attempting word replacements...
Perturbed label: LABEL_1
Success: False, Queries: 1000, Similarity: 0.800

Example 749/1000
Original: Radio will have you laughing, crying, feeling. This story based on a true story is the perfect movie...
Original label: LABEL_1
  Calculating word importance...
  Used 63 queries for importance ranking
  Attempting word replacements...
Perturbed label: LABEL_1
Success: False, Queries: 317, Similarity: 0.816

Example 750/1000
Original: Doesn't this seem somewhat familiar? Oh wait, that's right.. 90% of the jokes in this movie have alr...
Original label: LABEL_0
  Calculating word importance...
  Used 222 queries for importance ranking
  Attempting word replacements...
Perturbed label: LABEL_0
Success: False, Queries: 1000, Similarity: 0.803

Example 751/1000
Original: This was a pretty good movie that was overall done quite well. The idea about Mercy (won't spoil) wa...
Original label: LABEL_1
  Calculating word importance...
  Used 66 queries for importance ranking
  Attempting word replacements...
Perturbed label: LABEL_1
Success: False, Queries: 373, Similarity: 0.806

Example 752/1000
Original: I'm a huge fan of both Emily Watson (Breaking The Waves) and Tom Wilkinson (Normal) and was amused t...
Original label: LABEL_0
  Calculating word importance...
  Used 500 queries for importance ranking
  Attempting word replacements...
Perturbed label: LABEL_0
Success: False, Queries: 1000, Similarity: 0.800

Example 753/1000
Original: I read the comments about this movie before watching it and wasn't expecting much, but as a B movie ...
Original label: LABEL_1
  Calculating word importance...
  Used 122 queries for importance ranking
  Attempting word replacements...
  ✓ Attack succeeded after 278 queries!
Perturbed label: LABEL_0
Success: True, Queries: 278, Similarity: 0.868

Example 754/1000
Original: Just like most people, I couldn't wait to see this Ocean's 11 sequel but it really stinks, I must sa...
Original label: LABEL_0
  Calculating word importance...
  Used 201 queries for importance ranking
  Attempting word replacements...
Perturbed label: LABEL_0
Success: False, Queries: 1000, Similarity: 0.801

Example 755/1000
Original: this is a dreadful adaption of Charles Kingsley's story. The animation is, to put it bluntly, awful....
Original label: LABEL_0
  Calculating word importance...
  Used 90 queries for importance ranking
  Attempting word replacements...
Perturbed label: LABEL_0
Success: False, Queries: 445, Similarity: 0.803

Example 756/1000
Original: Look, I've practically lost all hope in Nickelodeon after watching their newest "hit," The Naked Bro...
Original label: LABEL_0
  Calculating word importance...
  Used 500 queries for importance ranking
  Attempting word replacements...
Perturbed label: LABEL_0
Success: False, Queries: 1000, Similarity: 0.801

Example 757/1000
Original: While possibly the stupidest, most tasteless, and violent slapstick comedy ever made, Guest House is...
Original label: LABEL_1
  Calculating word importance...
  Used 57 queries for importance ranking
  Attempting word replacements...
  ✓ Attack succeeded after 153 queries!
Perturbed label: LABEL_0
Success: True, Queries: 153, Similarity: 0.812

Example 758/1000
Original: The greatest effort plus the finest cast ever assembled in a movie by The Director Tim Robbins and S...
Original label: LABEL_1
  Calculating word importance...
  Used 85 queries for importance ranking
  Attempting word replacements...
Perturbed label: LABEL_1
Success: False, Queries: 444, Similarity: 0.805

Example 759/1000
Original: Nothing but the director's juvenile fantasy come to life. This 'movie' is nothing more than an excus...
Original label: LABEL_0
  Calculating word importance...
  Used 77 queries for importance ranking
  Attempting word replacements...
Perturbed label: LABEL_0
Success: False, Queries: 381, Similarity: 0.803

Example 760/1000
Original: I cant believe there are people out there that did not like this movie! I thought it was the funnies...
Original label: LABEL_1
  Calculating word importance...
  Used 77 queries for importance ranking
  Attempting word replacements...
  ✓ Attack succeeded after 168 queries!
Perturbed label: LABEL_0
Success: True, Queries: 168, Similarity: 0.777

Example 761/1000
Original: i went to see this because i have some friends in the ukraine. but the film moved me beyond what i e...
Original label: LABEL_1
  Calculating word importance...
  Used 144 queries for importance ranking
  Attempting word replacements...
  ✓ Attack succeeded after 847 queries!
Perturbed label: LABEL_0
Success: True, Queries: 847, Similarity: 0.802

Example 762/1000
Original: After you have seen enough movies, there is very little that doesn't remind you of other movies. Nev...
Original label: LABEL_1
  Calculating word importance...
  Used 201 queries for importance ranking
  Attempting word replacements...
  ✓ Attack succeeded after 484 queries!
Perturbed label: LABEL_0
Success: True, Queries: 484, Similarity: 0.822

Example 763/1000
Original: !!! Spoiler alert!!!<br /><br />The point is, though, that I didn't think this film had an ending TO...
Original label: LABEL_0
  Calculating word importance...
  Used 177 queries for importance ranking
  Attempting word replacements...
  ✓ Attack succeeded after 847 queries!
Perturbed label: LABEL_1
Success: True, Queries: 847, Similarity: 0.810

Example 764/1000
Original: I just finished watching Marigold today and I'll begin by saying that I found this DVD on the shelve...
Original label: LABEL_1
  Calculating word importance...
  Used 500 queries for importance ranking
  Attempting word replacements...
  ✓ Attack succeeded after 711 queries!
Perturbed label: LABEL_0
Success: True, Queries: 711, Similarity: 0.941

Example 765/1000
Original: This is one of the most anti-traditional war movies about was I have seen. Instead of the typical fi...
Original label: LABEL_1
  Calculating word importance...
  Used 287 queries for importance ranking
  Attempting word replacements...
Perturbed label: LABEL_1
Success: False, Queries: 1000, Similarity: 0.800

Example 766/1000
Original: What do you mean son of actor, not an actor. You don't become an actor just because your daddy is a ...
Original label: LABEL_0
  Calculating word importance...
  Used 349 queries for importance ranking
  Attempting word replacements...
  ✓ Attack succeeded after 357 queries!
Perturbed label: LABEL_1
Success: True, Queries: 357, Similarity: 0.999

Example 767/1000
Original: "The Love Letter" is a somewhat pleasant, very very low-key romantic comedy in which the use of just...
Original label: LABEL_1
  Calculating word importance...
  Used 206 queries for importance ranking
  Attempting word replacements...
Perturbed label: LABEL_1
Success: False, Queries: 974, Similarity: 0.801

Example 768/1000
Original: I will give it this: it tried. It did try to make it good and even got Luke Wilson involved. Luke Wi...
Original label: LABEL_0
  Calculating word importance...
  Used 159 queries for importance ranking
  Attempting word replacements...
Perturbed label: LABEL_0
Success: False, Queries: 1000, Similarity: 0.805

Example 769/1000
Original: Meatballs works its way into conversations, like no other movie. Especially during Summer. Whether i...
Original label: LABEL_1
  Calculating word importance...
  Used 128 queries for importance ranking
  Attempting word replacements...
  ✓ Attack succeeded after 314 queries!
Perturbed label: LABEL_0
Success: True, Queries: 314, Similarity: 0.863

Example 770/1000
Original: At the surface COOLEY HIGH is a snappy ensemble comedy masquerading as a period piece (set in the ea...
Original label: LABEL_1
  Calculating word importance...
  Used 203 queries for importance ranking
  Attempting word replacements...
Perturbed label: LABEL_1
Success: False, Queries: 1000, Similarity: 0.801

Example 771/1000
Original: I just found the entire 3 DVD set at Wal-Mart in the bargain bin for $5.50, so I thought I would tak...
Original label: LABEL_1
  Calculating word importance...
  Used 421 queries for importance ranking
  Attempting word replacements...
  ✓ Attack succeeded after 758 queries!
Perturbed label: LABEL_0
Success: True, Queries: 758, Similarity: 0.815

Example 772/1000
Original: This is strictly for Pryor fans. Just because he was a great, funny guy doesn't mean this is more th...
Original label: LABEL_0
  Calculating word importance...
  Used 268 queries for importance ranking
  Attempting word replacements...
Perturbed label: LABEL_0
Success: False, Queries: 1000, Similarity: 0.801

Example 773/1000
Original: Bela Lugosi as God? Transvestites discussed in a movie in the straight-laced 1950s? By golly, this m...
Original label: LABEL_0
  Calculating word importance...
  Used 178 queries for importance ranking
  Attempting word replacements...
  ✓ Attack succeeded after 184 queries!
Perturbed label: LABEL_1
Success: True, Queries: 184, Similarity: 0.996

Example 774/1000
Original: Howard (Kevin Kline) teaches English at the high school in a small Indiana city. He is finally getti...
Original label: LABEL_1
  Calculating word importance...
  Used 316 queries for importance ranking
  Attempting word replacements...
Perturbed label: LABEL_1
Success: False, Queries: 1000, Similarity: 0.806

Example 775/1000
Original: Well, it took them 4 tries, but they finally got it right! In this 4th sequel to the Karate Kid fran...
Original label: LABEL_1
  Calculating word importance...
  Used 368 queries for importance ranking
  Attempting word replacements...
  ✓ Attack succeeded after 376 queries!
Perturbed label: LABEL_0
Success: True, Queries: 376, Similarity: 1.000

Example 776/1000
Original: Very literate, intelligent drama about a group of international travelers held virtual prisoners in ...
Original label: LABEL_1
  Calculating word importance...
  Used 189 queries for importance ranking
  Attempting word replacements...
  ✓ Attack succeeded after 271 queries!
Perturbed label: LABEL_0
Success: True, Queries: 271, Similarity: 0.961

Example 777/1000
Original: For those of you still in the dark, I will not spoil this Christie, as it is definitely one of her f...
Original label: LABEL_1
  Calculating word importance...
  Used 250 queries for importance ranking
  Attempting word replacements...
Perturbed label: LABEL_1
Success: False, Queries: 1000, Similarity: 0.805

Example 778/1000
Original: Its such a shame that an important film like this is virtually unknown.<br /><br />I don't think Ala...
Original label: LABEL_1
  Calculating word importance...
  Used 373 queries for importance ranking
  Attempting word replacements...
  ✓ Attack succeeded after 852 queries!
Perturbed label: LABEL_0
Success: True, Queries: 852, Similarity: 0.797

Example 779/1000
Original: The acting in this film was of the old school: corny and stiff. Irene Dunne is luminous, and comes o...
Original label: LABEL_0
  Calculating word importance...
  Used 70 queries for importance ranking
  Attempting word replacements...
  ✓ Attack succeeded after 71 queries!
Perturbed label: LABEL_1
Success: True, Queries: 71, Similarity: 0.999

Example 780/1000
Original: I cannot believe the number of people referring to the lead characters as 'boy cows'!! there is no s...
Original label: LABEL_0
  Calculating word importance...
  Used 233 queries for importance ranking
  Attempting word replacements...
Perturbed label: LABEL_0
Success: False, Queries: 1000, Similarity: 0.801

Example 781/1000
Original: From the beginning of the film I found myself laughing trying to keep quiet so I did not wake anyone...
Original label: LABEL_1
  Calculating word importance...
  Used 425 queries for importance ranking
  Attempting word replacements...
Perturbed label: LABEL_1
Success: False, Queries: 1000, Similarity: 0.822

Example 782/1000
Original: Before we start, may I say I hope you've already eaten when you're reading this. Why? Because, after...
Original label: LABEL_0
  Calculating word importance...
  Used 169 queries for importance ranking
  Attempting word replacements...
Perturbed label: LABEL_0
Success: False, Queries: 947, Similarity: 0.802

Example 783/1000
Original: 30 years after the original film, "Goodbye, Mr. Chips" was made over as a musical. Peter O'Toole and...
Original label: LABEL_1
  Calculating word importance...
  Used 218 queries for importance ranking
  Attempting word replacements...
  ✓ Attack succeeded after 270 queries!
Perturbed label: LABEL_0
Success: True, Queries: 270, Similarity: 0.951

Example 784/1000
Original: Bloody Birthday opens to a shot of Meadowvale General Hospital. There three babies are being born at...
Original label: LABEL_0
  Calculating word importance...
  Used 500 queries for importance ranking
  Attempting word replacements...
Perturbed label: LABEL_0
Success: False, Queries: 1000, Similarity: 0.800

Example 785/1000
Original: Admittedly, I tuned into this in the hopes of seeing some beefcake shots of James Brolin. Unfortunat...
Original label: LABEL_0
  Calculating word importance...
  Used 378 queries for importance ranking
  Attempting word replacements...
Perturbed label: LABEL_0
Success: False, Queries: 1000, Similarity: 0.801

Example 786/1000
Original: Wealthy businessman's daughter, who as a young girl caught rheumatic fever and now suffers from a sh...
Original label: LABEL_0
  Calculating word importance...
  Used 275 queries for importance ranking
  Attempting word replacements...
Perturbed label: LABEL_0
Success: False, Queries: 1000, Similarity: 0.803

Example 787/1000
Original: In December 1945 a train leaves the central station of Stockholm for Berlin. There aren't much left ...
Original label: LABEL_1
  Calculating word importance...
  Used 119 queries for importance ranking
  Attempting word replacements...
  ✓ Attack succeeded after 187 queries!
Perturbed label: LABEL_0
Success: True, Queries: 187, Similarity: 0.871

Example 788/1000
Original: I am a massive Hitchcock fan, ever since seeing "Rear Window" on television. "Saboteur" is not Hitch...
Original label: LABEL_1
  Calculating word importance...
  Used 221 queries for importance ranking
  Attempting word replacements...
Perturbed label: LABEL_1
Success: False, Queries: 1000, Similarity: 0.803

Example 789/1000
Original: "Haaaarrrryyy!" <br /><br />The amplified, dispassionate female voice could have been Leona Helmsele...
Original label: LABEL_0
  Calculating word importance...
  Used 282 queries for importance ranking
  Attempting word replacements...
Perturbed label: LABEL_0
Success: False, Queries: 1000, Similarity: 0.804

Example 790/1000
Original: When i went to see this i thought, i liked the first two and thought that they were very suspenseful...
Original label: LABEL_0
  Calculating word importance...
  Used 104 queries for importance ranking
  Attempting word replacements...
Perturbed label: LABEL_0
Success: False, Queries: 685, Similarity: 0.801

Example 791/1000
Original: CHE! is a bad movie and deserves it reputation as an unintentionally funny film. It takes a serious ...
Original label: LABEL_0
  Calculating word importance...
  Used 360 queries for importance ranking
  Attempting word replacements...
Perturbed label: LABEL_0
Success: False, Queries: 1000, Similarity: 0.801

Example 792/1000
Original: I gave this a 10 because it's the best film of its kind...a good old-fashioned T & A film in the sha...
Original label: LABEL_1
  Calculating word importance...
  Used 215 queries for importance ranking
  Attempting word replacements...
  ✓ Attack succeeded after 264 queries!
Perturbed label: LABEL_0
Success: True, Queries: 264, Similarity: 0.991

Example 793/1000
Original: Released at a time when Duvivier was going again from strength to strength ."Black Jack" which was s...
Original label: LABEL_0
  Calculating word importance...
  Used 206 queries for importance ranking
  Attempting word replacements...
  ✓ Attack succeeded after 207 queries!
Perturbed label: LABEL_1
Success: True, Queries: 207, Similarity: 0.994

Example 794/1000
Original: I just watched Nightbreed for the first time since seeing it in the theater almost 20 years ago, and...
Original label: LABEL_1
  Calculating word importance...
  Used 185 queries for importance ranking
  Attempting word replacements...
Perturbed label: LABEL_1
Success: False, Queries: 967, Similarity: 0.804

Example 795/1000
Original: In this peculiar movie, the themes of the end of days and Satan versus Jesus are treated in a new fa...
Original label: LABEL_1
  Calculating word importance...
  Used 123 queries for importance ranking
  Attempting word replacements...
  ✓ Attack succeeded after 196 queries!
Perturbed label: LABEL_0
Success: True, Queries: 196, Similarity: 0.904

Example 796/1000
Original: Every episode I saw when I was an innocent child was stupid. There were some funny looking puppets c...
Original label: LABEL_0
  Calculating word importance...
  Used 147 queries for importance ranking
  Attempting word replacements...
  ✓ Attack succeeded after 148 queries!
Perturbed label: LABEL_1
Success: True, Queries: 148, Similarity: 0.998

Example 797/1000
Original: I was a hippie age 22 in 1965, have seen the play 5 times, have 2 versions of the music, and have re...
Original label: LABEL_0
  Calculating word importance...
  Used 500 queries for importance ranking
  Attempting word replacements...
Perturbed label: LABEL_0
Success: False, Queries: 1000, Similarity: 0.801

Example 798/1000
Original: 1st watched 8/26/2001 - 8 out of 10 (Dir-John Cassavetes): Well-done early independent film by Cassa...
Original label: LABEL_1
  Calculating word importance...
  Used 243 queries for importance ranking
  Attempting word replacements...
  ✓ Attack succeeded after 512 queries!
Perturbed label: LABEL_0
Success: True, Queries: 512, Similarity: 0.894

Example 799/1000
Original: Project A II is a classic Jackie Chan movie with all the kung fu, crazy stunts and slapstick humor y...
Original label: LABEL_1
  Calculating word importance...
  Used 74 queries for importance ranking
  Attempting word replacements...
Perturbed label: LABEL_1
Success: False, Queries: 389, Similarity: 0.801

Example 800/1000
Original: In this TV special Jon is the one who needs a life. The highlight of his day is counting the tiles o...
Original label: LABEL_1
  Calculating word importance...
  Used 168 queries for importance ranking
  Attempting word replacements...
  ✓ Attack succeeded after 179 queries!
Perturbed label: LABEL_0
Success: True, Queries: 179, Similarity: 0.988

Example 801/1000
Original: I saw this movie last night on HBO & didn't expect to get hooked - I usually fall asleep when I watc...
Original label: LABEL_1
  Calculating word importance...
  Used 90 queries for importance ranking
  Attempting word replacements...
Perturbed label: LABEL_1
Success: False, Queries: 484, Similarity: 0.803

Example 802/1000
Original: Didn't the writer for this movie see the other three? I loved the original, I thought 2 was the best...
Original label: LABEL_0
  Calculating word importance...
  Used 335 queries for importance ranking
  Attempting word replacements...
Perturbed label: LABEL_0
Success: False, Queries: 1000, Similarity: 0.801

Example 803/1000
Original: Maureen O'Hara is always beautiful and appealing. Here she plays an actress terminally ill. We don't...
Original label: LABEL_1
  Calculating word importance...
  Used 126 queries for importance ranking
  Attempting word replacements...
  ✓ Attack succeeded after 128 queries!
Perturbed label: LABEL_0
Success: True, Queries: 128, Similarity: 0.996

Example 804/1000
Original: Whoever filled this stupid idea of acting and producing a movie in Himesh's head, which is always hi...
Original label: LABEL_0
  Calculating word importance...
  Used 500 queries for importance ranking
  Attempting word replacements...
Perturbed label: LABEL_0
Success: False, Queries: 1000, Similarity: 0.812

Example 805/1000
Original: OK look this show is the worst show on nick@ night. I love so many shows on nick@night and I love th...
Original label: LABEL_0
  Calculating word importance...
  Used 132 queries for importance ranking
  Attempting word replacements...
Perturbed label: LABEL_0
Success: False, Queries: 718, Similarity: 0.800

Example 806/1000
Original: First of all, I'd like to say that I really enjoyed this movie. However, that said, I can't say that...
Original label: LABEL_1
  Calculating word importance...
  Used 157 queries for importance ranking
  Attempting word replacements...
  ✓ Attack succeeded after 292 queries!
Perturbed label: LABEL_0
Success: True, Queries: 292, Similarity: 0.833

Example 807/1000
Original: The film successfully gives a graphic portrayal of the suffering of forced sex labour, but nothing m...
Original label: LABEL_0
  Calculating word importance...
  Used 324 queries for importance ranking
  Attempting word replacements...
Perturbed label: LABEL_0
Success: False, Queries: 1000, Similarity: 0.801

Example 808/1000
Original: I went to see "Passion of Mind" because I usually get a kick out of the genre of alternate reality r...
Original label: LABEL_0
  Calculating word importance...
  Used 138 queries for importance ranking
  Attempting word replacements...
  ✓ Attack succeeded after 341 queries!
Perturbed label: LABEL_1
Success: True, Queries: 341, Similarity: 0.882

Example 809/1000
Original: I shot this movie. I am very proud of the film. It was a great experience which shows up on the scre...
Original label: LABEL_1
  Calculating word importance...
  Used 135 queries for importance ranking
  Attempting word replacements...
  ✓ Attack succeeded after 395 queries!
Perturbed label: LABEL_0
Success: True, Queries: 395, Similarity: 0.877

Example 810/1000
Original: I have seen this movie only once, several years ago. But I remember liking it a lot.<br /><br />**Sp...
Original label: LABEL_1
  Calculating word importance...
  Used 128 queries for importance ranking
  Attempting word replacements...
  ✓ Attack succeeded after 242 queries!
Perturbed label: LABEL_0
Success: True, Queries: 242, Similarity: 0.756

Example 811/1000
Original: By Randolph Scott standards of the 1950s, this is a disappointing and heavy-handed star western. Two...
Original label: LABEL_0
  Calculating word importance...
  Used 61 queries for importance ranking
  Attempting word replacements...
  ✓ Attack succeeded after 84 queries!
Perturbed label: LABEL_1
Success: True, Queries: 84, Similarity: 0.945

Example 812/1000
Original: It's hard to decide what to say about this one. It isn't totally, one hundred percent bad. Although ...
Original label: LABEL_0
  Calculating word importance...
  Used 120 queries for importance ranking
  Attempting word replacements...
  ✓ Attack succeeded after 222 queries!
Perturbed label: LABEL_1
Success: True, Queries: 222, Similarity: 0.817

Example 813/1000
Original: I'm amazed that "The Hospital" has been so well-received by the critics and the public. I found it d...
Original label: LABEL_0
  Calculating word importance...
  Used 82 queries for importance ranking
  Attempting word replacements...
Perturbed label: LABEL_0
Success: False, Queries: 497, Similarity: 0.800

Example 814/1000
Original: Reba is a very dumb show. You can predict pretty much anything that's about to happen. Barbra Jean i...
Original label: LABEL_0
  Calculating word importance...
  Used 134 queries for importance ranking
  Attempting word replacements...
Perturbed label: LABEL_0
Success: False, Queries: 760, Similarity: 0.806

Example 815/1000
Original: Done on a spare change budget of twenty bucks tops, this cheapie thirteen minute short cheerfully pa...
Original label: LABEL_0
  Calculating word importance...
  Used 213 queries for importance ranking
  Attempting word replacements...
Perturbed label: LABEL_0
Success: False, Queries: 1000, Similarity: 0.807

Example 816/1000
Original: Harmony Korrine - hate him or hate him? On this evidence, loathe might be a better word. Not him of ...
Original label: LABEL_0
  Calculating word importance...
  Used 173 queries for importance ranking
  Attempting word replacements...
Perturbed label: LABEL_0
Success: False, Queries: 888, Similarity: 0.801

Example 817/1000
Original: This is a great movie. When two people from different backgrounds and social status think that they ...
Original label: LABEL_1
  Calculating word importance...
  Used 159 queries for importance ranking
  Attempting word replacements...
Perturbed label: LABEL_1
Success: False, Queries: 809, Similarity: 0.805

Example 818/1000
Original: This movie is simply one of the best movies I have the privilage of owning. It took me years to come...
Original label: LABEL_1
  Calculating word importance...
  Used 136 queries for importance ranking
  Attempting word replacements...
Perturbed label: LABEL_1
Success: False, Queries: 745, Similarity: 0.801

Example 819/1000
Original: This depiction of forlorn Japanese forces in the Philipines is a tour de force in the utter meaningl...
Original label: LABEL_1
  Calculating word importance...
  Used 114 queries for importance ranking
  Attempting word replacements...
  ✓ Attack succeeded after 115 queries!
Perturbed label: LABEL_0
Success: True, Queries: 115, Similarity: 0.998

Example 820/1000
Original: I cant put it any simpler than that, this is a terrible film. I've worked in the industry and made s...
Original label: LABEL_0
  Calculating word importance...
  Used 248 queries for importance ranking
  Attempting word replacements...
Perturbed label: LABEL_0
Success: False, Queries: 1000, Similarity: 0.801

Example 821/1000
Original: Rather like Paul Newman and Steve McQueen with their racing car movies this has all the appearance o...
Original label: LABEL_0
  Calculating word importance...
  Used 327 queries for importance ranking
  Attempting word replacements...
Perturbed label: LABEL_0
Success: False, Queries: 1000, Similarity: 0.805

Example 822/1000
Original: I fail to understand why you would give this film anything over 4... Fair enough it does take me bac...
Original label: LABEL_0
  Calculating word importance...
  Used 199 queries for importance ranking
  Attempting word replacements...
Perturbed label: LABEL_0
Success: False, Queries: 1000, Similarity: 0.802

Example 823/1000
Original: From "36 Chowringhee Lane" to "15 Park Avenue", Aparna Sen has indeed traveled a long way. If the fi...
Original label: LABEL_1
  Calculating word importance...
  Used 366 queries for importance ranking
  Attempting word replacements...
Perturbed label: LABEL_1
Success: False, Queries: 1000, Similarity: 0.800

Example 824/1000
Original: I thought this series was going to be another fun, action series with some dynamic plots and great p...
Original label: LABEL_0
  Calculating word importance...
  Used 111 queries for importance ranking
  Attempting word replacements...
Perturbed label: LABEL_0
Success: False, Queries: 517, Similarity: 0.804

Example 825/1000
Original: I saw this at the screening at GenCon in Indy. I had some time to kill and decided to check it out. ...
Original label: LABEL_1
  Calculating word importance...
  Used 382 queries for importance ranking
  Attempting word replacements...
Perturbed label: LABEL_1
Success: False, Queries: 1000, Similarity: 0.800

Example 826/1000
Original: "Beowulf" is like a very bad game : no characters, no story, no real dialogues, bad fights ... It's ...
Original label: LABEL_0
  Calculating word importance...
  Used 64 queries for importance ranking
  Attempting word replacements...
Perturbed label: LABEL_0
Success: False, Queries: 362, Similarity: 0.800

Example 827/1000
Original: Fans of apocalyptic movies will savor this well-made low-budget thriller that is essentially a remak...
Original label: LABEL_1
  Calculating word importance...
  Used 185 queries for importance ranking
  Attempting word replacements...
  ✓ Attack succeeded after 238 queries!
Perturbed label: LABEL_0
Success: True, Queries: 238, Similarity: 0.905

Example 828/1000
Original: This movie from what I remember was such a great movie! I watched it on television when I was 11, an...
Original label: LABEL_1
  Calculating word importance...
  Used 284 queries for importance ranking
  Attempting word replacements...
Perturbed label: LABEL_1
Success: False, Queries: 1000, Similarity: 0.800

Example 829/1000
Original: <br /><br />As a Harold Lloyd fan, i agree with the other reviewer's comments, EXCEPT that I feel th...
Original label: LABEL_1
  Calculating word importance...
  Used 132 queries for importance ranking
  Attempting word replacements...
  ✓ Attack succeeded after 355 queries!
Perturbed label: LABEL_0
Success: True, Queries: 355, Similarity: 0.809

Example 830/1000
Original: This is my first "awful" rating ever on IMDb and I couldn't think of a more deserving film to honor ...
Original label: LABEL_0
  Calculating word importance...
  Used 254 queries for importance ranking
  Attempting word replacements...
Perturbed label: LABEL_0
Success: False, Queries: 1000, Similarity: 0.803

Example 831/1000
Original: almost 4 years after the events of 911, if asked what comes to mind about that day, most people woul...
Original label: LABEL_1
  Calculating word importance...
  Used 123 queries for importance ranking
  Attempting word replacements...
  ✓ Attack succeeded after 386 queries!
Perturbed label: LABEL_0
Success: True, Queries: 386, Similarity: 0.782

Example 832/1000
Original: The weakest of the 'old' crew Star Trek films, this film suffers from an awful script and obvious bu...
Original label: LABEL_0
  Calculating word importance...
  Used 204 queries for importance ranking
  Attempting word replacements...
  ✓ Attack succeeded after 206 queries!
Perturbed label: LABEL_1
Success: True, Queries: 206, Similarity: 0.992

Example 833/1000
Original: I saw this short film on the dvd for Ridley Scott's film, The Duellists. There was no introduction b...
Original label: LABEL_0
  Calculating word importance...
  Used 140 queries for importance ranking
  Attempting word replacements...
  ✓ Attack succeeded after 143 queries!
Perturbed label: LABEL_1
Success: True, Queries: 143, Similarity: 1.000

Example 834/1000
Original: Each year the company called Nu produces couple of "action packed", "full of suspense" movies. This ...
Original label: LABEL_0
  Calculating word importance...
  Used 110 queries for importance ranking
  Attempting word replacements...
Perturbed label: LABEL_0
Success: False, Queries: 703, Similarity: 0.800

Example 835/1000
Original: Really, average is the only word that comes to my mind when you see this.<br /><br />The acting was ...
Original label: LABEL_0
  Calculating word importance...
  Used 399 queries for importance ranking
  Attempting word replacements...
Perturbed label: LABEL_0
Success: False, Queries: 1000, Similarity: 0.802

Example 836/1000
Original: The Plot: A group of young people with ridiculous names (Hutch, Swink, Phineaus, and October)are bro...
Original label: LABEL_0
  Calculating word importance...
  Used 245 queries for importance ranking
  Attempting word replacements...
Perturbed label: LABEL_0
Success: False, Queries: 1000, Similarity: 0.801

Example 837/1000
Original: Over the many years, there are some films that just slip by & hardly anyone views. <br /><br />Choos...
Original label: LABEL_1
  Calculating word importance...
  Used 297 queries for importance ranking
  Attempting word replacements...
  ✓ Attack succeeded after 413 queries!
Perturbed label: LABEL_0
Success: True, Queries: 413, Similarity: 0.899

Example 838/1000
Original: Closet Land is a nasty piece of work with superb actors. Nothing more (or less) happens in the movie...
Original label: LABEL_0
  Calculating word importance...
  Used 186 queries for importance ranking
  Attempting word replacements...
  ✓ Attack succeeded after 187 queries!
Perturbed label: LABEL_1
Success: True, Queries: 187, Similarity: 0.996

Example 839/1000
Original: Loved this movie, what a hoot. Rupert and Julie are great together with Rupert being almost poker fa...
Original label: LABEL_1
  Calculating word importance...
  Used 147 queries for importance ranking
  Attempting word replacements...
Perturbed label: LABEL_1
Success: False, Queries: 779, Similarity: 0.804

Example 840/1000
Original: Going into the movie with the right expectations, I somewhat liked this movie. Like most reviewers w...
Original label: LABEL_1
  Calculating word importance...
  Used 154 queries for importance ranking
  Attempting word replacements...
Perturbed label: LABEL_1
Success: False, Queries: 822, Similarity: 0.801

Example 841/1000
Original: Father Hood is an entertaining tale of an unwilling Father who is definitely a HOOD! Patrick Swayze ...
Original label: LABEL_1
  Calculating word importance...
  Used 280 queries for importance ranking
  Attempting word replacements...
Perturbed label: LABEL_1
Success: False, Queries: 1000, Similarity: 0.804

Example 842/1000
Original: I rented this thinking it would be pretty good just by the cover of the movie case. Judge and Jury s...
Original label: LABEL_0
  Calculating word importance...
  Used 108 queries for importance ranking
  Attempting word replacements...
Perturbed label: LABEL_0
Success: False, Queries: 759, Similarity: 0.802

Example 843/1000
Original: Yeah, I guess this movie is kinda dull compared to some of Pam Grier's other films. The plot is over...
Original label: LABEL_0
  Calculating word importance...
  Used 150 queries for importance ranking
  Attempting word replacements...
Perturbed label: LABEL_0
Success: False, Queries: 747, Similarity: 0.804

Example 844/1000
Original: I'm relieved the later reviews have turned sour - reading all the positive feedback, I was starting ...
Original label: LABEL_0
  Calculating word importance...
  Used 114 queries for importance ranking
  Attempting word replacements...
Perturbed label: LABEL_0
Success: False, Queries: 618, Similarity: 0.803

Example 845/1000
Original: "One Dark Night" is a staple in the 1980's low budget horror genre. Filled with retro puns, clothing...
Original label: LABEL_1
  Calculating word importance...
  Used 183 queries for importance ranking
  Attempting word replacements...
  ✓ Attack succeeded after 494 queries!
Perturbed label: LABEL_0
Success: True, Queries: 494, Similarity: 0.799

Example 846/1000
Original: "Boogie Nights" is a masterpiece it tells a great story with flair an great direction from a very ta...
Original label: LABEL_1
  Calculating word importance...
  Used 65 queries for importance ranking
  Attempting word replacements...
Perturbed label: LABEL_1
Success: False, Queries: 369, Similarity: 0.802

Example 847/1000
Original: Crackerjack is a funny movie, everyone at the bowlo has seen it and all say the same. The wheel of c...
Original label: LABEL_1
  Calculating word importance...
  Used 138 queries for importance ranking
  Attempting word replacements...
  ✓ Attack succeeded after 163 queries!
Perturbed label: LABEL_0
Success: True, Queries: 163, Similarity: 0.856

Example 848/1000
Original: When this show began it was fairly interesting: we got to see what crab boat fisherman had to go thr...
Original label: LABEL_0
  Calculating word importance...
  Used 162 queries for importance ranking
  Attempting word replacements...
Perturbed label: LABEL_0
Success: False, Queries: 969, Similarity: 0.801

Example 849/1000
Original: Legendary Cameron Mitchell turkey about an actor/makeup man who is burned by the head of a studio wh...
Original label: LABEL_0
  Calculating word importance...
  Used 145 queries for importance ranking
  Attempting word replacements...
Perturbed label: LABEL_0
Success: False, Queries: 842, Similarity: 0.803

Example 850/1000
Original: I watched this because a friend told me it was damn good, and I watched a video on it, so I was real...
Original label: LABEL_1
  Calculating word importance...
  Used 338 queries for importance ranking
  Attempting word replacements...
Perturbed label: LABEL_1
Success: False, Queries: 1000, Similarity: 0.801

Example 851/1000
Original: "Hail The Woman" is one of the most moving films I have ever seen in my entire life. I watched it tw...
Original label: LABEL_1
  Calculating word importance...
  Used 224 queries for importance ranking
  Attempting word replacements...
Perturbed label: LABEL_1
Success: False, Queries: 1000, Similarity: 0.801

Example 852/1000
Original: OK, OK, I must say I was impressed. It's hard to say what I'm more impressed with: my ability to cho...
Original label: LABEL_1
  Calculating word importance...
  Used 276 queries for importance ranking
  Attempting word replacements...
  ✓ Attack succeeded after 354 queries!
Perturbed label: LABEL_0
Success: True, Queries: 354, Similarity: 0.949

Example 853/1000
Original: Gore hounds beware...this is not your movie. This little nail bitter has very little blood and guts....
Original label: LABEL_0
  Calculating word importance...
  Used 263 queries for importance ranking
  Attempting word replacements...
  ✓ Attack succeeded after 264 queries!
Perturbed label: LABEL_1
Success: True, Queries: 264, Similarity: 0.998

Example 854/1000
Original: I saw this in a preview and it seems to have not been released in the U.S. Nonetheless, it was one o...
Original label: LABEL_1
  Calculating word importance...
  Used 107 queries for importance ranking
  Attempting word replacements...
  ✓ Attack succeeded after 251 queries!
Perturbed label: LABEL_0
Success: True, Queries: 251, Similarity: 0.809

Example 855/1000
Original: The hysterical Hardware Wars is finally out on DVD. HW has earned its niche among parody classics an...
Original label: LABEL_0
  Calculating word importance...
  Used 225 queries for importance ranking
  Attempting word replacements...
  ✓ Attack succeeded after 234 queries!
Perturbed label: LABEL_1
Success: True, Queries: 234, Similarity: 0.918

Example 856/1000
Original: This movie moves and inspire you, it's like you are one of the family. Just to see and witness life ...
Original label: LABEL_1
  Calculating word importance...
  Used 45 queries for importance ranking
  Attempting word replacements...
Perturbed label: LABEL_1
Success: False, Queries: 280, Similarity: 0.802

Example 857/1000
Original: There are so very few films where just the title tells you all you need to know about the film. Such...
Original label: LABEL_1
  Calculating word importance...
  Used 500 queries for importance ranking
  Attempting word replacements...
  ✓ Attack succeeded after 502 queries!
Perturbed label: LABEL_0
Success: True, Queries: 502, Similarity: 0.999

Example 858/1000
Original: Well, for a start, I must say that, here, in Russia, a saga of Geralt of Rivia is known and loved. A...
Original label: LABEL_0
  Calculating word importance...
  Used 184 queries for importance ranking
  Attempting word replacements...
Perturbed label: LABEL_0
Success: False, Queries: 973, Similarity: 0.801

Example 859/1000
Original: I walked into the movie theater, with no expectations for the film I was about to witness, "Everythi...
Original label: LABEL_1
  Calculating word importance...
  Used 187 queries for importance ranking
  Attempting word replacements...
Perturbed label: LABEL_1
Success: False, Queries: 925, Similarity: 0.800

Example 860/1000
Original: I'm a Boorman fan, but this is arguably his least successful film. Comedy has never been his strong ...
Original label: LABEL_0
  Calculating word importance...
  Used 79 queries for importance ranking
  Attempting word replacements...
  ✓ Attack succeeded after 90 queries!
Perturbed label: LABEL_1
Success: True, Queries: 90, Similarity: 0.981

Example 861/1000
Original: While The Twilight Zone was a wonderful show, it was also very uneven--with some great episodes, som...
Original label: LABEL_0
  Calculating word importance...
  Used 175 queries for importance ranking
  Attempting word replacements...
  ✓ Attack succeeded after 220 queries!
Perturbed label: LABEL_1
Success: True, Queries: 220, Similarity: 0.798

Example 862/1000
Original: On this site I've often lambasted the Americans for not knowing how to write comedy, BUT, while they...
Original label: LABEL_0
  Calculating word importance...
  Used 183 queries for importance ranking
  Attempting word replacements...
Perturbed label: LABEL_0
Success: False, Queries: 813, Similarity: 0.802

Example 863/1000
Original: I can't help but forget that incredible scene in Alien, when the extra terrestrial burst out of one ...
Original label: LABEL_0
  Calculating word importance...
  Used 500 queries for importance ranking
  Attempting word replacements...
Perturbed label: LABEL_0
Success: False, Queries: 1000, Similarity: 0.807

Example 864/1000
Original: Mockney comes to Brighton; despite a poor reception in the British press and state-funded-British-ci...
Original label: LABEL_0
  Calculating word importance...
  Used 138 queries for importance ranking
  Attempting word replacements...
Perturbed label: LABEL_0
Success: False, Queries: 624, Similarity: 0.802

Example 865/1000
Original: No Holds Barred is a movie that should in no way ever be taken seriously. It sucks hardcore as a ser...
Original label: LABEL_0
  Calculating word importance...
  Used 174 queries for importance ranking
  Attempting word replacements...
Perturbed label: LABEL_0
Success: False, Queries: 1000, Similarity: 0.801

Example 866/1000
Original: Impressive vision indeed, and some hot chicks with swords flying around, oh and those hypnotic Chine...
Original label: LABEL_0
  Calculating word importance...
  Used 123 queries for importance ranking
  Attempting word replacements...
Perturbed label: LABEL_0
Success: False, Queries: 485, Similarity: 0.804

Example 867/1000
Original: Okay, I think we're all agreed that Michael Jackson was the low point.<br /><br />And the special ef...
Original label: LABEL_1
  Calculating word importance...
  Used 113 queries for importance ranking
  Attempting word replacements...
  ✓ Attack succeeded after 114 queries!
Perturbed label: LABEL_0
Success: True, Queries: 114, Similarity: 0.995

Example 868/1000
Original: CRAP! I accidentally watched this film-thinking that it was the Swimming Upstream that was released ...
Original label: LABEL_0
  Calculating word importance...
  Used 111 queries for importance ranking
  Attempting word replacements...
Perturbed label: LABEL_0
Success: False, Queries: 526, Similarity: 0.805

Example 869/1000
Original: Bad, bad, movie, so bad it is worth watching. As long as you watch this movie knowing that it is bad...
Original label: LABEL_0
  Calculating word importance...
  Used 160 queries for importance ranking
  Attempting word replacements...
  ✓ Attack succeeded after 195 queries!
Perturbed label: LABEL_1
Success: True, Queries: 195, Similarity: 0.960

Example 870/1000
Original: I first saw this on Thames television and loved it. I subsequently saw a dreadful write-up by someon...
Original label: LABEL_1
  Calculating word importance...
  Used 70 queries for importance ranking
  Attempting word replacements...
  ✓ Attack succeeded after 239 queries!
Perturbed label: LABEL_0
Success: True, Queries: 239, Similarity: 0.765

Example 871/1000
Original: Antonioni with Wim Wenders --some of the best of the best. story-character-visuals. Like most of the...
Original label: LABEL_1
  Calculating word importance...
  Used 39 queries for importance ranking
  Attempting word replacements...
  ✓ Attack succeeded after 158 queries!
Perturbed label: LABEL_0
Success: True, Queries: 158, Similarity: 0.801

Example 872/1000
Original: Graphically, it is the same game as the first one just different levels and some new features added ...
Original label: LABEL_1
  Calculating word importance...
  Used 167 queries for importance ranking
  Attempting word replacements...
Perturbed label: LABEL_1
Success: False, Queries: 991, Similarity: 0.801

Example 873/1000
Original: (As a note, I'd like to say that I saw this movie at my annual church camp, where the entire youth g...
Original label: LABEL_0
  Calculating word importance...
  Used 458 queries for importance ranking
  Attempting word replacements...
Perturbed label: LABEL_0
Success: False, Queries: 1000, Similarity: 0.800

Example 874/1000
Original: I got a chance to talk with the co-creator, Rebecca Cammisa at the 2002 High Falls Film Festival in ...
Original label: LABEL_1
  Calculating word importance...
  Used 154 queries for importance ranking
  Attempting word replacements...
Perturbed label: LABEL_1
Success: False, Queries: 754, Similarity: 0.801

Example 875/1000
Original: Earnest effort which achieves some success to adapt the classic Odyssey story to a '30's nostalgia p...
Original label: LABEL_0
  Calculating word importance...
  Used 380 queries for importance ranking
  Attempting word replacements...
  ✓ Attack succeeded after 542 queries!
Perturbed label: LABEL_1
Success: True, Queries: 542, Similarity: 0.818

Example 876/1000
Original: It is said that there are some people out there who actually ADMIRE Monogram's movies. Well -- and w...
Original label: LABEL_0
  Calculating word importance...
  Used 500 queries for importance ranking
  Attempting word replacements...
Perturbed label: LABEL_0
Success: False, Queries: 1000, Similarity: 0.801

Example 877/1000
Original: Most families will recognise similarities between their own family and that created through brillian...
Original label: LABEL_1
  Calculating word importance...
  Used 136 queries for importance ranking
  Attempting word replacements...
Perturbed label: LABEL_1
Success: False, Queries: 634, Similarity: 0.804

Example 878/1000
Original: A wealthy young man, raised as a SON OF THE GODS, must confront his Chinese heritage while living in...
Original label: LABEL_0
  Calculating word importance...
  Used 284 queries for importance ranking
  Attempting word replacements...
  ✓ Attack succeeded after 287 queries!
Perturbed label: LABEL_1
Success: True, Queries: 287, Similarity: 0.994

Example 879/1000
Original: The storyline of this movie is cliché and obviously has been ripped off from Jurassic Park. The film...
Original label: LABEL_0
  Calculating word importance...
  Used 134 queries for importance ranking
  Attempting word replacements...
Perturbed label: LABEL_0
Success: False, Queries: 794, Similarity: 0.801

Example 880/1000
Original: This is a very "right on case" movie that delivers everything almost right in your face. I'm a Chris...
Original label: LABEL_1
  Calculating word importance...
  Used 133 queries for importance ranking
  Attempting word replacements...
  ✓ Attack succeeded after 264 queries!
Perturbed label: LABEL_0
Success: True, Queries: 264, Similarity: 0.931

Example 881/1000
Original: I couldn't disagree more with those who says this is a lousy movie. Me and my friend went to see it ...
Original label: LABEL_1
  Calculating word importance...
  Used 149 queries for importance ranking
  Attempting word replacements...
  ✓ Attack succeeded after 530 queries!
Perturbed label: LABEL_0
Success: True, Queries: 530, Similarity: 0.805

Example 882/1000
Original: I am so glad Zac was in 'The Suite life of Zack and Cody' because that is my favorite show and he is...
Original label: LABEL_1
  Calculating word importance...
  Used 131 queries for importance ranking
  Attempting word replacements...
  ✓ Attack succeeded after 312 queries!
Perturbed label: LABEL_0
Success: True, Queries: 312, Similarity: 0.820

Example 883/1000
Original: This movie turned out to be better than I had expected it to be. Some parts were pretty funny. It wa...
Original label: LABEL_1
  Calculating word importance...
  Used 30 queries for importance ranking
  Attempting word replacements...
  ✓ Attack succeeded after 36 queries!
Perturbed label: LABEL_0
Success: True, Queries: 36, Similarity: 0.803

Example 884/1000
Original: OK, Number one-this "film" is a "90's" version of a crappy show from the 70's that no one remembers!...
Original label: LABEL_0
  Calculating word importance...
  Used 142 queries for importance ranking
  Attempting word replacements...
Perturbed label: LABEL_0
Success: False, Queries: 717, Similarity: 0.806

Example 885/1000
Original: Prot (Kevin Spacey) is a mental hospital patient who claims to be native to a distant planet called ...
Original label: LABEL_1
  Calculating word importance...
  Used 500 queries for importance ranking
  Attempting word replacements...
Perturbed label: LABEL_1
Success: False, Queries: 1000, Similarity: 0.809

Example 886/1000
Original: Seeing the title of this movie "Stupid Teenagers Must Die" made me believe this was a spoof of some ...
Original label: LABEL_0
  Calculating word importance...
  Used 225 queries for importance ranking
  Attempting word replacements...
Perturbed label: LABEL_0
Success: False, Queries: 1000, Similarity: 0.800

Example 887/1000
Original: What should i say? I only saw this flick for curiosity, and this is truly a shame... I grew up in Br...
Original label: LABEL_0
  Calculating word importance...
  Used 119 queries for importance ranking
  Attempting word replacements...
Perturbed label: LABEL_0
Success: False, Queries: 668, Similarity: 0.800

Example 888/1000
Original: It was easy to dismiss this film as hyperbole at the time of its release. Fonda, Douglas and Lemmon ...
Original label: LABEL_1
  Calculating word importance...
  Used 279 queries for importance ranking
  Attempting word replacements...
  ✓ Attack succeeded after 423 queries!
Perturbed label: LABEL_0
Success: True, Queries: 423, Similarity: 0.942

Example 889/1000
Original: Terrific movie: If you did not watch yet, you must watch. Geena Davis and Samuel L. Jackson are amaz...
Original label: LABEL_1
  Calculating word importance...
  Used 45 queries for importance ranking
  Attempting word replacements...
  ✓ Attack succeeded after 138 queries!
Perturbed label: LABEL_0
Success: True, Queries: 138, Similarity: 0.844

Example 890/1000
Original: I usually really like Lawrence and being in Australia I haven't seen much of his stand up, so when I...
Original label: LABEL_0
  Calculating word importance...
  Used 185 queries for importance ranking
  Attempting word replacements...
Perturbed label: LABEL_0
Success: False, Queries: 939, Similarity: 0.800

Example 891/1000
Original: Critics have started calling it the Oscar Winner club, understandably. What after Halle Berry won it...
Original label: LABEL_0
  Calculating word importance...
  Used 500 queries for importance ranking
  Attempting word replacements...
Perturbed label: LABEL_0
Success: False, Queries: 1000, Similarity: 0.808

Example 892/1000
Original: Breaking Dawn starts in a Californian college as Professor Simon (associate producer Joe Morton) tel...
Original label: LABEL_0
  Calculating word importance...
  Used 500 queries for importance ranking
  Attempting word replacements...
  ✓ Attack succeeded after 511 queries!
Perturbed label: LABEL_1
Success: True, Queries: 511, Similarity: 1.000

Example 893/1000
Original: Another movie with a star of a wrestling. So far I have noticed....wrestlers can't act on the movie ...
Original label: LABEL_0
  Calculating word importance...
  Used 166 queries for importance ranking
  Attempting word replacements...
Perturbed label: LABEL_0
Success: False, Queries: 984, Similarity: 0.800

Example 894/1000
Original: This movie about a group of small town teens that decide to rob the local bank is excellent. Brian (...
Original label: LABEL_1
  Calculating word importance...
  Used 179 queries for importance ranking
  Attempting word replacements...
Perturbed label: LABEL_1
Success: False, Queries: 872, Similarity: 0.800

Example 895/1000
Original: I really enjoyed this movie for what it is: A funny little film that doesn't take itself too serious...
Original label: LABEL_1
  Calculating word importance...
  Used 101 queries for importance ranking
  Attempting word replacements...
Perturbed label: LABEL_1
Success: False, Queries: 587, Similarity: 0.808

Example 896/1000
Original: this movie has NO plot. it was SUPPOSED to be that a guy moves in with his grandma, and everyone thi...
Original label: LABEL_0
  Calculating word importance...
  Used 148 queries for importance ranking
  Attempting word replacements...
  ✓ Attack succeeded after 150 queries!
Perturbed label: LABEL_1
Success: True, Queries: 150, Similarity: 0.998

Example 897/1000
Original: Sammi Cheng & Andy Lau are coupled yet again in their 3rd film -- YESTERDAY ONCE MORE -- directed by...
Original label: LABEL_1
  Calculating word importance...
  Used 402 queries for importance ranking
  Attempting word replacements...
  ✓ Attack succeeded after 426 queries!
Perturbed label: LABEL_0
Success: True, Queries: 426, Similarity: 0.994

Example 898/1000
Original: I bought this Chuck Norris DVD knowing that it was one of his earliest films, and it shows. We all k...
Original label: LABEL_0
  Calculating word importance...
  Used 154 queries for importance ranking
  Attempting word replacements...
  ✓ Attack succeeded after 155 queries!
Perturbed label: LABEL_1
Success: True, Queries: 155, Similarity: 1.000

Example 899/1000
Original: This is a polarising film. People either love it or despise it, it seems. Me, I despise it. The film...
Original label: LABEL_0
  Calculating word importance...
  Used 500 queries for importance ranking
  Attempting word replacements...
  ✓ Attack succeeded after 610 queries!
Perturbed label: LABEL_1
Success: True, Queries: 610, Similarity: 0.922

Example 900/1000
Original: This is a movie about people receiving a love letter. Nobody knows who sent in and nobody knows who ...
Original label: LABEL_0
  Calculating word importance...
  Used 142 queries for importance ranking
  Attempting word replacements...
  ✓ Attack succeeded after 296 queries!
Perturbed label: LABEL_1
Success: True, Queries: 296, Similarity: 0.891

Example 901/1000
Original: The various Law & Order and CSI franchises had better be glad Dolomite doesn't pass through. The lad...
Original label: LABEL_1
  Calculating word importance...
  Used 245 queries for importance ranking
  Attempting word replacements...
  ✓ Attack succeeded after 739 queries!
Perturbed label: LABEL_0
Success: True, Queries: 739, Similarity: 0.921

Example 902/1000
Original: Hoppity is a charming if slightly phycadelic animated movie that considering it was made in the 1941...
Original label: LABEL_1
  Calculating word importance...
  Used 177 queries for importance ranking
  Attempting word replacements...
Perturbed label: LABEL_1
Success: False, Queries: 1000, Similarity: 0.801

Example 903/1000
Original: I saw the biopic of Ed Wood many years ago. Tim Burton payed loving homage to this extremely untalen...
Original label: LABEL_0
  Calculating word importance...
  Used 298 queries for importance ranking
  Attempting word replacements...
Perturbed label: LABEL_0
Success: False, Queries: 1000, Similarity: 0.804

Example 904/1000
Original: I checked out this video expecting to like it. Wanting to like it. I like foreign films, I like beau...
Original label: LABEL_0
  Calculating word importance...
  Used 118 queries for importance ranking
  Attempting word replacements...
  ✓ Attack succeeded after 566 queries!
Perturbed label: LABEL_1
Success: True, Queries: 566, Similarity: 0.789

Example 905/1000
Original: How many movies are there that you can think of when you see a movie like this? I can't count them b...
Original label: LABEL_1
  Calculating word importance...
  Used 281 queries for importance ranking
  Attempting word replacements...
  ✓ Attack succeeded after 285 queries!
Perturbed label: LABEL_0
Success: True, Queries: 285, Similarity: 0.994

Example 906/1000
Original: Foolish hikers go camping in the Utah mountains only to run into a murderous, disfigured gypsy. <br ...
Original label: LABEL_0
  Calculating word importance...
  Used 168 queries for importance ranking
  Attempting word replacements...
Perturbed label: LABEL_0
Success: False, Queries: 797, Similarity: 0.804

Example 907/1000
Original: Mickey Rooney (as Mi Taylor) is a young man drifting along the figurative road to ruin, where he mee...
Original label: LABEL_1
  Calculating word importance...
  Used 215 queries for importance ranking
  Attempting word replacements...
Perturbed label: LABEL_1
Success: False, Queries: 1000, Similarity: 0.800

Example 908/1000
Original: I'ts like going around in a museum. You can appreciate the great talent of the main composer, Michae...
Original label: LABEL_1
  Calculating word importance...
  Used 71 queries for importance ranking
  Attempting word replacements...
  ✓ Attack succeeded after 361 queries!
Perturbed label: LABEL_0
Success: True, Queries: 361, Similarity: 0.777

Example 909/1000
Original: During the Civil war a wounded union soldier hides out in a isolated Confederate ladies' school; whe...
Original label: LABEL_1
  Calculating word importance...
  Used 462 queries for importance ranking
  Attempting word replacements...
Perturbed label: LABEL_1
Success: False, Queries: 1000, Similarity: 0.808

Example 910/1000
Original: 'Take Fame' and 'You've Got Served' and roughly jam them together and what do you got? This God awfu...
Original label: LABEL_0
  Calculating word importance...
  Used 208 queries for importance ranking
  Attempting word replacements...
  ✓ Attack succeeded after 212 queries!
Perturbed label: LABEL_1
Success: True, Queries: 212, Similarity: 0.983

Example 911/1000
Original: Life is comprised of infinite possibilities; some known, others a mystery and destined to remain so....
Original label: LABEL_1
  Calculating word importance...
  Used 500 queries for importance ranking
  Attempting word replacements...
Perturbed label: LABEL_1
Success: False, Queries: 1000, Similarity: 0.801

Example 912/1000
Original: A widely unknown strange little western with mindblowing colours (probably the same material as it w...
Original label: LABEL_1
  Calculating word importance...
  Used 62 queries for importance ranking
  Attempting word replacements...
  ✓ Attack succeeded after 334 queries!
Perturbed label: LABEL_0
Success: True, Queries: 334, Similarity: 0.802

Example 913/1000
Original: OK, so Herc is a hunk... but the rest of the 3 hours were wasted, wasted... oh the humanity!<br /><b...
Original label: LABEL_0
  Calculating word importance...
  Used 94 queries for importance ranking
  Attempting word replacements...
Perturbed label: LABEL_0
Success: False, Queries: 479, Similarity: 0.803

Example 914/1000
Original: Corny and horrible, I was not surprised this short lived show didn't make it. I remember fondly when...
Original label: LABEL_0
  Calculating word importance...
  Used 63 queries for importance ranking
  Attempting word replacements...
Perturbed label: LABEL_0
Success: False, Queries: 363, Similarity: 0.801

Example 915/1000
Original: Mr Seagal has apparantly lowered his (already low) standards even more and has now outdone himself i...
Original label: LABEL_0
  Calculating word importance...
  Used 159 queries for importance ranking
  Attempting word replacements...
Perturbed label: LABEL_0
Success: False, Queries: 1000, Similarity: 0.804

Example 916/1000
Original: "Paranormal State" is an interesting show for most paranormal believers. I enjoy watching what the "...
Original label: LABEL_0
  Calculating word importance...
  Used 108 queries for importance ranking
  Attempting word replacements...
  ✓ Attack succeeded after 113 queries!
Perturbed label: LABEL_1
Success: True, Queries: 113, Similarity: 0.999

Example 917/1000
Original: I wonder why I haven't heard of this movie before. It's truly a magnificent comedy (I'd say farce, b...
Original label: LABEL_1
  Calculating word importance...
  Used 130 queries for importance ranking
  Attempting word replacements...
Perturbed label: LABEL_1
Success: False, Queries: 498, Similarity: 0.802

Example 918/1000
Original: Back in 1982 a little film called MAKING LOVE shocked audiences with its frank and open depiction of...
Original label: LABEL_1
  Calculating word importance...
  Used 200 queries for importance ranking
  Attempting word replacements...
  ✓ Attack succeeded after 687 queries!
Perturbed label: LABEL_0
Success: True, Queries: 687, Similarity: 0.800

Example 919/1000
Original: While many pass this off as a B movie it is, indeed, a first class comedy that is well-written and a...
Original label: LABEL_1
  Calculating word importance...
  Used 145 queries for importance ranking
  Attempting word replacements...
Perturbed label: LABEL_1
Success: False, Queries: 966, Similarity: 0.802

Example 920/1000
Original: In 1984, The Karate Kid had some charm to it, even if it was little more than a poor man's Rocky. Al...
Original label: LABEL_0
  Calculating word importance...
  Used 407 queries for importance ranking
  Attempting word replacements...
Perturbed label: LABEL_0
Success: False, Queries: 1000, Similarity: 0.802

Example 921/1000
Original: Despite later claims, this early-talkie melodrama has very little in common with "Citizen Kane": It'...
Original label: LABEL_0
  Calculating word importance...
  Used 177 queries for importance ranking
  Attempting word replacements...
  ✓ Attack succeeded after 181 queries!
Perturbed label: LABEL_1
Success: True, Queries: 181, Similarity: 0.993

Example 922/1000
Original: I agree with the posters before that the characters were exceptionally strong and believable and all...
Original label: LABEL_0
  Calculating word importance...
  Used 163 queries for importance ranking
  Attempting word replacements...
  ✓ Attack succeeded after 208 queries!
Perturbed label: LABEL_1
Success: True, Queries: 208, Similarity: 0.974

Example 923/1000
Original: There is the thrill of low-budget film noir. And there is the frustration of meandering, uninteresti...
Original label: LABEL_0
  Calculating word importance...
  Used 222 queries for importance ranking
  Attempting word replacements...
Perturbed label: LABEL_0
Success: False, Queries: 1000, Similarity: 0.803

Example 924/1000
Original: Despite its New York setting & New York characters, 'Summer in the City' is not an American movie, i...
Original label: LABEL_1
  Calculating word importance...
  Used 159 queries for importance ranking
  Attempting word replacements...
Perturbed label: LABEL_1
Success: False, Queries: 795, Similarity: 0.801

Example 925/1000
Original: Overall, the Dad's Army movie is very funny, although the humour isn't quite as catchy and sparkly a...
Original label: LABEL_0
  Calculating word importance...
  Used 175 queries for importance ranking
  Attempting word replacements...
  ✓ Attack succeeded after 176 queries!
Perturbed label: LABEL_1
Success: True, Queries: 176, Similarity: 0.999

Example 926/1000
Original: It's funny... one day before i have seen this movie i had been watching a documentary about Leni Rie...
Original label: LABEL_0
  Calculating word importance...
  Used 126 queries for importance ranking
  Attempting word replacements...
Perturbed label: LABEL_0
Success: False, Queries: 764, Similarity: 0.802

Example 927/1000
Original: A bright youngster interested in "serious" music (admittedly a vanishing breed--who'll play the fidd...
Original label: LABEL_1
  Calculating word importance...
  Used 123 queries for importance ranking
  Attempting word replacements...
  ✓ Attack succeeded after 457 queries!
Perturbed label: LABEL_0
Success: True, Queries: 457, Similarity: 0.800

Example 928/1000
Original: eXistenZ was a good film, at the first I was wondering what is going on, organic "pods" made out of ...
Original label: LABEL_1
  Calculating word importance...
  Used 98 queries for importance ranking
  Attempting word replacements...
  ✓ Attack succeeded after 100 queries!
Perturbed label: LABEL_0
Success: True, Queries: 100, Similarity: 0.961

Example 929/1000
Original: Sure, it has its pretentious moments, it plays like art-house, live-action Fantasia, but it also has...
Original label: LABEL_0
  Calculating word importance...
  Used 500 queries for importance ranking
  Attempting word replacements...
  ✓ Attack succeeded after 864 queries!
Perturbed label: LABEL_1
Success: True, Queries: 864, Similarity: 0.803

Example 930/1000
Original: I heard legends about this "film" (quotes used so as not to insult films) for a while, so when I fin...
Original label: LABEL_0
  Calculating word importance...
  Used 301 queries for importance ranking
  Attempting word replacements...
Perturbed label: LABEL_0
Success: False, Queries: 1000, Similarity: 0.800

Example 931/1000
Original: Robert Carlyle excels again. The period was captured well and the soundtrack, although hearing moder...
Original label: LABEL_1
  Calculating word importance...
  Used 38 queries for importance ranking
  Attempting word replacements...
Perturbed label: LABEL_1
Success: False, Queries: 193, Similarity: 0.802

Example 932/1000
Original: Todd Sheets has created one of the greatest LOW BUDGET Zombie movies EVER. The story is great, the g...
Original label: LABEL_0
  Calculating word importance...
  Used 142 queries for importance ranking
  Attempting word replacements...
  ✓ Attack succeeded after 154 queries!
Perturbed label: LABEL_1
Success: True, Queries: 154, Similarity: 0.970

Example 933/1000
Original: The writers of lost have outdone themselves. Season two's finale is even more heartbreaking and inte...
Original label: LABEL_0
  Calculating word importance...
  Used 173 queries for importance ranking
  Attempting word replacements...
  ✓ Attack succeeded after 243 queries!
Perturbed label: LABEL_1
Success: True, Queries: 243, Similarity: 0.932

Example 934/1000
Original: This movie is perfect for any aspiring screen writer, actor or director. By watching this movie you ...
Original label: LABEL_0
  Calculating word importance...
  Used 370 queries for importance ranking
  Attempting word replacements...
Perturbed label: LABEL_0
Success: False, Queries: 1000, Similarity: 0.802

Example 935/1000
Original: Serendipity. I thought I was off to a bad start, bringing home the wrong dvd in the case of "The Int...
Original label: LABEL_1
  Calculating word importance...
  Used 203 queries for importance ranking
  Attempting word replacements...
Perturbed label: LABEL_1
Success: False, Queries: 992, Similarity: 0.801

Example 936/1000
Original: Aussie Shakespeare for 18-24 set.with blood ,blood and more blood.and good dose of nudity. this will...
Original label: LABEL_0
  Calculating word importance...
  Used 157 queries for importance ranking
  Attempting word replacements...
Perturbed label: LABEL_0
Success: False, Queries: 880, Similarity: 0.802

Example 937/1000
Original: Last night, I saw A PECK ON THE CHEEK (KANNATHIL MUTHAMITTAL with English subtitles). Oddly, it was ...
Original label: LABEL_0
  Calculating word importance...
  Used 500 queries for importance ranking
  Attempting word replacements...
Perturbed label: LABEL_0
Success: False, Queries: 1000, Similarity: 0.800

Example 938/1000
Original: The only reason this movie is not given a 1 (awful) vote is that the acting of both Ida Lupino and R...
Original label: LABEL_0
  Calculating word importance...
  Used 243 queries for importance ranking
  Attempting word replacements...
  ✓ Attack succeeded after 258 queries!
Perturbed label: LABEL_1
Success: True, Queries: 258, Similarity: 0.957

Example 939/1000
Original: I must say I thought the show Greek would be really ridiculous and stupid. Since I am part of a soro...
Original label: LABEL_1
  Calculating word importance...
  Used 142 queries for importance ranking
  Attempting word replacements...
  ✓ Attack succeeded after 423 queries!
Perturbed label: LABEL_0
Success: True, Queries: 423, Similarity: 0.843

Example 940/1000
Original: Being 15 myself I enjoyed this flick thouroughly!! I related to the character Ann August more than m...
Original label: LABEL_1
  Calculating word importance...
  Used 132 queries for importance ranking
  Attempting word replacements...
Perturbed label: LABEL_1
Success: False, Queries: 694, Similarity: 0.803

Example 941/1000
Original: Not even the Beatles could write songs everyone liked, and although Walter Hill is no mop-top he's s...
Original label: LABEL_0
  Calculating word importance...
  Used 321 queries for importance ranking
  Attempting word replacements...
Perturbed label: LABEL_0
Success: False, Queries: 1000, Similarity: 0.803

Example 942/1000
Original: One of the finest movies I have viewed...Good script, original plot of a man who is haunted about JF...
Original label: LABEL_1
  Calculating word importance...
  Used 198 queries for importance ranking
  Attempting word replacements...
  ✓ Attack succeeded after 764 queries!
Perturbed label: LABEL_0
Success: True, Queries: 764, Similarity: 0.750

Example 943/1000
Original: I thoroughly enjoyed this film, which in many ways, as Hitchcock did on several occasions, was a fir...
Original label: LABEL_1
  Calculating word importance...
  Used 227 queries for importance ranking
  Attempting word replacements...
  ✓ Attack succeeded after 975 queries!
Perturbed label: LABEL_0
Success: True, Queries: 975, Similarity: 0.812

Example 944/1000
Original: A very intelligent and exciting thriller that doesn't rely on action but on situation, which is all ...
Original label: LABEL_1
  Calculating word importance...
  Used 163 queries for importance ranking
  Attempting word replacements...
Perturbed label: LABEL_1
Success: False, Queries: 758, Similarity: 0.804

Example 945/1000
Original: After repeatedly saying how brilliant so many Columbo episodes are, it's time to honour an episode w...
Original label: LABEL_1
  Calculating word importance...
  Used 500 queries for importance ranking
  Attempting word replacements...
  ✓ Attack succeeded after 608 queries!
Perturbed label: LABEL_0
Success: True, Queries: 608, Similarity: 0.913

Example 946/1000
Original: Based on the true story of the FBIs hunt for those who were responsible for the bombing of the World...
Original label: LABEL_1
  Calculating word importance...
  Used 47 queries for importance ranking
  Attempting word replacements...
  ✓ Attack succeeded after 150 queries!
Perturbed label: LABEL_0
Success: True, Queries: 150, Similarity: 0.775

Example 947/1000
Original: I looked forward to spending part of my Independence Day weekend watching a good film about Jefferso...
Original label: LABEL_0
  Calculating word importance...
  Used 185 queries for importance ranking
  Attempting word replacements...
Perturbed label: LABEL_0
Success: False, Queries: 1000, Similarity: 0.801

Example 948/1000
Original: Me and my roommate got free tickets for a Pre Screening I guess you would call it in Atlanta, GA at ...
Original label: LABEL_1
  Calculating word importance...
  Used 166 queries for importance ranking
  Attempting word replacements...
Perturbed label: LABEL_1
Success: False, Queries: 870, Similarity: 0.802

Example 949/1000
Original: Kevin Spacey again picks a winner with K-PAX, an endearing movie that expresses profound revelations...
Original label: LABEL_1
  Calculating word importance...
  Used 201 queries for importance ranking
  Attempting word replacements...
Perturbed label: LABEL_1
Success: False, Queries: 1000, Similarity: 0.801

Example 950/1000
Original: It's exactly what the title tells you...an island inhabited by fishmen. Shipwrecked doctor Claudio C...
Original label: LABEL_0
  Calculating word importance...
  Used 146 queries for importance ranking
  Attempting word replacements...
  ✓ Attack succeeded after 492 queries!
Perturbed label: LABEL_1
Success: True, Queries: 492, Similarity: 0.775

Example 951/1000
Original: I recently got the movie and all I can say it is a good movie. There's a lot of famous Rome monument...
Original label: LABEL_1
  Calculating word importance...
  Used 158 queries for importance ranking
  Attempting word replacements...
Perturbed label: LABEL_1
Success: False, Queries: 907, Similarity: 0.801

Example 952/1000
Original: Imagine the most cliche ridden b-movie horror plot you can. Add more plot holes than plot. Have it s...
Original label: LABEL_0
  Calculating word importance...
  Used 90 queries for importance ranking
  Attempting word replacements...
Perturbed label: LABEL_0
Success: False, Queries: 619, Similarity: 0.804

Example 953/1000
Original: Out of all the Mafia movies i have ever seen this is one of the best for many reasons. The acting fr...
Original label: LABEL_1
  Calculating word importance...
  Used 154 queries for importance ranking
  Attempting word replacements...
Perturbed label: LABEL_1
Success: False, Queries: 783, Similarity: 0.801

Example 954/1000
Original: The first half of this film held some promise as it seemed like the film was going to be a low-key c...
Original label: LABEL_0
  Calculating word importance...
  Used 59 queries for importance ranking
  Attempting word replacements...
Perturbed label: LABEL_0
Success: False, Queries: 336, Similarity: 0.801

Example 955/1000
Original: A very good film, focusing on a very important issue. Fetal alcohol syndrome is a very serious birth...
Original label: LABEL_1
  Calculating word importance...
  Used 126 queries for importance ranking
  Attempting word replacements...
Perturbed label: LABEL_1
Success: False, Queries: 902, Similarity: 0.801

Example 956/1000
Original: Adela is a rebellious teenager with the attitude that she is right and everyone else is wrong. She n...
Original label: LABEL_0
  Calculating word importance...
  Used 200 queries for importance ranking
  Attempting word replacements...
Perturbed label: LABEL_0
Success: False, Queries: 1000, Similarity: 0.801

Example 957/1000
Original: Well, I've just seen Buster Keaton's film debut in Fatty Arbuckle's The Butcher Boy and-despite the ...
Original label: LABEL_1
  Calculating word importance...
  Used 187 queries for importance ranking
  Attempting word replacements...
  ✓ Attack succeeded after 567 queries!
Perturbed label: LABEL_0
Success: True, Queries: 567, Similarity: 0.802

Example 958/1000
Original: Yep. Those of my generation who grew up watching those old Sunbow cartoons were spoiled. The 80's Jo...
Original label: LABEL_0
  Calculating word importance...
  Used 287 queries for importance ranking
  Attempting word replacements...
Perturbed label: LABEL_0
Success: False, Queries: 1000, Similarity: 0.800

Example 959/1000
Original: I enjoyed this movie. More than I expected. It has enough action, intrigue and locations to make it ...
Original label: LABEL_1
  Calculating word importance...
  Used 84 queries for importance ranking
  Attempting word replacements...
Perturbed label: LABEL_1
Success: False, Queries: 441, Similarity: 0.804

Example 960/1000
Original: While I have seen and enjoyed similar movies to this one that were silent films about the Russian Re...
Original label: LABEL_0
  Calculating word importance...
  Used 219 queries for importance ranking
  Attempting word replacements...
  ✓ Attack succeeded after 590 queries!
Perturbed label: LABEL_1
Success: True, Queries: 590, Similarity: 0.844

Example 961/1000
Original: You have to hand it to writer-director John Hughes. With enormous success behind him in the misfit-t...
Original label: LABEL_1
  Calculating word importance...
  Used 164 queries for importance ranking
  Attempting word replacements...
  ✓ Attack succeeded after 173 queries!
Perturbed label: LABEL_0
Success: True, Queries: 173, Similarity: 0.989

Example 962/1000
Original: Donald Sutherland, an American paleontologist visiting England, picks up a hitch hiker one evening. ...
Original label: LABEL_0
  Calculating word importance...
  Used 397 queries for importance ranking
  Attempting word replacements...
Perturbed label: LABEL_0
Success: False, Queries: 1000, Similarity: 0.801

Example 963/1000
Original: Although i watched this film by myself(thankfully), i still felt embarrassed while watching it. I wa...
Original label: LABEL_0
  Calculating word importance...
  Used 185 queries for importance ranking
  Attempting word replacements...
Perturbed label: LABEL_0
Success: False, Queries: 1000, Similarity: 0.805

Example 964/1000
Original: Simply the best and most realistic movie about World War II I've ever seen. Not only because the Ger...
Original label: LABEL_1
  Calculating word importance...
  Used 115 queries for importance ranking
  Attempting word replacements...
  ✓ Attack succeeded after 634 queries!
Perturbed label: LABEL_0
Success: True, Queries: 634, Similarity: 0.790

Example 965/1000
Original: Has this ever happened to you? I go into my local video store and see a few new arrivals in the "fil...
Original label: LABEL_0
  Calculating word importance...
  Used 500 queries for importance ranking
  Attempting word replacements...
Perturbed label: LABEL_0
Success: False, Queries: 1000, Similarity: 0.802

Example 966/1000
Original: There is nothing worse than science fiction crafted by folks who don't have a feel for it. Grasping ...
Original label: LABEL_0
  Calculating word importance...
  Used 500 queries for importance ranking
  Attempting word replacements...
Perturbed label: LABEL_0
Success: False, Queries: 1000, Similarity: 0.807

Example 967/1000
Original: Had I known to what I was submitting myself, I would have fled from the theater. The film is dreadfu...
Original label: LABEL_0
  Calculating word importance...
  Used 162 queries for importance ranking
  Attempting word replacements...
Perturbed label: LABEL_0
Success: False, Queries: 1000, Similarity: 0.802

Example 968/1000
Original: A feminist tract in which if you the viewer believe that: i) wild animals are seldom tamed by singin...
Original label: LABEL_0
  Calculating word importance...
  Used 500 queries for importance ranking
  Attempting word replacements...
Perturbed label: LABEL_0
Success: False, Queries: 1000, Similarity: 0.805

Example 969/1000
Original: Like for most women this movie is the ultimate chick-flick. With it's hot chemistry, sexy dance roun...
Original label: LABEL_1
  Calculating word importance...
  Used 207 queries for importance ranking
  Attempting word replacements...
  ✓ Attack succeeded after 648 queries!
Perturbed label: LABEL_0
Success: True, Queries: 648, Similarity: 0.801

Example 970/1000
Original: I saw this on Mystery Science Theater 3000, and even that show couldn't really make this movie beara...
Original label: LABEL_0
  Calculating word importance...
  Used 152 queries for importance ranking
  Attempting word replacements...
Perturbed label: LABEL_0
Success: False, Queries: 1000, Similarity: 0.801

Example 971/1000
Original: The Ealing Comedies constitute their own specific sub-genre in the history of film. They were wry, d...
Original label: LABEL_0
  Calculating word importance...
  Used 500 queries for importance ranking
  Attempting word replacements...
  ✓ Attack succeeded after 501 queries!
Perturbed label: LABEL_1
Success: True, Queries: 501, Similarity: 1.000

Example 972/1000
Original: I haven't any idea how commentators could regard this as a decent B Western. Or how one commentator ...
Original label: LABEL_0
  Calculating word importance...
  Used 500 queries for importance ranking
  Attempting word replacements...
Perturbed label: LABEL_0
Success: False, Queries: 1000, Similarity: 0.801

Example 973/1000
Original: This is the last episode of the Goldenboy OVA series. Kentaro finds himself working in an animation ...
Original label: LABEL_1
  Calculating word importance...
  Used 185 queries for importance ranking
  Attempting word replacements...
  ✓ Attack succeeded after 584 queries!
Perturbed label: LABEL_0
Success: True, Queries: 584, Similarity: 0.786

Example 974/1000
Original: The odd thing about Galaxina is not that it is supremely bad, although it is. The odd thing is that ...
Original label: LABEL_0
  Calculating word importance...
  Used 222 queries for importance ranking
  Attempting word replacements...
  ✓ Attack succeeded after 574 queries!
Perturbed label: LABEL_1
Success: True, Queries: 574, Similarity: 0.913

Example 975/1000
Original: I have just wasted my Saturday night watching this crap! I saw the names of Chris Noth (Mr. Big, fro...
Original label: LABEL_0
  Calculating word importance...
  Used 144 queries for importance ranking
  Attempting word replacements...
Perturbed label: LABEL_0
Success: False, Queries: 758, Similarity: 0.800

Example 976/1000
Original: Although it has been off the air for 6 years now, Promised Land was one of those shows that comes al...
Original label: LABEL_1
  Calculating word importance...
  Used 174 queries for importance ranking
  Attempting word replacements...
  ✓ Attack succeeded after 915 queries!
Perturbed label: LABEL_0
Success: True, Queries: 915, Similarity: 0.785

Example 977/1000
Original: *spoiler* *spoilers* *spoilers* I found the film amusing.It was weird and I enjoy it,I laughed a lot...
Original label: LABEL_0
  Calculating word importance...
  Used 422 queries for importance ranking
  Attempting word replacements...
  ✓ Attack succeeded after 424 queries!
Perturbed label: LABEL_1
Success: True, Queries: 424, Similarity: 1.000

Example 978/1000
Original: If you never have read the book and never intend to read it in the future, go on and watch the movie...
Original label: LABEL_1
  Calculating word importance...
  Used 498 queries for importance ranking
  Attempting word replacements...
  ✓ Attack succeeded after 763 queries!
Perturbed label: LABEL_0
Success: True, Queries: 763, Similarity: 0.799

Example 979/1000
Original: I watched this movie which I really thought had a promising beginning but then it just led me to fee...
Original label: LABEL_0
  Calculating word importance...
  Used 122 queries for importance ranking
  Attempting word replacements...
Perturbed label: LABEL_0
Success: False, Queries: 685, Similarity: 0.800

Example 980/1000
Original: This must be one of the most horribly titled films of all time. The kind of title that ruins a film ...
Original label: LABEL_1
  Calculating word importance...
  Used 289 queries for importance ranking
  Attempting word replacements...
  ✓ Attack succeeded after 544 queries!
Perturbed label: LABEL_0
Success: True, Queries: 544, Similarity: 0.776

Example 981/1000
Original: Not only do I think this was the best film of 1987, it's probably in my own amorphous list as one of...
Original label: LABEL_1
  Calculating word importance...
  Used 160 queries for importance ranking
  Attempting word replacements...
  ✓ Attack succeeded after 376 queries!
Perturbed label: LABEL_0
Success: True, Queries: 376, Similarity: 0.890

Example 982/1000
Original: Up front, if you're tired, the first hour could be slow. The set up of the story has a natural leisu...
Original label: LABEL_1
  Calculating word importance...
  Used 350 queries for importance ranking
  Attempting word replacements...
Perturbed label: LABEL_1
Success: False, Queries: 1000, Similarity: 0.802

Example 983/1000
Original: SPOILER ALERT<br /><br />A cliché-riddled film that somehow makes an anti-death with dignity stateme...
Original label: LABEL_0
  Calculating word importance...
  Used 238 queries for importance ranking
  Attempting word replacements...
Perturbed label: LABEL_0
Success: False, Queries: 1000, Similarity: 0.801

Example 984/1000
Original: I just saw this at the Castro Theatre in San Francisco and had trouble staying awake during this inc...
Original label: LABEL_0
  Calculating word importance...
  Used 124 queries for importance ranking
  Attempting word replacements...
  ✓ Attack succeeded after 227 queries!
Perturbed label: LABEL_1
Success: True, Queries: 227, Similarity: 0.897

Example 985/1000
Original: This movie took me by surprise. I first saw it more than 10 years ago, and it stays with me still. I...
Original label: LABEL_1
  Calculating word importance...
  Used 126 queries for importance ranking
  Attempting word replacements...
  ✓ Attack succeeded after 127 queries!
Perturbed label: LABEL_0
Success: True, Queries: 127, Similarity: 0.998

Example 986/1000
Original: Peter Lorre gives one of his most evil performances as the owner of the titled place. The plot has a...
Original label: LABEL_1
  Calculating word importance...
  Used 223 queries for importance ranking
  Attempting word replacements...
Perturbed label: LABEL_1
Success: False, Queries: 1000, Similarity: 0.808

Example 987/1000
Original: I've seen a few bad action movies in my days, but this one's just plain awful. I feel it's a waste o...
Original label: LABEL_0
  Calculating word importance...
  Used 195 queries for importance ranking
  Attempting word replacements...
Perturbed label: LABEL_0
Success: False, Queries: 1000, Similarity: 0.802

Example 988/1000
Original: Did the writers pay people to come up here and write positive reviews? I mean, really, it's a bit ha...
Original label: LABEL_0
  Calculating word importance...
  Used 139 queries for importance ranking
  Attempting word replacements...
Perturbed label: LABEL_0
Success: False, Queries: 677, Similarity: 0.805

Example 989/1000
Original: As a physicist, talk about blackholes and cosmology gets my heart racing. However I found this prese...
Original label: LABEL_0
  Calculating word importance...
  Used 224 queries for importance ranking
  Attempting word replacements...
Perturbed label: LABEL_0
Success: False, Queries: 1000, Similarity: 0.812

Example 990/1000
Original: With "Anatomy" the german film producers have tried to make something totally new. Usually there jus...
Original label: LABEL_1
  Calculating word importance...
  Used 74 queries for importance ranking
  Attempting word replacements...
  ✓ Attack succeeded after 284 queries!
Perturbed label: LABEL_0
Success: True, Queries: 284, Similarity: 0.801

Example 991/1000
Original: this film is what happens when people see like in this particular one blair witch project and say he...
Original label: LABEL_0
  Calculating word importance...
  Used 143 queries for importance ranking
  Attempting word replacements...
Perturbed label: LABEL_0
Success: False, Queries: 945, Similarity: 0.806

Example 992/1000
Original: During the brief period between Clint Eastwood's string of spaghetti westerns and his Dirty Harry fi...
Original label: LABEL_1
  Calculating word importance...
  Used 500 queries for importance ranking
  Attempting word replacements...
  ✓ Attack succeeded after 595 queries!
Perturbed label: LABEL_0
Success: True, Queries: 595, Similarity: 0.982

Example 993/1000
Original: Mario Van Peebles tries to go the Jean-Claude Van Damme route and play a renegade robotic soldier wh...
Original label: LABEL_0
  Calculating word importance...
  Used 205 queries for importance ranking
  Attempting word replacements...
Perturbed label: LABEL_0
Success: False, Queries: 1000, Similarity: 0.800

Example 994/1000
Original: I guess this is in the public domain as its out on DVD. First off, this is a feel good propaganda mo...
Original label: LABEL_0
  Calculating word importance...
  Used 203 queries for importance ranking
  Attempting word replacements...
Perturbed label: LABEL_0
Success: False, Queries: 1000, Similarity: 0.801

Example 995/1000
Original: After reading the mostly glowing comments about this movie I decided to rent it despite some suspici...
Original label: LABEL_0
  Calculating word importance...
  Used 170 queries for importance ranking
  Attempting word replacements...
Perturbed label: LABEL_0
Success: False, Queries: 816, Similarity: 0.803

Example 996/1000
Original: I thought this movie was great! I saw this when it came out in the theaters so I do not remember all...
Original label: LABEL_1
  Calculating word importance...
  Used 127 queries for importance ranking
  Attempting word replacements...
Perturbed label: LABEL_1
Success: False, Queries: 831, Similarity: 0.803

Example 997/1000
Original: Yes, it's a SBIF (So Bad It's Funny) classic. With a budget running into the tens of dollars, some o...
Original label: LABEL_0
  Calculating word importance...
  Used 145 queries for importance ranking
  Attempting word replacements...
Perturbed label: LABEL_0
Success: False, Queries: 774, Similarity: 0.810

Example 998/1000
Original: I am sorry folks, but I have to say I really cannot understand the overwhelming feelings everybody g...
Original label: LABEL_0
  Calculating word importance...
  Used 461 queries for importance ranking
  Attempting word replacements...
Perturbed label: LABEL_0
Success: False, Queries: 1000, Similarity: 0.809

Example 999/1000
Original: I suspect there are several cuts of this doco doing the rounds. The copy I saw focused heavily on Jo...
Original label: LABEL_1
  Calculating word importance...
  Used 167 queries for importance ranking
  Attempting word replacements...
Perturbed label: LABEL_1
Success: False, Queries: 1000, Similarity: 0.802

Example 1000/1000
Original: This is the best version of Gypsy that has been filmed.Bette Midler is simply superb as Mama Rose.Sh...
Original label: LABEL_1
  Calculating word importance...
  Used 161 queries for importance ranking
  Attempting word replacements...
Perturbed label: LABEL_1
Success: False, Queries: 980, Similarity: 0.801

================================================================================
RESULTS SUMMARY - imdb
================================================================================
Total examples: 1000
Attack Success Rate (ASR): 0.389 (38.9%)
Average queries: 657.5
Average queries (successful only): 363.3
Average semantic similarity: 0.838
Total time: 88.1 minutes
Time per example: 5.3 seconds
Results saved to: ./textfooler_results/textfooler_imdb.csv
================================================================================

Summary saved to: ./textfooler_results/summary_imdb.csv

