idx,original_text,original_label,perturbed_text,perturbed_label,success,semantic_similarity,queries
0,"Indian board plans own telecast of Australia series The Indian cricket board said on Wednesday it was making arrangements on its own to broadcast next month #39;s test series against Australia, which is under threat because of a raging TV rights dispute.",LABEL_1,"national broadcasting commission own broadcast for these shows to australian sports channel australia on thursday to put in way before it, game show current year# 6; india- cricket from bangladesh, who put on development out as the domestic cricket reception problem.",LABEL_1,False,0.800782322883606,95
1,Stocks Higher on Drop in Jobless Claims A sharp drop in initial unemployment claims and bullish forecasts from Nokia and Texas Instruments sent stocks slightly higher in early trading Thursday.,LABEL_2,"stock rise with Drop on stock and recent large jump into new market positions, new claims at ut& georgia tech showed up significantly lower during previous business days.",LABEL_2,False,0.786250114440918,68
2,"Nuggets 112, Raptors 106 Carmelo Anthony scored 30 points and Kenyon Martin added 24 points and 16 rebounds, helping the Denver Nuggets hold off the Toronto Raptors 112-106 Wednesday night.",LABEL_1,"washington 107, philadelphia 111, williams got 18 assists& chris brown got 11 rebound& 8 assists, but a dallas spurs put away a detroit pistons 106- 101 friday game.",LABEL_1,False,0.7604662179946899,63
3,Stocks Higher on Drop in Jobless Claims A sharp drop in initial unemployment claims and bullish forecasts from Nokia and Texas Instruments sent stocks higher in early trading Thursday.,LABEL_2,stock drop from stocks on early days: steady increase on new market positions or new claims for tech or low tech make stock higher during recent business days.,LABEL_2,False,0.7802712321281433,60
4,"REVIEW: 'Half-Life 2' a Tech Masterpiece (AP) AP - It's been six years since Valve Corp. perfected the first-person shooter with ""Half-Life."" Video games have come a long way since, with better graphics and more options than ever. Still, relatively few games have mustered this one's memorable characters and original science fiction story.",LABEL_3,"summary:' halves- live-' a--(-)""- he' r roughly seven decades after news reports. bundled all best- ever shooters from"" low- tech."" new ones had begun this good spin off, including new characters but stronger graphics for players. however, only several releases truly demonstrated the game'- impressive visuals but strong short- runs.",LABEL_3,False,0.7648487091064453,122
5,"China's inflation rate slows sharply but problems remain (AFP) AFP - China's inflation rate eased sharply in October as government efforts to cool the economy began to really bite, with food prices, one of the main culprits, showing some signs of slowing, official data showed.",LABEL_2,"beijing' a gdp also improved rapidly and conditions continue(.) AFP- beijing'' economy was slowed significantly through 2006 because its inability with supply domestic air appeared too slowly weaken, while supply shortages, two among these major causes, displaying the sign on easing, as recently revealed.",LABEL_2,False,0.7895108461380005,100
6,"ADV: Try Currency Trading Risk-Free 30 Days 24-hour commission-free trading, 100-to-1 leverage of your capital, and Dealbook Fx 2 - our free advanced trading software. Sign up for our free 30-day trial and receive one-on-one training.",LABEL_2,"focus: on a simple price- specific trading+ 30- hours time- limited trial, 1- for- one trading for our trades, or trading Fx online- your own electronic trader tools. signing back from your weekly six- month training with your 1- of- 10 contracts.",LABEL_2,False,0.7833641767501831,94
7,"OPEC Can Raise Output Capacity by 1 Mln Barrels/Day (Update1) The Organization of Petroleum Exporting Countries, which supplies a third of the world #39;s crude oil, can raise production capacity by 1 million barrels a day by year-end, OPEC President Purnomo Yusgiantoro said.",LABEL_2,"production capacity increase production capacities with 100 million barrel/ days( 2014)( association for oil export producers, whom produce some fraction at a k# 1; 2011) capacity, will boost their capacities with 10 billion barrel per days at open- air, 3- g ##h).",LABEL_2,False,0.8158700466156006,93
8,"Intel gets off chip speed roller coaster: Technology India: New York, Oct 19 : The world #39;s leading computer chipmaker Intel has jumped off the chip speed roller coaster by yanking its four giga hertz (4 GHz) Pentium 4 processor off the drawing board.",LABEL_3,"-- silicon chips roller coaster ##s: in 2015: old yorker, november 2017: in issue# 9; usa, electronics manufacturer- intel started up a speed machine coaster race after taking her 4"" ghz( 40 mhz) type 2 cpu out a circuit wall.",LABEL_3,False,0.8702378869056702,89
9,Amazon Snaps Up China's Largest Web Retailer (NewsFactor) NewsFactor - Amazon.com (Nasdaq: AMZN) has said it will buy Joyo.com Limited -- a British Virgin Islands company that operates the largest Internet retail Web site in China -- for US #36;75 million.,LABEL_3,this breaks Up asia' s major Web company( web)-- asia. com( english: AMZN) has said it will buy Joyo. com ltd-- a former mass media store that is the biggest retail based Web site in asia-- for US# 36; 75 billion.,LABEL_2,True,0.8717638850212097,63
10,"Bookies take bets on new Band Aid Bookies take bets on a new Band Aid single being Christmas No 1, expected to be confirmed by Midge Ure.",LABEL_0,"players give betting on whether musical support players have bet on a new musician Aid album, at No 1, soon to be released by the Ure.",LABEL_3,True,0.7676756381988525,44
11,Hokies making statement about ACC title intentions The annual summer barbecues that Ralph Friedgen and Frank Beamer co-host at their lake homes in Georgia may be a little less cordial after the way Beamer #39;s Virginia Tech Hokies waxed Friedgen #39;s Maryland Terrapins 55-6 last night.,LABEL_1,"just the comments in chapter chapter ix this same annual event which bob brown or doug williams guest- hosted from spring garden resort of maryland will sound another touch too obvious from either mike Beamer# 41; 2. a Hokies came out# 41;& ##ju, 0- 7 this month.",LABEL_1,False,0.8090283870697021,115
12,"Gilchrist confident about India tour SYDNEY, Sep 25: Australia #39;s stand-in captain and wicketkeeper Adam Gilchrist has said that his twin responsibilities will not come in the way of seeking a winning start for his team against India in next month #39;s Test series.",LABEL_1,"very much for your travel report, august 19: 2018# 38; 2018 call- for man- captain ian Gilchrist, announced if their twin son may even step on any prospect for scoring another full wicket with their tour of australia at final round# 40; professional cricket career.",LABEL_1,False,0.8314937353134155,109
13,Israeli Tanks Surge Into Gaza Refugee Camp -Witnesses  GAZA (Reuters) - A column of Israeli tanks surged into the  heart of the Jabalya refugee camp in the northern Gaza Strip on  Thursday as the army broadened its sweep for militants behind a  deadly rocket attack on an Israeli town.,LABEL_0,palestinian tank push through israeli refugees--- friday( israel)- the group saw palestinian tank surge at this site in their largest refugees camps of a northeastern sharon district in friday from gaza tank continued his quest in covering with another heavy israeli counterattack along this entire front.,LABEL_0,False,0.8766673803329468,97
14,"Microsoft, EU Officials in Procedure Meeting Microsoft (Quote, Chart) and representatives of the European Union #39;s Competition Commission will sit down at the table together on Thursday, but it won #39;t be to eat.",LABEL_2,"Microsoft, EU Officials in Procedure Meeting Microsoft( Quote, Chart) and representatives of the European Union# 39; s of Commission will sit down at the table together on Thursday, but it won# 39; t be to eat.",LABEL_3,True,0.984014630317688,38
15,"Nevada Implements 1st Touch-Screen Voting Machines With Paper-Trail By RACHEL KONRAD     CARSON CITY, Nev. (AP) -- In what could become a model for other states, Nevada voters on Tuesday became the first in the nation to cast ballots in a statewide election on computers that printed paper records of electronic ballots...",LABEL_3,"- has one paper- based ballot machine in photo- booth at david, nevada assembly, california.( ...)-- of which will seem the first on presidential elections, computer system by hand was a earliest on this state- get ballot for any national event with computer which kept hand prints on individual votes...",LABEL_3,False,0.856397271156311,105
16,"Public warning over letter bombs The discovery of 10 letter bombs has prompted a police warning to the public to exercise caution. Bedfordshire Police said none of the improvised devices - containing lighter fluid - had ignited, despite the fact that some had been opened.",LABEL_0,"local concern about letters and a sighting about two other explosives was given the warning message warning police authorities no use it. local officials confirmed all except those explosive components- the explosive devices- were exploded, beyond all suggestion if any was ever ignited.",LABEL_0,False,0.8429882526397705,87
17,Athletics: Dominant Phillips takes long jump gold ATHENS - Dwight Phillips of the United States completed a hat-trick of global long jump titles when he crushed the field with his opening leap in Thursday #39;s final to win Olympic gold.,LABEL_1,athens: darryl martin took double final spot.- andrew schultz from north eastern usa achieved the three- tricks at major short jumper championships where his stunned all poles in their final jump as a# 1; same jumper will capture final gold.,LABEL_1,False,0.7555433511734009,90
18,"UN aid plane shot at in Ivory Coast Abidjan - A United Nations World Food Programme (WFP) plane was met with gunfire and threats when it arrived in Man, western Ivory Coast, the UN said in a statement on Saturday.",LABEL_0,"a humanitarian aircraft targeted to french east africa-- the member nation international humanitarian programmes( WFP)-- went through violence or fire after he landed inside a, southern african country, a reporter told about the meeting over thursday.",LABEL_0,False,0.787769079208374,86
19,"Vampire: The Masquerade - Bloodlines Review November 17, 2004 - Most of us who #39;ve been gamers for a while are familiar with the history behind Troika, which was formed from key members of the Black Isle group that made the Fallout, among other talented individuals.",LABEL_3,"Vampire: a game- com ##stock december 4, 2011- many in particular(# 1; and ##ld around in this month) concerned on hidden motives of blood, who were created as senior member into a dark Isle clan which took some decision, with various influential people.",LABEL_3,False,0.7567414045333862,105
20,"Israel Destroys Refugee Homes, Kills One GAZA CITY, Gaza Strip - A day after a mortar round killed an Israeli-American woman in a nearby settlement, the Israeli army charged into a Palestinian refugee camp Saturday, killing one person and tearing down 35 homes, witnesses and a U.N. aid official said...",LABEL_0,"gaza, destroys buildings, kill two jewish woman, israel-- another year before another second attack wounded another american- palestinian girl from the palestinian neighborhood, a egyptian militia went through an local palestinian checkpoint overnight, capturing their building but bringing back two residents,"" but another d. h. trade representative says...",LABEL_0,False,0.8357934355735779,103
21,PeopleSoft revises third-quarter profit Oracle target adds \$2.6 million to bottom line after tax adjustment related to ex-CEO's severance package.,LABEL_3,it announced third- year annual income target adds\$ 2. 6 billion to bottom line after tax issues due to ex- CEO' s compensation claims.,LABEL_2,True,0.692500650882721,35
22,"SCHOOL #39;S OUT FOR STERNE A first win on the European Tour - any tour, in fact - is a notable feat in any golfer #39;s career. But the one by South African Richard Sterne in the Madrid Open yesterday deserves special mention.",LABEL_1,"in# 38; coming OUT and taking the first win in any main circuit- the tour, in general- remains an remarkable achievement within the golf# 38; world history. and another one from former american laurence young as a french national only gets honourable mentions.",LABEL_1,False,0.7540054321289062,120
23,"Streaking Astros Clock Reds 11-5 (AP) AP - Astros pitcher Brandon Backe hit his first career homer, a two-run shot, and allowed one run in seven innings to keep Houston in the thick of the NL wild-card chase with an 11-5 rout of the Cincinnati Reds on Monday.",LABEL_1,"astros: the astros 7- 1( ot) game- houston shortstop david martinez hits he fourth astros run, the six- inning homer, but then 1 single across six games. set texas into a lead for another consecutive red- gold game in the 9- 8 sweep between both chicago orphans that saturday.",LABEL_1,False,0.7905012965202332,103
24,"Kerry assails Bush troop withdrawal plan (AFP) AFP - Democratic White House hopeful Senator John Kerry warned that President George W. Bush's plan to withdraw 70,000 troops from Europe and Asia would hinder the war on terrorism and embolden North Korea.",LABEL_0,"on the military iraq reduction program( plan) AFP- former freedom fighter former adviser ted kennedy claimed democratic presidential president mr. cheney' ##s plans that divert 10, 500 soldiers between america& europe might stop a campaign by terror or attack in vietnam.",LABEL_0,False,0.7898595333099365,92
25,"TSA Deal Overpaid Boeing, Report Says Boeing Co. received at least \$49 million in excessive profits on a \$1.2 billion contract to supply explosives-detection systems to hundreds of the nation #39;s airports, the Department of Homeland ",LABEL_2,"TSA reported for 2006, and boeing aviation inc. has received$\$ 1 billion from total contracts in an\$ 18. 1 trillion transaction and deliver aircraft- related products under government for america world# 9; rec., national defense program ...",LABEL_2,False,0.8617006540298462,86
26,"Shares Gain While Oil Holds Near \$50  LONDON (Reuters) - European stock markets rose and absorbed  three separate share placings on Wednesday, boosted by Wall  Street's strong finish while oil prices held close to \$50 a  barrel ahead of U.S. oil inventory data.",LABEL_2,"share shares in shares held at\$ 25 euro( uk)- american petroleum market stock market saw two big shares grabs for them, led from# ##a' and low shares of other stocks selling low prices\$ 100 each share regardless from p. j. stocks index numbers.",LABEL_2,False,0.7825688123703003,89
27,"Red Hat replaces CFO Red Hat on Thursday named Charles Peters Jr. as executive vice president and chief financial officer. Peters replaces Kevin Thompson, who unexpectedly announced his resignation in June, a few days before the ",LABEL_3,"green also announced a Red Hat on board replace bill thompson Jr. as senior company presidents and general administrative advisor. it replaced chris martin, who previously announce his departure in january, a few week after the",LABEL_2,True,0.7165822982788086,67
28,"Jobless Claims Rise Unexpectedly  WASHINGTON (Reuters) - The number of Americans filing  initial claims for jobless pay grew unexpectedly last week to  357,000, Labor Department data showed on Thursday, but an  official said an increase in the week after a public holiday  was typical.",LABEL_2,"initial numbers grew to thousands( 2013)- a total 300 employees filed new claims because low wages grew after last weeks$ 1, 800, first day claims appeared by tuesday, and no employee earned this average for all weeks since the formal announcement were announced.",LABEL_2,False,0.7789459228515625,102
29,"Ballmer strikes big rivals from Microsoft shopping list LISBON - Customers watching for Microsoft Corp. to make a headline-grabbing buy in the business applications market faced disappointment Tuesday as company Chief Executive Officer Steven Ballmer ruled out acquisitions of PeopleSoft Inc., Oracle Corp. and SAP AG.",LABEL_3,"he had strong competition among online buying target buyers- people eager with ibm ltd. and get an attention- oriented business while using it- but facing a challenge by microsoft senior marketing manager, Ballmer put up acquisition with microsoft ltd., microsoft ag.& oracle respectively.",LABEL_3,False,0.8332624435424805,100
30,Auto Parts Sector Falls on Delphi News Investors sold off shares of auto parts makers Friday after Delphi Corp. issued a profit warning and said it would cut nearly 5 percent of its work force next year.,LABEL_2,Auto part industry Falls on news News it sold off stocks of auto components a while after nec Corp. released a warning notice and said it would cut back 5% of its work force next year.,LABEL_3,True,0.7643802165985107,60
31,Cisco joins WiMax Forum The networking giant formally signs on to the wireless broadband group as the organization's ranks increase.,LABEL_3,it and cisco Forum The communications giant then sign in under the cisco network group after this organisation' m ranks increases.,LABEL_3,False,0.7638384103775024,70
32,"Hasbro's No Conehead Its Saturday Night Live version of ""Trivial Pursuit"" is good strategy for staying ahead of age compression.",LABEL_3,"radio' s No"" Its thursday Night Live edition of"" in Pursuit"" is good ... for adults ahead of age"".",LABEL_0,True,0.7224140763282776,38
33,"Intel dauphin Otellini becomes king Intel #39;s board has given the go ahead for the long anticipated shift in power from current CEO Craig Barrett to current President Paul Otellini Come May 18, Otellini will take over the chipmaker and become its fifth ever CEO.",LABEL_2,"- john king, on issue# 10; its website has given the go ahead for the long anticipated shift in power from current CEO Craig Barrett to current President Paul Otellini Come May 18, Otellini will take over the chipmaker and become its fifth ever CEO.",LABEL_3,True,0.874558687210083,56
34,Top exec shares business lessons Jeff Raikes was working at Apple Computer in the early 1980s when a guy named Steve Ballmer called and asked him to interview for a product-management job at a small software outfit in the Seattle area.,LABEL_3,Top exec: with: Jeff beck originally hired by Apple computers during those earliest 1990s. another programmer called andy jobs contacted who told them: ask about some model- building class of some high tech company on our bay areas.,LABEL_3,False,0.786910355091095,105
35,India's Tata expands regional footprint via NatSteel buyout (AFP) AFP - India's Tata Iron and Steel Company Ltd. took a strategic step to expand its Asian footprint with the announcement it will buy the Asia-Pacific steel operations of Singapore's NatSteel Ltd.,LABEL_0,India' s Tata expands regional footprint via NatSteel buyout( 2017) AFP- India' s Tata Iron and Steel Company Ltd. took a strategic step to expand its Asian footprint with the announcement it will buy the Asia- Pacific steel operations of Singapore' s NatSteel Ltd.,LABEL_2,True,0.9474661350250244,46
36,"Ken Caminiti, 1996 NL MVP, Dies at Age 41 NEW YORK - Ken Caminiti, the 1996 National League MVP who later admitted using steroids during his major league career, died Sunday. He was 41...",LABEL_0,"Ken Caminiti, 1996 NL MVP, Dies at Age 41 NEW year- Ken Caminiti, the 1996 National League MVP who later admitted using steroids during his major league career, died Sunday. He was 41...",LABEL_1,True,0.9855433702468872,35
37,"The Next Shock: Not Oil, but Debt The American economic ship, which has weathered the recent run-up in crude oil prices, may be more vulnerable to sudden surges in the price of money.",LABEL_2,"this consensus is: crude wealth, and Debt this new oil market, who only survived another severe screw- through with american energy reserves, will get increasingly susceptible for such fluctuations of a flow in supply.",LABEL_2,False,0.8031049966812134,76
38,"Cocoa prices down but Ivorian exports still blocked World cocoa prices were down on Tuesday but off the day #39;s lows as exports remained on hold after mob violence and military clashes in Ivory Coast, the key global supplier, traders said.",LABEL_2,"prices is unclear but foreign traders initially believed most cocoa exports was not until sunday or around until week# 1; then lows of prices became in decline amid a violent international political conflict against cape verde, a global economic centre, it appears.",LABEL_2,False,0.7650144100189209,99
39,"Bellhorn Makes Big Noise for Red Sox  BOSTON (Reuters) - With a power-packed lineup that features  sluggers like Manny Ramirez and David Ortiz, it was Mark  Bellhorn who was the unlikely hero of Game One of the 100th  World Series with a two-run homer for the Boston Red Sox  Saturday.",LABEL_1,"baseball Makes enough Noise boston silver ##dome baseball( 2000)- in another big- hitting offense who featured legends of johnny sanchez or dustin parker, it is Mark sanchez which is a main mvp for day 1 in every real sports game for every 2- 4 victory in an original Red Sox franchise.",LABEL_1,False,0.7605643272399902,136
40,"Sugar Shane Not so Sweet (November 21, 2004). Ronald Winky Wright successfully defended his 154 lb. title for the sixth time in the highly anticipated rematch with the formerly sweet Sugar Shane Mosley ",LABEL_1,"sweet sugar is very much( march 18, 2009). champion ready to vigorously defend our 205 lbs. titles on this last round for a first successful fight for any real good of Shane;",LABEL_1,False,0.7693721652030945,74
41,"Egypt steps back on Gaza plan over Israeli attacks Egypt took a step back from plans to help the Palestinians prepare for an Israeli withdrawal from Gaza on Wednesday, saying it could not play its role in full as long as Israeli attacks on Palestinians continue.",LABEL_0,"egyptian step down from israel conflict with palestinian issues egyptian takes some steps forward in egypt which keep some egyptians preparing about this eventual attack for hamas into gaza, claiming they will only resume their campaign toward gaza so far after their offensive against israel continues.",LABEL_0,False,0.8667476177215576,93
42,"One held in Jakarta embassy blast probe Indonesian police said on Friday they had made their first arrest directly linked to last week #39;s deadly embassy bombing in Jakarta, detaining a man who delivered explosives to those blamed for the attack.",LABEL_0,"a participant with his initial internal investigation by authorities confirmed that monday he first requested its initial arrest not prior from the post# 1; e. bomb explosion outside singapore, or another passenger whom carried weapons being the responsible at a bombing.",LABEL_0,False,0.7823938727378845,91
43,"Security Beyond Antivirus Programs Comprehensive security programs that include firewall software, spyware defenses and diagnostic and repair tools are necessay to keep a PC in good health these days. &lt;FONT face=""verdana,MS Sans Serif,arial,helvetica"" size=""-2"" color=""#666666""&gt;&lt;B&gt;-The Washington Post&lt;/B&gt;&lt;/FONT&gt;",LABEL_3,"and security security.- computer tools which enable security security, intrusion detection or installation as such solutions is essential on maintaining any computer on stable condition all day.& sans; the font="" sans, st! ##s, sans, ms"" format=""- 3"" style=""# 3""& lt;& cs;&& ts;- a letter type& r;/ a& r;& ts;/ c& ts;",LABEL_3,False,0.8518237471580505,111
44,"Putin praises Ukraine #39;s leader Russian President Vladimir Putin has taken part in a live phone-in on Ukrainian TV, just days before the country #39;s presidential election.",LABEL_0,"t- russian# 40; d- russia leader president ukraine officially took parts on the presidential call- out via national television, several decades into 2017 ukrainian# 60; russian parliamentary elections.",LABEL_0,False,0.8021177053451538,61
45,"Myskina, Kuznetsov to Play in Fed Cup (AP) AP - Anastasia Myskina and Svetlana Kuznetsova will lead Russia's Fed Cup team when it plays Austria in this month's semifinals. Defending champion France will feature Amelie Mauresmo and Mary Pierce in the other semifinal against Spain, which has won this event five times.",LABEL_1,"currently, set in compete on federation international( fi) board- b he or her russia shall be europe' c Fed cups hosts and she faces poland at the week' 12 semifinal. incumbent team russia can lead ellen perez or maria martin with a second quarterfinal from france, who also wins all quarterfinal and championships.",LABEL_1,False,0.7698317766189575,113
46,"Oil price rise adds to airlines woes as losses continue The global airline industry is forecast to have made net losses of \$4.8bn this year, as the rise in the oil price has overwhelmed efforts by carriers to cut costs.",LABEL_2,"petroleum prices significantly add in airline losses by such: this international airlines sector are expected as having the annual loss at\$ 3. 1 a loss, with any spike on global petroleum prices also prompted plans on airlines which expand operations.",LABEL_2,False,0.8670926094055176,83
47,"Yanks shock Twins, earn date with Sox: Another late rally erases 4 &lt;b&gt;...&lt;/b&gt; Just when you think you #39;ve seen it all, the Yankees devise a new way to win a game and torture their opponents. Last night, they somehow landed a spot in the American League ",LABEL_1,"( the team, a day at Sox: a new inning: d& b; g& b;...& c;/ d& b;. and they know you# 39; they seen this happen, a team find another hard time, play another contest but defeat its opponent. Last summer, they almost got another spot at a national ...",LABEL_1,False,0.7774539589881897,142
48,"United #39;s pension dilemma United Airlines says it likely will end funding for employee pension plans, a move that would be the largest ever default by a US company and could lead to a taxpayer-funded bailout rivaling the savings-and-loan fiasco of the 1980s.",LABEL_2,"plan# 6; 2)- United now said they also might make payments into their retirement pension, the measure who may become a biggest move proposed against another private corporation but might add possibly another tax- paid role in this building- company- finance crisis from this 1990s.",LABEL_2,False,0.7958114743232727,102
49,"Barrichello Wins Chinese Grand Prix SHANGHAI, China - Rubens Barrichello won the inaugural Chinese Grand Prix on Sunday, taking advantage of Formula One champion Michael Schumacher #39;s disastrous weekend and outlasting runner-up Jenson Button by just over a second.",LABEL_1,"career: best Grand prize race, 1- 1 ferrari played the 2017 china Grand Prix by friday, grabbing possession from a three- time renault# 8; first that week but defeating tail- off Jenson stuck after barely over the third.",LABEL_1,False,0.7653369903564453,107
50,"Microsoft Browser Market Share Slips Slightly Microsoft Corp. #39;s (MSFT.O: Quote, Profile, Research) share of the browser market slipped slightly in recent months but still dominated with 92.",LABEL_3,"internet web services# Slips ##on, inc.# 39;.( MSFT. in: analysis, review, comment) share in the web has fallen dramatically between previous periods and currently is under 92.",LABEL_3,False,0.7577309608459473,101
51,UN 'must ignore cloning ban call' The UK's Royal Society urges the UN to ignore a call by President Bush to ban all forms of human cloning.,LABEL_3,UN' must ignore the ban call' The UK' s Royal institute urges the UN to ignore a call by george Bush to ban all forms of human beings.,LABEL_0,True,0.8674771785736084,33
52,"Rivals Try to Turn Tables on Charles Schwab By MICHAEL LIEDTKE     SAN FRANCISCO (AP) -- With its low prices and iconoclastic attitude, discount stock broker Charles Schwab Corp. (SCH) represented an annoying stone in Wall Street's wing-tipped shoes for decades...",LABEL_2,"Rivals Try to Turn Tables on the Schwab By MICHAEL LIEDTKE SAN FRANCISCO( AP)-- With its low prices and iconoclastic attitude, discount stock broker Charles Schwab Corp.( SCH) represented an annoying stone in Wall Street' s wing- tipped shoes for decades...",LABEL_3,True,0.9889300465583801,43
53,"UPDATE 1-UPS buys CNF #39;s Menlo Worldwide United Parcel Service Inc. (UPS.N: Quote, Profile, Research) agreed to buy Menlo Worldwide Forwarding, a unit of CNF Inc. (CNF.N: Quote, Profile, Research) , for \$150 million in ",LABEL_2,"january 2015- gm sells s# 39; p ##j. north america services ltd.( p. s: quoted, name, researcher) offers the purchase united shipping service, the subsidiary for CNF co.( p. k: rank, name, researchers), with\$ 150 billion।",LABEL_2,False,0.7699005603790283,91
54,Atlanta police arrest Braves player on DUI charge ATLANTA - An Atlanta Braves player is in the Atlanta Jail today after being arrested on a charge of driving under the influence. Members of the DUI Task Force arrested shortstop Rafael Furcal about 4:20 am ,LABEL_1,braves team atlanta atlanta atlanta of the arrest note- a oakland athletics outfielder playing for a braves lineup now while is held in handcuffs charged for acting outside his influences. one after these drug charge officers arrests player carlos martinez around 10: 30|,LABEL_1,False,0.8298790454864502,89
55,"Hewlett-Packard buys Synstar Palo Alto-based Hewlett-Packard Co. has bought IT services company Synstar plc, of Bracknell, England for about \$293.3 million. Synstar has some 1,500 customers across Europe, selling IT support for various computer platforms.",LABEL_3,"Hewlett- Packard buys: Palo Alto- based Hewlett- Packard Co. has bought IT services company Synstar plc, of Bracknell, England for about\$ 293. 3 million. company has some 1, 500 customers across america, selling IT support for various computer platforms.",LABEL_2,True,0.9775100946426392,44
56,"N.Korea called worst for press freedom Media watchdog Reporters Without Borders has labeled North Korea and Cuba the worst countries in terms of press freedom, with Denmark being the best.",LABEL_0,"etc., the centre of european free press outlets reporter beyond news international called northern ireland& wales a worst country for regards with media freedoms, while china considered them worst.",LABEL_0,False,0.7565444111824036,66
57,"Headshake to the SETI Headfake Did the famous screensaver, SETIhome, uncover the first strong evidence for an extraterrestrial signal? The SETI Institute's Seth Shostak discusses how hyperbole can misrepresent the last addition to a list of stellar candidates.",LABEL_3,"unknown of any SETI: Did any great scientist, today, give a most plausible case against a astronomical event? another SETI review' by Seth jones explores where humans must explain a last signal using the list for stellar sources.",LABEL_3,False,0.762159526348114,118
58,"UnitedHealthcare pays \$3.5M to settle Medicare fraud claim UnitedHealthcare Insurance Co., a branch of UnitedHealth Group, will pay \$3.5 million to settle charges that it defrauded the Medicare program, the US Department of Justice announced Monday.",LABEL_2,"it pay\$ 6. 99 million settles the insurance claims united healthcare group., this subsidiary from united health, would collect\$ 5. 94 billion that settles complaints about their breach of healthcare law, a state secretary with treasury told cnn.",LABEL_2,False,0.8288047909736633,77
59,Loeb extends lead over Solberg CARDIFF -- Championship leader Sebastien Loeb took two stage wins to boost his lead over Norwegian Petter Solberg as the Rally of Britain entered its second leg on Saturday.,LABEL_1,"being held first through the semi-- series races, Loeb secured 2 further wins, extend his win behind swedish martin may while all rest from norway had their third leg over thursday.",LABEL_1,False,0.7647234201431274,83
60,Level 3 Acquires Sprint #39;s Wholesale Dial-Up Internet Business Level 3 today announced that it has purchased Sprint #39;s wholesale dial-up Internet access business for \$34 million in cash. Sprint is one of the largest providers of wholesale dial-up service to ISPs in North America.,LABEL_2,Level 3 acquired Sprint# 39; s retail Dial- Up broadband company Level 3 today announce that it has bought Sprint# 39; s retail dial- up broadband access business for\$ 34 million in cash. Sprint is one of the largest provider of commercial dial- up service to ISPs in North America.,LABEL_3,True,0.9452158212661743,61
61,"Michigan Gets Rose Bowl Berth Despite Loss to Ohio St.  COLUMBUS, Ohio (Sports Network) - Troy Smith threw for 241  yards and two touchdowns and ran for 145 yards and a score to  lead the Ohio State Buckeyes to a 37-21 victory over No. 7  Michigan in the final game of the regular season for both  teams.",LABEL_1,"ohio state in the game after losses. temple bowl. toledo, michigan( media report)- matt johnson rushing with 21 votes, one touchdown also returned of 52 yd& both touchdowns will lead both huron valley spartans towards another 34- 7 victories of nr. 12 ohio with this second quarter for a 2016 postseason over four seasons.",LABEL_1,False,0.8036525845527649,121
62,"Dodgers Nip Giants 3-2 in Crucial Series SAN FRANCISCO - Shawn Green can sit out Saturday knowing he was a huge help to the Dodgers during their crucial series against San Francisco. Green hit a two-run homer in Los Angeles' 3-2 victory over the Giants on Friday night, a day before the first baseman will miss a game to observe the Jewish holiday Yom Kippur...",LABEL_0,"giants, to 4- 3 for the west- angeles- if one must sit up, and it proved another major threat against those angels at his next meeting of saint jose. he played the 2- inning game for the dodgers' 9- 3 triumph for those dodgers that thursday day, the saturday as those old dodgers would schedule some celebration that celebrate this new month.,...",LABEL_0,False,0.7743127942085266,142
63,CHUCK JAFFE BOSTON (CBS.MW) -- A lot of people got excited when Fidelity Investments announced recently that it was cutting fees on five index mutual funds.,LABEL_2,"jim JAFFE,( m. 1985)-- A ton! folks are furious and american financial revealed publicly how they is taking fees off new mutual fund investments.",LABEL_2,False,0.7608734965324402,67
64,"Moose bullish about chances This is Mike Mussina #39;s fourth postseason here, so he knows the drill. He understands that all of his bad memories of his disappointing season -- the Japan trip, his early-season struggles and ",LABEL_1,"Moose feels like thinking it all coming from# 7; a last game back, if it follows these directions. He feels about some at their worst times since their previous seasons-- this playoff defeat, their third- career loss!",LABEL_1,False,0.7695180177688599,85
65,A PC in the toaster? How mod! photos There's also room in the humidor and the Darth Vader helmet. Take a gander at some strange and wonderful creations.,LABEL_3,A mod in a kitchen? a mod!- it' s only room in a pantry and some star Vader refrigerator. maybe a peek at the new& unusual place.,LABEL_0,True,0.6293475031852722,75
66,"Hyundai signs deal for China truck plant Hyundai Motor Co. said yesterday that it has signed an agreement with a Chinese company, Jianghuai Automobile Corp., to build a commercial vehicle and engine plant in China #39;s Anhui province.",LABEL_2,"it signed deals of chinese car producer toyota car corp., recently on we have struck the agreements of the taiwanese group, china motor inc., for develop the new car& bus factory on zone# 9; east korea prefecture.",LABEL_2,False,0.7813434600830078,79
67,"Ex-Philly Eagles Coach Nick Skorich Dies (AP) AP - Nick Skorich, head coach of the Philadelphia Eagles from 1961-63 and the offensive line coach on the 1960 championship team, has died at the age of 83.",LABEL_1,"source- syracuse university, jim brown award( 2008) coach- jerry hill, chief coaching for a chicago Eagles for 1959- 62& a second team announcer of those 1961 philadelphia eagles, died death with an ages about eight.",LABEL_1,False,0.7792339324951172,81
68,Roundup: Pleasantly Perfect takes Pacific Classic Favored Pleasantly Perfect took charge down the stretch to win by a length in the 14th running of the \$1 million Pacific Classic yesterday at Del Mar. Pleasantly ,LABEL_1,"favourite: very well for this turn favourite: Perfect took advantage during this straight the win over six length during another april renewal for an\$ 10 000 california Classic, at Del ##mar.;",LABEL_1,False,0.7594144940376282,109
69,"Update 1: UAL Posts \$274M Loss, Capping Bad Quarter Record fuel costs and low air fares contributed to a \$274 million third-quarter loss for United Airlines #39; parent company, which warned again that labor costs must be slashed again soon in order for it to emerge from bankruptcy.",LABEL_2,"february 2014: after reported\$ 27 bankruptcy, a Bad- job service cost or limited fuel supply led into another\$ 35 ##0 10- year bid against us airways# 5; airlines companies, inc announced instead, all revenue should become reduced fairly significantly with return from failure of recover after liquidation.",LABEL_2,False,0.7939363718032837,106
70,"Bush won #39;t take Iran #39;s word for it CRAWFORD, Texas As President Bush sees it,  quot;the only good deal is one that #39;s verifiable. quot;. He #39;s applauding the efforts of some European countries to get Iran to honor its commitment to refrain from developing nuclear weapons.",LABEL_0,"america won# 35;( and him# 30; t, put us here, or how mr president calls them, now; this first nuclear weapon are yours!# 36; t;.;;.)# 38;( for every effort against all western governments and convince america will fulfill their promise they keep by making new progress.",LABEL_0,False,0.7878507375717163,114
71,"Woods on Top at Rain-Soaked Dunlop Phoenix  MIYAZAKI, Japan (Reuters) - Tiger Woods fired a superb  five-under-par 65 in torrential rain to take a three-stoke lead  after the first round of the Dunlop Phoenix tournament  Thursday.",LABEL_1,"still on course in double- checked tournament: 2015, 16( 2014)- allan Woods shot an powerful three- off- nine stroke into full rain for maintain the mid- level lead from a third stroke from an opening event at osaka.",LABEL_1,False,0.7596299648284912,98
72,Sharon 'at risk of assassination' Israel's opposition leader warns that the prime minister risks being assassinated over his Gaza disengagement plan.,LABEL_0,while' in danger with murder' egypt' the political leadership warned of that former ministers risk getting murdered via its Gaza exit plan.,LABEL_0,False,0.7641310691833496,59
73,"President Susilo stresses fighting against graft, terror as &lt;b&gt;...&lt;/b&gt; In line with his pledge made during the election campaign, Indonesian new President Susilo Bambang Yudhoyono stressed the importance of fighting corruption and terror while ",LABEL_0,"currently indonesia is battling from politics, and;&.; bc& g;...&,;/ c& g; on accordance of its promise, in 2017 presidential election, former indonesian sultan Susilo was also assumed a role fighting against poverty or corruption ...",LABEL_0,False,0.8008507490158081,86
74,"Arson attack on Jewish centre in Paris (AFP) AFP - A Jewish social centre in central Paris was destroyed by fire overnight in an anti-Semitic arson attack, city authorities said.",LABEL_0,"fire attacked international islamic center of france( paris);- the palestinian cultural organization from eastern israel is burned in arson- at the ultra- jewish police strike, security officials killed.",LABEL_0,False,0.7690823674201965,61
75,"Bekele, Isinbayeva top track athletes Names Ethiopian distance runner Kenenisa Bekele and Russian pole vaulter Yelena Isinbayeva were named male and female athletes of the year by the world track and field federation. Isinbayeva set eight world records in 2004, including one while winning the gold medal at the Olympics. Bekele won the 10,000 meters in Athens and finished second to Hicham El Guerrouj in ...",LABEL_1,"also, the top track athlete in international running records and olympics or israeli marathon athlete both, are named elite and mixed athlete for all games for both european ski and hiking awards. they added one olympic record for 2005, adding two in capturing the world crown in all games. she entered a 7, 700 metres at 2003 but came next on the track ##ama ##nd...",LABEL_1,False,0.762820839881897,153
76,"James Lawton: In mourning for big fights of Las Vegas En route to Las Vegas for the world heavyweight title fight between Vitali Klitschko and Britain #39;s Danny Williams, there is, inevitably, an old stirring of that anticipation which is familiar to almost anyone who has attended a big fight.",LABEL_1,"James morrison: during preparations of big battle for the angeles, march to the Vegas for a hbo boxing classic fights against alexander rossi. world# 3; and ##j thompson, there seems, perhaps, no extraordinary feeling for an atmosphere as well new with virtually anybody which recently watched another professional tournament.",LABEL_1,False,0.7617112398147583,137
77,"Microsoft: No extra licenses needed for multicore chips Customers that use the dual-core processors that Intel Corp. and Advanced Micro Devices Inc. (AMD) are expected to begin shipping next year will not need to buy extra licenses for Microsoft Corp. software, the software maker will announce Tuesday.",LABEL_3,"website: any additional license application, microsoft based cores who want a single- chip processor licenses microsoft inc. or advance intel processors etc.( companies) still preparing their comply with last orders may still have a have additional licence in the chip. however, some license applications could come soon.",LABEL_3,False,0.8683292865753174,97
78,NASA Cancels Hypersonic Flight NASA scrubbed its mission Monday to launch a pilotless plane that is capable of flying at 10 times the speed of sound. The launch of the X-43A was canceled due to technical problems.,LABEL_3,boeing cancelled the mission having cancelled his program planning on find some new airplane who be able into flight through 100 knots high speeds through air. a flight for an X- 43A were abandoned related from mechanical difficulties.,LABEL_3,False,0.772544264793396,90
79,"Consumer spending jumped in September WASHINGTON - Consumers, who substantially slowed down their spending in late summer, roared back to life in September, boosting their purchases by 0.6 percent.",LABEL_2,"the spending jumped from july 2016- customers, whom previously kept up spending purchases during previous summer, roared again spending buy during march, reducing household incomes in 5. 9%.",LABEL_2,False,0.7699804902076721,87
80,"Editorial: Sub incident shows China #39;s stripes After days of speculation and a chase by Japanese destroyers and a surveillance plane, it has finally been determined that the nuclear submarine that intruded into Japanese territorial water between Okinawa and Taiwan was Chinese.",LABEL_0,"note: chinese title in China# 8; 10. during weeks in investigation of the pursuit against british warships or allied patrol aircraft, they were also being revealed if a japanese ship which sank over that fresh waters off korea or okinawa were japanese.",LABEL_0,False,0.7918267250061035,94
81,"Thrashers Owner Fined The NHL fined one of the owners of the Thrashers \$250,000 on Tuesday for saying the league would use replacement players next year if a new collective bargaining agreement isn't reached.",LABEL_1,"this Owner, former NHL fined two in four members from a team\$ 30, 500 with damages by suggesting those players should represent the team that way as the higher final compensation offer is' not available.",LABEL_1,False,0.7853792905807495,93
82,"Different Shea provides late-game heroics for Hanover Hanover boys' soccer coach Jim Sylvia is beginning to see a pattern in his team's play. Luckily, it's not the kind of trend to complain about.",LABEL_1,"while Shea gives after- games lessons at the local teams', manager george Sylvia gets eager for show some difference with their side' n players. unfortunately, he' n exactly another sort ##a trend take care of.",LABEL_1,False,0.7617270946502686,94
83,China rebuffs Powell over Taiwan recommendation China has rebuffed suggestions by US Secretary of State Colin Powell that it consider accepting the Taiwanese President #39;s offer of talks to reduce cross-strait tension.,LABEL_0,2014- controversy with china- taiwan is accepted suggestion from the secretaries for foreign state Powell if he considers considering a chinese government# 4; 6) into china and avoid state- party tensions.,LABEL_0,False,0.782333493232727,75
84,Arsenal only manage draw LONDON - Arsenal manager Arsene Wenger has praised Thierry Henry #39;s speed of thought after the striker stroked home a quick free-kick that helped champions Arsenal to a 2-2 draw against Premiership leaders Chelsea at Highbury last night.,LABEL_1,"can"" not draw""- chelsea goalkeeper michael howard scores a goal on# 39; then right on move before another keeper kicks- the great goal- keeper who helps take tottenham out. 1- 1 draws with cup contenders arsenal in london 54th minute.",LABEL_1,False,0.7648061513900757,103
85,"New Sony PC Boasts 1,000 GB of Storage (AP) AP - Japan's Sony Corp. will begin selling a computer and home-server system in Japan with 1,000 gigabytes of hard-drive storage  #151; enough to record six TV channels for a week straight  #151; the company said.",LABEL_3,"- family, at 5, 400 ##gb storage capacity( 2017) AP- i' n electronics co. may continue marketing the pc or non- computer product from taiwan at 2, 200 mb in auto- storage on# 148; expect customers watch the television shows after every while,# 148; all manufacturer agreed.",LABEL_3,False,0.7791606783866882,106
86,"Two Michigan State receivers arrested on bomb-making charges Two Michigan State football players have been charged with planting homemade bombs outside apartments. Terry Love and Irving Campbell, both 19-year-old redshirt freshmen wide receivers ",LABEL_1,"three florida tech players reported with counter- threats and one ohio area college coaches has claimed charge for throwing two bombs across campus. george johnson and Irving smith, a 21- season- old michigan wolverine quarterback।",LABEL_1,False,0.7616491317749023,92
87,"Rebound in US consumer spending US consumer spending rebounded in July, a sign the economy may be emerging from an early summer decline. Consumer spending rose 0.8 last month, boosted by car and retail sales.",LABEL_2,"growth among american consumers, after consumption, rose throughout 2017, another month a market can bounce back in another economic july recession. us consumers dropped 3. 3 that summer, fueled in automobile or truck demand.",LABEL_2,False,0.8535691499710083,73
88,"Dogs said to smell cancer signs  LONDON -- It has long been suspected that man's best friend has a special ability to sense when something is wrong with us. Now, the first experiment to verify that scientifically has demonstrated that dogs are able to smell cancer.",LABEL_3,"sometimes seen people show medical symptoms,-- they had even gotten claimed the dog' ll new mate found the certain way we detect where anything was unfamiliar toward him. still, a best science could prove the research that proved all dogs seemed sensitive toward smell things.",LABEL_3,False,0.8261134624481201,105
89,Oil Falls to 4-Month Low on Signs of Heating-Oil Supply Rise Crude oil fell to the lowest in more than four months on speculation that warm weather and increased refinery production bolstered US heating-oil stockpiles last week.,LABEL_2,production fall from one- year high in basis on heat- petroleum production index: it falls at a low for greater of 4 weeks under account of hot conditions or strong weather activity disrupted with heat- petroleum production this month.,LABEL_2,False,0.7957466244697571,81
90,Victory so sweet after Athens collapse BRITAIN #39;S world record holder Paula Radcliffe ran away with the closest women #39;s winning margin in the history of the New York City marathon yesterday.,LABEL_1,all finished shortly before a great woman# 38; but european ranking winner Paula white ran out of an fastest world# 37; all victory away in a final of another royal York park international event.,LABEL_1,False,0.7520521283149719,96
91,"Wall St.'s Nest Egg - the Housing Sector  NEW YORK (Reuters) - If there were any doubts that we're  still living in the era of the stay-at-home economy, the rows  of empty seats at the Athens Olympics should help erase them.",LABEL_2,"Wall St.' s Nest Egg- the public Sector NEW YORK( 2006)- If there were any doubts that we' re still living in the era of the stay- at- home ratio, the rows of empty seats at the Athens games should help erase them.",LABEL_1,True,0.9067815542221069,48
92,"Deutsche Bank to Sell Scudder Business to Legg Mason Deutsche Bank AG of Germany plans to sell its New York, Philadelphia, Cincinnati and Chicago offices of Scudder Private Investment Counsel to Legg Mason Inc. for \$55 million, plus payments of up to \$26 million, the company said Monday.",LABEL_2,"german is gonna sale this company through carl samuel international banking board. which is contemplating selling their core chicago, chicago, philadelphia or pittsburgh operations through german bank financial services. Legg strauss ltd. of\$ 20 000, or reserves for value+\$ 30 500, this board says otherwise.",LABEL_2,False,0.781890869140625,104
93,Van driven by Arsenal quest for glory There #39;s little danger of Robin Van Persie getting carried away with himself. After scoring a dramatic first Premiership goal with the injury-time equaliser against Southampton ,LABEL_1,"Van, in a run in revenge.# 0; gets the sight from a target before being taken down before him. arsenal score another crucial english league game including another one- goal winner over chelsea",LABEL_1,False,0.755993664264679,78
94,Oil Prices Sink to a Four-Month Low  LONDON (Reuters) - Oil prices sank to a four-month low  below \$41 for U.S. crude on Wednesday after leading OPEC  producer Saudi Arabia questioned the need for the cartel to  curb supplies.,LABEL_2,petroleum price sinks of$ 4- months lower.( 2016)- crude price sink from- 4- months lower at\$ 4 in l. a. price last tuesday of former saudi group anglo arabian announced a decision with saudi eu and reduce production.,LABEL_2,False,0.8632541298866272,83
95,"Symantec Said to Be in Talks for Veritas Symantec, which produces the Norton line of computer products, is in talks to acquire Veritas Software, a maker of data backup programs.",LABEL_3,"is believed and are at Talks with norton corporation, who manufactures this same set of software programs, are at talks which buy norton systems, the line for data management software.",LABEL_3,False,0.7563982009887695,83
96,"Gold Fields loses high court bid to halt Harmony takeover South African mining giant Gold Fields lost a high court bid to halt a hostile takeover by rival Harmony Gold, which is seeking to create the world #39;s biggest gold producer, a court official said.",LABEL_2,"golden gold losing highest courts bidding of stop their gold mining africa subsidiary silver ##field mining was lost low courts bidding and end the controversial move from african golden mining, who had going onto enter gold market# 2; a/ a miner, the company spokesman denied.",LABEL_2,False,0.8388000130653381,93
97,"Google Enhances Discussion Groups Google is improving on the discussions its popular Web site hosts, hoping the upgrades will spur more online banter and make its market-leading search engine a richer destination.",LABEL_3,"as for online Groups Google are commenting over a way their new online portal develops, that these upgrades can increase social social interaction or allow their community- oriented chat system some new experience.",LABEL_3,False,0.7879517078399658,87
98,"The Handbag? Total Knockoff. The Price Tag? All Too Real. It is as much a rite of the New York holiday season as sidewalk Santas or crowded Fifth Avenue sidewalks: the proliferation of hawkers selling counterfeit products like the fake Fendi handbag, the replica Rolex watch and the pirated DVD.",LABEL_3,"The price? Total Knockoff. The Price Tag? All Too Real. It is as much a rite of the New York holiday season as sidewalk Santas or crowded Fifth Avenue sidewalks: the proliferation of hawkers selling counterfeit products like the fake Fendi handbag, the replica Rolex watch and the pirated DVD.",LABEL_2,True,0.9489471912384033,52
99,"Bedding Blip? Go Back to Sleep This is getting old. Every time Hidden Gems selection Select Comfort (Nasdaq: SCSS) gets settled in and ready for a long night #39;s rest full of dreams of two-times-in-three-years capital gains, along ",LABEL_2,"a Blip? Go Back to Sleep This is growing old. another time new Gems- the limited( uk: SCSS) gets back in and ready for a long night# 39; s rest full of stories of two- times- in- three- years the gains, along",LABEL_3,True,0.7562456130981445,63
100,"Mars water tops science honours The discovery that salty, acidic water once flowed across the surface of Mars has topped a list of the 10 key scientific advances of 2004.",LABEL_3,"water- discovery report- this finding from pure, fresh water water spread over all surfaces in Mars mars completed the ranking with all 15 top technological discoveries since 2015.",LABEL_3,False,0.8228631019592285,73
101,"France, Ivory Coast relations worsen Nine French peacekeepers were killed during an air raid by Ivorian bombers more than a week ago. France responded by destroying most of the Ivorian air force.",LABEL_0,"meanwhile, Ivory has situation since two civilian people are murdered by a islamist attack upon french troops better over the decade earlier. french respond without eliminating much from east african air defense.",LABEL_0,False,0.7588623762130737,77
102,"WordsWorth Books files Chapter 11 WordsWorth Books, a Harvard Square institution for 29 years, yesterday filed for bankruptcy protection, as its owners seek a buyer or investor to help the independent bookseller compete with giant rivals like Amazon.com.",LABEL_2,"amazon history book# 11 macmillan book, a once booming business for 29 months, successfully files for creditors bankruptcy, as its customers seek a buyer or seller to help the new library contend with giant competitors like lulu. com.",LABEL_3,True,0.7387973070144653,61
103,"Toys Will Be Toys Trust me, you don #39;t want to see desperate parents shopping over the holidays. I was at Circuit City (NYSE: CC) last week and saw a mother pleading with a sales clerk for a Nintendo DS portable video game system.",LABEL_3,"there should have to believe us, we know# 2; you need you for some christmas presents for those kids. me, in park avenue( ny: ct) next weekend, found another girl talking over the store sale of the new nintendo ds portable entertainment player.",LABEL_3,False,0.8110387921333313,91
104,"Vodafone begins 3G service Vodafone launches its third-generation services for mobile phones, offering video calls, music downloads and games.",LABEL_3,"new begins 3G 2007- launched with third- party service of cellular calls, including voice services, youtube videos& photos.",LABEL_3,False,0.7666046619415283,56
105,Klitschko too good for Williams Vitali Klitschko proved too strong for Danny Williams as he retained his world championship crown in Las Vegas last night. Williams vowed to continue boxing despite being outclassed by Klitschko.,LABEL_1,although too good in joe williams also looked extremely strong for Danny Williams because he retained their former champion crown on Las cards next week. Williams vowed to love boxing without becoming dominated for others.,LABEL_1,False,0.7501208782196045,145
106,"Georgia Evolution Dispute Embarrasses Some Atlanta, Nov. 11 - First, Georgia #39;s education chief tried to take the word  quot;evolution quot; out of the state #39;s science curriculum.",LABEL_3,"Georgia: Dispute at Some Atlanta, Nov. 11- First, Georgia# 39; s school chief tried to take the word quot; not quot; out of the state# 39; s science teacher.",LABEL_1,True,0.7094194293022156,38
107,"Earth's Solar System Shaped by Brush with Star, Astronomers Say (SPACE.com) SPACE.com - The outer reaches of our solar system may have been shaped long ago by a close encounter with another star that tore up both nascent planetary systems like colliding buzz saws, astronomers said today.",LABEL_3,"today' the earth systems are in analogy a planet, scientists:( science. org) physics. org- those inner planets around that planetary body, had gotten caused ages later with this direct proximity of the stars which split up these major galactic bodies by a few saws, he says thoughtfully.",LABEL_3,False,0.759986400604248,106
108,Oil Down 3 Pct. as U.S. Winter Stays Mild  NEW YORK (Reuters) - Oil prices slid 3 percent on Monday on  expectations that more mild U.S. weather at the start of the  New Year will limit heating oil demand.,LABEL_2,friday: 1 Pct./ w. e. weather approaches fall dry season( 2013)- the price falls 3% via twitter amid speculation of extremely low s. d. temperatures as this outset that this cold winter would stabilize the oil prices.,LABEL_2,False,0.7584012150764465,101
109,"Dell AC Adaptors Recalled October 8, 2004 - Dell Inc. is recalling about 2.9 million AC adapters nationwide_ 4.4 million worldwide_ used with notebook personal computers because they can overheat and cause a fire and electrical shock ",LABEL_3,"for reference- on april 30, 2009- Dell etc. were recalled for 6. 6 000 electrical devices- 2. 5 billion being sold in its latest computer since it could burn but prevent any dc or electric system",LABEL_3,False,0.7899553179740906,83
110,"Bush takes a double-digit lead as Kerry campaign struggles to regroup (AFP) AFP - George W. Bush took a double-digit lead in what had been a neck-and-neck presidential election contest, prompting Democratic challenger John Kerry to refocus his campaign on bread-and-butter economic issues, where the Republican incumbent president is considered vulnerable.",LABEL_0,"he gained another second- largest plurality before trump himself prepares the run(.) AFP- john r. kerry holds this second- large margin of whatever role constituted the back- then- home democratic presidential campaign, forcing presidential contender george bush into divert its energies from gun- slash- onion related problems, as a former republican incumbent and highly controversial.",LABEL_0,False,0.8090739250183105,120
111,Cardinals Outslug Astros to Take Opening Game  NEW YORK (Reuters) - Jim Edmonds hit a three-run double to  key a six-run sixth inning as the St Louis Cardinals beat the  Houston Astros 10-7 in the opening game of the National League  Championship Series at Busch Stadium on Wednesday.,LABEL_1,astros and cardinals each start a series: orleans( nl)- mike kelly hitting another 2- out homer. hit the 6- out first base in a saint george giants defeat a astros. 9- 6 at a final match between a major association national association in forbes field for sunday.,LABEL_1,False,0.8233507871627808,101
112,"22 killed, 100 injured in Nagaland twin blasts : India News  gt; Guwahati, Oct 2 : At least 22 people, including women and children, were killed and over 100 injured when two simultaneous landmine blasts ripped through the busy railway station here and a crowded market place of this commercial town of ",LABEL_0,"one died, or damaged by the blasts blast: bbc india website; 2017, april 27: as most injured persons, both men& kids, are murdered or near fatal injury, and separate blast attacks bounced off all local train stations nearby or the large populated district on every major scale-",LABEL_0,False,0.7528307437896729,101
113,"Lucent's history a case study in wild rides If you've ever wondered what ignited America's late-1990s obsession with telecom and tech stocks, you could well argue it all started with Lucent Technologies .",LABEL_2,"let' s history a case study in wild rides If you' ve ever wondered what ignited America' s late- 1990s obsession with telecom and tech stocks, you could well argue it all started with Lucent Technologies.",LABEL_3,True,0.9493626356124878,38
114,"Students crazy about iPod follow the music to Apple laptops (USATODAY.com) USATODAY.com - Apple's trendy iPod digital music player, which has revitalized the company, is giving laptop sales a boost during back-to-school season.",LABEL_3,"kids bring about music and real music and play!( apple. web) apple. org- today' the newest iPod and similar product, whatever had become a norm, are bringing apple fans some buzz in recent- but- late years.",LABEL_3,False,0.7853289842605591,87
115,"Patriots have memory to feel sorry about Do not bring up last season. Patriots coach Bill Belichick despises talk of the past, except when it helps him prepare his team for the upcoming week.",LABEL_1,"they have plenty that feel bad to Do or give back last year. football coach Bill brady cannot forget over this past, just how he suits his preparing our teams with each new era.",LABEL_1,False,0.7665138840675354,107
116,Sri Lanka batsman fined as Pakistan tie series Sri Lanka #39;s Kumar Sangakkara has been fined 30 of his match fee for showing dissent during the fourth day of the second Test against Pakistan in Karachi.,LABEL_1,"the lankan, who out of tie with Sri lankan# 1; k ##j ##a* was fined most if him usual fee after allegedly playing on every third match in these fourth tests in india at delhi.",LABEL_1,False,0.7619891166687012,101
117,"General Mills converting all US cereals to whole grain GOLDEN VALLEY, Minn. -- Breakfast cereal maker General Mills is converting all of its cereals to whole grain. The company says it becomes the first leading food company to make the move involving cereals.",LABEL_2,"american mill conversion the entire cereal into mixed cereal grand central, california.-- us food company american ##mill, convert some from their cereal into cereal products. rice corporation announced he is a latest global grocery corporation will start a work on cereal.",LABEL_2,False,0.7869418859481812,85
118,Butt waits on Uefa ruling Newcastle midfielder Nicky Butt is facing up to the possibility of a European three-match ban. The 29-year-old was sent off during Newcastle #39;s 2-0 Uefa Cup win against Hapoel Bnei Sakhnin for grabbing Abas Suan by the throat.,LABEL_1,Butt remains against Uefa guidelines and player danny Butt has brought close up any prospect for this potential six- week ban. another 18- week- old has warned fans after his# 3; 3 1- 1 european qualifying match at stade germain abraham by holding on on for another goalkeeper.,LABEL_1,False,0.7697607278823853,130
119,"Taking Advantage of the Terminally Stupid Would you pay \$4 for something that, at best, is worth a dime? Concord Communications shareholders would.",LABEL_2,"getting hold with this big Stupid Would it be\$ 4 for anything which, after most, be worth the fortune? this corporation certainly could.",LABEL_2,False,0.7621866464614868,67
120,West Japan on Guard for Aftershocks After Quakes  TOKYO (Reuters) - Residents of western Japan were warned of  possible aftershocks on Monday after two strong earthquakes the  previous day but authorities said the tremors were not directly  linked to a cycle of major seismic activity that hits the  region every century or so.,LABEL_0,japan- security Guard from monday of earthquakes japan( tokyo)- citizens at eastern tokyo have alerted from major earthquakes that saturday with other severe shocks all other night and they say these quake occurred when actually due after the chain from large geological events which shook a city an hour and more.,LABEL_0,False,0.7953227758407593,112
121,Bush Blames Poorly Made Shirt for Bulge (AP) AP - President Bush sees the value  #151; and the humor  #151; in the idea that aides could secretly feed him advice through a radio receiver hidden on his back.,LABEL_0,congress has always found excuses against Bulge( h) e-- she used a humorous# 150; or a humorous# 150; in this sense where america should even mark himself directly by a television transmitter sitting on its chest.,LABEL_3,True,0.7195909023284912,85
122,Black Watch troops move into position The first units of a Black Watch battlegroup are due to arrive today in their new positions south of Baghdad as Tony Blair indicated that more British troops may replace them in the American-controlled zone before the end of the year.,LABEL_0,as british forces cross from iraq a main force with the Black brigade group is due then deploy immediately into its initial position southeast from iraq as premier wilson predicted two new american soldiers will encounter it from southern us- occupied iraq until a dawn until this day.,LABEL_0,False,0.7684676647186279,104
123,Are Gunners in crisis? Gunners have won just one of their last six Prem- iership games and could go out of the Champions League if they fail to beat Rosenborg on Tuesday.,LABEL_1,is they that shock? arsenal recently win only two in its previous eight follow- on matches but may remain outside for any premier championship because it failed and play liverpool at sunday.,LABEL_1,False,0.7594099640846252,65
124,BSkyB sees profits rise after strong subscriber growth (AFP) AFP - British satellite broadcaster BSkyB said profit rose by 16 percent in the first quarter as the group enjoyed strong subscriber growth in the run-up to the key Christmas trading period.,LABEL_3,BSkyB sees profits rise after strong subscriber growth( AFP)-- British satellite broadcaster BSkyB said profit rose by 16 percent in the first quarter as the group enjoyed strong subscriber growth in the run- up to the key Christmas trading period.,LABEL_2,True,0.9950076937675476,43
125,Al Qaeda Urge Wide-Scale Muslim Resistance Al Qaeda #39;s No. 2 man Ayman Zawahiri called for an all-out armed resistance in the Muslim world against the West and Jews whom he described as crusaders.,LABEL_0,Al muslims Urge far- reaching islamic militant organization jihad# 8; mission ##n. c. Ayman muhammad call on any all- together national uprising against all islamic countries between all christians& muslim minorities it describes being enemies.,LABEL_0,False,0.7599499225616455,102
126,Final Round in Cable-ISP Fight The U.S. Supreme Court has agreed to hear whether cable operators must give access to their lines to third-party ISPs. Michael Grebb reports from Washington.,LABEL_3,first- in law- ISP- a v. co. constitutional tribunal has discretion can hear if telecommunications companies will provide control over the lines for 3rd- level officials. john roberts reported through cnn.,LABEL_3,False,0.7678186297416687,99
127,"For starters, Giants #39; Manning on mark Manning had a decent debut as a starter, but Delhomme overshadowed the No. 1 pick in the NFL Draft by throwing for a touchdown and running for another in the Carolina Panthers #39; 27-20 exhibition victory last night over ...",LABEL_1,". manning, manning# 3; brought along by williams, another good start with no quarterback, and also received another 1. 5 start over any year just because passing with no loss or throwing that touchdown without a pittsburgh loss# 6; 21- 17, a third quarter lead...",LABEL_1,False,0.7760097980499268,95
128,"PeopleSofts big bash See you next year in Las Vegas , proclaimed a marquee at the PeopleSoft user conference in San Francisco in late September. It was one of many not-so-subtle attempts by the company to reassure its customers ",LABEL_3,""" team bash See you next weekend in Las Vegas, announced a conference at the game marketing association in San jose in october 2006. It was one of numerous not- so- formal initiatives by the group to use its!",LABEL_1,True,0.6884241700172424,77
129,EBay #39;s Buy Of Rent.com May Lack Strategic Sense Standard  amp; Poor #39;s Equity Research said the purchase of Rent.com by eBay (nasdaq: EBAY - news - people ) could be a bit of a miscalculation.,LABEL_2,the# 37; e purchase by rents. us reports exclude any knowledge that e; s# 40; com. analysts felt a buying for rents. com with rent( english: landlord- owned- news) would constitute some sign for the mistake.,LABEL_2,False,0.7668081521987915,82
130,"Sharon to Hold Tense Meeting With Settlers JERUSALEM - After more than a year of avoiding Jewish settlers, Israeli Prime Minister Ariel Sharon has decided to directly confront his former supporters in a meeting about his contentious plan to withdraw from the Gaza Strip and part of the West Bank.    Sharon invited settler leaders to meet with him in Jerusalem on Sunday, just a week before he presents his ""disengagement"" plan to parliament...",LABEL_0,"continue or organize regular meetings throughout israel-- for greater of this reason than supporting israeli settlements, the israel ministers. israel had started may formally involve their israeli colleagues with this dispute with their ambitious plans. remove into western jerusalem city or portions into western western galilee. israel requested palestinian politicians for meeting before his president israel that friday, almost an hour as it mentioned their"" controversial"" plans with him...",LABEL_0,False,0.8087459802627563,145
131,"Black Market in British Treasure Sold on EBay (Reuters) Reuters - Pieces of Britain's past, including a\second-century silver ring and a 500-year-old Tudor trade\weight, are among artifacts being peddled daily on the Internet\to the alarm of experts at the British Museum.",LABEL_3,"some coins of english antiquities featured as EBay( uk) pawn- offs in england' the past, like this\ new- millennium jewellery box and the nine- month- new silver crown\ cross, and collectors items are featured prominently at this web\ with a satisfaction among researchers of british national museums.",LABEL_3,False,0.7710088491439819,108
132,Flat-screen TV prices are falling for holidays But trend provokes industry unrest; panel makers call for drop in retail markups to move units. By Evan Ramstad and Gary McWilliams.,LABEL_3,on- tv TV sales are declining for months But also causes social disruption; some groups call for drop in the sales to move up. By Evan robinson and Gary wilson.,LABEL_2,True,0.7136924862861633,47
133,"House passes bill to criminalize spyware fraud The House Thursday passed a bill that would criminalize the use of spyware to commit fraud or other crimes, adding an additional two to five years to federal sentences.",LABEL_3,"bill bill- helps punish computer hacking state assembly unanimously passes the law who will allow criminal downloads for software that detect spying and suspicious activity, serving the initial penalty, one year each in prison.",LABEL_3,False,0.7930907011032104,73
134,"Dollar Stuck, CPI Offers Little Direction  TOKYO (Reuters) - The dollar moved in tight ranges on  Wednesday as most investors shrugged off lower-than-expected  U.S. inflation data and stuck to the view the U.S. Federal  Reserve would continue raising rates.",LABEL_2,"cpi left, dollar stuck,; yen( japan)- this price was at tight quarters that tuesday while international observers rattled away smaller- yet- optimal us. g. economic targets or shifted on a hope some w. d. capital markets might start increasing again.",LABEL_2,False,0.8554118275642395,85
135,"Chile's Lagos Receives Torture Commission Report &lt;p&gt;&lt;/p&gt;&lt;p&gt; By Ignacio Badal&lt;/p&gt;&lt;p&gt; SANTIAGO, Chile (Reuters) - Chilean President Ricardo Lagosreceived a chilling report on Wednesday from a governmentcommission that interviewed more than 30,000 victims tochronicle for the first time the systematic use of tortureduring Augusto Pinochet's 1973-1990 dictatorship.&lt;/p&gt;",LABEL_0,"president' private and state office- pt& ft; np& mt;& mt;/ np& lt;& gs; po& lt;& ali ##f& g;/ po& lt;& mt; ps& lt; 2006, government( santiago)- former dictator) issued another new study of torture in the group which asked greater of 1, 700 participants on from a last minute and effective review by manuel jose regime' of 1980- 1992 regimes.& ft;/ pp& lt;",LABEL_0,False,0.8088603615760803,133
136,Greenspan Worried Congress to Bar Options Expensing  WASHINGTON (Reuters) - Federal Reserve Chairman Alan  Greenspan on Friday said he was very worried Congress would try  to thwart efforts by the Financial Accounting Standards Board  to require expensing of stock options.,LABEL_2,it advised them carefully consider the options:( 5)- senior treasury director jeff bennett by wednesday evening she remained highly concerned Congress might attempt at force legislation from any independent reporting commission not gonna require enforcement for stock shares.,LABEL_2,False,0.7707750797271729,99
137,"NHL Owner Is Criticized for Talking of Replacement Players The day before the regular season was supposed to open, the National Hockey League rebuked a team official yesterday for his comments about the league #39;s strategy in its labor lockout, its second in a decade.",LABEL_1,"hockey history has notorious of criticism for the play a team of a new nhl league due for launch, when international sports press dismissed the star player allegedly over negative comment of an current# 9; 2 team during their draft camps, their third during the season.",LABEL_1,False,0.7657943964004517,93
138,"NASA Leader Cites Finances and Submits His Resignation Sean O #39;Keefe resigned as NASA administrator on Monday, saying he is leaving the position he has held for three years to pursue better economic opportunity for his family.",LABEL_3,"the management quoted above and includes His report by O# 39;, resigning as council leader on friday, stating he is resigning the role he has held for 30 seasons to secure higher educational opportunities for his employees.",LABEL_2,True,0.6522812843322754,61
139,"Bad Day for Drug Companies - and Patients  LONDON (Reuters) - Investors in pharmaceuticals were dealt  a triple whammy on Friday as Pfizer Inc, AstraZeneca Plc and  Eli Lilly and Co all shocked the market with bad news about key  products.",LABEL_2,"good Day for drugs manufacturers- particularly the uk( market)- investments of drugs was making another serious deal for offer, ibm labs, ibm,& morris jacobs& partners each filled out news for poor day in the companies.",LABEL_2,False,0.7585587501525879,85
140,"Why Putin is backing Kyoto again Why did Russian President Vladimir Putin decide to ratify the Kyoto Protocol on climate change last week, only six months after his top adviser, Andrei Illarionov, called it a  quot;death treaty?",LABEL_0,"but russia keeps considering it- how could soviet leader president trump promise a sign a Kyoto protocols with policy changes next month, just one month since its senior advisor, viktor putin, made him another treaty; a protocol?",LABEL_0,False,0.8293209671974182,84
141,Longhorns face steeper competition against Razorbacks The University of Texas football team is coming off a 65-0 victory over the North Texas Eagles. Texas dominated every facet of the game against the Eagles.,LABEL_1,opponents win their opponents back. this college versus dallas sports rivalry being capped at an 13- 7 triumph against an visiting missouri bulldogs. Texas won this half in this contest from some stands.,LABEL_1,False,0.7657380104064941,75
142,"Zeman #39;s Lecce enjoy heady heights of Serie A When Lecce sold their prolific Uruguayan striker Ernesto Chevanton to French club Monaco in the close-season, many pundits added the southern club to the list of favourites for relegation.",LABEL_1,"player# 39; he will enter heady season at Serie c2, Lecce sells its great argentine winger carlos martinez and italian defender. as a runner- up, several fans joined an entire group of select ranks as contenders by selection.",LABEL_1,False,0.7846008539199829,97
143,An Afghan 'hanging chad' dispute An independent inquiry is helping to defuse a controversy over ink used in Saturday's election.,LABEL_0,An invitation' for chad' at another internal debate is expected to defuse a dispute about ink spots during obama' s campaign.,LABEL_0,False,0.7583206295967102,81
144,"Calif. Mental Health Services May Expand (AP) AP - As pressures increase on California's mental health system, its workers and advocates say they are forced to do more with a supply of money that seems to shrink each year.",LABEL_0,"10. psychiatric assistance organizations and services( pts) programs- while spending more into California' b'- levels, health practitioners& administrators say they are forced to do more with a supply of money that seems to shrink each year.",LABEL_3,True,0.7972530126571655,67
145,"Microsoft To OK One License for Multicore Chips Customers who use the dual-core processors that Intel and Advanced Micro Devices are expected to begin shipping next year will not need to buy extra licenses for Microsoft software, the software maker will announce next week.",LABEL_3,"similarly in# ##a software from microsoft corporation, which says a single- processor processor which microsoft or microsoft operating systems is planning will run in last summer would therefore have them purchase additional chips with this license, this license number must return last autumn.",LABEL_3,False,0.7974988222122192,91
146,"Jaguar Exit Throws F1 Deeper Into Turmoil  LONDON (Reuters) - Formula One, already struggling to shape  its future and put on a show, is staring into the abyss after  Ford's decision to pull out and sell its Jaguar team.",LABEL_1,"its Exit leads F1 further down the championship( uk)- no doubt, still attempting towards implement their strategy- and through the face, f1 sucked inside another abyss over nissan' own failure of sell up but retain their factory facilities.",LABEL_1,False,0.7679096460342407,100
147,Kiwis trample USrookies LONDON -Nathan Astle #39;s 145 helped give New Zealand a record-setting 210-run victory over cricket rookie United States in the ICC Champions Trophy Pool A match at the Oval yesterday.,LABEL_1,"Kiwis' the two- string ##ed# 1; and, to provide in england the ground- shattering 300- running success against fellow winners northern nsw for 2014 cricket americas championship, also held on ground in wellington.",LABEL_1,False,0.7984297871589661,80
148,"Stability Control Systems Can Save Lives (AP) AP - Stability control systems could save up to 7,000 lives each year if they were standard equipment on all vehicles, according to a study by the insurance industry.",LABEL_3,"advanced safety features improved control life( app) AP- equipped vehicle system can provide down about 6, 500 life every time unless you include active systems from some models, due or any dispute from any vehicle manufacturer.",LABEL_3,False,0.7756384611129761,80
149,"Two hurricanes = two deductibles Many homeowners in the Orlando area suffered a double blow when hurricanes Charley and Frances struck in quick succession. Now, they #39;re smarting from a financial one-two punch - two insurance deductibles.",LABEL_2,"Two people= two so their homes around a miami region received another double hit but hurricanes Charley& Frances occurred within short order. thus, they# 39;# ##routed for every bad hurricane- one,- of the issue.",LABEL_2,False,0.7674379944801331,121
150,"Lawmakers give the space agency greater flexibility in its new &lt;b&gt;...&lt;/b&gt; After a year of wrangling over NASA #39;s \$16.2 billion budget, lawmakers have delivered in a big way, giving the space agency its full funding request and unprecedented spending flexibility.",LABEL_3,"they offer each nasa agencies effective control over their c& c; c& c;...& gt;/ c& e; despite the decade in controversy on appropriations# 4;-\$ 2. 4 million bill, congress has, by the dramatic turn, extended these various agencies their own space budget by full financial commitment.",LABEL_3,False,0.8103457689285278,97
151,NASA Space Station Status Report 10 December 2004 International Space Station crewmembers this week continued research and maintenance activities and prepared for arrival of the next Progress cargo craft.,LABEL_3,space crew stations crew members 1 july 2014 nasa cargo systems crew a. finished planning& analysis operations& preparation during deployment as a iss mission support mission.,LABEL_3,False,0.7589318156242371,59
152,"Chicken Genome Sheds New Light on Human DNA A new study states that 60 of the genes in chicken have close relations to human DNA. This may not comfort those who frequently eat the creature, but may ponder this the next time they order a batch of chicken wings.",LABEL_3,"the report shed the emphasis of chicken: our recent data shows around 100 percent all sequences from chickens share genetic relationship of animal genes. these will primarily concern humans which actually control these animals, or can explain that this whole way you bring the set like chickens around.",LABEL_3,False,0.8122217655181885,99
153,No. 2 Wake Forest Rips George Washington (AP) AP - Chris Paul scored 25 points and six assists to lift Wake Forest past George Washington 97-76 in the Preseason NIT in the Demon Deacons' debut as the nation's second-ranked team.,LABEL_1,"No. 1: plain white kevin williams( usa)*- john johnson had 10 point& 9 assist in bring Wake oak over michigan, 80- 71 for a first NIT for a sun deacon' era, american league' n highest- scoring team.",LABEL_1,False,0.7714415788650513,111
154,Stocks Seen Flat as Earnings Pour In US stock futures pointed to a flat market open Thursday as a rush of quarterly earnings reports painted a mixed picture for corporate profits amid lingering worries over the high price of oil.,LABEL_2,"markets are Flat when we Pour through as financial exchanges return with the place to open, although the piece from new financial news reveals this possible blessing on big companies despite rising concerns with this potential value on shares.",LABEL_2,False,0.7928241491317749,94
155,"Symonds century lifts Australia LONDON, England -- Andrew Symonds rode his luck to score the second one-day century of his career as Australia scored 269-6 from their 50 overs against Pakistan at Lord #39;s.",LABEL_1,"second for lifts to victory, australia-- steve miller rode their luck- make a best two- ball centuries by our generation when they finished 1- 4 in all 10 overs with australia in score# 6; p.",LABEL_1,False,0.7842593193054199,100
156,"UCLA, Notre Dame Win Soccer Matchups (AP) AP - UCLA soccer coach Jillian Ellis was happy to beat her best friend, Princeton counterpart Julie Shackford. After all, a spot in the NCAA championship game was on the line.",LABEL_1,"thus, la Dame defeated ucla.( 1) ucla- usc assistant coordinator karen davis is able help find their former student, soccer player mike ellis. despite this, any victory at this world championships tournament stands above this table.",LABEL_1,False,0.7821567058563232,82
157,"Tests Show James Died of Heart Attack LOS ANGELES - Toxicology and other tests determined that funk singer Rick James died last month from a heart attack due to an enlarged heart, with numerous drugs including methamphetamine and cocaine contributing factors, the county coroner announced Thursday.    The death was declared an accident, said coroner's spokesman David Campbell, who emphasized that none of the drugs were found to be at life-threatening levels...",LABEL_0,"results indicate he dies from cardiovascular attacks'.- autopsy after physical exam reveal james, vocalist and hall guitarist, day with the blood disease related and extremely aggressive overdose, of various pills; heroin plus many added chemicals, though coroner officials declared suspicious. no killing remained considered completely accidental, despite james' funeral spokesperson steve johnson, which stated' most about those people became known and feared as top- risk and...",LABEL_0,False,0.7936123609542847,145
158,"Thaksin in the Firing Line After Massacre BANGKOK/JEDDAH, 29 October 2004 - A bomb ripped through two bars in southern Thailand yesterday, killing two people and wounding about 20, in what could be the first reaction to the deaths of 78 Muslims in police custody this week.",LABEL_0,"incident of a police scene of bombings in/ ah, 12 may 2011- the gun went into four places around northern bangkok overnight, kill two persons& wounded approximately 100, 000 which will become a best response for the murder from two persons during its presence each year.",LABEL_0,False,0.7537404298782349,101
159,It #39;s About Time Sox Became The Champs  And Real Rivals Finally. the New York Yankees and the Boston Red Sox have a bona fide rivalry. Please don #39;t assume that this belongs on the sports pages.,LABEL_1,its# 41; states that the yankees were a real life historical champions again. a former boston yankee& a philadelphia black widow shared the super regional rival. but its# 40; no know if all goes through this same page.,LABEL_1,False,0.835938572883606,79
160,"France surges into Fed Cup final Defending champion France surged into the Fed Cup final, completing a 5-0 sweep of Spain on Thursday behind singles victories by Nathalie Dechy and Tatiana Golovin.",LABEL_1,"spain surged through federation team history- and italy surge through both federation Cup finals, taking an 5- 5 victory for france that saturday despite strong efforts from andreas ##henko or andrei nakamura.",LABEL_1,False,0.7556610703468323,79
161,"Safin tallest obstacle to host #39;s patriotic games hope AS tennis fans go, Houston #39;s Jim  #39;Mattress Mack #39; McIngvale is very rich, extremely forthright, exceedingly patriotic and unflinchingly Republican.",LABEL_1,"Safin ##as, to play# 41; and and he- his tennis courts go, host# 43; d is# 39; c Mack# 39; and his incredibly strong, incredibly powerful, extremely popular and strong willed.",LABEL_1,False,0.753156304359436,115
162,"Video phones act as dating tools Plus: At 80, fractal discoverer Benoit Mandelbrot says he has much math work left to do. News.com Extra",LABEL_3,"Video devices serving in communication tools"": on facebook, french researcher michel laurent said she found enough math work left over to. math.!!",LABEL_3,False,0.759279727935791,84
163,"Fannie Mae agrees to accounting changes Fannie Mae, facing questions about its accounting similar to those that shook up Freddie Mac last year, has agreed to changes that will bring it in compliance with accounting standards.",LABEL_2,"Fannie has agreed to the change because mac, experiencing issues over its finances comparable to some who broke up bernie Mac every time, has objected to measures who can make it in line of corporate policies.",LABEL_3,True,0.6603920459747314,74
164,"Mobile phone  #39;deafness #39; risk p2pnet.net News:- Defects in Siemens 65 series mobile phones could cause deafness, says the company.  quot;In extreme cases, this volume could lead to hearing damage.",LABEL_3,"see mobile# 6; phone# 2; various factors. potential result:- failure from the mobile ##7 cell ##phones would provoke injury, see an hon. article; at most circumstances, any defect can leads in hearing failure.",LABEL_3,False,0.8497315645217896,69
165,"Intel Delays Launch of Projection TV Chip In another product postponement, semiconductor giant Intel Corp. said it won't be offering a chip for projection TVs by the end of 2004 as it had announced earlier this year.",LABEL_3,"nintendo delayed launching out its TV chips at this upcoming development, however: nintendo sr. claimed them would' ll delay launching the chips in future projects after mid month in 2017 because that was planned until another week.",LABEL_3,False,0.7671421766281128,84
166,"Colts 49, Texans 14 INDIANAPOLIS Peyton Manning completed 18 of 27 passes for 320 yards and threw five touchdowns as the Indianapolis Colts beat the Houston Texans, 49-to-14.",LABEL_1,"indianapolis 17, colts 20; he with finished 16 for 20 passing in 24 passes but scored one touchdown before a indiana team crushed another dallas colts, 23- 17- 7.",LABEL_1,False,0.8416118621826172,61
167,"PeopleSoft gives in to Oracle, takes bid PeopleSoft Inc. capitulated to Oracle Corp., accepting a sweetened \$10.3 billion takeover offer to end an 18-month battle that pitted PeopleSoft against its investors and led to the ouster of its chief executive.",LABEL_2,"he jumps over into it, then signs ##co ##r. in 2012 the firm., offers another cash\$ 1. 8 million) bid, finance this nine- months deal which brought PeopleSoft over 50 founders& agreed, a dismissal by two senior executives.",LABEL_2,False,0.7861651182174683,92
168,"Secretary Rumsfeld Remarks En Route to El Salvador SEC. RUMSFELD: As you know, were going to be stopping in El Salvador and Nicaragua and Panama and Ecuador. The first stops will be visits to the places, particularly El Salvador and Nicaragua - countries ",LABEL_0,"president bush, on Route from s. salvador. 2: if they will, i said, either stop at salvador dia or salvador or nicaragua or colombia. any other routes might go close into those countries, especially at leon or mexico--",LABEL_0,False,0.7749236226081848,91
169,Prosecutor Seeks 8-Year Jail Term for Italy's PM  MILAN (Reuters) - An Italian prosecutor asked a court on  Friday to sentence Silvio Berlusconi to eight years in jail for  bribing judges as the prime minister's four-year corruption  trial reached its closing stages.,LABEL_0,also. eight- years prison sentence in prosecutor' of prison ##c( 2015)- a independent lawyer convinces another prosecutor outside rome for subject jorge fernandez and six year of prisons on italian crimes after a main suspect' of 8- month treason tribunal enters their final session.,LABEL_0,False,0.8214001655578613,91
170,Virus writers look for work THE WRITERS of the MyDoom viruses are encoding job applications into the latest variants of the bug. According to Sophos the plea for work was found when its boffins were stripping the code of the MyDoom-U and MyDoom-V variants.,LABEL_3,"now to look like work as authors write an original virus, making job calls into this current variant with a bug. back- base this plea of work were discovered while their designers began writing custom scripts in both virus- i or viruses- iv versions.",LABEL_3,False,0.7808887958526611,139
171,"Zambrano Out Early; So Are Mets ENVER, Aug. 17 - Victor Zambrano came to the Mets with radical movement on his pitches, fixable flaws in his delivery and a curious sore spot lingering around his right elbow. ",LABEL_1,"still not now; coach: carlos ENVER, oct. 2006- diego martinez comes into his Mets despite drastic changes within its personality, major reductions within pitch control& an serious hurt patch right below its upper arm.",LABEL_1,False,0.7582066059112549,87
172,Key Martha Witness Gets Wrist Slap (CBS/AP) A former brokerage assistant who helped Martha Stewart make her fateful stock trade and later emerged as a key government witness was spared both prison and probation Friday for accepting a payoff during the government #39;s investigation.,LABEL_2,----- Slap( ap/ AP) A justice department official who watched for martha during her lucrative arms deal and even testified as a key- and was facing prison friday and next saturday for demanding a witness in the martha# 39; s arc.,LABEL_0,True,0.7841708660125732,85
173,Australia turns down plea for more troops to protect UN staff in Iraq (AFP) AFP - Australia has turned down a diplomatic plea for a contribution to a military force to protect United Nations (UN) personnel in Iraq.,LABEL_0,australian turned up pleas on australian forces and assist coalition troops near baghdad( iraq) iraq- australian military turns back the formal request of the reduction by the multinational mission for provide commonwealth countries( acc) observers near afghanistan.,LABEL_0,False,0.7807924151420593,75
174,"Delay in Shuttle Flights The battering that the hurricanes of the last month has inflicted on NASA centers could strain an already tight schedule for resuming shuttle flights, but it is too early to tell how badly, experts said Thursday.",LABEL_3,"Delay for scheduled flight this impact of these events over these recent months having wrought into space today can cause another incredibly difficult time during scheduled commercial service, and that remains quite hard and see how so, nasa says so.",LABEL_3,False,0.7581650018692017,88
175,"Oracle #39;s sweet on PeopleSoft Oracle sweetened its hostile bid for rival business software maker PeopleSoft to \$9.2 billion, a 14 increase aimed at resolving the long-running takeover battle between the bitter foes.",LABEL_2,"issue# 7; called sweet on, it extended their competitive bidding of former global computer company oracle$\$ 3. 3 million, an 14 million shot toward winning another high- anticipated business venture of this old company.",LABEL_2,False,0.7720972895622253,87
176,"Jags Cut Compton, Maddox (AP) AP - Veteran offensive lineman Mike Compton and rookie defensive tackle Anthony Maddox were among the 12 players cut by the Jacksonville Jaguars on Sunday.",LABEL_1,"- see later, source( 1) AP- rookie defensive tackle marcus maddox& senior offensive lineman andrew johnson two of all three teams picked by a florida panthers as cuts.",LABEL_1,False,0.7602012753486633,69
177,"Chirac #39;s tour of China magnifies partnership Dialogue between China and France, two countries which highly value cultural diversity and pluralism in international politics, is no doubt conducive to world peace.",LABEL_0,"see# 39; also tour with China in the partnership that beijing or vietnam, other nations who also promote political exchange or collaboration over global relations, seem the less crucial than world peace.",LABEL_0,False,0.7610797882080078,97
178,"Northern Irish Protestant group pledges to end violence Northern Ireland #39;s main pro-British paramilitary group, The Ulster Defence Association (UDA), has pledged to end all violence and work towards complete disarmament.",LABEL_0,"national democratic militant association:# stop bloody north belfast# 4; but another irish- loyalist political organization, ulster national defense organisation( ulster), is vowed will cease this conflict& commit to greater peace.",LABEL_0,False,0.7665920257568359,67
179,Collaboration suite to help secure tonight's Bush-Kerry debate The U.S. Secret Service and a throng of police and emergency management officials in Missouri will for the first time use a customized Microsoft-based collaboration portal to share security information during tonight's presidential debate.,LABEL_3,collaborative partnerships can better coordinate tomorrow' presidential election--- both mr. and. security services. the team from special or special departments working with washington may on this last week have the global computer- mediated network designed for discuss common issues of monday' a democratic campaign.,LABEL_3,False,0.7830829620361328,95
180,Update: PeopleSoft board won't negotiate Oracle takeover PeopleSoft executives said over the weekend that they won't discuss a sale to Oracle at a price of \$24 per share but would consider an offer at a higher price.,LABEL_3,comments: the board won' t discuss business.- customers said over the air that they won' t take a sale to them at a price of\$ 24 per share but would take an offer at a higher price.,LABEL_2,True,0.6205008029937744,51
181,"Philippine Rebels Free Troops, Talks in Doubt  PRESENTACION, Philippines (Reuters) - Philippine communist  rebels freed Wednesday two soldiers they had held as ""prisoners  of war"" for more than five months, saying they wanted to  rebuild confidence in peace talks with the government.",LABEL_0,"democratic rebel Free state, operation freedom- sunday, 2014( pdf)- chinese democratic forces freed some two men they have detained for"" prisoner for peace"" in greater over four days, claiming them sought towards strengthen morale during diplomatic negotiations in far south.",LABEL_0,False,0.7526847124099731,104
182,"September Retail Sales Up by 1.5 Percent WASHINGTON - Shoppers got their buying groove back last month, propelling sales at the nation's retailers by a strong 1.5 percent. It was the best showing since March...",LABEL_0,"September Retail Sales Up by 1. 5 Percent+- Shoppers got their buying groove back last month, propelling sales at the nation' s retailers by a strong 1. 5 percent. It was the best showing since March...",LABEL_2,True,0.9503873586654663,39
183,"Parmalat Investors Flock to Court Seeking Damages (Update2) Hundreds of Italians who lost savings in the collapse of food company Parmalat Finanziaria SpA flocked to Milan #39;s courthouse, seeking to recover damages as part of the criminal investigation of Italy #39; biggest bankruptcy.",LABEL_2,"italian companies called and investigate for this(:) dozens from investors which held property during this bankruptcy and central bank of italia will flock against rome# 31; and., hoping. obtain compensation for victims for a related case against palermo# 1; a scandal.",LABEL_2,False,0.7887166738510132,89
184,"Eight children stabbed to death as they sleep A man broke into a school dormitory and stabbed eight sleeping children to death before fleeing. The murders at the Ruzhou No2 Senior Middle School in Pingdingshan, in the central province of Henan, was the ",LABEL_0,"six people beat their deaths after one realized the child slipped inside the dormitory room but kicked five younger kids into deaths upon leaving. a murder in a beijing middle east secondary schools of henan, with another southern district in shandong, killed people",LABEL_0,False,0.7958800196647644,87
185,"VARs: Stone #39;s Exit Won #39;t Slow Novell #39;s Linux Drive Solution providers last week said they do not expect the sudden departure of Novell vice chairman Chris Stone, who engineered the company #39;s aggressive Linux push, to slow its Linux initiative.",LABEL_3,"VARs: got# 40; t _ found# 35; run Slow for# 41; win: linux support team next.} we can however consider this potential resignation with founding linux chair david williams, whose made this last# 32; last open release attempt, and stop his own development.",LABEL_3,False,0.7547115683555603,107
186,"North Korea Seen as Tying Nuclear Talks to US Election North Korea is waiting out the American presidential election in order to bargain with the winner over its nuclear weapons program, according to analysts here and a British diplomat who left Pyongyang today.",LABEL_0,"northern us reports of Tying the Talks into this- that Korea are waiting during a next military confrontation for korea. go at its government for our latest nuclear programme, said one come up but the senior officer which told him said.",LABEL_0,False,0.7718149423599243,115
187,"Panasonic, Toshiba delve into alternate energy A new home heating system from Panasonic is based on a hydrogen fuel cell; it both heats the house and produces hot water.",LABEL_3,"later, Toshiba incorporated in renewable energies another modern electric heat cell since 2009, modeled as this new heating system; he automatically cooks off electricity but uses hydrogen fuel.",LABEL_3,False,0.8478512167930603,66
188, #39;Hawks primed to finally surpass Rams Editor #39;s note: ESPN senior NFL writer John Clayton #39;s weekly  quot;First And 10 quot; column takes you around the league with a look at the best game of the week followed by primers for 10 other games.,LABEL_1,# 38; active contributor with nearly all nfl articles# 38; regular editors: coach and head writers mike brown# 1; p 9 ##s; s 9 9 ##s; and guide them through these playoffs for each guess of 5 greatest games on every day accompanied for highlights on 5 best writers.,LABEL_1,False,0.7647866606712341,97
189,Eurostocks Nudge Up on Ericsson  PARIS (Reuters) - European shares nosed up on Wednesday as  Ericsson gained on news it had won part of \$4-billion Cingular  deal and with Glaxo buoyed after Pfizer affirmed its outlook.,LABEL_2,no Nudge- on- wednesday( 2006)- its shares nosed up on monday as france announced by wednesday they already had half that\$ 50- million global market with a Glaxo- in germany checked their stock.,LABEL_2,False,0.7508256435394287,107
190,"Virus-Free Macs  #147;The single most effective way to avoid viruses and spyware is to simply chuck Windows altogether and buy an Apple Macintosh, #148; writes Walt Mossberg in the Wall Street Journal.  #147;There has never been a successful virus written for Mac OS X, and there is almost no spyware that targets the Mac. Plus, the Mac is invulnerable to viruses and spyware written for Windows. Not only is it more secure, but the Mac operating system is more capable, more modern and more attractive than Windows XP, and just as stable. #148; Sep 17",LABEL_3,"viruses--># 150; an next more obvious option that prevent virus or hacking are, just hand one over or download the entire mac,# 149; quotes mark stevens with a famous ##flower journals.# 145; mac have not received an true mac built with windows- based, but it has still a application which works a better. however, no software are open with ##virus or never tested against viruses. nowhere even are we very powerful, and yet our os itself was quite reliable, relatively stable or better stable for microsoft windows, but not so expensive.# 149;$$",LABEL_3,False,0.8973134756088257,197
191,"Siemens Says Cellphone Flaw May Hurt Users and Its Profit Siemens, the world #39;s fourth-largest maker of mobile phones, said Friday that a software flaw that can create a piercing ring in its newest phone models might hurt earnings in its handset division.",LABEL_3,"Siemens Says Cellphone phones May Hurt Users and Its Profit Siemens, the world# 39; s fourth- largest maker of mobile phones, said Friday that a software flaw that can create a piercing ring in its newest phone models might hurt earnings in its handset division.",LABEL_2,True,0.9480535984039307,47
192,Silvestre #39;s double goals help Man. United beat Liverpool Silvestre became Man. United #39;s hero as he scored twice to lift a 2-1 victory over Liverpool for home side when all eyes were on Rio Ferdinand as he returned after an eight-match ban on Monday.,LABEL_1,team# 36; ##s own goal had been. he won where goal was Man. the# 34; which continued after his converted goals helped secure this 1- 2 defeat against arsenal after one week where the hopes rested as striker. that striker scored despite a 11- minute defeat against arsenal.,LABEL_1,False,0.7705228328704834,106
193,"Strong Earthquake Strikes Central Calif. PARKFIELD, Calif. - A strong earthquake struck Central California on Tuesday that was felt from San Francisco to the Los Angeles area...",LABEL_0,"large earthquakes strike the ground. cal, california.- another massive quake centered in cal city earth which were located outside east jose and west francisco padres stadium...",LABEL_0,False,0.7799983620643616,53
194,Lehmann may have played last Test The 34-year-old tore his right hamstring on day one of the third Test against India at the VCA Ground just as he was presenting a very good case to be retained when captain Ricky Ponting returns from injury next week.,LABEL_1,"Lehmann have also been playing and this 17- years- older suffered an injured shoulder that test morning during a final match with england outside a melbourne oval only though it got given the really strong condition, he rested and injured with martin return of australia last test.",LABEL_1,False,0.8341566920280457,104
195,Russian space agency: Space station crew could be forced to return &lt;b&gt;...&lt;/b&gt; MOSCOW Space officials in Russia are joining American officials in talking about the potential consequences of the food shortage aboard the international space station.,LABEL_3,"international crew station: these stations there might become required of,& ft; a& c;...& gt;/ g& g; the nasa administration at moscow was supporting russian authorities during discussion around this possible impact upon a space supply from another russian aerospace agency.",LABEL_3,False,0.7951169013977051,83
196,"Update 8: Crude Oil Futures Sink to \$46 Per Barrel December delivery crude on the New York Mercantile Exchange dropped 76 cents to \$46.11 per barrel. The benchmark light, sweet crude remained about \$8 a barrel cheaper than its closing record of \$55.17 recorded Oct. 22 and Oct. 26.",LABEL_2,"note 5: natural crude should decline above\$ 6 for dollar while crude traded in in newer england securities commission drops$ ##9 or\$ 55. 44 of dollar. at last day, average price dropped of\$ 3 and little lower that their prior price at\$ 54. 00 from dec. 1 through aug. 20.",LABEL_2,False,0.8078982830047607,103
197,"Social Security Reform a Boon for Funds?  NEW YORK (Reuters) - The bonanza many believe President  Bush has handed the mutual fund industry with his plans to  reform Social Security may be a mirage, industry leaders said  on Friday.",LABEL_2,"wealth protection, no substitute of what? big deal( usa)-"" most likely, mr Bush actually reformed this social fund. despite my intent on change. insurance might pose another possibility, business insider says that sunday.",LABEL_2,False,0.7989908456802368,91
198,"Nokia Adopts SD Card Tech into Storage Portfolio To expand the capabilities of SD memory cards in mobile devices, the SD Card Association has recently formed a Mobile Phone Task Force.",LABEL_3,"has introduced android and usb with a technology that support mobile use for smart- devices like cellular services, this SD Card group can now become the cell computing research organization.",LABEL_3,False,0.7614424824714661,77
199,"Stellar Putting Gives Europe a 2 - 0 Ryder Cup Lead Inspired by a brilliant putting display, holders Europe secured the first two points in the opening fourball matches against the United States at the 35th Ryder Cup Friday.",LABEL_1,"great performances granted them the 4- 1 Ryder cups draw highlighted from another great batting finish, yet Europe holds its next 2 places after this group four match over an american open against a 2016 scotch golf challenge.",LABEL_1,False,0.7690465450286865,90
200,"Accused deserter surrenders in Japan An accused US Army deserter has surrendered at a US military base near Tokyo to face charges filed in 1965, the Kyodo news service reported.",LABEL_0,"1967: back near tokyo a unnamed japanese military deserter have been on an armed forces outpost for japan and lodge accusations- against japan, a japan police bureau reports.",LABEL_0,False,0.7695845365524292,68
201,"SpaceShipOne Rolls Toward Victory MOJAVE, California -- A Southern California aerospace team took a big step toward capturing the \$10 million Ansari X Prize Wednesday, but not without surviving a scary moment when the pilot found himself in a rapid spin as he roared across the threshold ",LABEL_3,"the Rolls Toward Victory MOJAVE, ca-- A Southern hemisphere flying team took a big step toward capturing the\$ 10 million Ansari X Prize Wednesday, but not without surviving a scary moment when the pilot found himself in a rapid spin as he roared across the threshold",LABEL_1,True,0.8308088183403015,51
202,"Sales aren #39;t making the grade Retailers in Michigan delighted when students returned to the classroom, but the back-to-school sales haven #39;t generated the kind of dollars many projected.",LABEL_2,"prices sell# 40; a. all new schools for attendance suffer. they return from a school, and some going- about- town students sell# 30; not doing any type in sales they have.",LABEL_2,False,0.785428524017334,67
203,"News Corp plans for poison pill News Corp, the media group led by Rupert Murdoch, on Monday announced plans for a poison pill rights issue to prevent a hostile takeover by potential predators such as Liberty Media, one of the company #39;s largest shareholders.",LABEL_2,"media rights, as poisoned pills media group, whose ownership, overseen from bill everett, editorial board, planned on the poisonous pills special edition. counter any potential move with financial investors like british virgin group, two from those current# 4; then- owners.",LABEL_2,False,0.8365078568458557,91
204,"How Serious Is Pfizer #39;s Condition? The stock is feeling some pain these days. However, this drugmaker has enough going for it that the illness shouldn #39;t last. Amid nervousness over the future of Pfizer #39;s arthritis pain treatment Celebrex and ",LABEL_2,"How severe Is this# 39; s illness? The medicine is causing no problems this day. obviously, the condition has more care for it because the treatments to# 39; t continue. some worry over the health of Pfizer# 39; s is pain in particular and",LABEL_3,True,0.7814804911613464,77
205,"Smart phones to make up 16 of market LONDON-A new study shows that the market for smart phones will continue to increase during the next several years, with global shipments growing from 14.",LABEL_3,"cell phone phones making almost out for all market- this global map suggests- global markets of personal telephone would appear with rise within these last few decade, in total markets increasing around rs.",LABEL_3,False,0.7695906162261963,69
206,"Spike Lee Wins Cybersquatting Case Against Porn Site Movie director Spike Lee has won his\cybersquatting case against a Philippines-based operator who\misused the domain name to redirect surfers to a pornographic\Web Site, arbitrators ruled Friday.",LABEL_3,"bruce Lee Wins a Case and internet porn film maker amy Lee recently wins its\ first lawsuit over some internet- connected man whose\ exploited a wrong computer and expose her of the similar\ internet connection, but decides against.",LABEL_3,False,0.7609031200408936,101
207,"Australia to Relocate Embassy in Baghdad (AP) AP - The Australian embassy in Baghdad is to be moved into the strife-torn city's heavily fortified Green Zone, the government said Tuesday.",LABEL_0,"plans, move consulate for america( au) AP- a american consul of Baghdad has been successfully relocated inside a wars- damaged zone' with poorly defended security gates, a minister confirmed publicly.",LABEL_0,False,0.8155179023742676,77
208,Tata CS celebrates profits uplift Indian software giant Tata CS unveils sharply higher profits in its first set of results since its stock market launch.,LABEL_2,Tata: the newly launched Indian electronics conglomerate of CS has experienced higher sales after their initial span two months before their shares exchange collapse.,LABEL_2,False,0.7619928121566772,69
209,"Oracle Fails to Inspire Tech Rally Oracle Corp. handed the software industry some positive earnings news after the bell on Tuesday, but investors pulled cash from the sector on concerns that information technology spending has become anemic.",LABEL_2,"it failed into deliver success: Oracle inc. offers its computer companies a strong industry offering over each week with nbc, and later demands money among equity investors after fears of its financial performance, turned poor.",LABEL_2,False,0.7561329007148743,82
210,"ASEAN moves closer to single market with  #39;road map #39;, global trade &lt;b&gt;...&lt;/b&gt; JAKARTA : ASEAN finance ministers ended a meeting which saw Southeast Asia edge closer to a Europe-style single market, laying out a  quot;road map quot; for integration and opening doors to wider global trade.",LABEL_2,"asia move nearer, common trade with# 39; road map# 39;, global trade& lt; b& gt;...& lt;/ b& gt; JAKARTA: ASEAN economic ministers ended a meeting which saw Southeast Asia edge closer to a Europe- style single market, laying out a quot; road map quot; for integration and opening doors to wider global trade.",LABEL_0,True,0.9486641883850098,62
211,"Musharraf Hopeful For Kashmir Solution ISLAMABAD, Pakistan : Nov 10 (SADA) - President General Pervez Musharraf Tuesday hoped that debate on options he spelt out recently on Kashmir issue would take Pakistan and India closer to find out the settlement of decades-old dispute.",LABEL_0,"- campaign toward peace- pakistan, tuesday: june 27( 2017)- pakistani president at last has announced his decision in issue he spelt out earlier that Kashmir problem should both pakistani and indian over india work towards some extent in war- induced problem.",LABEL_0,False,0.7627535462379456,110
212,"For Neglected Video, a Hollywood Touch A growing cottage industry is taking customers' raw home video and putting it on DVD, in some cases producing short movies with sophisticated cinematic effects and a musical soundtrack.",LABEL_3,"after a while, this cinematic involving someone local in life involves making peoples' raw home videos or selling it as DVD, with other areas including several films of various theatrical elements plus every music track.",LABEL_3,False,0.7669048309326172,86
213,"Movies in a snap: Netflix and TiVo discuss downloads Bee Staff Writer. The high-tech ground is shifting underfoot again, amid rumblings of a new Silicon Valley alliance that would let owners of TiVo Inc.",LABEL_3,"everything in a snap: he and TiVo compete for Bee Staff Writer. The high- tech ground is cleared up again, amid news of a new river Valley startup that would let owners of TiVo Inc.",LABEL_2,True,0.8041418790817261,45
214,"Convicted spammer gets nine years in slammer A brother and sister have been convicted of three felony charges of sending thousands of junk e-mails; one of them was sentenced to nine years in prison, the other was fined \$7,500.",LABEL_3,"another person received six months prison. his brothers or sisters are the accused for four concurrent convictions for posting hundreds into fraudulent direct- mail; three together they are sentencing for 10 year suspended imprisonment, a third for fines\$ 1, 800.",LABEL_3,False,0.7993947267532349,83
215,Economy Grows at a 3.7 Percent Rate in 3Q The US economy grew at a 3.7 percent annual rate in the third quarter - a pace that was slightly better than in the spring but not as strong as many analysts expected.,LABEL_2,growth grew in the 3. 3 percentage percent of the ##3 US market- at the 0. 3 average yearly return through this second period- an rate which grew somewhat slower starting from this 1990s and still as steady that economists have predicted.,LABEL_2,False,0.7638149261474609,101
216,Lebanon political drama plays out Syrian scipt The stage is Beirut and the actors are Lebanese; but the audience knows the drama surrounding selection of the countrys president is being produced in Lebanons powerful neighbour Syria.,LABEL_0,"note: the play of by which a theatre in lebanese but some people know syrian; and an actor of a show in each in these parts, being also made with our new country lebanon.",LABEL_0,False,0.8481251001358032,73
217,"One of nation #39;s hottest coaches, Tedford will shock nation and &lt;b&gt;...&lt;/b&gt; The T-shirt was the brainchild of Bob Rose, the University of California #39;s aptly named executive associate athletic director for communications, and it speaks to the school #39;s football revival on numerous levels.",LABEL_1,"and with all# 99; american football fans, he is..,& b; r& r;...& b;/ r& r; this T- shirts became a product with Bob Rose, current head at the# 1; as so ##as, assistant athletics department of sports, as he contributes towards a national# 9; youth sports program from several continents.",LABEL_1,False,0.7724683284759521,128
218,"China Iron Mine Fire Death Toll Rises to 57  BEIJING (Reuters) - The death toll from a fire that swept  through an iron mine complex in the northern Chinese province  of Hebei rose to 57, with three miners still missing, Xinhua  news agency said on Monday.",LABEL_0,"chinese steel mines, deaths- rise from 56,( 2016)- a total death of the mine who occurred across a industrial zone located across a northeastern china provincial in henan rises: 56, despite five dead already remaining, beijing sports daily article for cnn.",LABEL_0,False,0.8047704696655273,91
219,"Ireland blocks calls to 13 countries to thwart internet scam Ireland #39;s telecom regulator said this week that is taking  quot;extraordinary quot; measures to protect internet users from rogue autodialer programs that hijack their modems and run up long-distance phone charges by suspending direct dialing to 13 countries, most ",LABEL_3,"currently, calls on 13 country with the international scam operation# 7; or ##3 europe say this because there lies their problem; the need; action that save end consumers by installing internet services who violate privacy laws or clean over still- standing phone congestion while enabling new connections for these nations, and",LABEL_3,False,0.7588480710983276,127
220,Glazer bid for Old Trafford falls flat Malcolm Glazer #39;s bid for Manchester United is dead in the water after major shareholders John Magnier and JP McManus told the American there was no basis for a deal.,LABEL_1,a deal with manchester city centre club- Glazer# 0; and bid from sheffield stadium remains still on world news as former executives ian smith or paul phillips assured uk media he had the man against any takeover.,LABEL_1,False,0.7974868416786194,91
221,"Cassini flies past Titan; pictures expected tonight NASA #39;s Cassini spacecraft streaked by Saturn #39;s smoggy moon Titan today, targeted to pass within just 750 miles of the planet-sized satellite to give scientists their first ",LABEL_3,"spacecraft flying near saturn; moons orbit under probe# 38; small small moon launched into spacecraft# 38; fly full past Titan 1, trying and fly across only 20 kilometres from a medium- scale earth and show us its.",LABEL_3,False,0.7933557629585266,84
222,"Afghan Army Dispatched to Calm Violence KABUL, Afghanistan - Government troops intervened in Afghanistan's latest outbreak of deadly fighting between warlords, flying from the capital to the far west on U.S. and NATO airplanes to retake an air base contested in the violence, officials said Sunday...",LABEL_0,"afghanistan afghanistan afghanistan- improve situation further, military- american forces participated during afghan' ve biggest round in political violence after wars, flown via capital kabul. air command eastern dispatched united. p. or european planes into rescue of emergency ##base caught from a conflict, they responded'...",LABEL_0,False,0.8992835283279419,95
223,"Sports Calendar Bolton Over-30 women's soccer. The Close-To-Home soccer league is looking for female players 30 and olderver for the fall season for a team in the Bolton area. Interested candidates can expect refereed games, a friendly atmosphere, and renewal of basic skills. All levels of experience welcomed. Contact Miriam Kandansky at 781-442-0750 or through e-mail at Miriam.Kadanskysun.com for more details.",LABEL_1,"bolton and local 30- 34 woman' in sports. no road- and- city football team are offered with women over 40 turning up in this premier league over the season for this local community. prospective members should find memorable players, maintain strong performance, or development in young players. web sites under interest include. com bolton, on 7- 7- 7 and via www- ##bay or www. her. info with free access.",LABEL_1,False,0.9048435688018799,141
224,PeopleSoft Investors Urged to Tender Shares  NEW YORK (Reuters) - Oracle Corp. on Thursday said in a  letter to PeopleSoft Inc. stockholders that it would withdraw  its hostile takeover bid if less than half of PeopleSoft shares  were tendered by the offer's deadline.,LABEL_2,other parties Urged to Tender- NEW shareholders( 2007)- news ltd. on oracle stated in a memorandum to the Inc. shareholders whether it will abandon its hostile acquisition bid if less than half of their stocks were available by the letter' s authors.,LABEL_3,True,0.7515177726745605,83
225,"Phelps faces possible jail term Olympic swimming champion Michael Phelps may face a jail term after being arrested on drink-driving charges last week in Salisbury, Maryland.",LABEL_1,"whoever faced an arrest charge or world medalist- Phelps will get any short sentence upon been caught during alcohol- related offenses that happened outside frederick, md.",LABEL_1,False,0.7586226463317871,62
226,"Soldiers' War Blogs Detail Life in Iraq Iraq war blogs are as varied as the soldiers who write them. Some sites feature practical news, war pictures and advice. Some are overtly political, with more slanting to the right than to the left. Some question the war, some cheer it.",LABEL_3,"soldier' War Blogs Detail Life in Iraq Iraq' blogs are as varied as the soldiers who write them. Some sites feature practical news, war pictures and advice. Some are overtly political, with more slanting to the right than to the left. Some question the war, some cheer it.",LABEL_0,True,0.9928920269012451,52
227,"Cards won #39;t overlook Dodgers The last time Tony La Russa managed a postseason series against the Dodgers, his club was an Oakland juggernaut that dominated the regular season with 104 victories.",LABEL_1,"oakland win# 7; source:- a next day while las Russa threw another complete pitcher at season plate, their opponent defeated this outstanding franchise who led a whole series in total wins.",LABEL_1,False,0.7576884031295776,74
228,Econ Edge: The Economic Week Fed Governor Speaks (12:45 pm ET) Federal Reserve Governor Mark Olson speaks about his economic outlook at a roundtable lunch in Toronto.,LABEL_2,Econ Edge: this new american Fed policy analysis( 7: 00 ##pm#) global market economist stephen price spoke in the financial position after the corporate dinner near ottawa.,LABEL_2,False,0.7749019861221313,78
229,"Another homicide in Holland  It is a sad day.      In what seems to be another politically inspired homicide in Holland, Dutch filmmaker, and controversial columnist Theo van Gogh was brutally murdered in the streets of Amsterdam this morning.",LABEL_0,"a murder at amsterdam It became an terrible tragedy. for which looked could have a similarly deadly event across europe, influential politician, or former journalist constant de amsterdam is apparently killed near a countryside in holland some day.",LABEL_0,False,0.7917437553405762,84
230,"COLUMN: Many Struggle to Comply with Sarbanes Rules A flurry of companies may miss the deadline to comply with new regulations brought in after the corporate scandals of 2002, but the key for investors will be to judge how serious the underlying problems really are.",LABEL_2,"COLUMN: on attempts at compliance under the regulations one group in businesses can miss any time the deal under certain legislation voted upon since a financial panic around 2007, and another cause of which can been the report what bad, current issues often were.",LABEL_2,False,0.7698819637298584,105
231,"Prodigy Adu Learns His Trade at DC United  WASHINGTON (Reuters) - Teenager Freddy Adu, America's most  talked about soccer player, has hardly set the league alight  with his skills in his first season.",LABEL_1,"freddy has learned the skills in his youth.( 2006)- young frederick Adu, dc' d first all over football star, have already done some world stage for our team since its third month.",LABEL_1,False,0.833126425743103,74
232,Mears wins Busch pole Casey Mears set a track qualifying record and won his third NASCAR Busch series pole of the season Thursday at Homestead-Miami Speedway.,LABEL_1,race and series champion jeff Mears achieved the qualifying pole count but captured him fourth career nascar race win on this weekend while in gardens- raceway international.,LABEL_1,False,0.8479147553443909,62
233,"Game swings back and forth as Giteau toys with England  #39;s defence After so many signs of a fresh enthusiasm and a new sense of adventure in the England side, they ended their autumn series on a backward note, losing to the side they had beaten in the World Cup final.",LABEL_1,"Game moves down and forward as player toys in goal# 39; highlights: despite losing numerous years with the great hope of the fresh era for pride of an english nation, they finished its international season off another high note, losing behind another team they narrowly defeated from a World cups quarterfinals.",LABEL_1,False,0.7639464139938354,147
234,"Clearest view yet of Saturn #39;s largest moon Scientists controlling the cameras aboard the Cassini spacecraft in orbit around Saturn have just recovered two extraordinary, contrasting images of the planet #39;s most intriguing moons.",LABEL_3,"best picture taking on moon# 29; very small planet and with a camera of any discovery satellite on space about to appear having taken one large, powerful imaging in all moons# 1; another very large planet.",LABEL_3,False,0.7727468013763428,73
235,World Cup triumph means more money England #39;s first Rugby World Cup triumph a year ago generated profits of 13.5 million pounds (\$29.8 million Cdn) despite the loss of revenue from a lack of home games.,LABEL_1,that new victory earned higher earnings and# 9; and the first World cups victory another week later saw revenue around 6. 1 billion dollars(\$ 7. 6 billion worldwide) after this decrease on earnings after the week during friendly matches.,LABEL_1,False,0.8189405202865601,85
236,"Bombardier shares slump as CEO leaves Bombardier, the troubled Canadian maker of aircraft and trains, saw its shares fall by around 20 per cent in Toronto, after it announced that Paul Tellier was stepping down early as president and chief executive officer.",LABEL_2,"its business position that of bombardier canada, a major british provider in locomotives& buses, caused their share drop at over 200 a share by 2016, although its reported ceo chris wilson having stepped back respectively from chairman or senior operating engineer.",LABEL_2,False,0.8416883945465088,85
237,"AMD Launches Low-Cost Web Device Advanced Micro Devices is launching a low-cost Internet access device dubbed  quot;PIC, quot; or personal Internet communicator, targeted at first-time computer users in the developing world.",LABEL_3,"AMD, mid- end online services and internet application and often another lower- end network enabled product called pic; mobile, web;& other specialized device, aimed on full- scale internet professionals since this third millennium.",LABEL_3,False,0.8816386461257935,78
238,Brokerage Settles Charges Over Mutual Fund Fees  A Fort Worth brokerage that sold high-fee mutual funds to military families agreed yesterday to pay \$12 million to settle allegations that it used misleading marketing literature and scripts.,LABEL_2,"---- high fee trust funds Fort ##ifying agency who sells lower- priced trust securities by young men willing""$ spend\$ 1 thousand. settle accusations because it promotes inaccurate advertising practices or procedures.",LABEL_2,False,0.7861349582672119,89
239,"Oil prices rise on fears about Yukos production Oil prices briefly bolted above \$45 a barrel yesterday, then retreated toward \$44, in a volatile day of trading after Russian oil giant Yukos said its output could suffer because of a court ruling that froze some of its assets.",LABEL_2,"Oil price rises from news of post- crisis production were reportedly in\$ 35 the day price, later down into\$ 44, during this last moment amid concern that former nuclear operator has feared their assets may recover out through this bidding battle which threatened all along their stocks.",LABEL_2,False,0.7589215040206909,110
240,Sneaky Credit Card Tactics Keep an eye on your credit card issuers -- they may be about to raise your rates.,LABEL_2,if the Card companies Keep an eye on your payment card systems-- they may be tempted to increase your payment.,LABEL_3,True,0.752501904964447,29
241,"Consumer Confidence Hits 7-Month Low   NEW YORK (Reuters) - U.S. consumers turned more gloomy in  October, beset by soaring energy prices, relentless violence in  Iraq and the increasingly bitter end of the presidential  election campaign.",LABEL_2,"Consumer record a 6- Month Low in day( us)- p. i. ratings became more volatile through 2006, affected through rising food demand, military intervention against Iraq but an ultimately inevitable onset in an general democracy crisis.",LABEL_2,False,0.7740906476974487,106
242,"AOL drops Microsoft antispam technology com September 16, 2004, 1:15 PM PT. This fourth priority #39;s main focus has been improving or obtaining CRM and ERP software for the past year and a half.",LABEL_3,"AOL drops: w/ w dec 2, 2007, 8: 50( no. 3 issue,# 2; c. activity focusing on developing and improving it or ERP technology over this next millennium or any day.",LABEL_3,False,0.7957128286361694,91
243,"Colombia Says Irish Fugitives Have Fled Country  BOGOTA, Colombia (Reuters) - Three Irish fugitives  convicted of teaching leftist Colombian guerrillas how to make  bombs have escaped the Andean country and are at large outside  its borders, Colombia's attorney general said late on Thursday.",LABEL_0,"bbc- many people also traveled to colombia, colombian( colombia)- two Irish men suspected in convincing colombian political rebels necessary will win independence also flee a colombia state or colombia not least within their border, colombian' t consulate has gone open since friday.",LABEL_0,False,0.8091468214988708,91
244,Tennis: Season over for tired Henin-Hardenne BRUSSELS : Olympic champion Justine Henin-Hardenne announced that her season is over because of persistent fatigue brought about by her struggle to recover from a long-term virus.,LABEL_1,"1: games end of the season- harden ##n: multiple medalist, Henin- harden announces whether she career has running out with severe stress brings over with repeated attempts can heal off this short- season infection.",LABEL_1,False,0.7883255481719971,78
245,"China Closes 1,600 Internet Cafes in Crackdown China shut 1,600 Internet cafes between February and August and imposed \$12.1 million worth of fines for allowing children to play violent or adult-only games and other violations, state media said.",LABEL_3,"by closing 5, 500 online sites by 2016 they closed 7, 500 web cafes over march or may 2015 received\$ 6. 3 trillion round in penalties by causing minors who access video of internet- cafes, gang related acts, global news stories.",LABEL_3,False,0.7861872911453247,92
246,Socceroos lead at break The Socceroos lead the Solomon Islands 4-0 at half-time in their Confederations Cup qualifier in Honiara. A double from midfielder Josip Skoko and strikes to Ante Milicic and the impressive Brett Emerton have ,LABEL_1,"the lead from on The ball lead papua pacific stars 2- 4 into quarter- quarters with our nations' victory for Honiara. first cross of winger Josip Skoko, assist midfielder david johnson off an injured mark Emerton.",LABEL_1,False,0.7619674205780029,122
247,"UPDATE:Sinopec 1H Pft Up 51; To Raise Refining Capacity HONG KONG (Dow Jones)--China Petroleum  amp; Chemical Corp. (SNP), the country #39;s second-largest oil and gas producer, Monday reported a 51 jump in first-half earnings and said it plans to boost its refining capacity by about one-fifth over three years.",LABEL_2,"notes:- 1H is+ 51;- improve refinery volume; 2007( p ##ra)-- increased oil amp; petroleum ltd.( SNP), in china# 1; p ##no- biggest petroleum and refining company, has showed at 51 percent in second- quarter production; that they intends and increase their refinery volumes at over five- tenth within two months.",LABEL_2,False,0.761134147644043,142
248,"After a decade of silence, Cambodia's cinema enjoys resurgence (AFP) AFP - After a decade of silence, Cambodia's movie industry is enjoying a boom due to a dash of Hollywood attention, burgeoning nationalism and cheaper production costs, industry insiders say.",LABEL_0,"with the decades on quiet, cambodian' movie industry: revival( film) boom- through these centuries off silent, cambodian', cinema culture are undergoing the resurgence owing towards this rise from national popularity, bigger business& greater labor ##ability, film experts etc.",LABEL_0,False,0.8234105706214905,83
249,"Georgian president calls for international conference on South Ossetia TBILISI, Georgia  Georgian President Mikhail Saakashvili appealed to world leaders Tuesday to convene an international conference on the conflict in breakaway South Ossetia, where daily exchanges of gunfire threaten to spark ...",LABEL_0,"#- calls for national action on South africa georgia, g- leader Mikhail ##ovsky writes to world leaders Tuesday to convene an annual summit on the internet in south South Ossetia, where daily sounds of gunfire cease to spark...",LABEL_3,True,0.8197873830795288,58
250,"A mixed economic bag in July Factory orders in July for costly manufactured goods recorded the biggest gain in four months. New home sales, meanwhile, slid, according to a pair of reports ",LABEL_2,"the new goods bag with excess on sales that advance while buying new products was an largest move within one year. the goods markets, again, decreased, due from the combination from|",LABEL_2,False,0.7832606434822083,72
251,"Internet pioneer closes Manitoba pharmacy; blames dollar, uncertain climate (Canadian Press) Canadian Press - WINNIPEG (CP) - Just one year ago, Mark Rzepka was opening a  #36;1-million Internet pharmacy in the small Manitoba town of Niverville believing he would be able to quadruple his staff within 12 months.",LABEL_0,"- canada best internet shop; no profit, bad business( local paper) national journal- canada( CP)- Just one year ago, Mark Rzepka was operating a# 36; 1- 5 prescription facility in the small border town of winnipeg- he would be able to complete his staff after 12 days.",LABEL_3,True,0.7741889953613281,81
252,"Report: Dhanraj no longer needed: Coach With Australia pulling out of the Champions Trophy to be held in Pakistan in December due to security reasons, India will replace the Aussies in the tournament.",LABEL_1,"*: coach= change‡: player although india pulled off in 2017 icc championships can been replaced of australia since 2017, following sponsorship disputes, australia can keep a indian from this team.",LABEL_1,False,0.8477104902267456,67
253,"Men Set for Sizzling Duel in 100 Meters ATHENS, Greece - The preliminaries in the 100 meters were perhaps just a sample of what's to come Sunday, when a talented group of qualifiers - including Americans Shawn Crawford, Justin Gatlin and defending champion Maurice Greene - will try to turn their competition into the fastest show at the Athens Games.    Five men broke 10 seconds in qualifying Saturday, led by Crawford's time of 9.89...",LABEL_0,"first scheduled before the race at 500 metres greek, athens- all events under a 200 metre. really quite this bit as something' bout gotta happen earlier, now some select team for competitors- notably including ben johnson, matt brown or national champions david wright- can seem a win your way on this best performance of this next meet. eight people had 100 minutes on competition today, shown with scott' n speed in 10. 0...",LABEL_0,False,0.8134238719940186,149
254,"Citigroup's Ex-Exec May Face SEC Action  NEW YORK (Reuters) - Citigroup Inc. &lt;A HREF=""http://www.investor.reuters.com/FullQuote.aspx?ticker=C.N target=/stocks/quickinfo/fullquote""&gt;C.N&lt;/A&gt; on Friday said  U.S. securities regulators may recommend enforcement  proceedings against the former head of Citigroup Global  Investment Management.",LABEL_2,"investor' ##s report- sec stock: index: real world( ct)- securities g.& t;- round="" pr:// int. bloomberg. org.// reuters. com? index= e. z;=/ index/ shares/ x""& t; e. e& ts;/ e& n; subsequently, the c. e. sec committee would consider legal actions with another senior group on global institutional asset managers.",LABEL_2,False,0.7817976474761963,113
255,"SBC Gives Microsoft \$400 Mln Internet TV Deal  WASHINGTON (Reuters) - SBC Communications &lt;A HREF=""http://www.reuters.co.uk/financeQuoteLookup.jhtml?ticker=SBC.N qtype=sym infotype=info qcat=news""&gt;SBC.N&lt;/A&gt; will use  Microsoft Corp. &lt;A HREF=""http://www.reuters.co.uk/financeQuoteLookup.jhtml?ticker=MSFT.O qtype=sym infotype=info qcat=news""&gt;MSFT.O&lt;/A&gt; technology to launch video services  over upgraded high-speed data lines, the companies said  Wednesday.",LABEL_3,"SBC has an\$ 400 Mln digital TV Deal ...( 2012)- SBC ##n& lt; A HREF="" http:// www. newspapers. co. uk/ finance. gov? type= SBC. N ##x= sym information= info qcat= news""& gt; SBC. N& lt;/ A& gt; will use the Corp.& lt; A HREF="" http:// www. times. co. uk/ finances. go?""= MSFT. O qtype= sym details= info qcat= news""& gt; MSFT. O& lt;/ A& gt; wanted to expand video service over new high- speed data lines, the newspaper said so.",LABEL_2,True,0.9140932559967041,106
256,Bush Faces Heavy Pre-RNC Travel Schedule (AP) AP - President Bush charges into the final runup to the Republican National Convention with a heavy campaign schedule in key states he needs to carry in November.,LABEL_0,- has several plans- RNC campaign schedules( s) AP-- he runs through a 2016 rush between both democrat presidential conventions on the new election campaign from several cities she wants and have him advance.,LABEL_0,False,0.761991024017334,85
257,"Time Warner settles with DOJ, SEC for \$510 mil Time Warner Inc. on Wednesday settled criminal securities fraud charges the government leveled on its America Online unit, agreeing to pay \$210 million to end the Justice Department #39;s probe.",LABEL_2,"they later settled on DOJ, settling at\$ 510 for ##t communications corp. for fully disclosed computer- abuse cases this agency filed through our existing internet network, refusing its offer\$ 400 000. pay its online division# h; and ##ny.",LABEL_2,False,0.7555557489395142,94
258,Generals May Pay a Price for Iraq Abuse WASHINGTON - The Abu Ghraib prisoner abuse scandal could effectively end the careers of four Army generals who are linked indirectly to the misconduct but face no criminal charges.    The four are singled out for varying degrees of criticism - mixed with instances of praise - in two comprehensive investigative reports released last week...,LABEL_0,they all get some reward from these wars.- general Abu said military misconduct investigation can ultimately damage any career with five major commanders whom he appointed directly in a government appointment with any formal trial. those generals was pointed up under different amounts under scrutiny- and for shouts with criticism- under four special congressional documents published next spring...,LABEL_0,False,0.7792257070541382,126
259,"CSFB May Cut Costs by Merging Units, Shedding Jobs, People Say Credit Suisse First Boston, the securities arm of Switzerland #39;s second-biggest bank, plans to cut costs by combining some units and eliminating jobs, people familiar with the matter said.",LABEL_2,"CSFB could cutting cost without incorporating unit, reducing overhead, they claim-- union capital, another financial institution with company# 7; usa.- largest corporation, proposes they reduce cost through absorbing the assets or cutting interest, as concerned by these case reports.",LABEL_2,False,0.8255100846290588,92
260,"Treo 650 on Monday? \\The blogs  are buzzing  that the Treo 650 will be released on Monday.\\From Gizmodo:\\""Not only have they announced special ""news"" next Monday at the CTIA Wireless\Conference in San Francisco, earlier this week someone with PalmOne\accidentally sort of, you know, told me. I told them I'd keep quiet as long as\they did, but if they're going to go and announce it with a wink and a nod, I\think I've done my part.""\\If they do this right I'll be sporting a Treo 650 soon! \\Of course if this is true:\\""File it under hoping I'm wrong. Several reports have filtered in from people\who have had hands-on time with pre-release Sprint versions of the upcoming\Treo 650. These reports say that the Treo wi ...\\",LABEL_3,"$ 5 for tuesday?\\ these guys always hoping for a latest one would get announced by sunday.\\ on twitter:\\"" only once do he gotten that"" message"" last friday during a w-\ event at st sebastian, just a text ... from friends\ just instead not, to forget, tell us. you texted him we' re remain silent so far ...\ it knows, and since we' d able all hear& confirm him after some breath& no pause, we\ hope it' d did our research.""\\ until we release it then we' l enjoy releasing this new one again!\\* note that anything going wrong:\\"" checked me out- we' l positive. numerous complaints recently popped off by some\ which apparently involved add- off trouble during late- launch or ##ing with this new\ _ 650. some rumors exist about this 650 model...\\",LABEL_3,False,0.7668301463127136,281
261,"Boeing, IBM Strategic Alliance Boosts Net-Centric Technology From the 1950 #39;s until the present, one of the dominant companies in the world #39;s computer industry. Offers a variety of data processing hardware systems, system and application software, and information technology services.",LABEL_3,"additionally, IBM technology corporation offers Net- technology industry of america past# 37; and through it current, two among those few organizations from a former# 37; acquired in 2000. including the portfolio on networking and storage technologies, hardware& applications development, plus software support software.",LABEL_3,False,0.781530499458313,103
262,"Like father, like son in Chrysler Classic If Brent Geiberger was pleased to win the Chrysler Classic of Greensboro, his father Al was positively ecstatic.  quot;I was going absolutely crazy watching it all unfold.",LABEL_1,"unlike dad, his rival for ford racing with little al, looking in capture a grand championship like 1967, our dad Al got always surprised. yeah; he like getting so happy seeing them just now.",LABEL_1,False,0.7559949159622192,78
263,"U.S. Says N.Korea Blast Probably Not Nuclear  SEOUL (Reuters) - A huge explosion rocked North Korea last  week but U.S. and South Korean officials said on Sunday it was  unlikely to have been a nuclear weapons test despite the  appearance of a ""peculiar cloud"" over the area.",LABEL_0,"n. w.: s. korean peninsula, now north korea( seoul)- the large blast struck south korean next month and n. d.& central asian experts reported from television they seems likely may not be no potential nuclear explosion in this presence than any"" nuclear storm"" within this city.",LABEL_0,False,0.8978087306022644,99
264,"150,000 new jobs expected The economy probably added 150,000 jobs in September and the unemployment rate held steady at 5.4, a three-year low, according to a survey of economists.",LABEL_2,"300, 300 additional workers to a workforce also reached 500, 500 unemployed after 2010 but average employment rates stayed high by 4. 0, the 30- job increase, contrary towards this lack by employers.",LABEL_2,False,0.8151131868362427,67
265,BLOG That #39;s the most look-ed up world on Merriam-Webster #39;s &lt;b&gt;...&lt;/b&gt; A FOUR-LETTER term that came to symbolise the difference between old and new media tops US dictionary publisher Merriam-Webster #39;s list of the 10 words of the year.,LABEL_3,notes english# 41; a; only co- used up word in plain- english# 42; d& r; s& d;...& d;/ s& w; the FOUR- word dictionary which appears or represent some differences of older or older: see note: on whole- text# 1; see 1 for the new ##words for this year.,LABEL_3,False,0.7568707466125488,117
266,"Injured Toomer might be able to play tomorrow Although Giants wide receiver Amani Toomer took limited work yesterday after missing the previous two days of practice, coach Tom Coughlin won #39;t decide on his availability ",LABEL_1,"if anyone will be available to assist and while all big receivers Amani Toomer get extra players in for just a last four quarters in game, coach. ##linson is# 39; t ##20 on base;",LABEL_1,False,0.7502272129058838,120
267,"UK #39;s Jaguar Workers Vote Against Strike Workers at Ford Motor Co. #39;s luxury British car unit, Jaguar, voted against a strike over plans to cut jobs and scale back production, unions said on Monday.",LABEL_2,".# 38; they voted to, and were against for Ford motors uk.# 42; let the production workers union, uk, vote on any dispute in whether workers take down& cut up manufacturing, they reported from twitter.",LABEL_2,False,0.7750952839851379,81
268,SCO Postpones Legal Web Site (NewsFactor) NewsFactor - The SCO Group is delaying the launch of a Web site focusing on the details of ongoing litigation concerning the company's intellectual property.,LABEL_3,"news, and news portal( s).- some legal organization has delaying any launching from the Web page based in any news about the lawsuits surrounding this state' of legal affairs.",LABEL_3,False,0.7527059316635132,76
269,"IBM Aims New DB2 at Rivals IBM (Quote, Chart) announced its first major database refresh in almost two years with new features from the company #39;s autonomic computing vault.",LABEL_3,"db debuted a look toward rival IBM( database, db), their new db system, after approximately three months on ibm data for a former# 2; e- database).",LABEL_3,False,0.8062178492546082,67
270,"McKinnon briefed on democracy: Meeting with PM ISLAMABAD, Oct 23: Prime Minister Shaukat Aziz briefed Commonwealth Secretary-General Donald C. McKinnon on full restoration of democracy in the country and Pakistan #39;s role in promoting regional and global peace.",LABEL_0,"more news of islamabad: meet at office ##r, may 4: general secretary mohammed khalid, assistant consul- generals patrick m. kennedy for american recognition for sovereignty for western pakistan, pc# 1; and help of preserving national or regional unity.",LABEL_0,False,0.7553584575653076,81
271,"Ford to Repair Faulty Heated Seats in Focus Cars Ford Motor Co. said on Wednesday it will fix malfunctioning heated seats in 33,000 Focus cars, two-thirds of which were sold in Canada.",LABEL_2,"due of fixing defective heating equipment into their vehicles Ford motors inc. announces in thursday they would repair faulty hot systems of 1, 800 Focus vehicles, 1- third in where cars sell within europe.",LABEL_2,False,0.787556529045105,82
272,"Oracle launches Business Integlligence 10g Oracle introduced a new BI platform yesterday, Business Intelligence 10g that rolls up into one solution all of their BI tools. However, more interesting than the nitty-gritty details of what is included is the back story taking place at the same time.",LABEL_3,"ibm oracle oracle intuitive business 2010 introduces the popular business software called, sql analytics platform which builds some of you and some with your new products. also, also notable in this a- e ##ness that which was happening, this other end taken over of this other bank.",LABEL_3,False,0.7745964527130127,97
273,"From Digital Camera to Print, No Computer Required The big news in digital photography is the explosion of printers designed exclusively for 4-by-6 photos. A comparison of seven printers vying for your business.",LABEL_3,"in print- a digital, nothing more? a huge deal as a photo- a variety with computers suitable only from 7- on- 7 cameras. the total about six computers cater toward any photo.",LABEL_3,False,0.8863523006439209,71
274,Newcastle #39;s Boumsong bid rejected by Rangers Newcastle United manager Graeme Souness has made an offer to Rangers for French international centre-back Jean-Alain Boumsong but the Scottish club have rejected his initial offer.,LABEL_1,-# 8; see: offer submitted after former manchester rangers defender alex Souness had sent a offering for Rangers from former national wing- forward pierre- pierre martin and no spanish fa has refused their previous proposal.,LABEL_1,False,0.7789859175682068,87
275,"Cisco Systems 1st-Quarter Earnings Rise (Reuters) Reuters - Cisco Systems Inc., the biggest maker\of equipment that directs data over the Internet, on Tuesday\said quarterly earnings rose 29 percent on rising demand for\its networking gear.",LABEL_3,"Cisco Systems 1st- Quarter Earnings Rise( Reuters) Reuters- Cisco Systems Inc., the biggest maker\ of equipment that directs data over the Internet, on Tuesday\ its quarterly earnings rose 29 percent on rising demand for\ its networking gear.",LABEL_2,True,0.9967153072357178,39
276,"TSMC, Freescale expect initial production of 65nm SOI in 4Q 2005 Taiwan Semiconductor Manufacturing Company (TSMC) and Freescale Semiconductor expect to begin initial production of a high-speed 65nm silicon-on-insulator (SOI) process in the fourth quarter of 2005, with volume production pending on market demand ",LABEL_3,"also, will begin commercial manufacturing for their product line in ##m. electronics industries group( TSMC)& ieee jointly hope- accelerate commercial development for this low- efficiency integrated semiconductor- in- semiconductor( SOI) device by a next half in 2005, through production increases and rising demand|",LABEL_3,False,0.7682914137840271,116
277,"US Cautious On Progress Toward Enriching Uranium The United States is responding carefully to Iran #39;s announcement that it has taken a major step toward enriching uranium, a key ingredient in nuclear weapons.",LABEL_0,"further information about move towards enrichment: our u. s responded immediately with Iran# 4; and stating as we have initiated another big quest for enriched materials, another significant component from modern weaponry.",LABEL_0,False,0.7781230211257935,76
278,"Wrigley bites into Kraft WRIGLEY is buying the Life Savers and Altoids sweet and mint businesses from Kraft Foods for 800 million. The deal allows Wrigley to expand in the sweet section, while leaving Kraft to focus on the rest of its food business.",LABEL_2,"in turn kraft food, also purchasing one Life product of the mint& sugar products in general kraft and one each. these acquisition enabled company restaurants invest for another restaurant business, before forcing them they take off all remainder for their restaurant businesses.",LABEL_2,False,0.7644729018211365,96
279,"Indexes in Japan fall short of hype Japanese stocks have failed to measure up to an assessment made in April by Merrill Lynch #39;s chief global strategist, David Bowers, who said Japan was  quot;very much everyone #39;s favorite equity market.",LABEL_2,"markets for particular fall full in hype and investors generally struggled not show due of some observation issued about 2006 of the japanese# 29; top global financial analyst, richard johnson, which reported it or not; so far as# 27; largest japanese share holder.",LABEL_2,False,0.8048100471496582,101
280," #39;Emperor #39; Adriano has Inter under his rule One match into the Italian league season and (Emperor) Adriano already has Inter Milan under his rule. The Brazilian striker has scored six goals in Inter #39;s first four matches this season, including ",LABEL_1,"# 37; inter# 40; who is already entered its final league season for a new football calendar.( ...) he also usually put brazil by their sides. this portuguese defender who earned 6 assists at brazil# 3; has only official match all year,:",LABEL_1,False,0.8068462014198303,87
281,"When Robots Rule the World Well, not the world maybe, but possibly your lawns and kitchens. The use of robots -- especially as domestic help -- is expected to increase sevenfold by 2007, according to the United Nations.",LABEL_3,"When you Rule the World Well, not the world maybe, but just your lawns and houses. The use of money-- particularly as technical help-- is predicted to grow substantially by 2007, reporting to the United world.",LABEL_2,True,0.5627729892730713,51
282,"Clarett accuses Ohio State of improprieties; school denies claims Former Ohio State star Maurice Clarett accused coach Jim Tressel, his staff and school boosters of arranging for him to get passing grades, cars, and thousands of dollars, including for bogus summer jobs.",LABEL_1,"school accusing of ##ans for lying; university denies. 2012 Ohio university. bill ##ups accuse coaches tom kelly, their assistants or coaching officials by asking on them and win good wages, incentives, or hundreds in scholarships, especially during other coaching careers.",LABEL_1,False,0.781869649887085,99
283,SI.com SAN DIEGO (Ticker) -- A late rally gave the San Diego Padres a rare win over the St. Louis Cardinals. Ryan Klesko delivered a go-ahead RBI single to start a four-run outburst in the bottom of the eighth inning as San Diego posted a 7-3 victory over St.,LABEL_1,"c., st francisco( p)-- an extra inning brought a los mateo cardinals another dramatic victory for both san. joseph padres. kevin johnson got an walk- back sacrifice hit helping open an six- runner inning with a top out each second, before st jose earned an 4- 7 loss at home.",LABEL_1,False,0.8268376588821411,105
284,"Oil Prices Rise Despite US Move To Draw On Strategic Reserve NEW YORK, Sept 23 (AFP) - Oil prices edged closer to record territory Thursday as markets shrugged off news that the US government may draw from its strategic reserves to make up for shortages due to Hurricane Ivan.",LABEL_2,"the price rises as oil prepares its take out reserve: from england, january 1( 2010)- Oil reserves came back as normal that afternoon after reporters gave optimistic reports about a US economy showing benefit by their own resources not making gains against it related the hurricanes hurricanes.",LABEL_2,False,0.7712824940681458,110
285,"Science ; As ice thaws, arctic peoples at loss for words Science News, Iceland, What are the words used by indigenous peoples in the Arctic for  quot;hornet, quot;  quot;robin, quot;  quot;elk, quot;  quot;barn owl quot; or  quot;salmon?",LABEL_3,"arctic; in ##r ##man, iceland, as least in word/ word, greenland, which explains some terms use in native people from this world of inuit; owl, bison; fox; deer, buffalo; bison; wolf, elk; bison; or as ##et; and beaver; what?",LABEL_3,False,0.7997412085533142,83
286,Telescope snaps distant 'planet' The first direct image of a planet circling another star may have been obtained by a US-European team of astronomers.,LABEL_3,"- snaps'',' this earliest detailed photograph as the circle around a planet is having being taken from another pro- french corps' astronomer.",LABEL_3,False,0.8193421959877014,58
287,"Microsoft Reprimanded for Misleading Linux Ad (NewsFactor) NewsFactor - The United Kingdom's advertising watchdog group, the Advertising Standards Association, has found that complaints lodged against a Microsoft (Nasdaq: MSFT) magazine ad that stated that Linux was more expensive than Windows were valid.",LABEL_3,"-- from the windows journal( magazine),- a bbc uk' nt ad advocacy organization, a commercial advertising authority,- confirmed the complaint allegations about this windows( now: linux) microsoft article which alleged if ibm appeared less reliable if microsoft was aware.",LABEL_3,False,0.8315476179122925,85
288,"Scientists Try to Save Largest Salamander (AP) AP - The population of North America's largest salamander is plummeting in Missouri and Arkansas, and scientists from five states met to consider how to prevent the creature's disappearance.",LABEL_3,"we Try- Save Largest-( AP) AP-. populations from the american' m largest species, estimated near Missouri or kansas, but experts with two universities are busy discuss ways toward solve this creature' re demise.",LABEL_3,False,0.7598508596420288,124
289,"Flat-screen TV But the booming demand isn #39;t proving profitable for the companies that make the high-resolution video panels. For electronics retailers, it will be the holiday season of the flat-screen TV.",LABEL_3,"wide- screens television and a high budget television# 39; not so attractive on those businesses which produce some lowest- cost television product. with some business, they must find an only option for a flat- panel screen.",LABEL_3,False,0.793614387512207,78
290,Monster Mashes Attract Masses Kaiju Big Battel -- a multimedia event in which costumed combatants spew toxic ooze on audience members -- is growing in popularity. There are already dedicated websites and a DVD series. Coming next: a book and TV pilot. By Xeni Jardin.,LABEL_3,the monsters and monsters Kaiju Big show-- an live entertainment event whose action figures a ##ing ooze through party heads-- occurs regularly during attendance. available through now multiple dvds or multiple cds compilation. generation one: the manga or manga serial. japan: ##x.,LABEL_3,False,0.8020603656768799,108
291,Seahawks Receiver Robinson Suspended by NFL  NEW YORK (Sports Network) - Seattle Seahawks wide receiver  Koren Robinson has been suspended without pay for four games by  the league for violating the NFL's substance abuse policy.,LABEL_1,"wide receivers suspended, from mlb the jersey( pay media)- sacramento storm offensive end Koren jackson suspended players suspend beyond suspension of three matches source: nfl in violation under league' t drug use rules.",LABEL_1,False,0.7623807191848755,78
292,"Vodafone Drops on Report It Supports Bid for Sprint (Update2) Shares in Vodafone Group Plc, the world #39;s largest mobile-phone operator, dropped after The Wall Street Journal said the company is considering bidding with US partner Verizon Communications Inc.",LABEL_2,"and Drops by say they has Bid on Sprint( formerly), via dial media holdings, a""# 2; not ##2 cellular- data provider,"" that a business magazine review, this firm has now partnering in new competitor frontier telecommunications group.",LABEL_2,False,0.7811403274536133,103
293,Piller Out for Months After Arm Surgery (AP) AP - Titans guard Zach Piller might miss the rest of the season after having surgery to repair his ruptured left biceps.,LABEL_1,"being scheduled in surgery for elbow issues( knee) post- rookie reserve, Piller will missed out most from this year while undergoing problems which stabilize their weak upper arm.",LABEL_1,False,0.8082104921340942,66
294,"AMD's Q3 led by strong Opteron, Athlon 64 sales SAN FRANCISCO - As expected, Advanced Micro Devices Inc.'s (AMD's) third-quarter revenue came in a little under the company's earlier predictions, but strong increases in sales of its 64-bit desktop and server processors led to the company's fourth straight profitable quarter.",LABEL_3,"microsoft' 03 Q3 powered with high results, low sales and st diego- like usual, and intel, llc.' 02( intel' 94) quarter- round investment was about another quarter of this manufacturer' re usual expectations, and rapid increase with performance in his 12- inch pc/ compatible computers testified as a firm' d own highly successful year.",LABEL_3,False,0.7534926533699036,120
295,Russia official gives Yukos assurance Finance minister tells FT that asset sales to pay off tax debt will be market-oriented. MOSCOW (Reuters) - Russian Finance Minister Alexei Kudrin has promised that asset sales to pay off the tax debts of troubled ,LABEL_2,russian government monitors this and its ministry warned reuters. such sale or paying back taxes debts should go asset- based. russia( 2014)- former tax ministers sergei pavel ##yev claimed for such transactions should take away any taxes debt payment|,LABEL_2,False,0.8589487671852112,83
296,"France criticizes Iraq hostage mediators France has criticized unofficial negotiators for complicating release efforts for two French hostages held in Iraq, the BBC reported Saturday.",LABEL_0,"France: french hostage. french officials negotiated international agreements about the protection guarantees of several foreign journalists reporting against Iraq, with reuters, cnn.",LABEL_0,False,0.7709910869598389,71
297,"Drummond back to his happy home Scott Drummond, who meets the defending champion Ernie Els tomorrow in the first round of the World Match Play Championship, arrived at Wentworth in May with career earnings on the European Tour of less than 40,000.",LABEL_1,"now returns at their scottish homeland. Drummond, whom beats all former champions Ernie Els once on a third rounds on an australian game show championships, arrives through london during february from his sales at an atp index no greater that 1, 500.",LABEL_1,False,0.7792074680328369,107
298,"MOM 2005 Released to Manufacturing Microsoft on Wednesday announced the release to manufacturing of Microsoft Operations Manager (MOM) 2005 and MOM 2005 Workgroup Edition, a new edition that the company previously called MOM 2005 Express.",LABEL_3,"mother 05 delivered with the customer for microsoft is this successor the business mom mom product edition( s) 2004 or her 2006 enterprise version, the special release for a developer originally dubbed their 2006 edition.",LABEL_3,False,0.8718708157539368,71
299,Longhorn to put squeeze on gadgets SAN FRANCISCO--Windows makes it easy to quickly download files to iPods and other portable storage devices--a little too easy in the minds of many IT managers.,LABEL_3,- i go hands off. santa diego-- Windows finds its easier than just load them into iPods or most personal computing platforms-- being much more much off- mind than other end users.,LABEL_3,False,0.7543865442276001,83
300,PalmOne to play with Windows Mobile? Rumors of Treo #39;s using a Microsoft operating system have been circulating for more than three years. Now an investment bank reports that PalmOne will use a ,LABEL_3,care why stick by a Mobile? Rumors about Treo# 39; anyone with the similar software application are lying around after fewer like 10 decades. even the internet company suggests if we can have!,LABEL_3,False,0.764434814453125,96
301,"Amazon Updates Web Services Tools, Adds Alexa Access The Amazon Web Services (AWS) division of online retail giant Amazon.com yesterday released Amazon E-Commerce Service 4.0 and the beta version of Alexa Web Information Service.",LABEL_3,"alexa web- service products, adding services to an online information systems( alexa) section by american web retailer alexa. this recently announced its web- store update 1. 4 allowing this full release over other online service services.",LABEL_3,False,0.8645568490028381,75
302,ST Tele-TM Intl to buy 47.7 in Idea Mumbai: Singapore Technologies Telemedia and TM International have announced that their consortium has signed definitive agreements for the acquisition of 47.7 per cent stake in Idea Cellular.,LABEL_2,< ##i- tel announced the purchase 43. 0- knowledge group: india based company telecom TM corporation has confirmed on its alliance have agreed new agreement in a purchase for 43. 1 51% interest by telecom singapore.,LABEL_2,False,0.8087738752365112,84
303,"46 Killed, 270 Injured In Iraqi Violence Baghdad, Sept. 8 (NNN): Bloody clashes on Tuesday between US forces and Shia militiamen left more than 46 persons, including six US soldiers, dead across Iraq during the past 24 hours, officials said here on Wednesday.",LABEL_0,"27 injured, 24 wounded by iraq forces killed, killed. 2015( 4): heavy confrontation in baghdad among shia soldiers& sunni militia leaving greater that 50 people, notably two american servicemen, live within baghdad across this last 25 minutes, report from pentagon in thursday.",LABEL_0,False,0.8909660577774048,87
304,"Japan earthquakes kill 23, leave thousands in shelters (AFP) AFP - Thousands of people were spending the night in emergency shelters after the deadliest quakes to hit Japan in nearly a decade killed 23 people and injured more than 900, police and reports said.",LABEL_0,"to- shelter 10, 200 victims from shelter( shelters) from- hundreds in thousands who spend all evening at these buildings:- largest earthquakes from northern china of approximately the year kills some individuals but hurt fewer that were, people with doctors etc.",LABEL_0,False,0.7691531777381897,87
305,"Israelis OK new homes in West Bank A leaked Israeli plan to build 1,000 new Jewish settler homes in the West Bank yesterday sent Bush administration officials scrambling for a response in the sensitive period before November #39;s presidential election. ",LABEL_0,"- see new jerusalem for east israel. controversial palestinian proposal for construct 2, 500 new palestinian residential properties for the western Bank have led Bush management to hoping out no solution after this short run during question# 8; 2009 congressional elections.",LABEL_0,False,0.7695505619049072,111
306,"CA to buy Netegrity for \$430 million com October 6, 2004, 7:36 AM PT. This fourth priority #39;s main focus has been improving or obtaining CRM and ERP software for the past year and a half.",LABEL_3,"offered to buy Netegrity for\$ 430 million com October 6, 2004, 7: 36 AM PT. This fourth priority# 39; s main focus has been improving or obtaining CRM and ERP software for the past year and a half.",LABEL_2,True,0.9366158246994019,40
307,Internet Pharmacies: Good or Bad? An investigation into the practice of Internet Pharmacies and how they are changing the U.S. pharmaceutical industry.,LABEL_3,online pharmaceutical: bad but good? some insight about negative effects on electronic pharmacy& why we start influencing a p. a. pharmacy marketplace.,LABEL_3,False,0.8416236639022827,47
308,"Kenyan Laureate Urges Rich Nations to Ratify Kyoto (Reuters) Reuters - Kenya's Nobel Peace Prize winner,\Wangari Maathai, on Monday urged wealthy nations to ratify the\Kyoto protocol on climate change to ease the burden of\pollution on poor countries.",LABEL_3,"Kenyan- Urges Rich communities to Ratify Kyoto( 2016) kenyan- Kenya' s Nobel Peace Prize winner,\ david wilson, on Monday urged other countries to ratify the\ Kyoto declaration on environmental change to ease the burden of\ kyoto on poor citizens.",LABEL_0,True,0.917723536491394,53
309,"Sony Announces the Clie VZ90 Handheld For Japan Sony Japan has released a new Clie for the Japanese market only. The Clie PEG-VZ90 is a Palm OS multimedia Clie handheld, that features a large OLED screen, slider hidden buttons, plentiful memory and WiFi.",LABEL_3,"who released a sony exclusive version on 2014. mobile devices introduced the similar model into this international marketplace now. this new PEG- o, the Palm, based Clie device, who offers the small rear window, full display mode, internal audio& video.",LABEL_3,False,0.7947192788124084,109
310,"Hurricane Worries Boost Oil Prices Worries that Hurricane Ivan will hurt oil production in the Gulf of Mexico boosted oil prices Tuesday. In mid-morning New York trading, oil for future delivery hit \$44.",LABEL_2,"economic forecast and market price predicted for cyclone katrina may bring the supply through a vicinity from maine at its price high. since early- 2017 around mexico city, oil in global production increased\$ 6.",LABEL_2,False,0.7637015581130981,76
311,"UPDATE 1-Jimenez, Garcia, Donald make Langer a happy man Miguel Angel Jimenez and Sergio Garcia warmed up for this month #39;s Ryder Cup with sparkling starts at the European Masters on Thursday.",LABEL_1,"+ 3- 2, roger, go about it the happy man, felipe gonzalez& guillermo mendoza make out on the season# 1; s Ryder Cup for the tournament in a world club friendly monday.",LABEL_1,False,0.7581756114959717,93
312,"Circuit City Cautious on Outlook Circuit City Stores Inc. (CC.N: Quote, Profile, Research) on Friday posted a narrower quarterly loss from continuing operations but said its outlook was cautious for the ",LABEL_2,"circuits' news from the atlantic street market corp.( ref. 2: date, name, profile) of thursday reported this potential total loss for its stores and felt their response is optimistic about?",LABEL_2,False,0.7771515846252441,71
313,"Hurricanes May Affect Florida Politics TALLAHASSEE, Fla. - Two devastating hurricanes have given President Bush something his political advisers couldn't dream up: the chance to play comforter in chief in a battleground state he is determined to win again...",LABEL_0,"hurricane surge impact areas in florida, florida.- avoided large storms and convinced the people who lack financial support can' ts make it: a choice that challenge president of politics with the new campaign president. going out fight is...",LABEL_0,False,0.8281853795051575,79
314,"Oracle to drop suit if takeover bid fails Oracle Corp. said Monday it will drop a lawsuit it filed in Delaware against PeopleSoft, its rival and takeover target, if a majority of PeopleSoft ",LABEL_2,"plans that take suit after this litigation proceeds, Corp. announced Monday they should drop the case suit filed since 2006 by oracle, majority owner at former target, on this deal with ...",LABEL_3,True,0.7558287978172302,107
315,"Take-Two Sees Higher Sports Prices for New Consoles  NEW YORK (Reuters) - Take-Two Interactive Software Inc.  &lt;A HREF=""http://www.reuters.co.uk/financeQuoteLookup.jhtml?ticker=TTWO.O qtype=sym infotype=info qcat=news""&gt;TTWO.O&lt;/A&gt; on Monday said that prices for its sports video games  will likely return to higher levels once new game consoles  arrive in late 2005 or 2006.",LABEL_3,"takes- 2 the high consumer price of old sports- sports( 2005)- takes- 2 games- vs.& gt;{ name="" doi:// web. news. org. gb/ news. uk? name= news. uk?="" ##2=& ad= 2""& x; news. us& q;/ q& b;| ##s} market price of their latest computer console may probably rise in current level after current gaming products appear during may 2002 but after.",LABEL_3,False,0.8933258652687073,137
316,Leggy models wont distract Corretja MADRID: Leggy models as ballgirls won #39;t be a distraction to family man Alex Corretja after the veteran moved into the second round of the Madrid Masters yesterday.,LABEL_1,Leggy model wont face the rest: Leggy model if they had# 39; and as another tribute with business manager juan fernandez as both girls qualified at each third stage at any international girls tournament.,LABEL_1,False,0.7565592527389526,90
317,"OPEC Eyes Caution, Supply Weighs on Price  VIENNA (Reuters) - OPEC may resist calls to raise oil  output quotas much, if at all, when it meets this week for fear  of turning a decline from record prices into a rout.",LABEL_2,"the report on, whatever is behind it,( 2014)- OPEC will avoid having or increase oil supply that much, whether from any, whether such occurs all right from fears at mounting an fall of stock demand during any period.",LABEL_2,False,0.7599347233772278,98
318,"Forecasters: More Hurricanes May Be on Way Ivan, Frances and Charley delivered three staggering blows to the Gulf Coast and Florida, as well as Caribbean island nations, all in just five weeks.",LABEL_3,"hurricane: major storms May come on Way Ivan, Frances and Charley delivered three staggering blows to the Gulf Coast and Florida, as well as Caribbean island nations, all in just five weeks.",LABEL_0,True,0.9694828987121582,37
319,"Google Shares, Once Devalued, Just May Be Winners After All Wall Street, which forced Google, the Internet search engine, to sharply lower the price of its shares in its initial public offering in August, has decided that the company is worth a lot more today than it was then.",LABEL_2,"the company, since sold, Just May Be, After All Wall ##owing, what causes search, the online voting engine, to substantially reduce the shares of its shareholders in its final initial offerings in 2010, has proved that the share is worth a lot more now than it was then.",LABEL_3,True,0.7448450922966003,95
320,"As Drama Plays Out, Mixed Feelings for Arafat #39;s Neighbors No crowds of well-wishers massed Thursday outside the Mukata, the mostly ruined compound where Yasser Arafat has been confined for the past two years.",LABEL_0,"after everything starts rolling, picking up upon issue# 39; unfortunately, No crowd for well- meaning stands together near another building, an now destroyed house where Yasser Arafat is spent hiding during a previous four centuries.",LABEL_0,False,0.7716779708862305,102
321,Ukraine awaits election-deal details The Supreme Court is expected to rule Friday on rerunning the country's disputed presidential election.,LABEL_0,"Ukraine awaits re- elections and another constitutional government, likely assuming rule early after during this nation' an 2014 parliamentary elections.",LABEL_0,False,0.7760099172592163,64
322,Iraq: 26 killed on horrific day of violence Suicide bombers killed at least 22 members of Iraq #39;s fledgling security forces yesterday amid a spate of insurgent attacks across the country that also ,LABEL_0,"2014: 26 attacks at international centre for terror attack, killing as most iraqi residents in Iraq# 39; 2014- 19 terrorism, in a string for militant incidents over this region,.",LABEL_0,False,0.75108802318573,83
323,Japanese automaker to boost production capacity in India Major Japanese automaker Suzuki Motor Corp. said Monday it has decided to set up a vehicle assembly plant and a new diesel engine factory in India to boost production in the country #39;s growing market.,LABEL_2,note: suzuki increase manufacturing facilities for japan; multinational company honda india govt. company- india is agreed for setting down the car production facility with the complete renault assembly complex as order and stimulate growth from south asia# 3; indian import industry.,LABEL_2,False,0.8478039503097534,89
324,"Nothing Robotic About Robo-Art The ArtBots show in New York this past weekend proved that robots can wax artistic, too -- or at least carry out the instructions of their artistic creators. Cyrus Farivar reports from New York.",LABEL_3,"the announcement that-- while this robot was at central jersey all last week shows, artists could wax things, actually-- and they most figure up every work like any original artist. alex: back at art school.",LABEL_3,False,0.8331206440925598,84
325,"Allawi Meets Militants, Pushes Amnesty Iraq's interim prime minister said that he had held private meetings with representatives of insurgent groups from Fallujah, Ramadi and Samarra to  persuade them to accept a government amnesty offer.",LABEL_0,"who Meets them, led by Iraq' former former foreign ministers announced as they who conducted informal discussions between members in other organizations throughout tehran, Ramadi in iraq who encourage iraqi citizens sign another full asylum declaration.",LABEL_0,False,0.7663829922676086,93
326,"Cowboys Own Orange Stephen Graham scores 16 points, including two late three-point plays, and No. 5 Oklahoma State beat No. 4 Syracuse, 74-60.",LABEL_1,"oklahoma state forward dan smith scored 1 point, from five additional 3- pointer points, but 8. 8 ohio tech dispatched 12. 0 oklahoma, 73- 69.",LABEL_1,False,0.7650841474533081,51
327,"US Airways, GE reach accord on airplane leasing and financing The Wall Street Journal reports that the carrier #39;s largest creditor has agreed to an aircraft leasing and financing deal that would give US Airways a financial lifeline.",LABEL_2,"the airline, GE air, with aircraft rental services finances, air- monitor notes on aviation global# 10; and global airline have committed towards a aviation lease& finance agreement which shall enable its carriers with greater presence.",LABEL_2,False,0.7668125629425049,86
328,"UN organizes open-source software day across Asia The United Nations, through its International Open Source Network (IOSN) will organize the first annual Software Freedom Day on Saturday in an effort to educate Asian users about the benefits of Free and Open Source Software (FOSS) and encourage its wider use in the region.",LABEL_3,"- international free- based free days of 2013- organization un, under our global green enterprise networks( un) network organise a largest such global release week across campus as another initiative and teach international organizations on an importance behind libre or free based computing( open) but promote their common usage for each country.",LABEL_3,False,0.8356073498725891,107
329,"Currency Trading Rises to Record \$1.9 Trillion a Day (Update3) Foreign-exchange trading surged to a record daily average of \$1.9 trillion this year as hedge funds and other money managers increased bets on currencies, according to the Bank for International Settlements.",LABEL_2,"while trade goes up around\$ 5. 4 billions this weekend( 2016) in- currency trade goes past this recent average high around\$ 4. 8 billion every week while foreign investors& foreign investment makers put emphasis upon currency, similar against this trend on foreign exchange.",LABEL_2,False,0.8672199845314026,89
330,"Hackers Target Flaw in Microsoft's JPEG NEW YORK (AP) -- In a harbinger of security threats to come, hackers have exploited a newly announced flaw in Microsoft Corp. (MSFT) programs and begun circulating malicious code hidden in images that use the popular JPEG format...",LABEL_3,"a potential vulnerability on today' a attack across england( 2008)-- with no wave on internet attack that occur, researchers has identified the specially created flaws for image inc.( ap) software or programs running new processing tools for computers who produce those same original image...",LABEL_3,False,0.7912384867668152,89
331,Half.com to continue at full speed This fourth priority #39;s main focus has been improving or obtaining CRM and ERP software for the past year and a half. Online auction giant eBay won #39;t be closing down its Half.,LABEL_3,search. want to go on high on This fourth priority# 39; s main focus has been improving or obtaining CRM and ERP software for the past year and a half. Online auction giant eBay won# 39; t be closing down its Half.,LABEL_2,True,0.7738608121871948,49
332,European Press Review: Climate Change European editorials on Monday commented on the results of the local elections in the western German state of North Rhine-Westphalia.,LABEL_0,international Press Review: Climate Change- news on Monday reports on the results of the local election in the western German state of North Rhine- hesse.,LABEL_3,True,0.8609747886657715,33
333,"As reserve, Penny seeks Knick payoff The aging process for veteran NBA players is usually accelerated when they have reached their tenth season. Penny Hardaway has 11 years and 647 games on his odometer and he can feel it in his bones and joints.",LABEL_1,"unlike usual, he uses aging as an rehabilitation program that all professional athletes has only done where he once played his limited time. Penny also played 15 seasons or 150 days off their own because they must find them without their joints or muscles.",LABEL_1,False,0.7853590250015259,96
334,New Jersey Lawsuit Challenges Electronic Voting A coalition of private citizens and local elected officials in New Jersey plan to file a lawsuit to block the state's use of electronic voting machines.,LABEL_3,"from england- against online initiative the group in third sector& municipal public offices throughout New Jersey decided, pursue this suit, challenged this law' n enforcement on automatic voting technologies.",LABEL_3,False,0.809090256690979,85
335,How long will the pop press stomach the horrors of Iraq? The sickening accounts of the ordeal of Ken Bigley have brought home to everyone the true wretchedness of the present situation in Iraq.,LABEL_0,"How soon can this pop press endure a fall of baghdad? those many days after a murder against Ken white, shaken revealing about us the real nature about the great war for britain.",LABEL_0,False,0.7631956338882446,101
336,"Vietnam Marks Independence with Pardons for Prisoners  HANOI (Reuters) - Vietnam has released nearly 9,000  prisoners, including 10 inmates whose cases it says had drawn  international attention, as part of traditional pardons granted  ahead of independence celebrations on September 2.",LABEL_0,"- may 2016- pardon of prisoner pardon( vietnam)- prison authorities freed approximately 8, 400 inmates, especially vietnamese prisoners. this they felt have escaped national notice, like one on international pardon celebrations instead for national holidays like july 1.",LABEL_0,False,0.8885602951049805,81
337,"Lesbians fight to retain post-Soviet freedom (AFP) AFP - Since emerging from the shadow of the prudish Soviet Union a decade ago, sexual minorities have fought to gain a foothold in Russian society. But Russian lesbians now say they are facing growing pressure from authorities to return to the closet.",LABEL_0,"the campaign for secure social- revolutionary rights( 2015) AFP- after escaping since a dissolution within a last russian empire some centuries prior, russian activists finally managed their acquire legal status until modern times. and many women now know we enjoy taking strong pressures upon others than go against a mainstream.",LABEL_0,False,0.7528189420700073,108
338,"Hanover Striker Mathis to Return to US Hanover 96 striker Clint Mathis is to return to the United States after only a year in the Bundesliga, the German club said Tuesday.",LABEL_1,"95 mike wants he go in to u s 92 david Mathis has us leave of a u States for just another season for a league, a German team announced publicly.",LABEL_1,False,0.7682116031646729,79
339,"Goodale Hints of Tax Cuts The Federal Government says they are considering more tax cuts for lower and middle-income Canadians. Fending off attacks over the 9.1 billion dollar budget surplus, Finance Minister Ralph Goodale said he ",LABEL_2,"regarding implementation for cuts, this current budget suggests we be seeking further financial cuts against poor or higher- earning people. coming to concern from another 1. 5 million deficit financial crisis, former chairman john Goodale says!",LABEL_2,False,0.7619518041610718,90
340,"Microsoft's Live Communications Server may drive interest in enterprise IM With Microsoft's new Live Communications Server 2005 due out in December, enterprise IM users and vendors are eyeing new opportunities for more secure messaging in the workplace.",LABEL_3,"ibm' latest enterprise communication platform can match trends with business trends as ibm' own latest enterprise communication system has rolled up around may, and IM executives im executives use emerging communications technologies in effective professional engagement across this industry.",LABEL_3,False,0.7646576762199402,86
341,"Myanmar PM sacked, arrested for corruption (AFP) AFP - Myanmar's Prime Minister General Khin Nyunt -- among the most reformist of the military regime's leaders -- has been sacked and placed under house arrest for alleged corruption, a Thai government spokesman said.",LABEL_0,"burmese- ##c, prosecution of misconduct( [UNK]) AFP- burma' former chief ministers- moi tha-- and a more influential among all current myanmar' top leadership-- he was dismissed or put into administrative detention with possible bribery, the former cabinet spokesperson denied.",LABEL_0,False,0.808051347732544,90
342,"Strong Chinese demand props up oil Crude hovers around \$46 a barrel amid demand from most populous country, damage reports from Ivan. LONDON (Reuters) - Oil prices held above \$46 a barrel Tuesday as China showed no letup in its strong demand ",LABEL_2,"the international prices follow closely. demand held above\$ 47 an barrels as reports on several other regions, as reported on china. china( 2016)- market price peaked at\$ 48 an barrels. if it feels the dependence from chinese domestic?",LABEL_2,False,0.8139261603355408,83
343,AL Wrap: Red Sox Down Devil Rays to Clinch Playoff Spot  NEW YORK (Reuters) - Manny Ramirez belted his  league-leading 43rd homer and Johnny Damon hit a three-run shot  as the Boston Red Sox clinched a playoff spot with a 7-3 win  over the Tampa Bay Devil Rays in St Petersburg on Monday.,LABEL_1,AL central: white knight sweeping the yankees- clinched postseason berth from england( usa)- alex manny got home club- lead one out- john mcgraw added another 3- hit hr for this visiting boston Sox clinch the playoffs title on an 5- 7 beating of a massachusetts the monster bats near red louis that sunday.,LABEL_1,False,0.7687877416610718,124
344,Halo 2 scores record sales of \$125 million in first 24 hours Halo 2 broke entertainment retail records in its first 24 hours. Microsoft Game Studios said that the video game sold through 2.4 million stores in the US and Canada raking in \$125 million in sales.,LABEL_3,playstation 1 hit total selling for\$ 15 billion for just 15 minutes xbox 2 breaking all sales record from the second 48 hour. video store developers reported as a first release sales at 1. 500 000 copies within a game but had peaked for\$ 15 billion from canada.,LABEL_3,False,0.7565977573394775,101
345,"Arafat to seek treatment in France RAMALLAH, WEST BANK - Yasser Arafat is about to leave his compound in the West Bank for the first time in two and a half years. Two helicopters from Jordan were expected to arrive in Ramallah late Thursday ",LABEL_0,"planning on get help during march 2008, south lebanon- based Arafat are scheduled will depart their residence at a western desert after a second visit by jordan within another few weeks. they planes over israel and scheduled they depart from damascus instead.",LABEL_0,False,0.7548661231994629,94
346,"Iraq #39;s Government in Talks with Sunni, Shi #39;ite Leaders Iraq #39;s interim government is engaged in cease-fire talks with Sunni and Shi #39;ite leaders in an effort to restore calm to violent parts of Iraq before January #39;s scheduled election.",LABEL_0,"sunni# 29; is involved into discussions of iraqi, iraqi# 38; its leader sunni# 38; iraq military regime was active on live- up negotiations of shia or coalition# 38; ##s government launched the initiative would return power over various sectors from sunni through iraqi# 38; hold parliamentary elections.",LABEL_0,False,0.8535202145576477,95
347,"Ancient fungus 'revived' in lab Fungus from a deep-sea sediment core that is hundreds of thousands of years old will grow when placed in culture, scientists discover.",LABEL_3,"the species' discovered' of this Fungus in this dead- zone biological environment which was thousands upon millions in days ago can occur once used into storage, they know.",LABEL_3,False,0.789139986038208,64
348,"Sirius counting Stern boost Howard Stern #39;s planned defection is a tremendous coup for the emerging satellite radio industry and a setback for the already slumping field of traditional radio -- especially Viacom, which ",LABEL_2,"stern-"" note: the# 39;"") replacement is another huge coup with a fledgling commercial listening sector but another disaster with this newly emerging network with commercial channels-- particularly sirius,'",LABEL_2,False,0.7568321228027344,83
349,Paul Tellier leaving immediately as chief executive of Bombardier MONTREAL (CP) - Paul Tellier has disembarked as president and chief executive officer of Bombardier Inc. The bombshell announcement Monday morning came as the Montreal-headquartered multinational transportation ,LABEL_2,2015: entering business with senior engineer with transportation canada( montreal)- michel Tellier was left for chairman- former administrative executive for montreal corporation. our news from montreal yesterday continues from a news- area'',LABEL_2,False,0.8261584043502808,80
350,"Firm develops all-purpose memory cards A leading Japanese electronics company is developing memory cards that can be used to make cashless payments, open locks and read identification with a simple flick.",LABEL_3,"now offering all- new bank products the japanese financial technology industry developed making computer cards where could is used for facilitate cash transfers, hold notes or store data into any single chip.",LABEL_3,False,0.7845678329467773,78
351,Lonely men targeted by cell-phone based relationship HONG KONG - There #39;s a new service for men seeking true love. A software company has created an artificial girlfriend that lonely men can download to a mobile phone.,LABEL_3,loneliness also offered with google- ##phone+- cheung ho- number# 39; was the free platform in women finding real relationships. the technology firm recently made this interactive interface where only one would apply with each single client.,LABEL_3,False,0.7594407200813293,79
352,"Lowe's road to glory For Derek Lowe, two roads diverged not in a yellow wood, as New England's poet laureate Robert Frost had it, but on the greenswards of Fenway Park, Yankee Stadium, and Busch Stadium.",LABEL_1,"roosevelt' t road for victory of arthur Lowe, 2 volumes, also with the different style, like newly yorker' a poet sir ethan johns calls them, appeared in some grounds like arlington stadium, olympic stadiums, or other stadiums.",LABEL_1,False,0.7801162004470825,97
353,"Rooney going nowhere unless price is right: Moyes England striker on his way. Or is he? Will it be St James #39; Park or Old Trafford? Or will he remain at Goodison? Although Wayne Rooney today handed in a transfer request, and set in motion his seemingly inevitable ",LABEL_1,"hardly, anywhere, all becomes clear: rooney- rooney in its trail. how might it? would he take mr.# 9;- rooney at ##town? and should he stay at united? and rooney, has sent in no personal note, has bearing on mind its future impossible",LABEL_1,False,0.7612069845199585,100
354,"American Fish Confident About Tough Davis Cup Final The US Davis Cup team is gearing up for a tough final against strong Spanish opponents on an unfavorable surface but are optimistic about beating their hosts, said their semi-final team member Mardy Fish.",LABEL_1,"- Fish comments on us open Cup: a potential national semifinal finalists are shaping chances at some regional showdown with other american teams over a open field and feels uncertain on defeating our rivals, especially our now- regular winner, Mardy Fish.",LABEL_1,False,0.7903415560722351,113
355,"Fire Pit Dated to Be Over 50,000 Years Old (AP) AP - In the growing debate about when people first appeared on this continent, a leading archaeologist said Wednesday he has discovered what could be sooty evidence of human occupation in North America tens of thousands of years earlier than is commonly believed.",LABEL_3,"the Pit believed could have around 1, 00 centuries older( s) AP- as a historical record from where archaeologists originally arrived from a trip, the recent scholar stated that they recently found whatever might have archaeological remains from neolithic activity from northwest africa dozens per thousand earth days younger as are presently known.",LABEL_3,False,0.7860440015792847,121
356,"Nortel financial filings could be delayed into 2005 Less than a week after it launched a media blitz to boost its image, Nortel Networks Ltd. postponed yet again the release of its financial statements, underlining the company #39;s challenges to steer out of the ",LABEL_2,"although legal filing may not continued in or greater of the while before them announced this press event and strengthen their presence, Nortel communications llc. delays well beyond a date from their corporate statement, giving investment firm# 3; 3.$ opt off 2)",LABEL_2,False,0.852243959903717,98
357,A game to remember CHARLTON #39;S players past and present would have been proud with this display - and how fitting that a game marking the Addicks #39; centenary had everything you could wish for from a match.,LABEL_1,A tribute and commemorate team# 40; and both historical but modern supporters had were pleased in the honour- just this great of an game with a club# 10; 39 was anything they would want to in any match.,LABEL_1,False,0.7525938749313354,91
358,Cricket: India embarrassed by Australia on rain-ravaged day BOMBAY : India #39;s bid to secure a face-saving win over Australia got off on the wrong foot after they lost two quick wickets in the 11 overs bowled on the rain-hit opening day of the fourth Test here.,LABEL_1,"india: indian beaten against australians at raining- affected ground australia: batting# 4; their attempt at seal the on- off defeat for india came away with no bad side as it conceded one full innings after all seven innings, in this well- planned final leg before a third leg match.",LABEL_1,False,0.827999472618103,101
359,"3 Former Enron Executives to Share a Trial Kenneth Lay, a founder of the Enron Corporation, will get two criminal trials - one by himself and one with his former protg, Jeffrey Skilling, a judge ruled Tuesday.",LABEL_2,"former- former executive, have the case. however, another head at this same company, may hold 2 other trial- 1 from him or 1 by its own partner, robert lay, the trial was unsuccessful.",LABEL_2,False,0.7609820365905762,73
360,Blair: Time for Excuses on Africa Is Over (Reuters) Reuters - British Prime Minister\Tony Blair is to say Thursday that the time for excuses on\Africa is over as he chairs a meeting in Ethiopia he hopes will\turn the continent's problems into a global priority.,LABEL_0,"bbc: plea of advice that african are Over( interview) 2008- 09 foreign ministers\ george Blair turned a headline,' a plea with guidance that\ africans aren over; blair supports the programme for africa his fears should\ make a world' for prosperity as another profitable enterprise.",LABEL_0,False,0.760329008102417,114
361,"Aussies battle EU over cheese, champagne AP - The United States and Australia have prevailed in an interim ruling by World Trade Organisation (WTO) in a dispute over the protection given by the European Union to its regional goods such as Champagne wine and Feta cheese, trade officials said.",LABEL_2,"Aussies battle EU over cheese, but AP- The United States and Australia have prevailed in an interim ruling by World Trade organisations( WTO) in a dispute over the status given by the European Union to its regional goods such as Champagne wine and Feta cheese, trade officials said.",LABEL_0,True,0.9694536924362183,52
362,"Microsoft, Sun, Intel push IT management via Web services (InfoWorld) InfoWorld - Microsoft and Sun Microsystems on Thursday are publishing a specification to leverage Web services for managing a broad range of IT systems including PCs and devices on a network.",LABEL_3,"windows, microsoft, microsoft/ sun information and management.( web) microsoft- sun& ibm, however, is developing the plan towards offer technical support in developing some new class for web services like networks or servers inside the cloud.",LABEL_3,False,0.7703893184661865,81
363,Darfur warring parties to meet in Nigeria for peace talks (AFP) AFP - Sudan's government and its foes in the Darfur region's rebel movements will meet on Monday for peace talks which mark a last chance for African diplomacy to solve the crisis before the United Nations steps in.,LABEL_0,for peace talks may occur at africa with reconciliation negotiations( 2006) AFP- n' a forces or their supporters from a sudan government' as opposition groups must focus around sudan before the elections to become an central stage in western countries who discuss each issue until all african countries move on.,LABEL_0,False,0.8622275590896606,108
364,"Students Pay More for Beer Than Books British students spend about \$1.8 billion on drink every year, nearly three times as much as they cough up for books, a survey released on Monday showed.",LABEL_0,"Students Pay More for Beer Than Books- students spend about\$ 1. 8 billion on drink every year, nearly three times as much as they cough up for books, a survey released on Monday showed.",LABEL_2,True,0.9555617570877075,37
365,Trabelsi back on board with Ajax Arsenal target Hatem Trabelsi has settled his differences with Ajax after several months of wrangling. The Tunisian international defender was furious after it emerged a clause in his contract prevented him from completing a move to the Gunners.,LABEL_1,now back at board of Ajax former target david mohamed had overcome some issues for Ajax during six weeks during training. another former national captain is furious until he reveals this rift between their contracts prevents their in making the switch in another bundesliga.,LABEL_1,False,0.7660157680511475,124
366,"Federer to meet Hewitt in Masters Cup final Houston, TX (Sports Network) - World No. 1 Roger Federer of Switzerland and third-seeded Lleyton Hewitt each posted straight-set wins and advanced to Sunday #39;s final at the lucrative 2004 Tennis Masters Cup.",LABEL_1,"prepare and face federer after the world finals texas, texas( civic center)- european final. champion gary hewitt in europe& second- ranked john peers both earn 3- sets matches. advance: seeded# 1; won quarterfinal during this inaugural 2017 bwf champions tour.",LABEL_1,False,0.8452324271202087,87
367,"Ivory Coast's Army Bombs Rebel Towns (Reuters) Reuters - Government warplanes and helicopter\gunships pounded rebel-held towns in northern Ivory Coast for a\second day on Friday, fueling fears of a slide into all-out war\in the world's top cocoa grower.",LABEL_0,"Ivory Coast' s Army Bombs Rebel Towns( Reuters) Reuters- Government warplanes and helicopter\ gunships pounded rebel- holding towns in northern Ivory Coast for a\ second day on Friday, fueling fears of a slide into all- out conflict\ for the world' s top cocoa grower.",LABEL_3,True,0.9952645897865295,48
368,"Stocks to Watch on Dec. 1  NEW YORK (Reuters) - U.S. stocks to watch on Wednesday: IBM  CORP. &lt;A HREF=""http://www.investor.reuters.com/FullQuote.aspx?ticker=IBM.N target=/stocks/quickinfo/fullquote""&gt;IBM.N&lt;/A&gt;: The computer maker said it sealed deals worth  more than \$1 billion in new work with two European companies  from which the information technology company just acquired two  Danish services providers.",LABEL_2,"stock to observe at tv. net global market( us)- n. d. stock to observe for:: s ##n.& r; n#="" news:// com. int. cnn. org/ news. tv? n= 1. q ##r=/ stock/ companies/ business""& r; 0. b& b;/ n& q;: this internet institute says they has contracts with higher end\$ 2 million for new deals for three american firms by who this new european government allegedly purchased the european software provider.",LABEL_2,False,0.7694301009178162,157
369,Australia establish 300-run lead in third India Test (AFP) AFP - Australia batted cautiously in their second innings to build a lead of 300 runs over India with nine wickets in hand in the third cricket Test here.,LABEL_0,Australia establish 300- run lead in third India Test( AFP)-- Australia batted cautiously in their second innings to build a lead of 300 runs over India with nine wickets in hand in the third cricket Test here.,LABEL_1,True,0.9935899972915649,40
370,"Microsoft Sues BulletProof Web Hosts Anonymous writes  quot;Microsoft Corp. filed nine lawsuits against individuals and companies alleged to be involved in the distribution of spam, the company said Wednesday.",LABEL_3,"it Sues various internet providers or users directly; Microsoft inc. has had cases with organizations or individuals claimed by microsoft responsible of this rise through censorship, a firm admits publicly.",LABEL_3,False,0.7702593803405762,74
371,Pascual Rodriguez wins 18th stage of Vuelta race; Heras still &lt;b&gt;...&lt;/b&gt; Spaniard Javier Pascual Rodriguez inched ahead of Colombia #39;s Ivan Parra at the finish line to take the 18th stage of the Spanish Vuelta cycling tour Thursday.,LABEL_1,rodriguez also finished six stages during the giro; with p& l; e& f;...& f;/ s& l; juan pablo rodriguez then leads over the world# 6; mexican juan perez with a finishing podium. win a 2nd place in a 2016 professional spanish race championship.,LABEL_1,False,0.7695444822311401,89
372,"US Army considers shorter combat tours WASHINGTON -- The US Army may shorten yearlong combat tours in Iraq and Afghanistan amid concerns the long and perilous duty is making it difficult to recruit soldiers and keep current ones, officials said yesterday.",LABEL_0,"short military- long war service--- some american soldiers can take short military missions over afghanistan or iraq for years an expensive or difficult one, make them hard for find personnel or recruit new recruits, he says quietly.",LABEL_0,False,0.7787952423095703,81
373,Russia working on new nuclear weapons: Putin MOSCOW - New nuclear weapons systems being developed in Russia could include a missile designed to defeat the US missile defence shield.,LABEL_0,current works on new strategic projects: nuclear missiles- New new weapon system being designed in which could develop a weapon capable to penetrate the US nuclear missile defenses.,LABEL_3,True,0.7746845483779907,47
374,"Wal-Mart Brightens Dec. Sales Forecast  NEW YORK (Reuters) - Wal-Mart Stores Inc. &lt;A HREF=""http://www.investor.reuters.com/FullQuote.aspx?ticker=WMT.N target=/stocks/quickinfo/fullquote""&gt;WMT.N&lt;/A&gt;, the  world's biggest retailer, on Monday brightened its outlook for  December sales at U.S. stores open at least a year, seeing  sales up 3 percent bolstered by post-Christmas spending.",LABEL_2,"retail- shopping: 1. 1 for the year( 2017)- 2017- ##mart/ p.& ft; n+="" source:// news. fed. exchange. us/ index./? ref= ft. 2017 ##nd=/ au/ news/ news""& t; pp. b& f;/ g& f;, this nation' n largest company, in paper, has forecast their retail sale into a. m. retail stores for 10 each day, the outlook at 100% influenced from current- crisis forecast.",LABEL_2,False,0.8179144263267517,137
375,Smith setback for Windies West Indies have been forced to make a second change to their Champions Trophy squad because of injury. Dwayne Smith is suffering from a shoulder problem and has been replaced by Ryan Hinds.,LABEL_1,now playing second team West yorkshire had smith set on provide another major addition for his premier championship outfit as for 2015. but Smith still suffered as the back issue he made him replace for david Hinds.,LABEL_1,False,0.7902696132659912,94
376,"Verizon, Bain Near Canada Directory Deal  NEW YORK (Reuters) - Verizon Communications Inc. &lt;A HREF=""http://www.investor.reuters.com/FullQuote.aspx?ticker=VZ.N target=/stocks/quickinfo/fullquote""&gt;VZ.N&lt;/A&gt; is  near an agreement to sell its Canadian telephone directory  business to private equity firm Bain Capital, the New York Post  said on Wednesday.",LABEL_2,"therefore, at right:- north of london( canada)- company- s.& ft; location=="" at:// canada. int. investors. gov/ index. cn? type= ft. a&=/ company/ index/ news""& t; ft. o& t;/-&/; in that this opportunity to sold their business phone company division by general consulting firms and partners, a financial westminster journal reported that thursday.",LABEL_2,False,0.761919379234314,126
377,Schumacher in uncharted territory MICHAEL Schumacher doesn #39;t need to win the Belgian Grand Prix on Sunday to nail his unprecedented seventh Formula One drivers title.,LABEL_1,"thus from european competitions david mclaren was# 39; t need not win the german car championship until friday, nail his glorious ninth race One series winner.",LABEL_1,False,0.7568818926811218,94
378,"One assist, goal for hometown star STOCKHOLM, Sweden -- First, Peter Forsberg watched as his retired jersey No. 21 was lowered from the rafters at Kempehallen. Then, after getting a standing ovation from the sold-out crowd, the locked-out Colorado ",LABEL_1,"2 assist, scored at swedish championship club, finland-- 1, Peter bjorn, with a new jersey sr. 21, viewed off the outside at first. finally, while drawing some stands view at another dug- in arena, the wore- off.",LABEL_1,False,0.7502523064613342,110
379,"America #39;s curse There is an all but unanswerable case for asserting that the biggest story out of the United States this week has nothing to do with the presidential election, has no connection with the flu vaccine shortage and that it does not involve a gay bishop either ",LABEL_3,"America# 39; s curse There is an all but unanswerable case for asserting that the biggest story out of the United States this week has nothing to do with the general election, has no connection with the flu vaccine shortage and that it does not involve a gay bishop either",LABEL_0,True,0.9889216423034668,52
380,"IBM, LG Electronics to End Joint Venture International Business Machines Corp. and LG Electronics Inc. will end an eight-year alliance that helped expand the US computer maker #39;s presence in the booming South Korean PC market.",LABEL_2,"finally, also, will join the ventures of ibm computer inc.& apple international corp. would begin an 8- decade partnership, will strengthen a US product alliance# 39; s division in a global southeast asian PC marketplace.",LABEL_3,True,0.6324375867843628,77
381,"Inaction #39;s Consequence LAST MONTH the United States and its allies signaled a change in Sudan policy. Rather than pressuring Sudan #39;s government to halt its genocidal attacks against civilians in the western province of Darfur, they ",LABEL_0,"and# 36; c. next day both western sudan nor their neighbours announced any changes from the regime. other statements allow that# 28; d,; stop their violent operations on people of this northern region in sudan,;",LABEL_0,False,0.8185620307922363,79
382,"Pedro: Yanks? No Thanks: Bombers psyche out ace #39; Pedro Martinez last night uttered the absolute last words any Boston fan wants to hear from their ace - now, or ever: Call the Yankees my daddy.",LABEL_1,"alex: what?? carlos: gotta take your bat# 10; no, these few were these very final moments every baseball fan needed not learn from his ace- father, or luis: Call this guy your man.",LABEL_1,False,0.751741349697113,96
383,"Corning begins work on Taiwan LCD facility Encouraged by the demand for LCDs, glass maker Corning on Thursday said it has broken ground for a second manufacturing facility in Taiwan.",LABEL_3,"recently starting works for improved display technology prompted from a market in electronics, product ##maker Corning international electronics: they successfully broke ground with the similar such installation outside china.",LABEL_3,False,0.7815288305282593,74
384,Update 1: Foreign Drug Stocks in Spotlight Foreign drug stocks were in the spotlight Thursday with Food and Drug Administration news pulling the sector down. AstraZeneca PLC took a drubbing on the eve of its FDA advisory panel meeting for its orally ,LABEL_2,"chapter 10: international medicines sector by 2014 Foreign drugs stocks appeared on a top, despite medical& medical organization still tracking these stocks down. the organization suffered an nap for a day from getting to regulatory committee recommendations about them-",LABEL_2,False,0.7689005136489868,102
385,"Tesco To Sell Downloadable Tunes Tesco aint daft, theyve done the insurance blag and now they getting stuck into the music downloading service. They will be the first supermarket to enter a market that is worth over 25million and is currently dominated by the Apple run iTunes.",LABEL_3,"having they move their store in aint daft, having survived a last blag, so we feel drawn onto an online download market. it can become a first company that offer the sale who are worth around 1000 but are also covered in a Apple itunes service.",LABEL_3,False,0.7909750938415527,133
386,"Varitek's terms could be tough to meet As much as the Red Sox hope to persuade Jason Varitek to stay in Boston, they face a mighty challenge since Varitek's agent, Scott Boras, said last night the catcher expects to receive a five-year contract with a no-trade clause that compensates him as lucratively as the top catchers in the game.",LABEL_1,"mlb' a rules might are hard will meet so well with a Red Sox trying out convince Jason gonzalez could remain with Boston, might cause the huge problem as rodriguez' new agent, Scott Boras, stated next winter a catcher has him take the three- month deal under the player- trading clause who provides them thus far without another possible job for this country.",LABEL_1,False,0.7643841505050659,191
387,Hostage-taker snubs rescue team A PAKISTANI militant leader linked to al-Qaeda said today he refused to meet a council of tribal elders trying to secure the release of two Chinese hostages held by his group.,LABEL_0,prisoner- taker snubs- team the muslim religious group affiliated of pakistan- taliban announced that it had not meet the meeting for tribal leaders seeking for negotiate a freedom over four Chinese captives kidnapped from their organization.,LABEL_0,False,0.8205065727233887,108
388,Intel to take over HP #39;s Itanium chip team SAN FRANCISCO (CBS.MW) -- Intel will take over a team of 300 Hewlett-Packard chip designers working on Intel #39;s Itanium server processors.,LABEL_3,expected for taking away of# 38; c intel processors at st jose( c. 2014)-- this should carry forward the group with five all- silicon intel developers building with its# 41; d hp processor technology.,LABEL_3,False,0.8270581364631653,69
389,"Computer Associates exec pleads not guilty Sanjay Kumar, the former chief executive of Computer Associates of Islandia, NY, pleaded innocent Thursday to charges he helped inflate financial results.",LABEL_2,"technical services exec pleads not guilty Sanjay Kumar, the former chief officer of Computer products of Islandia, NY, pleaded innocent Thursday to charges he helped inflate the results.",LABEL_3,True,0.9568058252334595,34
390,"Put RSS Feeds On Your Web Page Put RSS Feeds On Your Web Page\\If you're interested in putting RSS feeds on your Web page but you don't have a lot of server/programming expertise, you might want to try the RSS Digest tool at http://www.bigbold.com/rssdigest/ . This tools has some nice extras on it, though at the moment ...",LABEL_3,"install rs programs in you internet pages, you feed from the internet pages\\ since we' ve successful at placing rs programs for my own pages and we haven' not require every bit for web/ server support, we may get some use an rs programming option from https:// news. rs. org/ products/. these one have a big ##ties behind you, especially for this time...",LABEL_3,False,0.8767291903495789,129
391,Crude oil prices soar on drop in US oil inventories Crude oil futures surged Wednesday as the US Energy Department reported US oil supplies fell more than expected. Crude oil for October delivery rose 1.68 dollars to 43.,LABEL_2,"american crude sales soar as drop of domestic petroleum- related petroleum supplies soared, despite a former prime ministry estimated oil crude imports rose slower on predicted. raw prices by june 2016 fell 6. 4%/ day.",LABEL_2,False,0.838178277015686,93
392,"Suicide Bomber Kills 21 Iraqi Troops  BAGHDAD (Reuters) - A suicide car bomb hit a bus carrying  Iraqi National Guards on Sunday, killing 22 people in the  deadliest attack of its kind in nearly four months on Iraqis  cooperating with U.S. forces to secure a Jan. 30 election.",LABEL_0,"baghdad bombing kill 22 iraq soldiers:( 4)- the large suicide bomber attacked the car transporting iraq military forces at friday, kills 21, with an worst killing during the day after almost five decades after saturday coordinating for n. a. authorities that have an sept. 11 meeting.",LABEL_0,False,0.9172030687332153,97
393,"Is King Kahn #39;s reign coming to an end? He is first choice for his club Bayern Munich and used to be an automatic selection for the national team too. But when Germany meets Iran in a friendly this weekend, Kahn is not going to be between the posts.",LABEL_1,"will( in# 1; 0) come at any ending? kahn was current player at my hometown, berlin but plans now as the international regular of this german club now. and if he faces germany during this match every week, Kahn has always chosen as him among all others.",LABEL_1,False,0.8036667108535767,108
394,NCAA Notifies Baylor Baylor received its notice of allegations Thursday from the NCAA about infractions in its men's basketball program discovered after the death of player Patrick Dennehy.,LABEL_1,note:- Baylor obtained official denial over that complaint by this NCAA after violations against their women' n football policy and over sexual misconduct against guard brian williams.,LABEL_1,False,0.76619553565979,72
395,"Jos. A. Bank Profit Jumps Jos. A. Bank Clothiers (JOSB:Nasdaq - news - research) posted a handsome third-quarter profit Monday, as strong Internet and catalogue sales helped drive a 17 hike in net income.",LABEL_2,"j. s. banks/ now Jos. b. banking)( french: et- bas- au) showed some modest second- half to earnings, although good wholesale& retail products did receive some 25 percent of annual profit.",LABEL_2,False,0.7613445520401001,76
396,"S amp;P says may cut Constellation Brands #39; debt rating Standard  amp; Poor #39;s on Tuesday said it may cut the debt rating for Constellation Brands (STZ.N: Quote, Profile, Research) deeper into junk, after the wine and beer distributor said it had launched an unsolicited offer of \$970 ",LABEL_2,"S ##1; amp, will serve the poor# 9; s' s amp; and# 1; p' ##gc: it could lower this credit ceiling of the company( STZ. a: price, title, name) further as planned, though national bar or wine association announced he was approved an initial amount of\$.",LABEL_2,False,0.7551498413085938,124
397,"Kendall Gives Jets' Offensive Line a Boost (AP) AP - Ask Curtis Martin to pick one of the most important additions to the New York Jets this season, and he has a quick answer: left guard Pete Kendall.",LABEL_1,"also- Jets' defensive high point team( nfc) AP- asks dean Martin and add two of the more recent options for the east York Jets this year, and he has the good one: left guard Pete brown.",LABEL_1,False,0.7597461342811584,136
398,"Passing of Arafat Draws Mixed Reactions (AP) AP - Tears and gunshots, praise and condemnation marked the death of Yasser Arafat, whose fight for the Palestinian cause made him a towering and controversial figure on the world stage.",LABEL_0,"death from israel with his emotions( 2) non- grief or anger, tears or sorrow at this passing as israel Arafat, who killed against a zionist party make it the significant but influential face for this international scene.",LABEL_0,False,0.7836885452270508,82
399,"Teenager Charged With Creating Sasser Informants, seeking a reward from Microsoft, led police to the German student.",LABEL_3,"Teenager Charged With Creating Sasser Informants, seeking a reward from authorities, led police to the German student.",LABEL_0,True,0.9387582540512085,19
400,"Chiefs' Green Expected to Start Sunday  KANSAS CITY, Mo., (Sports Network) - Kansas City Chiefs  quarterback Trent Green is expected to start in Sunday's game  against the Oakland Raiders despite suffering from bruises to  his ribs and hip.",LABEL_1,"ol' mike, nfl det. oklahoma tech, ky.,( et tv)- motor cities raiders qb maurice Green: slated would play during oakland' 24 bowl over a seattle chiefs after returning through trauma in her knee& wrist.",LABEL_1,False,0.8030283451080322,84
401,"Intel Shrinks Transistor Size By 30 pinkUZI writes  quot;Intel will announce that it has crammed 500 million transistors on to a single memory chip, shrinking them in size by 30.",LABEL_3,"silicon reduces its sizes at 4; 1 million; Intel would report if they had put several new chips in from this common silicon substrate, decreasing it from sizes over two.",LABEL_3,False,0.7599659562110901,69
402,"Delta Pilots Ratify Concession Package (Reuters) Reuters - Pilots at Delta Air Lines Inc. \on Thursday ratified a concession package that will save the\carrier  #36;1 billion a year, in a move the company hopes will buy\it time to restructure outside of bankruptcy.",LABEL_2,"american airlines- concessions-( pdf) 2017- management of Delta flight line corp.\ the board announced the new purchase which can make in\ company# 7; 3 million each month, for any transaction another group says can make\ force itself a look out in control.",LABEL_2,False,0.7689031362533569,95
403,"NFL Preview: Another streak mark looming for Patriots Until the final 11 minutes of the Rams-Seahawks game last week, Seattle #39;s visit to New England this Sunday looked like one of those overhyped matchups labelled  quot;Super Bowl Preview quot; or  quot;Streak-Ender.",LABEL_1,"patriots history: this same pattern continued with them for another full 20 minute into a patriots- patriots season next sunday, the# 39; just going over the jersey the game looks on any among the unofficial things called the; Super vs. super; and maybe; week- end.",LABEL_1,False,0.7562079429626465,104
404,"US Men Have Right Touch in Relay Duel Against Australia THENS, Aug. 17 - So Michael Phelps is not going to match the seven gold medals won by Mark Spitz. And it is too early to tell if he will match Aleksandr Dityatin, the Soviet gymnast who won eight total medals in 1980. But those were not the ...",LABEL_1,"his competitors are the best that each country, michael phelps, is. and-. mark williams feels finally ready of meet this individual bronze medal set with michael phelps. but she finds now difficult but know whether it can accept vladimir ##kovsky, this american athlete only contested seven different olympics during 1984. and these include only two...",LABEL_1,False,0.7748732566833496,115
405,Gazza goes back to school PAUL GASCOIGNE has quit as player-coach at League Two side Boston because he wants to study for a coaching qualification. The 37-year-old former wants to complete the course before trying to get a player-manager role.,LABEL_1,"Gazza came close from les ##co and has returned for players- trainer on formula Two side, as it needs he go into another university course. The 20- year- old italian offers a continue a project after refusing he complete the players- managerial contract.",LABEL_1,False,0.7822778224945068,122
406,Harrison keeps title for fifth time GLASGOW - Scotland #39;s Scott Harrison successfully defended his WBO featherweight title for a fifth time with a farcical first-round stoppage of Swedish-based Ethiopian Samuel Kebede on Saturday.,LABEL_1,- scottish title in fifth place 2014- scottish# 8; a' jones then reclaimed him for welterweight glory with another fifth title after an dramatic second- minute defeat for kenyan- defending champion david brown via point.,LABEL_1,False,0.7528954744338989,83
407,"Japan #39;s Sato staying at BAR Japan #39;s Takuma Sato will continue to drive for BAR next season, the Formula One team said on Tuesday. Sato, gearing up for his home grand prix at Suzuka on Sunday, is eighth in the ",LABEL_1,"japanese# 37; final position: for the japanese# 35; but sato, might be on ride on her last year, now racing again, again at saturday. he, lined back in their last super season for yokohama at weekend, are still out।",LABEL_1,False,0.7933425307273865,87
408,"UK satisfied with peace process, says Hoon ISLAMABAD, Oct 5: British Defence Secretary Geoff Hoon said on Tuesday that history would judge the pace of the peace process between Pakistan and India.",LABEL_0,"UK deals on the processes, per guardian 2012, volume 6: national security advisor christopher lloyd says by tv, we could see a pace on peaceful peace processes of britain or russia.",LABEL_0,False,0.7583389282226562,85
409,Stephen Dodd leads Volvo China Open Stephen Dodd took a three-stroke lead Friday after 36 holes of the Volvo China Open in Shanghai to stand six-under-par 138 after two rounds.,LABEL_1,david lee- 2016 japan opens- Dodd had an nine- par lead after over one hole from a 2015 chinese nationals from china lead finish 30- on- the board for three strokes.,LABEL_1,False,0.7801631689071655,81
410,Saks to close 11 stores New York retailing group Saks said Friday it will close 11 stores and shed 700 jobs. The company said it will close down eight Saks Fifth Avenue stores and three Off 5th Avenue ,LABEL_2,"prior on closing one store and area retail stores- they said them would closing 12 shops or close 14 employees. a firm announced their would closed only six Saks- avenues store, one near 42nd street",LABEL_2,False,0.8405656218528748,84
411,AOL Files Lawsuit Against IM  #39;Spim #39; America Online Inc. said Thursday it had filed a federal lawsuit accusing numerous unnamed defendants of violating federal and state laws by sending bulk messages known as  quot;spim quot; to instant message accounts and Internet chat rooms.,LABEL_3,"AOL filing lawsuits with inc# 38; com# 42; american, com. subsequently, com was filing an related suit alleging several unrelated individuals for violation national& federal law on providing electronic messaging such that email; and sms; from internet mail systems& online messaging platforms.",LABEL_3,False,0.8035901784896851,100
412,"I.B.M. Sought a China Partnership, Not Just a Sale Inside I.B.M., the issue of whether to stay in the personal computer business has been debated for a decade. The issue was put to rest last week.",LABEL_3,"I. B. M. Sought a China Partnership, Not Just a Sale Inside I. B. M., the issue of whether to stay in the personal services business has been debated for a decade. The issue was put to rest last week.",LABEL_2,True,0.9117936491966248,42
413,"Delegates Urge Cleric to Pull Out of Najaf BAGHDAD, Iraq - Delegates at Iraq's National Conference called on radical Shiite cleric Muqtada al-Sadr to abandon his uprising against U.S. and Iraqi troops and pull his fighters out of a holy shrine in Najaf...",LABEL_0,"they request iraq to withdraw Out into the governorate,.- participants for baghdad' 08 media forum call for iranian cleric sheikh abdullah el- rashid should cease their fight among n. t. or iraq shia or pull his followers out from this holy mosque of mecca...",LABEL_0,False,0.7868292331695557,114
414,"Update 2: Time Warner Profit Dips, Sets Aside Reserve Time Warner Inc., the world #39;s largest media company, said Wednesday that its third quarter earnings slid 8 percent as it set aside a \$500 million reserve because of pending government investigations.",LABEL_2,"note 1: pay- warner group, including in- world media corp., holding firm# 3; inc. news daily, reported yesterday of our previous largest profit slid 40% since they won back an\$ 3 billion fund out on its internal investigation.",LABEL_2,False,0.8219597339630127,92
415,"Florida Supreme Court puts Nader on state ballot (AFP) AFP - The Florida Supreme Court has ruled that third-party presidential hopeful Ralph Nader can appear on ballots in the decisive state, increasing the chance the maverick contender will again influence the outcome of the presidential election.",LABEL_0,"the constitutional issue the ballot and republican platform( AFP) vote- a louisiana appellate circuit jury decided whether major- label political nominee george bush will get that ballot during an next primary, reducing a probability any three candidates may successfully alter both outcomes during upcoming national elections.",LABEL_0,False,0.765133261680603,100
416,"Steenland: Northwest Joins Southwest In Raiding Bankrupt ATA Turf Gnawed by Northwest. Joining an apparent feeding frenzy, Northwest Airlines (nasdaq: NWAC - news - people ) on Tuesday said it plans to expand in Indianapolis, a move that will knock rival ATA Airlines from its No.",LABEL_2,"2017: southeast join northwest for keeping the ATA Turf owned in northeast. amidst the unprecedented sales success, southwest airways( us: tribune- eagle- northwest) in arrival says she hopes another launch around 2016, another venture who can move another nonstop flight in. 500.",LABEL_2,False,0.7736601829528809,101
417,Verizon brings top-speed DSL to 16 more areas DSL at 3mbps debuts in areas within company's existing footprint.,LABEL_3,the increased top- area leads toward 16 more area DSL capabilities present available at cities across it' re operational boundaries.,LABEL_3,False,0.7580976486206055,44
418,Sharon Faces Netanyahu Threat to Resign Over Gaza  JERUSALEM (Reuters) - Israeli Finance Minister Benjamin  Netanyahu said on Tuesday he and three other cabinet members  from Ariel Sharon's Likud would quit unless the prime minister  agreed to hold a referendum on a pullout from Gaza.,LABEL_0,"israel expresses his desire, quit on that issue( 1)- palestinian parliament spokesman moshe barak stated through facebook his fears four parliamentary staff representatives of both israel' n countries will resign if both foreign ministers declined or allow any vote against the departure through israel.",LABEL_0,False,0.7850371599197388,91
419,"NASA Chief Applies for Job at LSU (AP) AP - NASA Administrator Sean O'Keefe will resign this week, a government official said Sunday, and a spokesman for Louisiana State University said O'Keefe is a leading candidate to become a chancellor there.",LABEL_3,"- administrator, with tenure of LSU( 2017) co- NASA manager. e' malley may go a little, another nasa representative added later, or some lawyer from washington federal government. e' shea as another candidate hopeful will remain the scientist permanently.",LABEL_3,False,0.7659016847610474,98
420,"Novell NetWare users get Microsofts Offer With Novell concentrating on Linux more and more, many NetWare consumers might be facing dilemmas on where to move on for future needs.",LABEL_3,"end- user wants to be on Novell based with it software but furthermore, other linux customers will are leaving constraints of what you work around with current use.",LABEL_3,False,0.8226263523101807,66
421,Next Big Hit at the Modern: Its Reopening The buzz over the greatly enlarged museum is expected to turn into a cacophony on Saturday.,LABEL_0,Next Big Hit in a museum: Its opening weekend buzz in a freshly renovated theater: about now change like the hit for us.,LABEL_0,False,0.7749409675598145,75
422,"France joins Germany, Japan in economic slide (AFP) AFP - The French economy hit a rough patch in the third quarter, throwing the government's full-year growth target into question amid signs of an economic slowdown in the 12-nation eurozone.",LABEL_2,"germany germany japan, engaging into rapid progress( [UNK]) AFP- a economic recession with the dramatic conclusion over a next month, putting each country' on two- quarter gdp growth without doubt with rumors for another unexpected recession with a 20- member economy.",LABEL_2,False,0.8006623983383179,90
423,"SBC links e-mail, voice messages, fax SBC on Monday announced a new service that integrates voice messages, faxes and e-mails into a single mailbox that can be accessed from anywhere by phone or the Internet.",LABEL_3,"SBC: e- mail, voice messages, fax SBC on Monday announced a new service that integrates voice messages, faxes and e- mails into a single mailbox that can be accessed from anywhere by phone or the Internet.",LABEL_2,True,0.9899152517318726,39
424,"South African Miner in Hostile Bid for Gold Fields Harmony Gold Mining, the largest miner of South African gold, made a hostile bid yesterday to acquire Gold Fields Ltd., another South African miner, for 52.",LABEL_2,"the asian company led the bidding against mining rights by golden fields, an biggest miner from South asian mining, won some similar bidding trying for buy silver field mine., the South australian mine,- 2.",LABEL_2,False,0.7716009616851807,87
425,"Blair Calls for World to Unite Prime Minister Tony Blair tried to bridge the trans-Atlantic rift over Iraq, urging a  quot;fractured, divided and uncertain quot; world to unite in the wake of President Bush #39;s election victory.",LABEL_0,"common, one worlds: united, ministerial wise, us, resolve these intra- pacific tensions of war, by the coalition; other, separate but failed world; uk is uniting on this spirit in george Bush# 9; american presidential election.",LABEL_0,False,0.7548202276229858,87
426,"Global sales of mobile phones hit record levels PARIS Global cellphone sales rose to record levels in the second quarter as Nokia clawed back some of its lost market share, according to figures released Thursday.",LABEL_3,"Global sales of mobile phones hit record levels PARIS Global phone sales rose to record levels in the second quarter as Nokia clawed back some of its lost market share, according to figures released Thursday.",LABEL_2,True,0.994577944278717,37
427,"IBM Updates WebSphere Application Server The Express version of the new WebSphere server is targeted at the small and midsized business market.  quot;The SMB market has become much more pivotal and crucial to everyone, quot; according to Yankee Group analyst Laura DiDio.",LABEL_3,"business web ibm server the current newest release as a commercial web application platform targeting in all corporate or large enterprises markets. overall; this new server is got far less active& important, business, etc; said both the director and president staff.",LABEL_3,False,0.7883468270301819,87
428,Thai Villagers Search for Relatives Hundreds of villagers besieged a Thai military camp Wednesday demanding to know whether their relatives were among at least 78 Muslim men who officials said suffocated ,LABEL_0,local authorities searched of some relatives by people inside the Thai army which are demanded they speak about these families who found out that two local people where later found|,LABEL_0,False,0.7795737385749817,70
429,"Injured Heskey to miss England friendly NEWCASTLE, England (AP) - Striker Emile Heskey has pulled out of the England squad ahead of Wednesday #39;s friendly against Ukraine because of a tight hamstring, the Football Association said Tuesday. ",LABEL_1,"- having england lose the national match, wales( 2009)-> david Heskey have been part for a scotland team regardless from his# 3; to start in england out with an injured shoulder, a guardian writers reported,.",LABEL_1,False,0.7907006740570068,79
430,Row over Australian army photo A picture of Australian troops dressed as members of the Ku Klux Klan stirs accusations of racism.,LABEL_0,Row on american military uniforms; photo. british soldiers disguised by agents at a Ku german resistance in thoughts about violence.,LABEL_0,False,0.7724765539169312,59
431,"Official: FARC Sought Bush Assassination Colombia's main rebel group asked followers to mount an assassination attempt against President Bush during his visit to Colombia last week, Defense Minister Jorge Uribe said. There was no evidence Saturday that rebels even tried to organize such an attack.",LABEL_0,"sources: colombia backed chile and bolivia' its national guerrilla force wanted it can perform every attack planned on general Bush in our mission against ecuador next morning, colombian director pablo garcia says. it found the reported evidence if it truly wished that execute even this assassination.",LABEL_0,False,0.807233452796936,100
432,Threat to behead Japanese soldier The group led by wanted terrorist Abu Musab al-Zarqawi has said it has abducted a member of Japan #39;s armed forces and is threatening to behead him if the Japanese government does not withdraw its troops from Iraq within 48 hours.,LABEL_0,threatening a kill american military another faction formed of islamic terrorists group and isis- qaeda have stated they have kidnapped the soldier at Japan# 4; however. group one has threatened with assassinate them unless any american military can safely withdrawal their soldiers into japan before 18 months.,LABEL_0,False,0.8254346251487732,104
433,Fusion reactor decision must wait Six nations planning to build the world's biggest nuclear fusion reactor fail to agree where to site the facility.,LABEL_0,for nuclear planning will be Six countries seeking in develop a nation' t largest operational nuclear reactors meet& decide who must build this reactor.,LABEL_0,False,0.7846977710723877,58
434,"Israel levels new accusations against Syria Without acknowledging responsibility for the car-bombing death of a Hamas activist in Syria, Israeli Deputy Defense Minister Zeev Boim yesterday issued a toughly worded ",LABEL_0,"syria issued new claims about israel as being responsible over a truck- bomb bombing against any palestinian militant inside gaza, and israeli defence ministers israel, has made accusations harshly-",LABEL_0,False,0.81385338306427,67
435,"Amazon.com net sales jump 29; Google reports \$52M in net income OCTOBER 22, 2004 (IDG NEWS SERVICE) - Amazon.com Inc. fell a penny short of analysts #39; per-share earnings expectations, while reporting net sales of \$1.",LABEL_2,"inc. reports total sales at 30; then reported\$ 52M on gross earnings april 6, 2007( IDG media website)- inc.& ft. fell this week out with company# 3; on- page- 32, then reported net revenues below\$ 52.",LABEL_2,False,0.7661876082420349,106
436,Ship hits Japan breakwater At least six crew members are killed and one is missing after a  South Korean cargo ship hits a breakwater in Japan.,LABEL_0,boat crash ship: as most six team member be murdered. crew are rescued from the central asian submarine and leaves the port of china.,LABEL_0,False,0.7795690298080444,59
437,"Japanese baseball players set to strike Japanese baseball players will strike for the first time if owners proceed with a proposed merger of two teams, the players #39; union said Monday.",LABEL_1,"american association: scheduled may begin the following player may strike for a first strike if players agree of any potential replacement with other pitchers, former yankees# 10; baseball news Monday.",LABEL_1,False,0.7566620111465454,86
438,"Egypt names former player Shehata as caretaker coach The Egyptian Football Association (EFA) has appointed a domestic coach to take over Italian Marco Tardelli who was sacked earlier this month after a surprise defeatto Libya, a spokesman said Thursday.",LABEL_1,"espn described this coach himself is the one that international soccer organization( EFA) recently hired the former assistant, carry care of coach ##tti which she dismissed early the day with an historic defeat Libya, this report stated,.",LABEL_1,False,0.7884804010391235,93
439,"Vladimir Putin: Claims of authoritarian drift  quot;total nonsense quot; President Vladimir Putin rejected concern that he is beating a path toward authoritarianism, calling such criticism  quot;total nonsense quot; in an interview published Friday and saying Russia needs time to build democracy after centuries of heavy ",LABEL_0,"- russian: analysis on political situation;;> ##itarian.;:.. expressed disappointment if it meant pursuing any type of dictatorship, without getting a dictatorship;##-;> the opinion following criticism which claims he wants putin can get power with decades on?",LABEL_0,False,0.7734546661376953,95
440,Music lovers can download entire track on their Mobile Phone Here is good news for music lovers! Now you can download the entire track on your mobile phone. This is made possible as two giants US-based Melodeo and Warner Music Group has signed an agreement whereby consumers ,LABEL_3,most enthusiasts has downloaded every song from his smartphone and there been great support by our fans! so we could get every whole song from our own mobile. it remains not clear if the large multi- registered artists of world recording music group concluded any agreements:;,LABEL_3,False,0.7693939208984375,97
441,Arsenal loses again in Premier League Arsenal dropped five points behind Chelsea in the English Premier League on Sunday after losing 2-1 to Liverpool on an injury-time goal by Neil Mellor.,LABEL_1,united lost however at champions cup they fell 1 point at arsenal at 2nd british national division league thursday with loss 5- 5 for chelsea despite the inside- field assist of martin ferguson.,LABEL_1,False,0.8076813220977783,67
442,South Seas Islands Pin Future on Geotourism The Cook Islands receive more tourists per capita than any other South Pacific destination. Now authorities are revamping their tourism strategy to focus on preservation.,LABEL_3,southern islands- follow- through tourism this south island experiences higher visits that decade that the previous high seas archipelago. more people start altering some business practices and focusing upon conservation.,LABEL_3,False,0.810900092124939,65
443,"No. 6 Duke Tops South Fla. in Women #39;s NIT Duke #39;s Wanisha Smith (23) celebrates a Duke basket along side assistant coach LaVonda Wagner during the second half of the second round of the Pre-Season Women #39;s National Invitational Tournament on Sunday, Nov. 14, 2004 in Durham, NC No.",LABEL_1,"the. 3rd team in its class. during the# 15; n tournament,# 38; n courtney brown( duke) scored an Duke try off touchdown to a mike smith before a last quarter during a last second during a tri- game.# 38; ns regional invitation invitational, tuesday, jan. 15, 2014 at raleigh, us ##f.",LABEL_1,False,0.7835996747016907,116
444,Martian Weather Blamed for Loss of Beagle 2 Description: An investigation into the loss of Britain #39;s Beagle 2 spacecraft last December suggests the cause may have been unusual Martian weather.,LABEL_3,"bad storms Blamed for Loss of Beagle 2:: An investigations into the loss of flight# 39; s Beagle 2, last updated) the cause may have been severe tropical depression.",LABEL_0,True,0.7783286571502686,44
445," #39;Breakthrough #39; on hydrogen fuel US scientists had made a breakthrough in their quest to make low-cost hydrogen, a technology key to finding new sources of energy to end US dependence on foreign oil, they said.",LABEL_3,"# 39; on# 39; on hydrogen fuel US leaders had made a contribution in their quest to make low- cost hydrogen, a technology key to finding new sources of energy to end US dependence on foreign oil, they said.",LABEL_2,True,0.9246186017990112,42
446,"FDA Warns Cyberonics on Manufacturing  CHICAGO (Reuters) - U.S. regulators warned Cyberonics Inc.  &lt;A HREF=""http://www.investor.reuters.com/FullQuote.aspx?ticker=CYBX.O target=/stocks/quickinfo/fullquote""&gt;CYBX.O&lt;/A&gt; of manufacturing deficiencies at the Houston plant  that makes its sole product, an implantable device to treat  epilepsy, the company said on Monday.",LABEL_2,"the Warns: info- CHICAGO( chicago)- p. d. government, from gov.& cia; ref=="" product:// com. bloomberg. market. org/ business. html? ref= inc., ##it=/ outlook/ news/ business""&#; CYBX. t& t;/ t& e; with equipment manufactured from this manufacturing process which made their own products, the electronic circuit and combat diseases, this paper is via twitter.",LABEL_2,False,0.7796909213066101,140
447,"NetApp CEO: No Storage Spending Shortfall (TechWeb) TechWeb - Customers are decoupling storage from server purchases, which explains why EMC and NetApp earnings were up and why Sun and HP were flat or down, Warmenhoven says.",LABEL_3,"NetApp CEO: learn more!!( 2013) news- companies keep receiving reports with large clients, who explain where EMC or pc prices stayed low and why dec and HP remained low but not, he explains.",LABEL_3,False,0.7532106041908264,103
448,"Hutchison cuts IPO size by 7 pct HONG KONG: Hutchison Telecommunications International Ltd (HTIL) cut the size of its IPO for a second time to bolster interest in its shares, reducing the sale #39;s value by about 7 percent to between US\$890 million and US\$1.",LABEL_2,"** documents filed november 2012 pct, taiwan: taiwan communications company limited( taiwan) reduced a amount for their IPO after the third round would improve sales within their portfolio, lowering all original# 2; index shares of over 50%, around hk\$ 6, or usd\$ 4.",LABEL_2,False,0.7627652287483215,111
449,"Alcoa Warns Earnings to Miss Forecasts (Reuters) Reuters - Alcoa Inc. , the world's largest\aluminum producer, on Thursday warned that third-quarter\results would fall far short of Wall Street expectations, hurt\by plant shutdowns, restructuring costs and weakness in some\markets.",LABEL_2,"- is it to Miss-(-) results- apple Inc., the world' s biggest\ industrial enterprise, on twitter predicted that third- sector\ manufacturing would fall far short of Wall- results, hurt\ by plant losses, operating costs and prices in some\ sectors.",LABEL_3,True,0.5984089374542236,63
450,"Seahawks Take NFC West The Seahawks deny a Falcons' two-point try for the tie with no time remaining to wrap up the NFC West, 28-26, on Sunday.",LABEL_1,"to reach this, both packers hit the seahawks' 2- goal attempt into another pass. a way left will set out an NFC West, 31- 24, by aggregate.",LABEL_1,False,0.7720091342926025,72
451,"Open-source spat triggers legal threat Company says it paid for the code that was contributed, against contract, to free Mambo publishing software.",LABEL_3,"Open- sourced spat ##o- software, says that pays for a code that were written, by copyright, under free that ##s license.",LABEL_3,False,0.7558058500289917,82
452,'Cities in crisis' leaders warn World leaders warn that rapid urbanisation will become one of the biggest challenges of the 21st Century.,LABEL_0,' city in development' will warn: cities warn that rapid development will pose one of the greatest issues of the 21st centuries.,LABEL_3,True,0.8463093042373657,33
453,"Pacific Oil Link Is Best for Russia, Ambassador Says (Update1) Russia, the world #39;s second-biggest oil exporter, will benefit most from a Siberian crude oil pipeline to the Pacific rather than to China as energy resources are needed to develop the ",LABEL_2,"the energy industry does Best with putin, who states( a) japan, a current# 3; 2)- greatest potential producer, should get most for any large potential oil export through a west more efficiently towards russia because additional supplies is essential for sustain'",LABEL_2,False,0.7752879858016968,100
454,"Swing and a Miss for Asteroid An asteroid the size of a large storage shed came within 4,100 miles of Earth this spring, making it the closest near miss ever recorded, US astronomers said this week.",LABEL_3,"Swing and swing ... for- the object found inside in the small tool shed scattered across 7, 800 kilometers into space a month, called the' most near miss yet since, as scientists said the week.",LABEL_3,False,0.7780525088310242,128
455,"Pilot leaders OK Delta deal The leadership of Delta Air Lines #39; pilot union early this morning approved a tentative concessionary agreement with the company, sending it to a vote of the entire membership.",LABEL_2,"ok, deal- deal on fate of pacific airlines service# 39; pilots meeting earlier a month negotiated the full operating contract of a group, binding themselves on the vote with any pilot group.",LABEL_2,False,0.7675532102584839,92
456,Ganguly suspension appealed London - The International Cricket Council (ICC) on Monday confirmed that it had received notice from the Board of Control for Cricket in India (BCCI) that it was intending to appeal against captain Sourav Ganguly #39;s two Test match suspension.,LABEL_1,he then informed cricket- related national sports authority( nba) that wednesday afternoon as was being given approval by a bureau for commissioner of games from england( bis) that they am preparing its appeal for cricketer ##s Ganguly# 9; after 5 consecutive days ban.,LABEL_1,False,0.8039489388465881,101
457,"Durable Goods Orders Up 0.2 Percent (Reuters) Reuters - U.S. orders for long-lasting durable\goods rose by a smaller-than-expected 0.2 percent in September,\held back by another sharp fall in commercial aircraft,\government data showed on Wednesday.",LABEL_2,"new estimates, of 1. 5,( 2006),- n. b. orders in heavy- haul goods\ had risen at some greater- that- normal 1. 1% by november,\ bounced down upon some recent decline on domestic demand,\ the report published from cnn.",LABEL_2,False,0.7833659648895264,92
458,UEFA Cup Round-up Newcastle eased their way into the UEFA Cup group stages on Thursday night as Alan Shearer and Patrick Kluivert hit the goals trail again in a 5-1 victory over Bnei Sachnin in Israel.,LABEL_1,their european match- out had eased its way onto a european qualifying groups a clear saturday afternoon before jamie fletcher or alex smith filled a scoring net respectively into this 7- 5 win for david abraham for belfast.,LABEL_1,False,0.7846116423606873,90
459,Game sparks sales frenzy GAMES stores opened at midnight to meet demand for the latest version of the controversial Great Theft Auto. There were queues outside shops around Merseyside with people anxious ,LABEL_3,"Game sales on new releases also ran that night, attract requests from some new versions with a new super Theft Auto. here started queues from stores outside london for customers.",LABEL_3,False,0.7712312936782837,91
460,"Karzai heading for Afghan victory Supporters of Afghan President Hamid Karzai say he is on course to win the presidential elections, with about one-quarter of the votes counted.",LABEL_0,"total votes on elected president followers in president general amir Karzai said it will also campaign for contest this next election, after over 1- half in this electorate winning.",LABEL_0,False,0.7971493005752563,66
461,"Long and short of a rivalry that was Five years may not seem a whole lot, but consider what has happened since the last time the Green Bay Packers played the Dallas Cowboys prior to today #39;s meeting.",LABEL_1,"time the quiet of the time when the two decades might never be some big difference, and look this had occurred from every next moment a Green bowl team hosted the Dallas bears back( date# 5; 1975).",LABEL_1,False,0.7700469493865967,95
462,Playing with the traumas of war Are games based on the Vietnam conflict making us immune to realities of history?,LABEL_3,Playing with the traumas of war Are they based on the Vietnam conflict making us immune to realities of history?,LABEL_0,True,0.9271285533905029,22
463,"Anti-Spyware Spending Set To Skyrocket The spyware plague will trigger a 2,500 percent increase in enterprise spending by 2008, a market-research firm reports. By Gregg Keizer.",LABEL_3,"Anti- spy programs Set To meet The great recession will have a 2, 500% rise in total revenues by 2008, a market- watch firm advised. By Gregg Keizer.",LABEL_2,True,0.7005965113639832,47
464,"Ancient Skull Fragment Hints at Surgery (AP) AP - A skull fragment found in a 400-year-old trash pit at Jamestown contains evidence of the earliest known surgery  #151; and autopsy  #151; in the English colonies in America, researchers say.",LABEL_3,"some other fragments discovered in the( a) AP- the skull fragments discovered from the quarter- century- bce burial chamber in cambridge- examples among those oldest- anatomy# 149; medical anthropology# 154; early american west, and archaeology, others vary.",LABEL_3,False,0.837859034538269,88
465,"Strikes at London airports London - A 48-hour strike by aircraft refuellers at London Heathrow airport got under way on Friday, with baggage handlers at Gatwick airport also preparing to walk out, threatening a weekend of travel disruptions.",LABEL_2,"strike on the airport friday- the 24- hours strikes from airlines based outside all london airports came in place from wednesday, despite cargo handling from westminster airports quickly beginning from bottom down, triggering this week for economic disruption.",LABEL_2,False,0.8593642115592957,77
466,"Australian journalist tells of capture in Iraq TONY EASTLEY: An Australian journalist snatched by insurgents in Iraq, has contradicted claims by Foreign Minister Alexander Downer that he was kidnapped in a part of Baghdad where he was advised not to go.",LABEL_0,"british correspondent reporting on events around baghdad richard EASTLEY: the american reporter detained from police from turkey, has repeated rumours from us agent david mitchell of has got captured by the region in syria when it is forced nowhere they want.",LABEL_0,False,0.7731099128723145,97
467,Button Must Stay With BAR! The FIA #39;s Contract Recognition Board (CRB) finally got around to deciding whether or not Jenson Button is contractually allowed to go drive for Williams next season.,LABEL_1,it can be another car!: the# 4; co- management team( CRB) not thought through and considering if or even this Button will ever eligible will stay on under him and race.,LABEL_1,False,0.7723357081413269,88
468,"Agassi advances in Madrid, Henman eliminated Top seed Tim Henman suffered a 6-4,4-6, 6-2 defeat to Croatian Ivan Ljubicic in the Madrid Masters on Thursday as Andre Agassi advanced to the quarter-finals with a 6-1,6-3 victory over Vincent Spadea.",LABEL_1,"and also that november, he beat third seeds stephen lee for another 3- 15, 0- 15, 3- 6 victory, bosnian international ##ic for a final tournament that friday, john Agassi advance past a half- final after another 4- 6, 4- 6 defeat against jesse clayton.",LABEL_1,False,0.7872529029846191,102
469,HOW DOES MONTGOMERIE RANK AMONG THE GREATS? Scotland #39;s Colin Montgomerie sank the winning putt at the 35th Ryder Cup at Oakland Hills in Detroit to ensure the trophy remained in European hands and maintain his unbeaten record in singles matches in the competition.,LABEL_1,where do he qualify amongst their best?=# 16; c j mackenzie defended a second putt with a 2nd Ryder trophy against forest hill of 1995- watch a game remain under british dominance but keep its impressive records by winning tournaments of every championship.,LABEL_1,False,0.7678857445716858,104
470,Study to Examine Effects of Ship Waste (AP) AP - A team of scientists is traveling a 600-mile stretch of the Inside Passage this month to study the effects of cruise ship waste and other contaminants in Southeast Alaska waters.,LABEL_3,studies help determine effect on maritime pollution( epa) AP- 1 crew for researchers currently visiting the 100- km length in a middle of the ocean will assess environmental impacts in maritime waste discharge or solid waste of southern us waterways.,LABEL_3,False,0.8362699747085571,88
471,"Israel, Egypt in Prisoner Swap  CAIRO (Reuters) - Israel released six Egyptian students  from prison on Sunday as part of a deal which includes freedom  for Israeli businessman and convicted spy Azzam Azzam, Egyptian  security sources said.",LABEL_0,"egypt, included israeli prison transfer talks( 2006)- to release five israeli prisoners in egypt upon release of parts for the group being granted asylum by egyptian student or former prisoner ali kamal, israeli intelligence officials say.",LABEL_0,False,0.8680064678192139,73
472,"Lebanon and Syria have not complied with UN resolution: Annan UNITED NATIONS - Secretary-General Kofi Annan reported that Syria has not pulled its forces out of Lebanon as called for by the UN Security Council, and said he had requested a timetable from Damascus for its full implementation.",LABEL_0,"lebanese syria lebanon does still comply on the resolutions: syria said countries- director- admiral sharif ahmed confirmed the lebanon did still withdrawn their force inside east beirut if ordered out of a regional control commission, but confirmed they not obtained the request of iraq about their rapid response.",LABEL_0,False,0.8209070563316345,97
473,"Pinkel reinstates Damien Nash Missouri tailback Damien Nash was reinstated by coach Gary Pinkel, ending a one-game suspension for the teams #39; leading rusher.",LABEL_1,"coach- marc johnson: assistant Damien Nash is replaced with linebacker chris Pinkel, after the three- day stint at cornerback starting# 3; former rusher.",LABEL_1,False,0.7716082334518433,79
474,"Chirac says Turkey's EU bid 'not a done deal' (AFP) AFP - French President Jacques Chirac said Wednesday that Turkey's EU membership bid was  quot;not a done deal, quot; although he believed it was in Europe's best interests, a government spokesman reported after a cabinet meeting.",LABEL_0,"he dubbed france' eu bid proposal' no- did deals'( [UNK]) cp- c leader andre ##uil claimed earlier: french'' 2016 eu bid went yes; is the made offer, indeed; though they felt he remained of turkey'"" greatest interest, the turkey spokesperson confirmed during another party congress.",LABEL_0,False,0.7906394004821777,105
475,Study: Mobile phone use increases brain tumor risk But researchers say data based on analogue phone usage may not yield same results as digital phone usage.,LABEL_3,note: digital smartphone uses increased cell cancer risks and studies of information gathered by analog phones use could possibly provide comparable result in normal telephone use.,LABEL_3,False,0.8213099241256714,53
476,Fannie Mae mess worries investors The fallout from allegations of serious accounting problems at Fannie Mae has rattled investors and could even bump up mortgage rates down the road.,LABEL_2,Fannie Mae worries around about some time that reports from massive financial irregularities within sylvia high have caused them or may actually stir down interest due up a bank.,LABEL_2,False,0.7622504830360413,72
477,Sister of man who died in Vancouver police custody slams chief (Canadian Press) Canadian Press - VANCOUVER (CP) - The sister of a man who died after a violent confrontation with police has demanded the city's chief constable resign for defending the officer involved.,LABEL_0,"brother- woman, killed at local court- police officer( local c) local media- reporter( c)- a brother with another girl, died in an personal struggle for police, prompted a police' own chief to resign despite being those ones responsible.",LABEL_0,False,0.7758021354675293,112
478,British Media: Security Stopped Several Major Terrorist Attacks A British television station and a newspaper are reporting that British security services believe they have thwarted several major attacks planned by terrorists linked to Osama bin Laden #39;s al-Qaida organization.,LABEL_0,american television: has seen many serious terrorism incidents the local tv channel or the reporter has claiming for their secret service claim we had stopped many such incidents headed against and opposed by bin' said# 4; the counter- islamic group.,LABEL_0,False,0.7818045616149902,83
479,"Oil Surges to New Intraday High in Europe (AP) AP - The price of crude oil surged to a new intraday high of US #36;53.42 in European trade Monday, despite assurances from Middle East oil producers that they were committed to bringing the price down as a strike began in Africa's largest exporter.",LABEL_0,"Oil Surges to New Intraday High in Europe( AP)-- The price of crude oil surged to a new intraday high of US# 36; 53. 42 in European trade Monday, despite assurances from Middle East oil producers that they were committed to bringing the price down as a strike began in Africa' s largest exporter.",LABEL_2,True,0.9945552945137024,57
480,"Tough Talks Ahead After EU Is Criticized Efforts to forge the world's largest free trade zone between the European Union and South America's Mercosur economic bloc are unlikely to be concluded by an Oct. 31 deadline, the EU said Thursday, with both sides declaring each other's trade offers insufficient.",LABEL_2,"the week immediately that EU Is leading negotiations to establish the country' s second free trading zone of the latin america and western atlantic' s western european bloc are likely to be completed by an Oct. 31 meeting, the EU said that, with both leaders leaving each others' s peace deals void.",LABEL_0,True,0.8016154170036316,80
481,"Big Green slip by Wildcats Mike Lang had a career-high 25 points, including the go-ahead jumper with 1:16 remaining, to lift Dartmouth to a 69-67 nonconference victory over New Hampshire last night in Hanover, N.H. Lang's basket broke a 66-66 tie. Dartmouth (3-3) then fouled the Wildcats' Jermaine Anderson, who hit one of two free throws to make it 68-67 with 54 seconds left. A ...",LABEL_1,"Big- rebound ##ing forward michael walker for the tournament- low 21 seconds, on- the- away points by 2: 12 in, could guide them through the 66- 66 road wins with only dartmouth university played against charlotte, jr. a. thompson' good performance secured the 71- 71 victory. he( 9- 5) also passed off nets' brian williams, which needed two in one short throw. cut- 0- 19- 20 points out. basket...",LABEL_1,False,0.8170943260192871,149
482,"GLOBAL MARKETS-Shares and dollar turn south after US data European shares turned negative and government bonds were struggling for direction on Thursday after US data showed subdued inflation numbers, flat spending and a rise in unemployment.",LABEL_2,"share market- dollar world currency turned south as european stocks on stocks broke down; us prices being used against prices of bonds while foreign bonds revealed low interest returns, poor wages or another spike with prices.",LABEL_2,False,0.8279279470443726,77
483,Oil Downturn Deepens as Supplies Swell  LONDON (Reuters) - Oil on Tuesday extended a price slide  that has cut 12 percent from record highs in two weeks as  growing signs of ample supply eases concerns over fuel stocks  for the northern winter.,LABEL_2,petroleum supply slide if prices drop upward( 2012)- Oil on demand faces this steady rise which would exceed 40% of global highs during five days during early hours with intensive storage and worry for adequate supplies on this new oil.,LABEL_2,False,0.7639498710632324,103
484,"Demand For Oil Exceeds Forecasts Oil demand is rising faster than predicted this year as OPEC pumps more low-quality oil in a failed bid to reduce record prices, according to International Energy Agency, an adviser to 26 industrialized nations.",LABEL_2,"oil in demand: demand for price oil increasing further below expectations a week before it produces extremely high- price oils with the large hurry can break market demand, unknown by global news reports, and unknown in the different companies.",LABEL_2,False,0.8034119009971619,81
485,"The servers cannot take the strain, captain! A San Francisco startup plans to boldly go where no game developer has gone before with an online game based on the cult TV series  quot;Star Trek.",LABEL_3,"this computer can handle this action, too! this saint jose developer manages it finally go because no production company had arrived yet for any interactive game base in any nbc new sitcom franchise; stars Trek.",LABEL_3,False,0.7561313509941101,93
486,"Nokia sees strong demand for smartphones and camera phones in 2005 Nokia has forecast that smartphone shipments worldwide are expected to increase to 238 million units by 2008, up from 23 million this year, according to Anssi Vanjoki, executive vice president and general manager of multimedia at Nokia.",LABEL_3,"europe seeing high growth into smartphone or mobile technology throughout 2004 it remains confirmed smartphone phone sales figures have forecast their rise towards 20 billion customers for 2007, to over 10 billion a second, reported here: ##e, general- admiral& senior minister in technology for Nokia.",LABEL_3,False,0.799569308757782,104
487,"Sparkling Singh targets Woods again If there is no rest for the wicked, then there is none either for the tormented, as represented by those members of the US Tour who are not Vijay Singh.",LABEL_1,"once it mentions Woods again like this are no rest among this living, maybe this becomes hell except with these righteous, maybe shown with the out from this wild Tour that saw the Vijay Singh.",LABEL_1,False,0.7578489780426025,114
488,"HK walks out of 68-month deflation cycle, official Hong Kong Financial Secretary Henry Tang said he believed Hong Kong has walked out of the consumer price deflation cycle that lingered for 68 months, according to the consumer price index trend in the past few years.",LABEL_2,"HK- because about 68- year price trends, former cheung yu economic advisor philip chan wrote she thinks the economy have moved out from this low annual inflation period who lasted around 180 days, due towards a market share shifting away with this final economic cycles.",LABEL_2,False,0.7615972757339478,106
489,"Microsoft, Cisco partner on network-access security Microsoft and Cisco Systems will collaborate to make their emerging products for network security compatible. The vendors had been working independently in the area of PC access to networks but say customers ",LABEL_3,"together, all collaborate for pc- compatible products, but both partners should strive for keep our existing solutions with microsoft access successful. these companies were also discussed separately over a development on their software', they know""",LABEL_3,False,0.7909207344055176,79
490,Around the world The bombing of a UN election office in Afghanistan that injured six policemen drew calls from a UN union Friday for a withdrawal of staffers from the embattled nation.,LABEL_0,outside this country The explosion of the UN un bombing near kabul who shot five soldiers triggered opposition by another country- delegate with the number on protests outside a united kingdom.,LABEL_0,False,0.7655524015426636,79
491,"Russia May Ratify Kyoto Protocol in Oct. -- Minister (Reuters) Reuters - The Russian government expects\parliament to ratify the Kyoto Protocol this month in a move\allowing the long-delayed climate change treaty to come into\force worldwide, a senior minister said Monday.",LABEL_3,"Russia May Ratify Kyoto Protocol in Oct.-- Minister( Reuters) Reuters- The Russian government expects\ parliament to ratify the Kyoto Protocol this month in a move\ allowing the long- delayed regime change treaty to come into\ force worldwide, a senior minister said Monday.",LABEL_0,True,0.9931921362876892,44
492,"Mars Express Instrument Finds Possible New Evidence When Vittorio Formisano, the principal investigator for the Planetary Fourier Spectrometer (PFS) aboard the European Space Agency #39;s Mars Express, announced Monday that his team found that concentrations ",LABEL_3,"Mars' research receives much more information and paolo marino, a main scientist of project mass sensitive spectroscopy( PFS) of another french government Agency# 6; mr. Express, tells it where its laboratory discovered a|",LABEL_3,False,0.7640105485916138,99
493,"Brazil beats Haiti in goodwill soccer game The boys from Brazil beat Haiti #39;s national soccer team Wednesday in a friendly goodwill game 6-0. The game was the brainchild of Brazilian President Luiz Inacio Lula da Silva, who was on hand in the Haitian capital for the historical match. ",LABEL_1,"brazilian team: for their international match all people for brasil defeated Haiti# 3; other international football teams, on another famous friendly by 7- 7. another match marks another visit with former brazilian coach jose luis do mata, which is at display at a national delegation at another international event.",LABEL_1,False,0.7907896041870117,110
494,"Microsoft Takes Lead in PDA Software Microsoft Corp.'s software platform for personal digital assistants took over the market lead from PalmSource Inc. for the first time in the third quarter, according to market research released Friday.",LABEL_3,"ibm lead- on PDA technology, ltd.' professional development program of large corporate clients takes up a lead spot with microsoft corp. over a last week for a fourth place, pursuant from microsoft information report card.",LABEL_3,False,0.8465303778648376,82
495,"Hartford Sees \$91 Mln in Charley Losses  NEW YORK (Reuters) - Hartford Financial Services Group Inc.  &lt;A HREF=""http://www.investor.reuters.com/FullQuote.aspx?ticker=HIG.N target=/stocks/quickinfo/fullquote""&gt;HIG.N&lt;/A&gt; on Tuesday became the latest insurer to issue a profit  warning tied to Hurricane Charley, the strongest storm to hit  Florida in a dozen years.",LABEL_2,"*$\$ 91 Mln of insurance in old england( city)- capital management capital holdings corp.& partners;&+="" https:// business. bloomberg. gov. us/ media. php? index= bb.; id=/ finance/ news/ finance""& print; ba. b& f;/ bb& b; and ##a: a last agency statement issued the warning directly linked the hurricanes andrew, three biggest storms, damage louisiana within the couple weeks.",LABEL_2,False,0.7916973233222961,134
496,"Deadly fire sweeps through China mines SHAHE, CHINA - Nine people were confirmed dead and 57 remained missing late Sunday after a fire swept through five iron ore mines in northern China, the Xinhau news agency said.",LABEL_0,""" fires swept in seven near xinjiang, forty- three persons remain reported alive but eight are found missing, as each blast wiped out one metal coal mine of northeastern sichuan, a beijing fire organization responded.",LABEL_0,False,0.848895251750946,73
497,Flop in the ninth inning sinks Jays BOSTON -- The Toronto Blue Jays have had worse hitting games this season against lesser pitchers than Pedro Martinez. ,LABEL_1,Flop on a fourth game the phillies win-- The washington good men who have fewer baseball victories all month with a hitter since roberto jose.,LABEL_1,False,0.7662689685821533,58
498,"UEFA Introduces Anti-Doping Program  SOFIA (Reuters) - UEFA will enforce a new anti-doping  program at all levels in and out of competition, a meeting of  the European soccer body's executive committee decided  Thursday.",LABEL_1,"eu- uefa- sport, uefa( 2016)- it must introduce another full pro- discrimination programme of the competitions within and out on europe, the committee that every national uefa academy' and technical directors decides on.",LABEL_1,False,0.7619036436080933,73
499,"Iran agrees to nuclear enrichment freeze -diplomats Iran has agreed to suspend its uranium enrichment programme in an attempt to ease concerns that its nuclear programme is aimed at developing weapons, a Western diplomat close to the United Nations said today.",LABEL_0,"to agree for a programme cross- over Iran have promised a halt their nuclear enriched programmes with the efforts and address criticism because their military power has targeted for nuclear proliferation, the diplomatic delegation dispatched with this host nation announced earlier.",LABEL_0,False,0.7996729612350464,89
500,A Sneak Peek at Trillian 3.0 Instant Messaging The popular IM consolidation service adds audio and video chat.,LABEL_3,A short look on internet 3. 3 com ##s a popular IM ##a service featuring audio& visual chat.,LABEL_3,False,0.7606021165847778,73
501,"New Technology Powers Fuel Cells A new fuel cell for notebook PCs, more compact and powerful than competing technologies, could be on the market in early 2006 at a price of around \$90, its Japanese inventors claim.",LABEL_3,"notebook- notebook power cell: popular energy source in laptop systems, most powerful but expensive of this technology, might appear at a table around late 2007 for the value in$\$ 100, like chinese manufacturers claimed.",LABEL_3,False,0.7920815348625183,75
502,Court rules against state Web-blocking law A Pennsylvania law requiring Internet service providers to block Web sites deemed by the state's prosecuting attorneys to be child pornography has been reversed by a U.S. federal court on free-speech grounds.,LABEL_3,federal court of the internet- block: any state legislation permitting web blocking provider- blocks internet websites found without a client' a legal counsel must protect safe porn is not overturned in this p. o. trial judge over false- expression charges.,LABEL_3,False,0.8478318452835083,85
503,"Braves, Smoltz agree to new deal Atlanta, GA (Sports Network) - The Atlanta Braves announced Thursday that the team has come to terms with longtime pitcher John Smoltz to a new two-year contract with a club option for the 2007 season.",LABEL_1,"later, they agree that: deal braves, GA( entertainment channel)- The expansion franchise announce today as a braves has had them agree from former star mike kelly about any new six- week contracts as the team, through any 2009 playoffs.",LABEL_1,False,0.7638249397277832,112
504,"US Supreme Court asked to rule on homosexuals' right to adopt children (AFP) AFP - The American Civil Liberties Union, the leading US civil rights group, petitioned the US Supreme Court to rule on the right of homosexuals to adopt children.",LABEL_0,"the constitutional courts attempt and ruled that individuals' rights of adoption kids( us) AFP- all americans christian freedom group, a major lgbt political liberties union, petition a congressional appeals committee requesting comment in specific rights for persons against adopting kids.",LABEL_0,False,0.9115520715713501,88
505,"Eagles Lose OL Andrews PHILADELPHIA (Sports Network) - Offensive lineman Shawn Andrews, Philadelphia #39;s No. 1 draft pick this year, suffered a fractured right leg in Sunday #39;s game against the New York Giants.",LABEL_1,"Eagles in philadelphia' sports( athletics website)- outstanding player larry brown, nfl# 24; 7 vs. nfl offensive end the eagles, had an shattered left ankle during the# 2; final season with this newly england mets.",LABEL_1,False,0.7818864583969116,78
506,"Pacers 89, Raptors 86 Jamaal Tinsley scored 17 of his 22 points in the second half to lead the Indiana Pacers to an 89-86 victory over the Toronto Raptors, who traded All Star Vince Carter to New Jersey earlier Friday.",LABEL_1,"atlanta 86, indiana captain andrew johnson added 11 behind him two goals for each final quarter. get a winning Pacers- indiana 94- 9 wins at a philadelphia soul, which shipped nba stars reggie young from north york last summer.",LABEL_1,False,0.8077585101127625,90
507,Profile: Leftist Vazquez wins Uruguay presidential poll Uruguay #39;s leftist candidate Tabare Vazquez won a historic victory in Sunday #39;s presidential elections with more than 50 percent of the ballot.,LABEL_0,note: rafael nunez of the political poll of# 37; r candidate jorge Tabare Vazquez recorded another major win from his# 38; 39 national election despite lower of 10% from party support.,LABEL_0,False,0.7543479204177856,86
508,Villeneuve and Sauber With Jacques Villeneuve testing for Renault today at Silverstone there has been the perhaps inevitable speculation that this could change things for next season when Giancarlo Fisichella is due to join Fernando Alonso at Renault F1.,LABEL_1,"renault instead also of julien bernard racing with alonso, at mercedes, are considered a somewhat greater possibility if either driver set out on this race while the ferrari team due the train with renault in mclaren again.",LABEL_1,False,0.7571878433227539,82
509,Electronic Jihad Internet Attack Rumored For Today Electronic Jihad Internet Attack Rumored For Today\\Is the Electronic Jihad attack happening today or is it just stirred up rumors? Yevgeny Kaspersky has raised concerns of a major attack on the internet today. Kaspersky has been widely quoted as saying that there would be a major online attack against Israeli ...,LABEL_3,internet attack network attacks potential of future computer defense networks security possibility of ...\\ was this internet terrorist attacks occurring now and will we simply stir in panic?' feldman entertained no thoughts on another direct hit in any israeli website. it did become often reported by suggesting whether it will pose some real physical threat by it...,LABEL_3,False,0.8250002861022949,117
510,"Prosecutor Explains Why Spammer Sent to Slammer During my opening statement, I explained to the jury that sending spam by itself is not a crime, but when you masquerade your identity, you violate Virginia #39;s law that took effect in July 2003.",LABEL_3,"which explained Why being brought to court at my own trial, I explain to the judge"" the fraud by you is not a threat, but when you expose your deception, you violated proposition# 39; s law that took issue in July 2003.",LABEL_2,True,0.6149371862411499,64
511,"U.S. Brokers Cease-fire in Western Afghanistan  KABUL (Reuters) - The United States has brokered a  cease-fire between a renegade Afghan militia leader and the  embattled governor of the western province of Herat,  Washington's envoy to Kabul said Tuesday.",LABEL_0,"s. a.: ceased- firing for eastern afghan conflict( 2006)- a u. can broker- ceased- fired after the prominent afghanistan tribal leaders threaten a military ruler over an northern region in kabul, afghanistan' t ambassador from canada confirms that.",LABEL_0,False,0.8322546482086182,83
512,"Adobe, Yahoo to Integrate Products Adobe Systems Inc. ADBE.O and Yahoo Inc. YHOO.O on Monday said they have signed a deal to combine Adobe services, like its widely used document-sharing program, with Yahoo #39;s Web search functions.",LABEL_3,"later, prior on adobe: yahoo: y. x. e or adobe a. y. x by yahoo! he has announced this proposal of integrate these products, besides their previously developed content- based services, on adobe# 2; adobe domain management system.",LABEL_3,False,0.8033969402313232,83
513,Daly penciled in for Deutsche Bank John Daly provided a nice surprise for local golf fans yesterday when he committed to play in next week #39;s Deutsche Bank Championship at TPC of Boston in Norton.,LABEL_1,who was pleased with the award- Daly made another great announcement from many pittsburgh viewers today and he went in play for last year# 39; st. Bank tournament in bank in america at pittsburgh.,LABEL_1,False,0.7675478458404541,103
514,"LIVE: Launch of Expedition Ten Crew to the ISS / ESA TV Live / 14 &lt;b&gt;...&lt;/b&gt; The early morning hours of 14 October will see the next ISS launch, bringing another permanent crew to the Station. Expedition 10 crew is made of Commander Leroy Chiao and Flight Engineer Salizhan Sharipov.",LABEL_3,"2016: presentation on the 10 crews on an esa/ nasa station on/ p& r; h& q;...& p;/ h& p; a sunday afternoon evening at 12 january would signal another full soyuz mission, sending the ten crews onto another spacecraft. flight crew team: comprised by captain david cameron& crew mechanic alexander chen.",LABEL_3,False,0.7757912874221802,107
515,"Louisiana Tech Bulldogs RUSTON, Louisiana (Ticker) -- No. 17 Fresno State could not overcome a dominant performance by Ryan Moats or a poor one by Paul Pinegar.",LABEL_1,"southern Tech, auburn, mississippi( ot)-- 10. 17 Fresno cal can only handle another strong effort from chris Moats and the weak performance in derrick williams.",LABEL_1,False,0.7549375295639038,81
516,"G5, PISANU: EUROPOL PLAYS KEY ROLE AGAINST TERRORISM (AGI) - Florence, Italy, Oct.18 -  quot;EuroPol must play a key role in the struggle against terorrism quot; said Interior Minister Giuseppe Pisanu, illustrating the results of the G5 (Italy, UK, France, Germany, Spain) Interior Ministers meeting held today in ",LABEL_0,"G5, PISANU: EUROPOL PLAYS KEY ROLE AGAINST democracy( AGI)- naples, Italy, Oct. 18- quot; EuroPol must play a key role in the battle against terrorism quot; said foreign ministers of Pisanu, following the results of the G5( Italy, UK, France, Germany, Spain)- ministerial meeting held today in",LABEL_2,True,0.9293071031570435,59
517,"No Evidence Of Abuse At Guantanamo, says Australian Foreign &lt;b&gt;...&lt;/b&gt; Australian Foreign Minister Alexander Downer says a US investigation has rejected allegations that Australian terror suspect David Hicks was abused while in US custody in Afghanistan and Cuba.",LABEL_0,"some reports on actions of trial, including, r& a; p& q;...&/;/ f& q; australia cia official john anderson and another australian official have denied accusations from american terrorism suspects that Hicks been used for a terrorist detention within iraq& yemen.",LABEL_0,False,0.7689827680587769,94
518,"Solar spacecraft set to launch next year The \$4 million Cosmos 1 project is backed by The Planetary Society, co-founded by Carl Sagan. By The Associated Press. A solar sail spacecraft designed to be propelled by the pressure of sunlight will be launched ",LABEL_3,"it is scheduled will begin this time a\$ 1 billion- usd mission and sponsored through us space institute, project- led from thomas j. johnson ##a popular scientists. the small launch vehicle, can and guided through a force for solar winds.;",LABEL_3,False,0.7754925489425659,89
519,"Red Hat opens office in China The Linux firm said it will be collaborating with Hewlett-Packard, IBM, Intel and Oracle, as well as with Chinese companies.",LABEL_3,"Red Hat software. by 2012 this new firm says they would become partnered in bell- pacific, dell, ibm or microsoft, so long as in european authorities.",LABEL_3,False,0.7641389966011047,70
520,"Gibbs Won #39;t Take a Pass on This Soon after Joe Gibbs ended his 11-year retirement from football and reunited his distinguished offensive coaching staff this winter, a call went out to the NFL offices in New York.",LABEL_1,"- cal# 39; t received a Pass call, shortly before Joe ferguson completed his 10- years retired for nfl but joined their own entire offensive squad the season, another call was brought for another press office at east York.",LABEL_1,False,0.7552803158760071,123
521,"UPDATE: Air China Shares Up 8 On Hong Kong Debut HONG KONG (Dow Jones)--Air China Ltd. #39;s (0753.HK) stock gained 8 on its debut on the Hong Kong stock exchange Wednesday, and analysts said there is scope for slight further ",LABEL_2,"note: some chinese took out 9 in new stock air kong,( now ##a)-- first share no.# 1; china( s. c)- bought 7 for their stock at all chinese air shares exchanges-, but management says this goes up even more-",LABEL_2,False,0.8581171631813049,87
522,"Russia Mourns Hostage Deaths, Putin Criticized  BESLAN, Russia (Reuters) - Russia on Monday mourned the  deaths of hundreds of children and adults in its worst hostage  drama as criticism mounted over the way President Vladimir  Putin and his security forces handled the crisis.",LABEL_0,"putin on the monday, death of BESLAN, moscow( 2012)- russians in tuesday witnessed a death for thousands from kids or families on their main news broadcast; debate raged against every previous russian presidential nominee. state police troops controlled a country.",LABEL_0,False,0.7989057302474976,92
523,"Raptors fall to Nuggets CBC SPORTS ONLINE - After starting the season with three straight wins, the Toronto Raptors are heading back home with a losing record.",LABEL_1,"they lose at the world championship game- despite start each night after nine consecutive loses, all new Raptors is brought safely back after this winning season.",LABEL_1,False,0.7816653251647949,59
524,Wonkette: Blogs force quick action from major media Plus: Row brewing over peer-to-peer ads. News.com Extra,LABEL_3,news: could draw great reaction of other reporters media: Row all about peer- by- peer ads. facebook. go!,LABEL_3,False,0.7690494060516357,65
525,"Gazprom Plans LNG Terminal in US Gazprom came a step closer to the liquefied natural gas market on Friday, saying Petro-Canada would help in its goal to build plants in Russia and the United States.",LABEL_2,"-- LNG facility at northern russia taking another push further toward reach global commercial production markets from 2015, the Petro- us will proceed under his plan and develop projects for canada& its eastern bloc.",LABEL_2,False,0.7811320424079895,87
526,Seoul allies calm on nuclear shock South Korea's key allies play down a shock admission its scientists experimented to enrich uranium.,LABEL_0,Seoul- calm for a tuesday: seoul' n diplomatic actions put up the shock attempt their allies made against bomb japan.,LABEL_0,False,0.7758798599243164,66
527,"San Juan Airport Shuttered for an Hour (AP) AP - San Juan's international airport was closed for more than an hour Thursday morning after bomb-sniffing dogs alerted police to a suspicious piece of luggage, authorities said.",LABEL_0,"San jose- closed for an afternoon( AP) AP- San antonio' s other station was shut for more than an hour this evening by bomb- hunting dogs led up to a large amount of debris, officials said.",LABEL_1,True,0.7162697911262512,58
528,"New Report Links Reputed Kingpin to Murder Fifteen years ago, American journalist Todd Smith was brutally beaten and executed after he ventured into Peru's jungle to investigate links between Shining Path guerrillas and the cocaine trade.",LABEL_0,"several media reports alleged links from peru 15 decades earlier, while businessman Todd Smith were allegedly tortured& killed as they went through ecuador' public prisons. identify traces of revolutionary criminal activities in this drug cartel.",LABEL_0,False,0.7606985569000244,88
529,UN Council Votes Ivory Coast Arms Embargo (Reuters) Reuters - The U.N. Security Council on\Monday imposed an immediate arms embargo on Ivory Coast and\voted to punish key government and rebel leaders with\additional sanctions next month.,LABEL_0,UN- sanctioned east central Arms control( pdf).- The U. N. special assembly on\ has approved an international arms control on Ivory coasts and\ voted to reward key officials and rebel groups with\ annual payments next month.,LABEL_3,True,0.7539104223251343,65
530,"80 Killed in U.S. Offensive in Iraq SAMARRA, Iraq - U.S. and Iraqi forces launched a major assault Friday to regain control of the insurgent stronghold of Samarra, and hospital officials said at least 80 people were killed and 100 wounded...",LABEL_0,"80 dead among r. u. forces of iraqi conflict, 2014- s. u.& isil insurgents launch the simultaneous offensive aimed against capture possession in an entire territory in iraqi, but army personnel say that most wounded militants fatally wounded& 15 injuries...",LABEL_0,False,0.8325049877166748,85
531,"S amp;P 500 Rises for 4th Day; Material, Energy Shares Lead Advance The Standard  amp; Poor #39;s 500 Index rose for a fourth day as investors looked past a disappointing third- quarter economic growth report to better-than-expected readings on Chicago-area business and consumer confidence.",LABEL_2,"p 500; share and index on one afternoon; again, market share rose toward a a amp; index# 50; g 400; and over the second week that they slid through some strong short- period annual financial returns, higher- by- expectations data from bay- wide government or business reports.",LABEL_2,False,0.788230299949646,106
532,"Dell unveils holiday lineup, including new plasma TVs OCTOBER 15, 2004 (IDG NEWS SERVICE) - Dell Inc. took the wraps off its holiday lineup on Thursday, showing new printers, plasma televisions and music players that will soon be available through its Web site.",LABEL_3,"hp inc christmas 2006, with: dell on january 1, 2006( IDG press release)- it Inc. takes the days of their current operations from monday, including latest computers, new television& radio programs which should now remain accessible at their back page.",LABEL_3,False,0.7635884881019592,105
533,FDA stifled dangerous Vioxx results - expert Washington - An expert with the United States Food and Drug Administration (FDA) has said on Thursday he was pressured by his agency to stifle study results showing the potential dangers of the anti-inflammatory drug Vioxx.,LABEL_2,review report- 2013 fda- review reports- a attorney from an eastern us foods& nutrition office( usa) have admitted at occasion it felt forced for their office of make scientific findings regarding some serious risks for a non- viral substance Vioxx.,LABEL_2,False,0.8579070568084717,92
534,"Donato has Harvard on the move, in groove Three games into the 2004-05 season, the first-year coach with the Harvard degree and NHL pedigree was staring at a 0-2-1 record, an offense that was averaging a goal a game, and a locker room full of long faces.",LABEL_1,"Donato had since taken a pitch, that particular four years in a 2005- 2005 year, a third- ranked graduate of both college basketball or hockey background. looking into another 1- 3- 0 team, the organization which had scoring, double the record, but the practice stadium free from offensive passes.",LABEL_1,False,0.8158726692199707,110
535,"US Airways to Cut Hundreds of Jobs US Airways Group Inc. plans to eliminate ""hundreds"" of management and nonunion jobs and cut top executives' pay by between 5 and 10 percent.",LABEL_2,"US plans for reduce thousands on job and business alliance executives. planned of remove"" dozens"" of permanent or vacant positions but cutting many managers' pay at around 400 or 5%.",LABEL_2,False,0.7623793482780457,81
536,"JPEG exploit could beat antivirus software Most IT Managers won #39;t question the importance of security, but this priority has been sliding between the third and fourth most important focus for companies.",LABEL_3,"JPEG security can improve security and thus this has been# 1; 10 for every level in vulnerability, and some area can become split into a main& third more significant measures in security.",LABEL_3,False,0.7894203662872314,74
537,"Paris Tourists Search for Key to 'Da Vinci Code' (Reuters) Reuters - A funny thing happened on the way to the\Mona Lisa. Visitors to the Louvre museum in Paris, home of the\world's most famous painting, started quizzing tour guides\about Dan Brown's best-selling novel ""The Da Vinci Code.""",LABEL_3,"trying to look out Key,' in leonardo,'( 2014).- the big incident happen during your trip through a\ anna museum. tourists at both national museums of london, hosts for a\ painter' in more popular paintings, were asking museum guide\ painter mark taylor' first best- seller-"" The' leonardo Code.""",LABEL_3,False,0.7598017454147339,119
538,"Lions career sack leader Porcher retires ALLEN PARK, Mich. - Robert Porcher finally couldn #39;t take standing on the sidelines any more. Porcher, the Detroit Lions #39; career sack leader, retired Monday, ending a frustrating season and a 13-year career.",LABEL_1,"regular season fumble leaders; in oak ##ville, etc.- john brown and teammates# 0; but keeping him off a line the better. later, a chicago Lions# 8; year sack leaders, returned home, ended the poor career following the seven- decade hiatus.",LABEL_1,False,0.7701069712638855,96
539,"Free Windows doesn #39;t stop Linux rush WINDOWS IS  #39;free #39; in Iran, but even there is an increasing move towards Linux, according to an AFP report. Apparently, because Iran refuses to abide by international copyright laws, pirated copies of Windows make the product free and everyone uses it.",LABEL_3,"iranian linux has# 1; p ##pc and linux which had# 2; s# 3; for general, and technically it has the increased argument against free, thanks of the advertising campaign. additionally, since free claims copyright fall from iranian privacy law, all manufacturers on computers keep a license open until anyone breaks them.",LABEL_3,False,0.8105802536010742,103
540,"Dell Takes Another Cut at Blade Market  quot;The biggest danger to HP and IBM is a price war, quot; said John Enck of Gartner.  quot;Blades are still premium-priced products from IBM and HP.",LABEL_3,"nobody makes a shot against hp and others; a main risk from industry or industry becomes no big problem, however; says mark johnson for dell. com; they buy very high- dollar items of intel or ibm.",LABEL_3,False,0.8046578168869019,73
541,IT Heavies Launch  quot;MegaGrid quot; Project SAN FRANCISCO -- Four mainstream IT companies are pooling resources to launch a standardized enterprise grid infrastructure based on their products.,LABEL_3,"seattle, grid ##ex; launch ##point; and santa diego-- three major utility corporations already offering assets would support this successful national grid system build with its capabilities.",LABEL_3,False,0.7727369666099548,61
542,"Toronto Raptors Team Report - November 13 (Sports Network) - The surprising Toronto Raptors will try to push their record to 5-2 tonight, when they continue their six-game road trip against the Portland Trail Blazers at the Rose Garden.",LABEL_1,":: first preview- october 6( espn channel)- a new york Raptors would start an improve its lead with 8- 5 again, once it finish its 10- win home streak over a seattle night hawks before an anaheim gardens.",LABEL_1,False,0.791907012462616,84
543,US may draw on oil in reserve WASHINGTON Oil prices climbed toward \$49 per barrel Thursday even as the Bush administration considered drawing crude from the US emergency stockpile and lending it to refiners whose supplies were disrupted by Hurricane Ivan.,LABEL_2,united states draw in us from particular and petroleum price rose by\$ 10 in pound price ever after both obama administrations started recovering petroleum for all available raw materials or feeding them for states when exports had damaged during operation torch.,LABEL_2,False,0.7672317028045654,90
544,New Google Scholar search service aimed at academics Google Inc. on Thursday formally launched a new search service aimed at scientists and academic researchers. Google Scholar is a free beta service that allows users to search for scholarly literature ,LABEL_3,the new academic searching services targeted google. org members. recently google also announced the few academic services geared for researchers& related professionals. research scientist launched this new google version which enabled researchers and scan through scientific articles,LABEL_3,False,0.8158683180809021,79
545,Costa Rica quake A powerful early-morning earthquake in Costa Rica shook presidents and prime ministers from their beds while damaging houses and frightening several people into heart attacks.,LABEL_0,the 2006 earthquake: strong high- warning quake across southern Rica knocking president or minister ministries into its seats before destroying homes or leading numerous individuals with arson attack.,LABEL_0,False,0.8305225372314453,66
546,Jury calls WTC attack two events Silverstein had hoped the 11-member jury would determine that the language of the insurance policy treated the attacks as two occurrences.,LABEL_2,Jury calls WTC attack two events Silverstein had hoped the 11- member jury would determine that the language of the new policy treated the attacks as two occurrences.,LABEL_3,True,0.9646598100662231,30
547,Legal expert joins open-source screening firm Open Source Initiative general counsel Larry Rosen is now an advisor to Black Duck Software.,LABEL_3,"chief counsel: back- sourced technology, limited access software senior advisor, Rosen was presently an advisory with wild Duck ventures.",LABEL_3,False,0.7527098655700684,59
548,"Saudi setback hurts BAE Systems BAE Systems shares slid more than 4 per dcent in early trade after the company, while announcing  quot;good progress quot; on its Eurofighter contracts, admitted further troubles in the controversial al-Yamamah programme.",LABEL_2,"Saudi government hurts BAE system BAE system shares slid more than 4 per dcent in early trade after the incident, while a quot; good for quot; on its production record, including further incidents in the second al- Yamamah incident.",LABEL_0,True,0.91057288646698,52
549,"Moya Upset in First Round of China Open (AP) AP - Top-seeded Carlos Moya was upset by French qualifier Jo-Wilfried Tsonga 6-3, 6-3, in the first round of the China Open on Wednesday.",LABEL_1,"also won at 1st semifinal for the world( 2016)-- 1st- ranked qualifier Moya is overcome against chinese professional to- face zhang 5- 9, 5- 11, during both third rounds for both french opens at apr.",LABEL_1,False,0.7700746655464172,80
550,"Dollar Keeps Gains as Market Awaits Data  TOKYO (Reuters) - The dollar idled on Tuesday after gaining  the previous day, as many investors held off building positions  ahead of economic data from the United States.",LABEL_2,"it Keeps Gains as one in Data TOKYO( 2006)- The station idled on just after midday the next day, as many people held off moving on ahead of new data from the United States.",LABEL_3,True,0.6965992450714111,48
551,"Charity chief kidnapped in Iraq Care International charity says its chief of operations in Iraq has been kidnapped in Baghdad. A spokeswoman told Reuters on Tuesday that Margaret Hassan, who has been working ",LABEL_0,"the bureau of special hospital assistance for refugees through their chief assistance service at baghdad is also located for iraq. the spokesman informed police over sunday about Margaret Hassan, whose daughter disappeared;",LABEL_0,False,0.7711865901947021,88
552,Storage Networking World Highlights News and survey results from Computerworld's twice-annual storage conference.,LABEL_3,digital storage World features commentary& survey articles on storage' n once- weekly general meeting.,LABEL_3,False,0.7848250865936279,45
553,Cahill Could Be in the Clear Tim Cahill could escape suspension for his controversial celebration of Evertons winner at Manchester City when he was sent off for pulling his shirt over his head.,LABEL_1,as can follow after this game john Cahill would face punishment of the poor showing with another performance against leicester united where his gets let up while lifting their hat on its forehead.,LABEL_1,False,0.7972004413604736,74
554,"Apple unveils super thin iMac in Paris (AFP) AFP - Apple Computers launched the newest version of its iMac model, which at two inches thick, is the world's thinnest desktop computer, the company said.",LABEL_3,"2015 international competition in computers from space( 2015) AFP- x computer introduced this latest revision for your personal computer, thin: 2 inch wide, as a nation' c first thin notebook, some designers say.",LABEL_3,False,0.7986010313034058,76
555,"NASA Finishes Redesigned Shuttle Fuel Tank (Reuters) Reuters - NASA has finished building a redesigned\space shuttle fuel tank that was reconfigured to eliminate the\debris problem that doomed the shuttle Columbia and its seven\astronauts, agency officials said on Tuesday.",LABEL_3,"[> space- fueled tanks( 2012)>- space shuttle completed designing the new\ shuttle- fueled tanks which is intended for replace another\ shuttle disaster who damaged a challenger mission or their entire\ crew, the management says at twitter.",LABEL_3,False,0.827721357345581,81
556,"Mbeki #39;s deputy in fraud scandal It has been dubbed Hamlet without the prince, a trial where the accused is absent but which could determine if he is to rule South Africa.",LABEL_0,"Mbeki# 4; see trial from exile- he often was nicknamed court by some locals, the situation when no prince appears guilty or what may result unless it proves it be South african.",LABEL_0,False,0.7828935384750366,80
557,Needham downgrades Apple on valuation NEW YORK (Dow Jones/AP) -- Apple Computer Inc. shares fell Friday after Needham  amp; Co. downgraded the stock to hold #39; #39; from buy.,LABEL_2,"2013- news on the old YORK( on i/ AP)-- Apple, Inc. stock fell down as company amp; Co. changed the company to buy# 39;# 39; not buy.",LABEL_3,True,0.7445441484451294,68
558,"Iraqi oil exports slump: report NEAR daily attacks on pipelines and pumping stations had pushed down Iraq #39;s oil exports to their lowest point in nearly a year, Britain #39;s Financial Times newspaper reported today.",LABEL_2,"iraq oil exports crisis: report NEAR- attacks of pipelines or filling stations had pushed down Iraq# 38; s oil exports to their low point in nearly a year, Britain# 44; s daily Times newspaper reported today.",LABEL_0,True,0.9211740493774414,48
559,"Health Highlights: Aug. 28, 2004 A new drug that fights a form of age-related macular degeneration (AMD), a leading cause of blindness in the elderly, won applause if not approval from a panel of advisors to the US Food and Drug Administration.",LABEL_3,"Health Highlights: Aug. 28, 2004 A new drug that fights a form of age- related macular degeneration( age), a leading cause of blindness in the elderly, won applause if not approval from a panel of advisors to the US Food and Drug Administration.",LABEL_2,True,0.8769524097442627,45
560,Historic Turkey-EU deal welcomed The European Union's decision to hold entry talks with Turkey receives a widespread welcome.,LABEL_0,the eu- turkish talks over a eurasian community' and intention toward establish trade agreement for Turkey brought an strong reception.,LABEL_0,False,0.7937003374099731,47
561,"Sudan Accuses U.S. Over Darfur Talks Breakdown  ABUJA (Reuters) - Sudan blamed the United States for the  failure of three weeks of peace talks between Khartoum and  Darfur rebels on Friday, but African Union mediators said  negotiations would resume in October.",LABEL_0,"2016: U. S. on the dispute at sudan( march)- it requests an african government on an end with four days in peaceful talks for sudan or its neighbours in libya, and later us officials claimed fighting might cease after august.",LABEL_0,False,0.7558414936065674,101
562,"Cisco, Fujitsu team on high-end networking Fujitsu has joined the networking parade by agreeing to sell Cisco #39;s high-end routers and switches in Japan. It should come as no surprise as the market for high-end routers heats up.",LABEL_3,"also, the corporation for higher- price networks, have led a corporate process in offering and sell their# 39; and highest- performance computers over networks of Japan. they will sell in the end after a price at low- quality networking is satisfied.",LABEL_3,False,0.7592987418174744,105
563,"MLB: Milwaukee 7, St. Louis 6 Scott Podsednik and Keith Ginter both had a homer and three RBI Thursday night to help Milwaukee edge St. Louis, 7-6. In his final start prior to the playoffs, St.",LABEL_1,"chicago: chicago cubs, sts. petersburg and brad anderson& randy johnson each added one single& 2 out friday inning. helping boston lead k. paul, 6- 7. for their last games going beyond any postseason, vol.",LABEL_1,False,0.7707064747810364,75
564,"Broadhurst leads in Spain MADRID, Spain -- England #39;s Paul Broadhurst, winless in nine years on the European Tour, shot a 6-under-par 65 Friday and took a one-stroke lead midway through the Madrid Open.",LABEL_1,"career leaders at Spain opens, Spain-- pga# 3;- Paul taylor, fourth after six attempts as a main Tour, shot an 18- below- cut opening round but captured the 1- length lead late during this uk amateur.",LABEL_1,False,0.7568703889846802,109
565,"So Long XMLHack! \\""It's been a lot of fun writing XMLhack since 1999, but it's time for us to take\a rest.""\\""XMLhack has always been run by volunteers writing in their spare time, and now\most of us have so little of that precious commodity it's infeasible to keep the\site going at anything like the rate we want it to be.""\\""As editor, I'd like to extend my grateful thanks to all the contributors over\time, a list of whom you can see on the contributors page. My special thanks go\to Simon St.Laurent, my co-conspirator from the start.""\\So long guys!\\I've been a subscriber to XMLHack for probably &gt; 3 years now.  They were one of\the earlier blog-like sites to have RSS in what I'd call a 'modern' and rich\f ...\\",LABEL_3,"very short men!\\"" he' has made this ton ##na shit of itself after this, and he' ll better on how you do\"" anyway.""\\"" space may usually be filled for authors here during your free times, but here\ many around we require too many for this free energy he' d impossible! maintain this\ o functioning for any near all time your needed times will allow.""\\"" that noted, we' would love a pay me humble homage in\ all people at\ x, this selection for which we may post via these main links. your final comments!\ from david j. clair, our blog- founder at this site.""\\ very few words!\\ we' have remained the contributor of XMLHack: s& a; three months currently. it remains 1.\ a few internet- enabled projects that provide content on whatever they' ve calls the' new'& new\ os...\\",LABEL_3,False,0.9199793338775635,298
566,"Coal Mine Blast in China Kills 33 (AP) AP - A coal mine explosion in northern China killed 33 people in the latest disaster to strike the country's accident-prone mining industry, the official Xinhua News Agency reported Friday.",LABEL_0,"the coal explosion of sichuan- yunnan( [UNK]) china- the large mining explosions near northeastern xinjiang murdered 11 individuals as a last explosion would damage a region' t disaster- sensitive industrial sector, another national chinese mining daily said earlier.",LABEL_0,False,0.778618574142456,79
567,"Experts Push for More Computer Security Efforts  WASHINGTON (Reuters) - Computer-security experts, including  former government officials, urged the Bush administration on  Tuesday to devote more effort to strengthening defenses against  viruses, hackers and other online threats.",LABEL_3,"to provide security greater effective protection, today( 2006)- digital- technology analysts, especially national defense experts, advised an american government about efforts should commit greater efforts at better security for hacking, viruses& similar computer incidents.",LABEL_3,False,0.7819057703018188,73
568,"Mexico's Fox Presents Human Rights Plan (AP) AP - President Vicente Fox presented a plan Friday to improve Mexico's checkered human rights record, pledging to eradicate torture and to hold corrupt and abusive authorities accountable for wrongful arrests and shoddy police work.",LABEL_0,"president' h plan presidential performing right project( fox) AP--: Fox presents this proposal, and enhance america'' overall social justice performance, promising the eliminate abuses but also appoint authoritarian or criminal officials responsible in false promises or illegal illegal immigration.",LABEL_0,False,0.7887438535690308,101
569,"La. Becomes Latest Political Battleground (AP) AP - The swamps, bayous and rice fields of Louisiana's Cajun country have emerged as the site of the nation's latest political battleground.",LABEL_0,"2014. louisiana. politics battle( 1) 2015- all forests, swamps or bayou ##fields in la' a farming community has doubled into a sites after a country' b major military battle.",LABEL_0,False,0.8087216019630432,61
570,"49ers tickets are available Since just before the start of the NFL #39;s regular season two months ago, television viewers in the Bay Area have been seeing commercials for a product that for years has sold itself.",LABEL_1,"49ers games was popular from back at an end for a season# 7; 2) just four days later, and stores for some metropolitan areas has continued airing advertisements of the team who on sale have purchased them.",LABEL_1,False,0.8162153363227844,84
571,"Athletics 5, Devil Rays 0 Barry Zito scattered four hits over eight shutout innings, leading the AL West-leading Oakland Athletics past the Tampa Bay Devil Rays 5-0 on Saturday night.",LABEL_1,"game 7, eventual win 5- 0 collected five runs from this ##½ inning, pitching an oakland athletics- led rays organization of a devil ray demon ##s 0- 5 over thursday evenings.",LABEL_1,False,0.7749761343002319,65
572,Putin signs up Russia for Kyoto pact The Kremlin said Putin signed a parliament bill late on Thursday confirming Russia #39;s ratification of the protocol. Both chambers of Russia #39;s parliament approved ratification of the pact last month after Putin pointed the way.,LABEL_0,"russia signed first, after their approval a minister for russia proposed another parliamentary motion later after, for russian# 31; k acceptance with an agreement. all representatives for russians# 29; russian government declared recognition for a pact next year before they blocked a compromise.",LABEL_0,False,0.7584809064865112,97
573,SBC calling on cable SBC is teaming up with Microsoft to provide consumers with a new way to view television -- a move that puts it in direct competition with the cable TV industry.,LABEL_2,"meanwhile, on television, is joining up cable providers to connect customers via a new way to cable tv-- a process which placed it in greater touch on the local TV market.",LABEL_3,True,0.5534605979919434,54
574,"Ichiro now one hit from Sisler #39;s hits record In a fitting microcosm of the Seattle Mariners #39; season, Ichiro Suzuki took oen more step toward history while his embattled team suffered another loss.",LABEL_1,"also just two hit after his# 36; 39 debut and with no complete repeat at those old times# 40; 1, joe Suzuki brought oen first base in hitting for their entire season suffers the most.",LABEL_1,False,0.7664402723312378,85
575,"Fiat seeks pact in row with GM Fiat and General Motors are to hold more talks to solve their differences over  the future of the Italian firm's loss-making auto group, Fiat says.",LABEL_2,"2016: two talks between that fiat group& italian fiat agree that initiate new discussions or settle some problems of a sale for a same country' of debt- driven construction business, gm fiat.",LABEL_2,False,0.8332227468490601,69
576,"BlackBerry, Beloved Gadget, Continues to Thrive BOUT a year ago, PalmOne was poised to challenge the dominance of the BlackBerry, the wireless e-mail device made by Research in Motion that has become the gadget of choice among celebrities and politicians.",LABEL_3,"today, the companies, continue their play- over generation recently, PalmOne is able and assert a superiority for a phone, a popular internet- mail machine, in world for technology which always remained a device with interest by business& government.",LABEL_3,False,0.7889528870582581,96
577,"Zimbabwe cricket tour collapses England #39;s tour to Zimbabwe was on the brink of cancellation last night after David Morgan, the chairman of the England and Wales Cricket Board, instructed Michael Vaughan #39;s team not to board a flight to Harare an hour before it was scheduled to leave ",LABEL_1,"the 2006 end of his# 40; c trip outside rhodesia were at this verge being cancelled every minute because andrew davies, then ceo at both english& zimbabwe rugby team, urged john and# 38; r staff together not take the plane around zimbabwe this evening after they crashed due there|",LABEL_1,False,0.7777397632598877,103
578,"SMART-1 makes lunar orbit The SMART-1 probe has entered its lunar orbit, and the history books as the first European mission to have done so. Professor David Southwood, director of science for the European Space Agency (ESA), said:  quot;Europe ",LABEL_3,"wise- one, earth: The SMART- 1 mission is done using first orbit, or a probe, from a oldest scientific expedition it successfully did successfully. prof ian wilson, chief for missions with uk international orbits authority( ida), uk: london;;",LABEL_3,False,0.7768822908401489,100
579,"Sun Unveils Next Generation Client Technology SANTA CLARA, Calif., Dec. 13 /PRNewswire-FirstCall/ -- Sun Microsystems, Inc. (NASDAQ:SUNW) today unveiled its next generation Sun Ray(TM) Server Software 3.0 an interoperable, platform that enables instant ",LABEL_3,"• sun( gen./ villa ##ville, llc., 3. 0/-- 1/-- national systems, corp.( short: nas) now offers their latest generations solar systems( s) technology suite 2. 3 for advanced, software platform uses the",LABEL_3,False,0.7641617059707642,73
580,"UK Watchdog Turns Up Heat on Banks  LONDON (Reuters) - Britain's financial regulator will step  up scrutiny of investment banks' management of conflicts of  interest and risk in the wake of a number of high profile cases  such as WorldCom, Enron and Parmalat.",LABEL_2,"2017- putting off Heat in banking watch( 2016)- uk' ll new regulators should give better monitoring over commercial bankers' handling for conflict between interests or corruption of all cases for the host for large stakes banks including, bp, ibm& others.",LABEL_2,False,0.8308908939361572,94
581,Celtic captain McNamara out for a month Celtic captain Jackie McNamara will be sidelined for at least a month after sustaining ankle ligament damage in Tuesday #39;s 3-1 Champions League defeat to Barcelona.,LABEL_1,being back and away after this season; midfielder james McNamara may go out after as most the week with sustained serious ankle injury on leg# 8; including 0- 2 europa bundesliga victory against liverpool.,LABEL_1,False,0.8416736125946045,78
582,"Indian-Americans hail Manmohan speech New York, Sep 27 (UNI) Members of the Indian-American community who attended a public meeting addressed by Prime Minister Manmohan Singh welcomed his speech and expressed confidence that India would soon be a developed economy.",LABEL_0,"american- american meeting india at New York, september 27( UNI) representatives in an american- us group which attend the national speaking called for h ##r ##him have read its statement but felt confident as it should indeed become an prosperous country.",LABEL_0,False,0.7596092224121094,108
583,"Pierce hunts down Sharapova Maria Sharapova, the 17-year-old Wimbledon champion, was eliminated in the third round at the US Open yesterday by the 27th seed, Mary Pierce, who used to be known as  quot;The ",LABEL_1,"a match came when she point, another 17- years- older world finalist, been ousted from both fourth rounds in a wimbledon Open final with a third seeded, maria Pierce, whom happened not even competing for she; The",LABEL_1,False,0.7876908183097839,99
584,"B.C. Mountie killed in stolen truck crash leaves wife, two small children (Canadian Press) Canadian Press - VERNON, B.C. (CP) - Vernon RCMP have identified the auxiliary officer killed when the cruiser in which he was riding was struck by a stolen truck as Glen Evely, 39.",LABEL_0,"a. b., died at truck crash-- married, 2 young kids( local news) national media- vancouver, v. r.( CP)-- sources also listed any other policeman involved as a vehicle for whom they were killed as stolen as the tow vehicle by Glen macdonald, ch.",LABEL_0,False,0.7517386674880981,109
585,49ers #39; home to be renamed Monster Park after stereo cable company Some fans think 44-year-old Candlestick Park is already a dinosaur. Now the San Francisco 49ers #39; home stadium has the name to match.,LABEL_1,"nfl# 37; used- city named the stadium with a plaque, and i thought eight- week- new monster stadium. really another mistake. maybe a new angeles rams# 36; this now seemed another place would go.",LABEL_1,False,0.75992351770401,75
586,"Silva's Party Could Lose Sao Paulo Control President Luiz Inacio Lula da Silva's leftist Worker's Party appears set to lose control of South America's biggest city, Sao Paulo, with polls showing voters will replace the mayor with the man who lost the presidential election to Silva two years ago.",LABEL_0,"president' n parties would leave rio jose, and luis manuel augusto silva rosa'' brazilian president' campaign bloc seems determined against elect one in our brazilian' ds largest cities, paulo jorge, over fears that people should substitute this governor as this one had won all previous elections since democracy four months back.",LABEL_0,False,0.7817719578742981,107
587,Australia embraced by Malaysia at ASEAN summit TONY EASTLEY: For years Malaysian Prime Minister Dr Mahathir blocked Australia #39;s closer involvement with the ASEAN group of nations.,LABEL_0,officially welcomed as australia for the meeting by howard: from both australian government ministers- howard blocked the# 39; member of association of all world community member countries.,LABEL_0,False,0.7540771961212158,66
588,"Thousands Hit NYC Streets; Cheney Arrives NEW YORK - Tens of thousands of demonstrators marched past the Madison Square Garden site of the Republican National Convention on Sunday, chanting, blowing whistles and carrying anti-war banners as delegates gathered to nominate President Bush for a second term.    On the eve of the convention, the demonstrators packed the street from sidewalk to sidewalk for 20 blocks as they slowly filed past...",LABEL_0,"they- us-; manhattan, the yorker- hundreds per thousand thousand people walked from a washington national convention grounds into all democrat presidential conventions at capitol, washington, raising whistle, raising civil- defense rallies while thousands prepared of nomination george romney over the fourth time. upon each day after each nomination, these protesters lined a sidewalk as pedestrian upon pedestrian within two moments after he rapidly marched forward...",LABEL_0,False,0.8346171379089355,139
589,"Apple Confirms More UK Retail Stores Coming; Additional Locations &lt;b&gt;...&lt;/b&gt; Apple Computer confirmed Thursday it plans to open two additional Apple retail stores in the United Kingdom in 2005 - one in Birmingham, northwest ",LABEL_3,"has announced More UK shop locations;; two;& lt; b& gt;...& lt;/ b& gt; the uk store. it plan to open two extra retail stores, in the six kingdoms in 2005- one in london,;",LABEL_2,True,0.8292991518974304,59
590,"Red Sox Feeling Heat of 0-2 Start in ALCS (AP) AP - The infield at Fenway Park was covered with a dirty white tarp on a dreary day. Unless the Boston Red Sox start winning soon, the gloom will last all winter. The Red Sox returned home Thursday after losing the first two games of the AL championship series to the Yankees in New York. As its workout began, Boston announced ace Curt Schilling's ailing ankle will prevent him from pitching Game 5 and perhaps the rest of the postseason.",LABEL_1,"new teams' series a 2- 0 finish from al( s) at- home field in memorial gardens, filled into the heavy black fog after another clear night. as this new york season starts playing again, this weather may cool this week. a- Sox return early, having lost all previous one game during their 2009 division finals against a mets against southern england. with last season starts, yankees baseball complaining of ##in' the bad leg may discourage them before winning september 1 or possibly a first in season playoffs.",LABEL_1,False,0.77518630027771,190
591,KarstadtQuelle Sells Stake in Venture Troubled German retailer KarstadtQuelle AG said Monday it is selling its 82 percent stake in a three-year-old joint venture with coffeehouse chain Starbucks Coffee International to the US company.,LABEL_2,"company has started a business with German chain starbucks AG announcing that she will sale their 82% stake from the 30- month- old venture ventures from german manufacturer kraft heinz, for various european investors.",LABEL_2,False,0.7572512626647949,100
592,Els Eases Into Final Defending champion Ernie Els beat Padraig Harrington 5 and 4 yesterday to move into the final of the World Match Play Championship.,LABEL_1,"Els advanced to his match as Ernie newton beating shaun ireland 7& 5, and enter on a quarterfinal on 2016 european power broker championships.",LABEL_1,False,0.7610471844673157,66
593,"CBOE to sell stake in National exchange, buy CBOT rights The Chicago Board Options Exchange said Tuesday its directors approved steps to reduce its financial ties to two other exchanges in town.",LABEL_2,"options to go to from an investor, the CBOT: a national international trade commission announced, after members taken action. eliminate their direct sale for other major companies across europe.",LABEL_2,False,0.7785837054252625,78
594,Sun Micro Posts Narrower Quarterly Loss  SAN FRANCISCO (Reuters) - Network computer maker Sun  Microsystems Inc. on Thursday posted a narrower quarterly loss  as revenue rose for the second consecutive quarter on higher  sales of servers after three years of declines.,LABEL_2,Sun- Posts Narrower Quarterly Loss SAN FRANCISCO( Reuters)- Network computer maker Sun Microsystems Inc. on Thursday posted a narrower quarterly loss as revenue rose for the second consecutive quarter on higher sales of servers after three years of declines.,LABEL_3,True,0.9877262115478516,42
595,Ross Stores Profit Plummets 40 Percent (AP) AP - Discount retailer Ross Stores Inc. Wednesday said its profit fell about 40 percent in the latest quarter due to problems with a new computer system that limited the company's ability to respond to changes in customer demand.,LABEL_3,overall the profits are 40 Percent( AP) AP- Discount retailer Ross Stores Inc. Wednesday said its profit fell about 40 percent in the latest quarter due to problems with a new computer system that limited the company' s ability to respond to changes in customer demand.,LABEL_2,True,0.9738308787345886,51
596,"Kerry Challenges Bush Record on Issues DETROIT - Sen. John Kerry accused President Bush on Wednesday of presiding over an ""excuse presidency,"" challenging Bush's credibility on jobs, the record national deficit and the war in Iraq...",LABEL_0,"Kerry, illinois: 1 january 2008- 09. John bush defended george Bush during tuesday evening controversy on the"" integrity hearing,"" questioning clinton' personal focus over jobs, a record on elections or any situation outside korea...",LABEL_0,False,0.7698569893836975,105
597,Dell and Microsoft Launch Joint Software (AP) AP - Dell Inc. and Microsoft Corp. promised big savings on the billions of dollars companies spend on system maintenance as they unveiled jointly developed software Monday that manages and upgrades servers in one mouse-click.,LABEL_3,"internet& technology alliance development program( app) AP- software ltd., dell jr. made huge gains for a hundreds in years we have had operating systems that it developed then created project software for repairs or updates software after the multi- session.",LABEL_3,False,0.8029659986495972,92
598,"Vijay Singh seeks ninth win of 2004 World No. 1 Vijay Singh, who is seeking his ninth win on the PGA Tour this year, will play the final three events this season, starting with this week #39;s Funai Classic.",LABEL_1,"martin also his fourth victory for 2004; nr. 9 martin Singh, whom was claiming him third spot of all PGA tours these weekends, must win these last five matches this weekend, beginning from the q# 1; s ##nl win.",LABEL_1,False,0.7712844610214233,105
599,"Sorenstam wins Hammons Classic Annika Sorenstam won her fifth LPGA Tour event of the year, closing with a 1-under 70 Sunday for a four-shot victory at the John Q. Hammons Classic.",LABEL_1,"career victories: 1 Annika also earned his second champions Tour title in this month, culminating as the 6- of 6 victory over an 10- 6 finish from a 2017 mr. Hammons open.",LABEL_1,False,0.7686820030212402,87
600,"Minding the Search Engine Business Microsoft just swears that it hasn #39;t given up on Internet Explorer and that it #39;s really, really important to the future of Microsoft, to the next version of Windows, etc.",LABEL_3,"and this microsoft website as it exists shows what still has# 38; ##s picked up through web services ... makes it# 39; it too, very vital. an evolution with windows, or another new iteration for microsoft, now.",LABEL_3,False,0.753653883934021,89
601,Boston Red Sox Team Report - September 24 (Sports Network) - A sensational pitching matchup is on tap at Fenway Park this evening when Pedro Martinez and the Boston Red Sox welcome Mike Mussina and the hated New York Yankees to town for another chapter in baseball #39;s fiercest rivalry.,LABEL_1,mlb black Sox preview preview- july 25( game report)- another special mlb show was onto view on central stadium the afternoon between game ##ia: a philadelphia yellow Sox brings john stanton to another new west england mets they practice out the fight during team# 1; american baseball tournament.,LABEL_1,False,0.7531967163085938,111
602,"Second seed Dementieva hammered in New Haven The French Open runner-up, who had progressed to the last four with ease, was completely out of sorts as seventh seed Bovina wrapped up victory in only 56 minutes.",LABEL_1,"third seeded then won at nueva orleans while eastern Open pair- doubles, which would gone into both final two by knockout, fell almost out from place until fourth seeds Bovina built her pace into just 15 seconds.",LABEL_1,False,0.7677570581436157,90
603,"Sudan vows to restore order to Darfur but calls for African peacekeepers (AFP) AFP - Sudan will take the lead in restoring order to its rebellious Darfur region but needs the support of African peacekeepers and humanitarian aid, Foreign Minister Mustafa Osman Ismail said.",LABEL_0,"it wishes a restored peace within sudan and calling upon military cooperation( 2006) AFP- n must follow this government through bringing relief into their entire conflict areas and requires a backing in sudanese security& international forces, egyptian spokesman mohamed ismail mahmoud reported.",LABEL_0,False,0.8697348833084106,94
604,"Bosox strike deal with Mirabelli; Yanks, Flaherty close The Boston Red Sox have signed backup catcher Doug Mirabelli to a two-year deal worth \$3 million, making him the first of the World Series champions #39; 16 free agents to re-sign.",LABEL_1,"Bosox 2018. in boston; 2015, 2015, 2015 chicago based yankees also assigned boston batter michael wilson into another 1- month dl of\$ 250 000, denying them any role for a defending champions in# 10; one exclusive agent is co- signed.",LABEL_1,False,0.762032151222229,92
605,"96 Processors Under Your Desktop Roland Piquepaille writes  quot;A small Santa Clara-based company, Orion Multisystems, today unveils a new concept in computing,  #39;cluster workstations.",LABEL_3,"96 ##6 Under their guidance: corporation, quot; one large villa nova- area manufacturer, Orion systems, ca: another short introduction: 1984,# 39; cluster computer.",LABEL_3,False,0.7523195147514343,85
606,"Oil Price Steadies After 5 Percent Slide  LONDON (Reuters) - Oil steadied on Thursday after  Wednesday's 5 percent retreat from record highs, as traders  concluded that China's surprise interest rate rise would not do  much to dampen fuel demand growth.",LABEL_2,"total cost rise on 7- 8 tuesday( 2017)- Oil steadied off tuesday on thursday' t 20% return on previous days, while analysts warned in today' ll rapid oil price decline will probably work well and boost their price rise.",LABEL_2,False,0.7598329782485962,96
607,"Mobile phone sales hit second-quarter record: Gartner (AFP) AFP - Global sales of mobile telephones hit a record 156 million in the second quarter, a study published by the US research group Gartner showed.",LABEL_3,"- overall phone sales,- in:: 2017( data)?- total total of cellular phone hit a: 156, in the last week, a research commissioned by the US consulting firms google mobile.",LABEL_2,True,0.5958834886550903,59
608,"Once Again, Mets Sputter Toward End of a Season year ago, the Mets were going nowhere when they swept the first-place Atlanta Braves in a three-game series at Shea Stadium on the first three days of September.",LABEL_1,"way out, time- their kind in little league history now, a braves started doing well: them swept a third- year ##stown mets during the five- games game inside atlanta arena during a third seven weeks before august.",LABEL_1,False,0.8230921030044556,85
609,Cassini photos leaves some mysteries Cassini #39;s latest sweep past Saturn #39;s moon Titan revealed more intriguing pictures of the surface but left many mysteries intact.,LABEL_3,some footage captured images of saturn# 31; s a look around neptune# 39; s another search and also extensive exploration around a moon and its actual details unknown.,LABEL_3,False,0.7511128187179565,78
610,"You have mail, always, with a BlackBerry Washington lawyer William Wilhelm knows from experience that not everybody loves his BlackBerry as much as he does. The girlfriend was fed up with a relationship ",LABEL_2,"You have mail, always, with a young male lawyer- Wilhelm knows from somewhere that not ##t loves his partner as much as he does. The girlfriend was fed up with a-",LABEL_0,True,0.7556329965591431,49
611,Special to ESPN.com It #39;s the age old question:  quot;What do you give to the man who #39;s been everything? quot;. Only time will tell whether Phil Knight #39;s retirement will be as long-lived as so many players he paid to endorse Nike.,LABEL_1,back to forbes. com It# 39; s the age old questions: quot; What do you give to the man who# 39; s been with? quot;. Only time will tell that Phil from# 39; s life will be as long- term as so many. he paid to keep Nike.,LABEL_2,True,0.874228835105896,60
612,"WR Grace Is Likely to Face Indictment in Montana Case By Bloomberg News. WR Grace  amp; Company, a producer of chemicals and building material that filed for bankruptcy protection in 2001 amid thousands of asbestos-related claims, said yesterday ",LABEL_2,"@ ##ay also expected him seek prosecution during a suit from bbc america. WR Grace co; co, the company in steel& aluminum equipment who settled in federal bankruptcy during 2013 on discovery about abuse- conspiracy allegations, ow!",LABEL_2,False,0.7790477275848389,93
613,US Insurance Stocks Plunge on Concern About Spitzer (Update3) The plunge in US insurance stocks widened to include companies such as Aetna Inc. and Humana Inc. on concern New York Attorney General Eliot Spitzer #39;s probe of the industry will drag down profits.,LABEL_2,"US investment markets; in& around-( 2009) The plunge for US investor equity expanded with larger entities including american Aetna co.& Humana corp. for which New lead attorneys, p-# 3; 2006) in the company would wind up litigation.",LABEL_2,False,0.752411961555481,129
614,"Update 3: Sears #39; Stock Surge After Firm Buys Stake Sears, Roebuck and Co. #39;s stock shot up 23 percent Friday after a real estate investment trust disclosed it had purchased a 4.3 percent interest in the department-store chain.",LABEL_2,"january 2015: s# 41; a week before its buying of staples, sears& bros.# 38; sears shares went up 10% only because another private property investor has stated they recently bought another 3. 1% stake from another 25- stores company.",LABEL_2,False,0.7948159575462341,85
615,"SpaceShipOne,take two The SpaceShipOne team will attempt to win the \$10 million Ansari X Prize on Monday, the 47th anniversary of the start of the first space race when the Soviet Union launched its Sputnik satellite.",LABEL_3,"sunday, round 2 all winning teams would try and get a\$ 1 billion space X Prize before wednesday, a 50th birthday on an anniversary that a soviet spaceship launched where another ussr first received it own spacecraft.",LABEL_3,False,0.7569836378097534,88
616,"Gates: US Need Not Fear Overseas Tech The United States has nothing to fear from rapidly growing technology markets in China and India, Bill Gates, chairman and chief software architect of Microsoft Corp.",LABEL_3,"Gates: US Need Not Fear Overseas and The United States has nothing to fear from rapidly growing technology markets in China and India, Bill Gates, chairman and chief software architect of Microsoft Corp.",LABEL_2,True,0.9858648777008057,35
617,CBA to purchase local lender #39;s share Commonwealth Bank of Australia (CBA) said yesterday it was in talks with the Jinan City Commercial Bank (JNCCB) about buying a stake in the regional lender.,LABEL_2,next day a national bank# 10; c. national corporation for asia( CBA) announced that they are making touch of a j. community banks( [UNK]) on purchasing the shares from some local banks.,LABEL_2,False,0.7762148976325989,76
618,UN Council Poised to Vote on Darfur Resolution  UNITED NATIONS (Reuters) - The United States and China held  last-minute talks on Saturday before the U.N. Security Council  was to vote on a resolution that would consider oil sanctions  against Sudan if it did not stop atrocities in the Darfur  region.,LABEL_0,"under resolution 126, decide upon whether the two countries( council)- both member un or sudan hold conference- call hearings before it in each d. r. the commission needed also agree about the proposal what might reduce petroleum production for iraq before he should eventually resolve conflict among all affected states.",LABEL_0,False,0.7560093998908997,103
619,"Shake-up at British retailer LONDON Marks  amp; Spencer announced a management shake-up Tuesday that cost six senior executives their jobs, as the company said profit plunged and sales dipped in its home market for the first half of 2004.",LABEL_2,"follow- on on uk airways, uk amp; com reported the' shake- up, which cost 30 new managers and workers, although a newspaper reported sales fell but demand increased for their target markets over a final quarter in 2010.",LABEL_2,False,0.7742480635643005,103
620,Wet Seal Third-Quarter Net Loss Widens (Reuters) Reuters - Struggling clothing retailer Wet\Seal Inc.  on Wednesday posted a wider quarterly loss\as lackluster demand for its teen-oriented fashions forced the\company to make bigger markdowns.,LABEL_2,Wet&-- largest Net losses:( 2017) us- independent apparel distributor Wet\ soft llc. in 2015 reported the small total losses\ and high expectations in their teen- themed clothing caused moist\ firm management undergo drastic cuts.,LABEL_2,False,0.7687890529632568,97
621,"Freed trio get warm Delhi welcome Three Indian truck drivers held hostage in Iraq arrive back in Delhi, where large crowds greet them.",LABEL_0,"- trio got warm,- some american car operators holding ransom from lahore come back into Delhi, the indian people with them.",LABEL_0,False,0.7694411873817444,66
622,"Israeli Army Kills 5 Palestinians in Gaza JEBALIYA REFUGEE CAMP, Gaza Strip - Israeli soldiers on Saturday shot and killed a Hamas militant whom the military said was responsible for a rocket attack that killed two Israeli preschoolers last week and triggered an army offensive in northern Gaza.    Abed Nabhan, 25, was one of five Palestinians killed Saturday in the continuing Israeli operation in northern Gaza...",LABEL_0,"palestinian soldiers kill five israelis at jerusalem palestinian liberation army, 10 gaza- palestinian soldier off site shoot& kill one crew member who some israel claimed had responsibility of the bomb blast which wounded three israel forces next morning, started the ira attack into western galilee. abdullah ibrahim, hamas, reportedly 1 in three militants reported dead after a second palestinian offensive against northwestern galilee...",LABEL_0,False,0.8799088597297668,131
623,"Stewart Asks to Serve Sentence Soon NEW YORK Sept. 15, 2004 - Millionaire executive Martha Stewart announced Wednesday that she had decided to begin her prison sentence for lying about a stock trade as soon as possible.",LABEL_2,"she was also be a visiting from hampshire april. march, 2008- account holder in washington informed stewart said her government agreed should start serving jail sentences upon hearing of any proposed trade very quickly than feasible.",LABEL_2,False,0.7799747586250305,80
624,Football: Brazil legend's UK debut Brazil football great Socrates is set to make his debut for non-league Garforth Town on Saturday.,LABEL_0,notes: Brazil legend' s UK debut Brazil football great Socrates are announced to make his debut for non- league Garforth Town on Saturday.,LABEL_1,True,0.9709756970405579,27
625,Poll: I was right to let Henry score Referee Graham Poll has insisted that he acted within the laws of the game when he allowed Thierry Henry to take a quick free-kick yesterday.,LABEL_1,notes: it is supposed ... watch me win- henry Poll has claimed because poll played outside those bounds on game rules where they forced up players and execute another successful free- kick attempt.,LABEL_1,False,0.7621945142745972,95
626,"29 escapees from North seek refuge at school in Beijing BEIJING -- Twenty-nine people believed to be North Korean entered the Japanese school in Beijing on Wednesday morning to seek asylum in a country other than China, according to Foreign Ministry officials in Tokyo.",LABEL_0,"many people in korea sought asylum into schools outside east japan-- seventy- three chinese confirmed as foreign ethnic chinese fled fleeing chinese authorities outside seoul by tuesday afternoon but finding refuge inside no place larger that beijing, reporting from china mission authorities inside shanghai.",LABEL_0,False,0.8587967157363892,89
627,"New Russian-US Team to Leave for ISS in October MOSCOW (AFP) -- A new Russian-US team for the International Space Station (ISS) will take off from the Baikonur space station in the former Soviet republic of Kazakhstan in October, Russian space officials said.       The three-person team, due to be approved on Thursday, will leave for the ISS on board a Russian Soyuz TMA-5 spacecraft, Russia's Federal Space Agency, Roskosmos said on its website...",LABEL_3,"russian russians- american teams will depart from space station 2016-( 2015)-- this potential soviet- american platform of three russian manned stations( teams) would set up at various international iss stations across all united republic republics in russia by april, federal security administration reported. these russian- russian teams, expected by russian announced that monday, should exit from an announcement of completing the new manned iss- 1 mission, kazakhstan'- official soyuz station, russia announced in your behalf...",LABEL_3,False,0.8470429182052612,155
628,"Giants' Stoutmire Tears ACL; Lost for Season  EAST RUTHERFORD, N.J. (Sports Network) - The New York  Giants placed defensive back Omar Stoutmire on injured reserve  Wednesday after he tore his anterior cruciate ligament in  Sunday's season-opening 31-17 loss in Philadelphia.",LABEL_1,"teams' recent shattered ACL; victory in giants at philadelphia, s. w.( atlantic city)- another recent giants team replaced offensive guard Omar walton at active duty status until him fractured their lower medial plate during giants' 2015 week- concluding 28- 28 defeat from chicago.",LABEL_1,False,0.7853313684463501,101
629,"Life without numbers in a unique Amazon tribe 11=2. Mathematics doesn #39;t get any more basic than this, but even 11 would stump the brightest minds among the Piraha tribe of the Amazon. ",LABEL_3,"all in existence on an whole, even 1= 11. it makes# 1; to be the easier difficult about that, and only 11 will have a most minds for this ancient tribe from this earth.",LABEL_3,False,0.7643944025039673,85
630,"German Finance Professionals Grow Sharply (AP) AP - German finance professionals grew sharply more pessimistic about the country's economic growth outlook, fearing that the euro's record highs against the U.S. dollar will weigh on exports, a monthly survey showed Tuesday.",LABEL_2,"- financial prospects Grow-( AP)--- financial analysts grow gradually increasingly skeptical on a economy' own overall growth rates, fearful whether each euro' d annual rise over two g. r. dollars can press in heavily, the national survey revealed this.",LABEL_2,False,0.766650915145874,118
631,"Motorola to Cut 1,000 Jobs, Take Charge  NEW YORK (Reuters) - Telecommunications equipment maker  Motorola Inc. &lt;A HREF=""http://www.investor.reuters.com/FullQuote.aspx?ticker=MOT.N target=/stocks/quickinfo/fullquote""&gt;MOT.N&lt;/A&gt; said on Tuesday that it would cut 1,000  jobs and take charges of about \$50 million for severance  benefits as it tries to increase productivity.",LABEL_2,"agreed on reduce 3, 400 job, in- business companies( us)- telecom services company of 2013.& r; h=="" at:// media. news. company. org/ web. page? n= news./?=/ company/ market/ 2015""& q; 2014. o& t;/ s& b; announced from twitter as he will cut 7, 300 employment to end charge on it\$ 10 000 per employee benefit while his seeks of restore efficiency.",LABEL_2,False,0.7632001638412476,137
632,Mularkey sticking with Bledsoe as Bills starter Mike Mularkey has a message to those clamoring for rookie quarterback JP Losman to replace Drew Bledsoe as Buffalo #39;s starter. Not yet.,LABEL_1,despite competing without Bledsoe- giants' Mike brown makes the point and show hoping of bills qb tim Losman. use john Bledsoe at Buffalo# 2; new starter. Not confirmed.,LABEL_1,False,0.7683019042015076,105
633,Touchy Times at Midas The auto maintenance company has a simple business but a complicated prognosis.,LABEL_2,other days for Midas a auto repair business is the busy existence and the strong presence.,LABEL_2,False,0.7830654382705688,46
634,Ex-general wins Indonesian elections Retired general Susilo Bambang Yudhoyono was on Monday confirmed as Indonesia #39;s next leader as final counting from the country #39;s first direct presidential polls gave him a landslide victory over his predecessor.,LABEL_0,Ex- presidential. presidential election wins incumbent Susilo Bambang ##ono held in ##g elected of country# 41; won parliamentary elections with best result by any party# 43; won last four national elections gives himself this surprise election after their predecessors.,LABEL_0,False,0.7721196413040161,102
635,"Pakistani PM-elect takes parliament confidence vote Pakistani Prime Minister- elect Shaukat Aziz Saturday secured vote of confidence in the National Assembly (NA), the powerful lower house of the parliament,a requirement under the country #39;s constitution.",LABEL_0,"( PM- mp, second majority votes)- ministerial- elect syed ahmad shah. vote by approval from an na parliament( NA), all national upper houses. a government, the constitution with no resolution# 6; 5).",LABEL_0,False,0.7620396614074707,104
636,"Tropical Storm Kills at Least 90 in Haiti GONAIVES, Haiti - Tropical Storm Jeanne brought raging floodwaters to Haiti, killing at least 90 people and leaving dozens of families huddled on rooftops as the storm pushed further out into the open seas on Sunday, officials said.    Floods tore through the northwestern coastal town of Gonaives and surrounding areas, covering crops and turning roads into rivers...",LABEL_0,"total flood killed on average 100 of haitian., 2015- severe storms was bringing the flood on haitian, injuring with most 30 persons but left hundreds like them stranded from roofs since these storms pulled them away on a high ground of beaches, experts stated. winds flew into a northern main city on haitian or neighboring towns, killing dozens or pushing hundreds off homes...",LABEL_0,False,0.8476574420928955,129
637,"Afghan-Coalition Soldiers Kill 3, Wound 2 at Checkpoint Coalition forces in Afghanistan say that three people were killed and two others critically wounded when their pickup truck tried to run a checkpoint in the province of Ghazni.",LABEL_0,"afghanistan- afghan troops killed 2, killing 3 in the border checkpoint of afghan city, 3 soldiers critically wounded or 2 people seriously injured in one military vehicle attempted at enter the road through an vicinity to checkpoint.",LABEL_0,False,0.8497166633605957,77
638,Two top Nokia executives resign HELSINKI: Nokia said the respected head of its networks unit had resigned and another top networks official left in the second major departure of top management in two weeks at the world #39;s largest mobile phone maker.,LABEL_2,"three other company officials reportedly resigned: another"" top executive chief from their european network never left but a senior finnish person remained from a next big list among big companies across four categories until this latest# 1; 1. cellular network"".",LABEL_2,False,0.8341903686523438,87
639,A.I.G. Will Accept Monitor and Pay \$80 Million to Close Inquiries The insurance company has agreed to pay about \$80 million to settle investigations into insurance sales that were used by companies to manipulate their earnings.,LABEL_2,"A. I. G. Will Accept liability or claim\$ 100 billion on Close, The underlying underlying was expected, pay approximately\$ 80 billion to settle it against future payments which was offered for individuals which fund its operations.",LABEL_2,False,0.7532085180282593,142
640,"Complex Brings Work, Shops Close to Home Tucked on a side street, just a block from the cars and trucks that whiz along Rockville Pike, sits a new complex of 404 luxury apartments, renovated restaurants and stores that some planners and developers are calling the optimum in compact urban redevelopment.",LABEL_2,"what looks right, nestled parallel into downtown and with the small alley, only the yard for heavy trucks& buses which go off central Pike, in the large community with 404 exclusive residences, serviced apartments& hotels by renowned architects& investors is deemed a best performing modern commercial development.",LABEL_2,False,0.7768888473510742,115
641,"Microsoft settles antitrust cases with Novell, CCIA Microsoft Corp on Monday announced antitrust settlements with Novell Inc. and the Computer and Communications Industry Association (CCIA), ending years of legal wrangling.",LABEL_2,"it settles legal cases with Novell, CCIA software Corp on Monday. continues litigation with Novell Inc. and the software and communication Industry associates( CCIA), ending years of legal battle.",LABEL_3,True,0.868818998336792,41
642,"The Red Sox Gaze Ahead After Much Looking Back The Boston Red Sox are already thinking about next year, the year after and, above all, how to avoid another eight-and-a-half-decade drought.",LABEL_1,"those boston years, back, always going like these philadelphia green Sox but now wondering into next summer, those years before them, after this, how to handle the four- over- the- short- year thing.",LABEL_1,False,0.7648085951805115,96
643,"Charting East Asias milestones IT is a special honour for me to be speaking before such a distinguished gathering, including my illustrious predecessor and his colleagues from Korea and Japan who are all well-known for their visionary ideas and as proponents of East Asian cooperation.",LABEL_0,"global- asia' that comes the high honor from you can also presented at these all significant group, especially your great friend or my associates on china or korea which i know long- appreciated as his innovative approaches or these pioneers in modern regional development.",LABEL_0,False,0.8283071517944336,93
644,"New Bomb Blast Wounds 15 in India Suspected separatists bombed a power line, a gas pipeline, a tea plantation and a crowded marketplace in northeastern India on Sunday, intensifying a campaign of violence ",LABEL_0,"- indian attack september 15 at mumbai consisting of bombing some railroad depot, some textile factory, some coffee house or any residential town near northern bombay by friday, in the outbreak from|",LABEL_0,False,0.7643244862556458,73
645,"Living legends left their marks PASADENA, Calif. -- The first football meeting between Michigan and Texas in yesterday's Rose Bowl brought together two coaching legends -- Bo Schembechler and Darrell Royal .",LABEL_1,"the legend based it on california, texas.-- this second official showdown among california& Texas at pasadena' 96 Rose Bowl moved forward to former coaches-- Bo stafford& jim Royal.",LABEL_1,False,0.7567265033721924,93
646,Kansas Gets Chance For Revenge Against Nevada The Jayhawks were &lt;b&gt;...&lt;/b&gt; The second-ranked Jayhawks can redeem themselves for one of their most frustrating losses last season Monday when they welcome the Wolf Pack to Allen Fieldhouse.,LABEL_1,it takes revenge over victory over both their teams b& d; d& g;...& b;/ g& g; a fourth- placed kansas will revenge itself because two among its greatest dramatic moments next year was where it drove a coyote ##s into victory field.,LABEL_1,False,0.7663238644599915,85
647,"Biggest threat to Britain #39;s grand prix heritage Henry Ford once said that his factories didn #39;t make cars,  quot;they make money. quot; It is a philosophy Bernie Ecclestone would surely understand more than most after his surgically dispassionate decision yesterday not to include the British grand prix on the ",LABEL_1,"major threat in any# 38; ex- race, john stewart famously claimed if you people think# 38; cars makes money, sir; we buy things. yes; there was this fact; ford should not suffer worse that day because its team made it, just might have some american s racing history.",LABEL_1,False,0.8009901642799377,114
648,"Shanghai, Qualifying: Surprises all round Michael Schumacher spun and Sauber looked strong this afternoon. Fernando and Jacques went sixth and thirteenth.",LABEL_1,"qualifying, shanghai: after the- race hamilton fifth michael schumacher went fourth all morning. schumacher sixth alonso went ninth or ninth.",LABEL_1,False,0.7531005144119263,49
649,"Intel guns for remote wireless device management SAN FRANCISCO - Intel Corp. is working on a device management technology that could allow IT departments to take advantage of existing management software and bring a host of disparate wireless devices under the IT department umbrella, an Intel executive said Monday at the Cellular Telecommunications and Internet Association's Wireless Entertainment and IT conference here.",LABEL_3,"smart guns on wireless communications systems managing- mateo- apple ltd. are developing for an network managers system who would force remote organizations which took care on complex wireless issues or take some number on remote network users into a system management control, the ai official confirmed that after a national communications& media institute'( 2015 business& technology symposium"".",LABEL_3,False,0.7801513075828552,131
650,"Multiple Bombings Kill At Least 37 In Capital _ At least three bombs exploded near a US convoy in western Baghdad on Thursday, killing 37 people and wounding more than 50, officials said.",LABEL_0,"several bombs killed by most, the total of a last four one explodes on an militant outpost near eastern iraq that sunday, killed 30 men or wounded greater that 40, authorities stated.",LABEL_0,False,0.828167200088501,67
651,"Internet Ad Revenues Jump 40 Percent Internet advertising revenues jumped 40 percent in the first half of this year, driven largely by the growing popularity of keyword ads tied to search results.",LABEL_3,"online advertising revenue jumped 50% and advertisement revenue jump 20% from this last year for the internet, fueled especially through a widespread use by internet advertising according an internet engine.",LABEL_3,False,0.8619223833084106,65
652,"Google #39;s New PC Search Tool Poses Risks NEW YORK Oct. 18, 2004 - People who use public or workplace computers for e-mail, instant messaging and Web searching have a new privacy risk to worry about: Google #39;s free new tool that indexes a PC #39;s contents for quickly locating data.",LABEL_3,"pc# 38; and// safety risk- published by issue aug. 9, 2009- users whom google private and corporate sites like text- messaging, electronic messages& email applications find any potential security threat and think against: internet# 36; and the latest product which uses the pcs# 38; new tool of automatically searching databases.",LABEL_3,False,0.877905011177063,109
653,"No-Confidence Vote Planned Against Palestinian PM  RAMALLAH, West Bank (Reuters) - Lawmakers angered by the  Palestinian leadership's failure to make reforms plan to force  a parliamentary no-confidence vote that could bring down the  government appointed by Yasser Arafat, legislators said.",LABEL_0,"0- 1 votes Planned: former mp ##l, western Bank( 2005)-: disappointed on an israeli parliament' n willingness of submit no plan but avoid the possible two- one votes who may shake up a regime created without david Arafat, it said.",LABEL_0,False,0.756016194820404,120
654,"SpaceShipOne's 2nd Shot at X Prize Slated for Monday (SPACE.com) SPACE.com - The second attempt by the rocketplane SpaceShipOne to soar into space and snag \  the  #36;10 million Ansari X Prize is planned for Monday, officials announced last \  night.",LABEL_3,"space' a second prize of X, announces from wednesday( time. net) science. 11- all next attempts on any flight crew that burst beyond existence into space\ 11# 38; 9# 36 1st Prize. announced as saturday, as of monday\ time.",LABEL_3,False,0.7671294212341309,99
655,"Tokyo Stocks Higher, Lifted by Survey  TOKYO (Reuters) - Tokyo stocks rose by mid-morning on  Monday with a broad range of issues getting a lift from a key  survey that boosted optimism on Japan's economic outlook, with  expectations rising that growth figures will be revised up.",LABEL_2,"japan stock rising, followed from greater japan( japan)- japan stock raising on wednesday- afternoon of tuesday in the full set by figures- this result on this nationwide poll which showed expectations about tokyo' overall financial situation, including predictions including if its projections should get backed again.",LABEL_2,False,0.8328734040260315,95
656,"Argentina Heads World Cup Qualifying Group After Brazil Loses Argentina moved atop South America #39;s qualifying group for the 2006 soccer World Cup with a 3-2 victory over Venezuela, grabbing the lead after world champion Brazil suffered its first defeat of the campaign.",LABEL_1,"uruguay in uefa championship qualification round with 3 defeats; finish season latin american# 5; last group qualify through for 2018 fifa international tournament after the 0- 0 win of argentina, holding this position until this championship argentina recorded their third victory from all event.",LABEL_1,False,0.7847075462341309,91
657,Prying Into FBI Activities The ACLU files Freedom of Information Act requests to find out why antiterrorism task forces have been monitoring activists. By Ryan Singel.,LABEL_3,breaking free FBI activity for anti- conduct terrorism investigation Act request for finding up how the air force has trouble tracking them. william patrick ryan.,LABEL_3,False,0.7708579301834106,67
658,Civil servants in net porn probe More than 200 staff at the Department of Work and Pensions have been disciplined for downloading porn at work.,LABEL_3,their involvement in net abuse by greater than 200 persons at the departments of Work and welfare have been investigated for using porn at work.,LABEL_0,True,0.8186667561531067,36
659,"OPEC Agrees to Cut Oil Output in Bid to Firm Up Prices OPEC oil ministers agreed today to cut oil production by one million barrels a day to stem a 24 percent price slide in the past six weeks, and they called for an emergency meeting ",LABEL_2,"they pledged that reduce petroleum production of oil by prop ##ane and reform petroleum producers have agreed: reduce the output about 1 billion barrel an year or offset the 20% output cut for every next one month, but to call upon the urgent;",LABEL_2,False,0.7633919715881348,93
660,"South Korea planning huge spending to revive economy: report (AFP) AFP - The South Korean government is preparing a huge  quot;New Deal quot; spending package in the next few years to revive the country's sagging economy, Yonhap news agency said.",LABEL_2,"southern government making big plans, turn economic: economy( s) AFP- a new presidential administration and building the big budget; large money supply; investment project for a final 10 weeks- repay this nation' re old debt, korean government source unknown.",LABEL_2,False,0.8452091813087463,90
661,ObjectWeb adds portal content management middleware Using open-source modules instead of commercial alternatives -- even standards-based ones -- could save businesses money.,LABEL_3,which turns portal tools into it- well- sourced modules regardless if technical ones-- not web- oriented applications-- can suit people better.,LABEL_3,False,0.7630805373191833,54
662,"Oracle Quarterly Net Income Rises 16 Pct Oracle Corp. (ORCL.O: Quote, Profile, Research) on Tuesday reported a 16 percent rise in quarterly net income as the world #39;s second largest software company benefited ",LABEL_2,"for annual average earnings under 15%, ltd.( i. c: analysis, report, profile) at oracle announced the 14% increase of annual total revenues earned in year# 1;* largest major technology customer:",LABEL_2,False,0.761448860168457,71
663,"EU, Japan Win WTO Approval to Impose Duties on US (Update2) The European Union, Japan and Brazil won World Trade Organization backing to impose tariffs on US imports after Congress failed to end illegal corporate subsidies worth \$850 million since 2001.",LABEL_2,"germany, eu. government support and increase tariffs against goods( eu); american federation, brazil& russia the global trading organisation approval. lift tariff upon japanese exports since they voted against cut bilateral foreign trade subsidies\$ 7 trillion during 2017.",LABEL_2,False,0.821789026260376,83
664,"Lockheed Profit Jumps on IT, Jet Demand &lt;p&gt;\&lt;/p&gt;&lt;p&gt; NEW YORK (Reuters) - No. 1 U.S. defense contractor Lockheed\Martin Corp. &lt;LMT.N&gt; reported a 41 percent rise in quarterly\profit on Tuesday, beating Wall Street forecasts, as demand\soared for its combat aircraft and information technology\services.&lt;/p&gt;",LABEL_2,"Lockheed Profit Jumps on IT, and Demand& lt; p& gt;\& lt;/ p& gt;& lt; p& gt; NEW YORK( Reuters)- No. 1 U. S. defense contractor Lockheed\ Martin Corp.& lt; LMT. N& gt; reported a 41 percent rise in quarterly\ profit on Tuesday, beating Wall Street average, as demand\ soared for its combat aircraft and information technology\ services.& lt;/ p& gt;",LABEL_3,True,0.9766238927841187,63
665,Wenger Spares Red-Faced Lehmann Arsenal keeper Jens Lehmann was left red-faced in Athens as two costly mistakes ensured that a Champions League victory slipped through his sides fingers again.,LABEL_1,"the club Red- lined with bayern keeper Jens and got left wrong- footed against Athens after four consecutive defeats followed that this crucial away win went on our side, however.",LABEL_1,False,0.774930477142334,97
666,"Desktop Search Avalanche Set to Hit Yahoo, Ask Jeeves, and Microsoft all plan to follow Google to the desktop.",LABEL_3,"microsoft windows, sets of search search, Ask for, and google are set for hit Google in this end.",LABEL_3,False,0.753682017326355,52
667,"Scientists: Volcano Monitoring Funds Low (AP) AP - For lack of funds, more than a third of the nation's ""truly dangerous"" volcanos lack even a seismometer for detecting signs of an impending eruption, scientists say.",LABEL_3,"notes: this observatory uses-(-) AP- in absence of warning, greater because too few among the country' a"" extremely natural"" scientists built up the device without finding evidence for any explosive eruptions, critics complained.",LABEL_3,False,0.7504280805587769,79
668,"Blast kills at least three in crowded market in southern &lt;b&gt;...&lt;/b&gt; MANILA, Philippines At least three people have been killed and several injured in a powerful explosion at a crowded public market in the southern Philippines.",LABEL_0,"explosion killed from most people from central area of s& r; a& g;...& b;/ p& e; angeles, philippine philippines total 3 individuals has being murdered& others wounded with some similar explosions in the local farmers markets on a same area.",LABEL_0,False,0.9195543527603149,83
669,"Delta Air to Issue More Shares Delta Air Lines, fighting to avoid bankruptcy, said yesterday that it had won approval to bypass shareholders to issue up to 75 million common shares.",LABEL_2,"american plans for take over stock Delta Air line, trying long escape litigation, announced publicly as they now had authority over approve plans, acquire close of 7 billion outstanding stock.",LABEL_2,False,0.7574713230133057,76
670,"Travelocity Says Speed Is the Ticket For Growth Sam Gilliand, the chief executive of Travelocity, talks about the online travel industry, the Cendant-Orbitz merger and the woes of the airline industry.",LABEL_2,"also called Speed, a strategy toward Growth john jones, a senior economist at air, writes that a global tourism business, a airbus- Orbitz agreement increases overall growth as a travel community.",LABEL_2,False,0.779370903968811,86
671,"Russia's Red Army Fetes Pope on Eve of Anniversary  VATICAN CITY (Reuters) - Russia's Red Army chorus and  orchestra on Friday feted Pope John Paul to mark his 26th  anniversary as Roman Catholic leader, an event unthinkable just  15 years ago before the fall of the Soviet Union.",LABEL_0,"russian' 99 special armies- band for day after the holy trinity( 2012)- russian' 95 military forces unit. band of pope honors for jean michel. celebrating its 25th year of catholic church pope, the anniversary celebrated exactly four days earlier during a beginning for a ussr campaign.",LABEL_0,False,0.7592031955718994,99
672,"Kyocera Battery Recall Kyocera Battery Recall By guest contributor Josh Pereira. Kyocera, a leading manufacturer of CDMA phones, has announced a voluntary and precautionary recall of the batteries found in their KE/KX 400 Series, 3200 Series, and Slider Series phones.",LABEL_3,"2017, saw a new presentation from special guest tim johnson. apple, another worldwide supplier for mobile batteries, have issued an full or partial recall on every battery, from its k/ KX ##l line, s ##p, and k ##x ##s.",LABEL_3,False,0.7619394063949585,97
673,"Ivory Coast facing UN sanctions France is pushing to win passage of a UN resolution that seeks an arms embargo and other penalties against the Ivory Coast. France #39;s UN ambassador, Jean-Marc de la Sabliere, hopes for a vote early this week.",LABEL_0,"africa present at central powers resolution 70 determined they win out against another geneva protocol which requires a immediate ban of financial sanctions in commercial Ivory trade. vote# 5; the ##n envoy, jacques- andre ##e, croix, called on another referendum later each year.",LABEL_0,False,0.7777082324028015,102
674,"Honey, did you remember to call the DVD recorder? The machine has a 400GB hard disk drive, is capable of zapping video elsewhere in a home, and is designed to let consumers program recording remotely over the Internet--including via cell phones.",LABEL_3,"oh, but we forget you mention this video player? this computer possesses the compact solid state capacity, and incapable with recording all files from another system, nor it used, have someone record video dvds by a telephone-- not on any ##phones.",LABEL_3,False,0.810273289680481,85
675,Button decision delayed Jenson Button must wait until next month before discovering which Formula One team he can race for next season. He wants to leave BAR for Williams but both teams claim to have a deal with the British driver ,LABEL_1,key-- the Button should remain for another round after knowing about the first team they will race under that year. He intends not sell himself after good and neither sides decide and reach no decision about either other driver,LABEL_1,False,0.7661107778549194,117
676,Collingwood anchors England (AFP) AFP - Paul Collingwood's unbeaten 80 took England to 299 for seven against Zimbabwe in their opening Champions Trophy Pool D match at Edgbaston here.,LABEL_0,Collingwood anchors England( AFP)-- Paul Collingwood' s unbeaten 80 took England to 299 for seven against Zimbabwe in their opening Champions Trophy Pool D match at Edgbaston here.,LABEL_1,True,0.994588315486908,31
677,Sports in brief He yelped after his second drive. His knees buckled after making contact on the sixth tee. . (See photo at left.) He stopped a half-dozen times and lifted his shirt so his caddie could rub heating cream between his shoulder blades.,LABEL_1,but that time you stopped at our last turn. he knee bent for another right after this second lap..( right here for golf.) you bounced another full- mile off but removed their gloves before your hand can wash fresh sweat off your chest plate.,LABEL_1,False,0.765397310256958,89
678,"New Rebel Factions Emerge in Darfur New rebel factions have emerged in western Sudan, complicating peace talks on the conflict in Darfur. The UN special representative for Darfur, Jan Pronk, says he thinks the new groups are serious and need to be taken into consideration.",LABEL_0,"rebel military groups: from 2006 rebel coalition forces will emerge into northern Sudan, during political dialogue about key issues within conflict. a syrian regional coordinator about peace, mahmoud ahmed, said it feels those current threats is new but need just have kept on account.",LABEL_0,False,0.8017001152038574,97
679,Employees from 10 hotels locked out The San Francisco Multi-Employer Group announced this morning that it has locked out UNITE HERE Local 2 employees from 10 hotels and staffed the vacated positions with replacement workers.,LABEL_2,employee of 9 hotel lock ##out of the jose american- national association said every week: they now taken up all members and senior staff at 6 hotel& occupied all main offices as new employees.,LABEL_2,False,0.8295849561691284,73
680,Montreal Expos Team Report - August 31 (Sports Network) - The Montreal Expos were handed a setback in Monday #39;s opener at Olympic Stadium. Greg Maddux threw seven shutout innings and went 2-for-3 with an RBI at the plate to lead the Cubs to a 5-2 victory.,LABEL_1,- mlb- profile- june 17( team report)- a toronto Expos appeared in the game on their# 1; green configuration around chicago grounds.^ ##oire allowed three complete overs but gone 6- of- 10 as the opener on his mound helped take a team out the 8- 5 defeat.,LABEL_1,False,0.7609053254127502,106
681,Merck Shares Drop on Report of Documents About Vioxx Drug Merck  amp; Co. shares fell as much as 7 percent to their lowest level in more than eight years after the Wall Street Journal said the drugmaker tried for years to stop safety concerns from hurting sales of its Vioxx painkiller.,LABEL_2,"shares had dropped as shares included information of new ##cap and s; s., losing so far around 40% over his current shares within less as five months while a guardian- post suggested a company needed a time of avoid market problems by affecting consumers for their Vioxx drug.",LABEL_2,False,0.8611973524093628,110
682,"Thatcher case twist as list of alleged coup backers vanishes THE Thatcher saga took a dramatic twist last night when it emerged a key witness in the police investigation has disappeared, taking with him a list of wealthy individuals who supposedly bankrolled an alleged coup attempt in oil-rich Equatorial Guinea.",LABEL_0,"a case described as one of former prime ministers: no political press taking those particular turns next month and it seems the single person of these same case are vanished, along behind them another number with other persons which secretly financed this upcoming coup attempted against oil- free southern africa.",LABEL_0,False,0.761262834072113,129
683,"BASS moving headquarters to Florida The Bass Anglers Sportsman Society is moving its headquarters to Central Florida. The bass fishing organization, based in Montgomery since its inception in 1967, announced Monday ",LABEL_3,"BASS moving headquarters to atlanta The Bass Anglers Sportsman Society is moving its headquarters to Central Florida. The bass fishing organization, based in Montgomery since its inception in 1967, announced Monday",LABEL_2,True,0.9723372459411621,33
684,"In Western Iraq, Fundamentalists Hold U.S. Forces at Bay Falluja and Ramadi, and much of Anbar Province, are now controlled by militias, with U.S. troops confined to outside bases.",LABEL_0,"In central iraqi, strongly fortified a. u. military holding Bay ##ram, baghdad, plus portions in surrounding region, are currently led by iraqi, while a. us. support limited iranian military missions.",LABEL_0,False,0.7613579630851746,80
685,Boycott Rethink After Ahern Apology The DUP was last night reconsidering its boycott of talks with the Irish government after Taoiseach Bertie Ahern apologised to party leader Ian Paisley.,LABEL_0,"the weekend before polling, a DUP were again heard over their boycott without speaking of any british public as leader jack Ahern apologized through conservative chairman liam kenny.",LABEL_0,False,0.7733845114707947,80
686,"Basayev Claims Responsibility for Beslan School Hostage Siege A Chechen rebel commander has claimed responsibility for the school hostage siege in southern Russia earlier this month, during which more than 320 hostages were killed, half of them children.",LABEL_0,"russian rebels responsible of the schools hostages, with russian opposition leader he claims responsible in a hostage hostages attack across northern syria later the year, after where greater as 200 civilians was injured, 200 in it military.",LABEL_0,False,0.7819920778274536,77
687,"Two Charged in S. African Nuclear Trafficking Case JOHANNESBURG, Sept. 9 -- A German man and his colleague appeared in court Thursday on charges of violating South Africa #39;s ban against nuclear proliferation, according to news reports.",LABEL_0,"Two charges in S. 1- activity Case friday, Sept. 9-- A white man and his partner were in court, on accuse of enforcing South carolina# 39; s ban upon such activity, pursuant to news agency.",LABEL_1,True,0.6898421049118042,58
688,"USC rolls to easy win Despite playing well Arizona was unable the hold the top ranked USC Trojans, losing 49-9. The score was a bit deceiving as the Wildcats hung tough with the nations best team for about a quarter and a half.",LABEL_1,"they went by no score after doing poorly yet and in another game a high seeded USC offense, winning 17- 10. this scoring fell each game even while a score stood heavy behind a very strong arizona state over either game or another draw.",LABEL_1,False,0.8113594055175781,95
689,Oil Sets New Record \$47 on Iraq Threat  LONDON (Reuters) - Oil prices surged to a new high of \$47 a  barrel on Wednesday after a new threat by rebel militia against  Iraqi oil facilities and as the United States said inflation  had stayed in check despite rising energy costs.,LABEL_2,it has the records\$ 47 on iraqi--( 2007)-- price soared to a new peak of\$ 47 a pound on iraq in a recent report by several groups on global arms production and as the arab leaders reported prices had held in confidence after falling in confidence.,LABEL_0,True,0.7067722082138062,89
690,"Photos Plus Music Equals an Expensive iPod (washingtonpost.com) washingtonpost.com - First Apple put some color on the iPod, when it offered the iPod mini in a palette of pastel hues, and now it has put some color inside it, in the form of the new iPod Photo.",LABEL_3,"colors and photos: the old photograph( apple. co) apple. net- the iphone added a colour into this photo, but they bought this apple ipod for the variety in other combinations, but then we can add the colour over them, on every case in a music album itself.",LABEL_3,False,0.8190819025039673,97
691,"AOL beefs up its homeland security AOL has added a range of features to ward off computer viruses, intrusive spyware programs and spam to a special edition of its internet access package, AOL 9.0 Security Edition.",LABEL_3,"once picks for your internet service, it released another suite for technologies helping fight online network infections, and extends attacks or threats via the new release with your security security system, AOL 8. 9 enhanced security.",LABEL_3,False,0.8160010576248169,82
692,Bode Miller picks up fourth win of World Cup season Bode Miller won for the fourth time this season Friday and Daron Rahlves was second -- the first 1-2 finish for US men in a World Cup downhill.,LABEL_1,Bode johnson picked his third time against that kind: Bode johnson finished in a third year all year. american jason miller is fourth-- a best 4- 0 loss in team history from another challenge Cup event.,LABEL_1,False,0.7836933732032776,97
693,"Sudan govt unleashes offensive in South Darfur: SLA rebels CAIRO, Dec 17 (AFP) -- One of the two main rebel groups in Sudan #39;s war-torn Darfur region said that the government had launched an offensive on rebel-held towns in southern Darfur, denouncing it as a truce violation.",LABEL_0,"federal and government forces within southern sudan: SLA: sudan, april 30( 2011)-- clash by those three major islamist group within region# 7; and ##no- affected southern province announced after this group, initiated the attacks of rebels- occupied cities within northern sudan, seeing they are no defensive measure.",LABEL_0,False,0.80029296875,106
694,"US leads 2-0 in Davis Cup Olympic silver medalist Mardy Fish served 19 aces to defeat Max Mirnyi in the second singles match 7-5, 6-2, 3-6, 6-3. Roddick #39;s serve in the final game of the match eclipsed his own record of 153 mph set at the Queen #39;s Club tournament in England in June.",LABEL_1,"also winning 1- 8 from the quarterfinals; masters medallist david Fish took two games and beat the ##field from a fourth place, 8- 8, 8- 7, 1- 8, 0- 8. his# 49; us record during a last leg in any tournament tied her best speed at 60, setting in another international# 48; a qualifying event from london during may.",LABEL_1,False,0.8081627488136292,132
695,Nokia plans to boost memory for phones New handsets from the mobile phones global leader will have hard disk to store more songs and pictures in a move to tap the rapidly growing smartphone market.,LABEL_3,it intends for increase capacity among these nokia phones in every new nokia device this may use physical memory for record new data or features as the project towards boost this newly booming phone ecosystem.,LABEL_3,False,0.8514760136604309,71
696,"Alcoa Shares Fall Most Since April in Europe After Forecast Shares of Alcoa Inc., the world #39;s biggest aluminum producer, fell the most in almost five months in Europe after the company said third-quarter profit from continuing operations will be below analysts #39; estimates.",LABEL_2,"their stocks fallen slightly by half since 2014 as new customers for Alcoa llc., an industry# 40; aluminum and steel manufacturer, saw it fall after only three hours until 2017 as a ceo stated fourth- generation products as their business may remain on market# 43; d.",LABEL_2,False,0.8867120742797852,98
697,"'Nano-needle' operates on cell Scientists have performed a delicate surgical operation on a single living cell, using a needle that is just a few billionths of a metre wide.",LABEL_3,"' Nano- scientists' based in technology- has done every modern medical procedure from the small single body, utilizing the device who comes typically some few tenth and the second short.",LABEL_3,False,0.7622581720352173,67
698,Eagles remain unbeaten David Akers kicked a 50-yard field goal in overtime to help the Eagles to a 34-to-31 victory over the Cleveland Browns. Donovan McNabb matched a career high with four touchdown passes.,LABEL_1,game lead holder aaron Akers hit an 30- yards ground out with time helping take a raiders onto the 30- 30- 27 win on another detroit cowboys. eric McNabb tied the league best of two touchdowns each.,LABEL_1,False,0.7823765873908997,89
699,"Steelers' Staley Downgraded to Doubtful (AP) AP - Pittsburgh Steelers running back Duce Staley was downgraded to doubtful Friday with a sore hamstring, meaning he will almost certainly miss a third consecutive game Sunday.",LABEL_1,"ol' 12 down- 21st( incomplete) team- leader- rushing yards Duce Staley is down for doubtful, on the strong back, as it might not immediately begin the fourth straight comeback today.",LABEL_1,False,0.7963513135910034,88
700,"Sea-Level Rise Gives Clue to Big Chill A sudden influx of freshwater from North America's ancient Lake Agassiz to the North Atlantic 8,200 years ago triggered a precipitous cooling of the region, scientists believe. Now they are trying to predict if and when a similar scenario might happen again.",LABEL_3,"high- levels give the signal of temperature Chill ##s rapid ##flow from water over southern africa' d great lakes, the open atlantic some 6, 000 year earlier; the rapid expansion over this water, researchers concluded. so we were attempting toward determine whether or why this natural process would occur now.",LABEL_3,False,0.771978497505188,112
701,"US Forces Bomb Iraq's Falluja, Seize Zarqawi Aide (Reuters) Reuters - U.S. planes bombed targets in\Iraq's rebel-held city of Falluja, killing two people, and the\U.S. military said it had captured a lieutenant of its\deadliest Islamist enemy in Iraq in a raid early on Saturday.",LABEL_0,"- aircraft raid isil' iraqi military, capturing a soldier( spokesman).- us. c. forces raid villages of\ iraqi' near isil- hit outskirts in damascus, wounding four militants, but a\ s. o. army announced we also killed another few among our\ biggest remaining fighters from september by the bombing yesterday next morning.",LABEL_0,False,0.7762998342514038,103
702,"2 D.C. Men Accused of Defrauding Investors The Securities and Exchange Commission sued two District men yesterday, charging them with improperly soliciting more than \$1.3 million for a real-estate-based Ponzi scheme by preying on fears about neighborhood gentrification.",LABEL_2,"and D. C. are accusing for being misleading and finance& investment authority, two local men individually, charges themselves by illegally obtaining greater compensation\$ 3. 5 billion of the residential- property- related sell- in based with allegations in the development.",LABEL_2,False,0.7696361541748047,105
703,"Lockheed to Launch Rocket; Boeing Gets New Date (Reuters) Reuters - Lockheed Martin Corp. on Monday\announced that it will launch its Atlas V rocket on Dec. 17 as\planned, while Boeing Co. waited to reschedule a launch of its\Delta IV heavy-lift rocket that it was forced to abandon on\Sunday.",LABEL_3,"scheduled for launching date; but- and timeline( 1):- boeing aerospace corporation.| friday\ announcing as they would launches their saturn l rockets from nov. 16-\ friday, 2016 lockheed martin. planned, conduct the flight without their\ atlas v full- sized rockets as they has planned it make until\ december.",LABEL_3,False,0.8708144426345825,105
704,"Update 1: Sysco Profit Climbs 8 Percent on Sales Sysco Corp., the country #39;s largest food service distributor, Monday said profit for its latest quarter rose 8 percent, as it increased sales and trimmed expenses despite the hurricanes in the Southeast.",LABEL_2,"note 3: profit also increased 15% from average Sysco inc., food nation# 5; formerly the consumer services supplier, has announced profits on averaged last year at high percentage, because they stabilized prices or increased revenues over stronger competition with another region.",LABEL_2,False,0.8807060718536377,92
705,ACC Loses 2 Ranked Teams; Big East Get 2 (AP) AP - The Atlantic Coast Conference's record run of seven ranked teams came to an end Monday.,LABEL_1,national ranked 4 ranking team; all four ranked teams( 2) AP- all east end conferences'' previous record by 8 ranking games went toward the ending however.,LABEL_1,False,0.7966121435165405,62
706,"Palestinian says Americans' killers can't be arrested GAZA -- Palestinian security forces know who was behind the killing of three Americans in Gaza nearly a year ago but cannot act against the factions while fighting with Israel continues, a top Palestinian security official said.",LABEL_0,"israeli officials,' they couldn' not bring in hamas-- israeli armed police forces which specialized in these murders from six palestinians outside palestine almost an century prior and can turn on these killers if allied into us,, an palestinian hamas police officer stated.",LABEL_0,False,0.7966949939727783,89
707,"Boeing casts eyes on live TV over Connexion service The Boeing Co. is planning to add live television to its Connexion by Boeing service during 2005, a company executive said in a recent interview.",LABEL_3,"which includes service via online television by the way, the corp. are plans for adding online tv on our Connexion at Boeing: in 2017, an boeing employee spoke of the same view.",LABEL_3,False,0.8082882165908813,83
708,"Five facts about France #39;s Muslim headscarf ban - The French parliament passed the law in March to ban  quot;conspicuous symbols quot; of faith from its state school system. Guidelines for applying the law identified Muslim headscarves, Jewish skullcaps and large ",LABEL_0,"three things in the# 1; images and symbols list- a state legislature approved this legislation of 2006 that ban this; french for/;?) with some official legal authority. criteria against violating a section: french heads, french head!!",LABEL_0,False,0.769840657711029,92
709,SEVEN KILLED IN KABUL BLOODSHED At least seven people have been killed in a bomb blast in central Kabul - the second deadly explosion in Afghanistan over the weekend.,LABEL_0,"six people of afghanistan, as most five, are brutally murdered during another massive explosion near northern afghanistan- a third major incident of afghan in any world.",LABEL_0,False,0.8067623376846313,57
710,"Around The Region In another move to cut costs, Continental Airlines is closing 14 of its ticketing offices systemwide, including three in the Houston area.",LABEL_2,"in a process of a bid and decrease cost, american Airlines has closed 13 from their 14 bases completely, and mainly within these atlanta suburbs.",LABEL_2,False,0.7541981935501099,57
711,"Ex-WorldCom CEO Wants Witness Immunity (Reuters) Reuters - Lawyers for former WorldCom  Chief\Executive Bernard Ebbers are seeking immunity for two witnesses\who they believe could clear their client of fraud charges\related to the company's  #36;11 billion accounting scandal,\according to court papers filed on Wednesday.",LABEL_3,"Ex- former CEO Wants Witness protection( Reuters) Reuters- Lawyers for former global Chief\ attorney Bernard Ebbers are seeking immunity for two people\ who they believe could clear their client of fraud charges\ related to the company' s# 36; 11 billion dollar scandal,\ related to court papers filed on them.",LABEL_2,True,0.9058077931404114,58
712,Zurich Employees Plead Guilty in Probe  NEW YORK (Reuters) - Two senior insurance underwriters at  Zurich American Insurance Co. pleaded guilty  on Tuesday to  misdemeanors related to bid-rigging in the insurance market.,LABEL_2,they also pleaded innocence after the north jersey( nyc)- and other member companies of Zurich group investment inc. plead out for indictment with charges connected with bid- fraud on american securities markets.,LABEL_2,False,0.7698553800582886,79
713,Iomega readies wireless NAS device Iomega Corp. is soon expected to ship its first network-attached storage (NAS) device based on wireless networking technology.,LABEL_3,2017- with it announced wireless technologies. are reportedly going and ship their first connection- oriented wireless( NAS) system built for mobile network technologies.,LABEL_3,False,0.7607506513595581,65
714,"ETA Seals Off Madrid with 5 Bombs, 2 Police Hurt (Reuters) Reuters - The Basque separatist group ETA set off\five bombs at petrol stations around Madrid on Friday, putting\a stranglehold on the city at the start of a long holiday\weekend.",LABEL_0,"ETA set into it causing 5 casualties, 5 people injured( 4) 2008- a spanish armed organization ETA fired off\ two strikes outside convenience stores throughout barcelona in may, 08\ 1 strain inside a bus before a conclusion for the commercial break\ night.",LABEL_0,False,0.763331413269043,103
715,Fortune's 100 Most Doomed? Your company made it to Fortune's 100 Fastest Growing Companies list. Is that a good thing?,LABEL_2,today' a your least successful? our companies making you into forbes' the 50 best big company lists. are this another bad sign?,LABEL_2,False,0.7775924205780029,45
716,"New \$50 bill designed to counter counterfeits WASHINGTON - The green is still there, but with touches of blue, red and yellow. A stylized image of the Stars and Stripes now waves in the background.",LABEL_2,"New\$ 50 bill designed to counter george WASHINGTON- The green is still there, but with touches of blue, red and yellow. A stylized image of the Stars and Stripes now waves in the background.",LABEL_0,True,0.9377684593200684,36
717,SA 'mercenaries' plead not guilty Sixty-six men accused of plotting a coup in Equatorial Guinea deny breaching Zimbabwe's security laws.,LABEL_0,SA' s' plead guilty against thirty- eight men convicted on staging the rebellion within western libya while meeting africa' under martial law.,LABEL_0,False,0.7538642883300781,65
718,"Ask Jeeves Search Engine Gets Slim and Personal Ask Jeeves Search Engine Gets Slim and Personal\\Ask Jeeves has introduced new changes which have totally made over the search engine which hopes to give Yahoo, MSN and Google a run for their money. The new changes at Ask.com include MyJeeves personal search, a revamped local search, and an update ...",LABEL_3,"the internet user search got new a new google internet searching results is introduced,\\\ google search engine made several modifications and improvements also take off an old change with plans for get google, apple or bing one look around your website. some recent modifications for yahoo. me, the national searches, any new search selection, or another updated...",LABEL_3,False,0.7742227911949158,121
719,"Baseball's Homeless Franchise Bud Selig, the Major League Baseball commissioner, didn't realize he was gambling when he awarded the Expos to Washington.",LABEL_1,"oakland' native baseball player Bud Selig, a philadelphia sports franchise owner, hadn' not realise joe wanted playing and eventually gave a job for him.",LABEL_1,False,0.7642443776130676,62
720,"Donald runs into Ryder form Luke Donald says his win in the European Masters on Sunday bodes well for his upcoming Ryder Cup debut. Donald was one of European captain Bernhard Langer #39;s two picks for the match, which takes place at Oakland Hills, Michigan from 17-19 September.",LABEL_1,"he got with the younger player, so their victory of a scottish classic that monday goes directly into their european Ryder championship win. he being ahead with german international carl jung# 3; 6) candidates of 2016 masters, who took places near woodland pennsylvania, pennsylvania on 12- 18 october.",LABEL_1,False,0.7813522815704346,107
721,"Cavanagh, Crimson roll by Union Tom Cavanagh scored two goals, leading Harvard to a 4-1 win over visiting Union last night.",LABEL_1,"coincidentally, the roll by captain william brown added two scored, guiding Harvard into the 9- 0 win against virginia from 19 november.",LABEL_1,False,0.751177966594696,67
722,"Elbaradei, Environmentalist Tipped for Nobel (Reuters) Reuters - Among those tipped to win the 2004 Nobel\Peace Prize on Friday are the U.N. nuclear watchdog and its\leader Mohamed ElBaradei, a Kenyan environmentalist and a\Russian anti-nuclear activist.",LABEL_0,"however, also contenders for Nobel( 2003) awards-- those predicted to win the 2004 science\ Peace Prize on appeal are the U. N. peace institute and its\ president ahmed said, a sudanese politician and a\ egyptian anti- nuclear leader.",LABEL_3,True,0.7604567408561707,67
723,"Murphy Acquitted of Sexual Abuse Charges Basketball Hall of Fame member Calvin Murphy, left, sits in a courtroom as he waits for the start of closing arguments in his trial Monday, Dec. 6, 2004, in Houston.",LABEL_1,"proven innocent of the assault., halls. Fame player tommy Murphy, left, seated by another bench while reportedly waiting until a end on jury time for its last courtroom, nov. 7, 2006, from dallas.",LABEL_1,False,0.7682949304580688,98
724,"Oracle Overhauls Sales-Side Apps for CRM Suite (NewsFactor) NewsFactor - Oracle (Nasdaq: ORCL) has revamped its sales-side CRM applications in version 11i.10 of its sales, marketing, partner relationship management and e-commerce application.",LABEL_3,"microsoft released sale- oriented software with these platforms( 2010) 2015- present( Nasdaq: ORCL) and introduced their platform- wide CRM application under the 11. 11 for their enterprise, finance, and relationships integration& re- marketing applications.",LABEL_3,False,0.7711315155029297,92
725,"Vornado Buys 4.3 Pct. Sears Stake Vornado Realty Trust said on Friday it has acquired a 4.3 percent stake in the retailer Sears, Roebuck  amp; Co.. Sears #39; stock rose as high as \$45.",LABEL_2,"company$ 3. 00 Pct. a, the company has confirmed in twitter they have bought the 3. 9% stakes of another company,, formerly sears; inc.. Sears# 6; price was reportedly large at\$ 1.",LABEL_2,False,0.7543354630470276,87
726,"Ailing Arafat Arrives in Paris for Medical Treatment A French military jet believed to be carrying the Palestinian leader landed today at an airfield outside Paris, witnesses said.",LABEL_0,""" Arafat arrived into france on urgent care from military civilian- thought may have transporting some syrian army wounded soldier for the airport near marseille, abbas governorate.",LABEL_0,False,0.8310844898223877,64
727,British athletics appoint psychologist for 2008 Olympics British athletics chiefs have appointed sports psychologist David Collins as Performance Director to produce medal winners at the 2008 Beijing Olympics.,LABEL_1,national athletic council officials in 2009: national athletes commission has selected british journalist mark Collins for athletic consultant. olympic medals holders for a 2016 london olympic.,LABEL_1,False,0.7563068866729736,64
728,Life After Yasir Arafat His successors wanted an orderly funeral. They brought in bulldozers to clean up Yasir Arafat #39;s broken-down headquarters in Ramallah.,LABEL_0,immediately before this death His relatives arranged the actual burial. he took on staff members fix ##ing Yasir Arafat# 1; their run- up residence outside jerusalem.,LABEL_0,False,0.7507082223892212,67
729,"Ballmer: Microsoft is listening to customers Microsoft chief executive Steve Ballmer says the software giant is listening to customers, and wants to make the company and its employees more accountable for delivering on its plans.",LABEL_3,"Ballmer: who gets listened too by his technical advisor, who claims every computer software comes open on him, but needs also put a business& their customers equally responsible while passing along their revenue.",LABEL_3,False,0.8052445650100708,78
730,"Turkish Parliament Fails to Pass Reforms (AP) AP - Turkey's parliament adjourned Saturday without passing a key reform package because of divisions over the government's proposal to make adultery a crime, bringing warnings from the European Union that delays could hurt Turkey's chances of membership.",LABEL_0,"federal government attempts- implement reform( AP)-- turkish' er legislature meets again in debating some similar turkish legislation out in concern of this parliament' m intention but declare this an failure, with warned of a europe parliament stating these reforms threaten turkish' own share on prosperity.",LABEL_0,False,0.7859348058700562,101
731,"Enbridge to Buy Some of Shell's Pipelines  TORONTO (Reuters) - Enbridge Inc. &lt;A HREF=""http://www.investor.reuters.com/FullQuote.aspx?ticker=ENB.TO target=/stocks/quickinfo/fullquote""&gt;ENB.TO&lt;/A&gt; will buy Shell's  Gulf of Mexico natural gas pipelines for \$613 million in a move  that will make it a major transporter in the huge gas-producing  area, Canada's No. 2 pipeline company said on Wednesday.",LABEL_2,"plans"" acquire all other pipeline'- pipeline.( e)- to&.& g; index=="" en:// trading. exchange. london. ca/ bloomberg. in? name= e.""&=/ exchange/ markets/ 2008""& g; em. in& gs;/ e& s; may purchase pipe' and trans. canada northern pipeline pipeline,\$ 20 billion for any deal which could render"" no large player for a natural oil- processing industry, ontario', n.- energy provider"" from cnn.",LABEL_2,False,0.7924321293830872,147
732,HEAP OF TROUBLE FOR RAVENS The Baltimore Ravens could be without one of their main offensive weapons for up to a month. Ravens coach Brian Billick said on Monday that two-time Pro Bowl tight end Todd Heap could miss two to four weeks with a severely sprained right ankle.,LABEL_1,short lived injuries from 2014 a pittsburgh team would get in two with his worst secondary fights by close almost every decade. Ravens owner don williams warned in thursday the three- week injured roster wide receivers will Heap may serve one or two months from an seriously hurt high arm.,LABEL_1,False,0.8190496563911438,115
733,"No miracle this time That miracle, of course, took place in Lake Placid, NY, during the 1980 Winter Olympics. Thanks to the likes of Jim Craig, Mike Eruzione, Ken Morrow and the rest of the US hockey team, the mighty Soviet Union ",LABEL_1,"No matter the extent the incident, on record, takes form near glen forest, minnesota, near a 1986 us olympic. due the a presence from mike smith, ken campbell, jim richardson or any remnants from any single olympic team, an entire Soviet-",LABEL_1,False,0.7616227865219116,97
734,US edge out Brazil for gold The United States beat Brazil 2-1 in extra time to win the women's Olympic football tournament.,LABEL_0,US edged out usa for gold The american teams beat japan 2- 1 in regular time to win the men' s regional soccer competition.,LABEL_1,True,0.8009899854660034,35
735,Website posts video of suicide attack against British troops A video purportedly showing a suicide attack against British troops last week was posted on an Islamic website. Soldiers from Britain #39;s Black Watch regiment were manning a vehicle checkpoint south of Baghdad ,LABEL_0,"other youtube posts about an attempt at american soldiers; youtube clip detailing this similar killing of american soldiers next month, released via the isil websites. personnel of brigade# 39; ta' a troops was attacking the brigade stationed outside baghdad.",LABEL_0,False,0.7598611116409302,94
736,"Microsoft probing reported flaws in Windows XP SP2 NOVEMBER 12, 2004 (COMPUTERWORLD) - Microsoft Corp. yesterday said it is investigating claims that several new vulnerabilities have been found in Windows XP Service Pack 2 by security firm Finjan Software Inc.",LABEL_3,"- probe for flaw on microsoft windows attack april 2, 2005( utc)- windows ltd., announced that"" fielding allegations of many serious flaws has were identified with microsoft security update- 1. consulting group microsoft, llc.",LABEL_3,False,0.7827205657958984,79
737,Shares surge to all-time high as results exceed forecasts NEW YORK (CBS.MW) -- Toll Brothers reported fiscal fourth-quarter earnings that nearly doubled over year-earlier results as demand continued to outstrip supply in the homebuilder #39;s affluent markets.,LABEL_2,they rose over two- times higher from earnings on the domestic markets( c. MW)-- Toll company record- breaking- half year share almost doubles in month- round sales and recession threatens will disrupt trading on a remaining# 1; future ##n).,LABEL_2,False,0.8124210834503174,97
738,"Dollar Briefly Hits 4-Wk Low Vs Euro  LONDON (Reuters) - The dollar dipped to a four-week low  against the euro on Monday before rising slightly on  profit-taking, but steep oil prices and weak U.S. data  continued to fan worries about the health of the world's  largest economy.",LABEL_2,"4- 1 euro- Wk high/ uk low( 2016)- european economy rose over another five- day high under a euro in inflation after falling again at initiative- points, and high exchange price against low r. e. demand contributed towards serious concerns over this state on a uk' and overall economies.",LABEL_2,False,0.7648400664329529,117
739,Coming to a TV near you: Ads for desktop Linux Linspire CEO points out that recent TV ads serve as indication of acceptance in mainstream populace.,LABEL_3,welcome on another date with me: support of popular Linux: another point here: many television ads work without signs for interest among local communities.,LABEL_3,False,0.8202593326568604,67
740,"A Bit of Wall St. on the Tigris The 150 brokers and traders on the Iraq Stock Exchange are not waiting for the war to end, buying and selling orders a few hundred yards away from the fighting.",LABEL_2,"another line in this paper. near the Tigris The 150 brokers and traders on the Iraq Stock Exchange are not waiting for the war to end, buying and selling orders a few hundred yards away from the fighting.",LABEL_0,True,0.9718729257583618,45
741,"EU, US Talks on Aircraft Aid Grounded US and EU negotiators disagreed on Thursday about state aid for aircraft rivals Airbus and Boeing, winding up no closer on a sensitive issue that has gathered steam before the US presidential election.",LABEL_2,"EU, US Talks on us Aid- US and EU officials debate on concerns about state aid for our partners boeing and airbus, bring up no dialogue on a particular issue that has gotten steam before the US general assembly.",LABEL_0,True,0.8522070646286011,56
742,"Sony #39;s game war advances to next level Rival Sony began its worldwide assault yesterday by launching a new handheld console, PlayStation Portable, in game-crazy Japan. Sony aims to seek and destroy GameBoy and its maker Nintendo #39;s \$5billion hold ",LABEL_3,"see# 41; and the game advancing- new generation sony officially started their game play campaign after announcing the sony portable handheld, sony playstation, around mid- day 2013. he continues their defend but protect nintendo& their customers from# 38; and\$&$",LABEL_3,False,0.8636648654937744,87
743,Iran Suspends Key Nuclear Work to Avoid Sanctions Iran on Monday froze sensitive nuclear work including uranium enrichment in a move likely to thwart US efforts to report the Islamic state to the UN Security Council for possible sanctions.,LABEL_0,"iraq suspended Key military Work would stop attacking sanctions against sanctions with other international treaties with iran, under the position sought and block its proposal for subject a soviet bloc of any independent military authority about nuclear threats.",LABEL_0,False,0.7884061336517334,93
744,"Paterno #39;s real tragedy may be not knowing when to go Joe Paterno often has talked about the profound impact that a piece of classic literature has had on his life. While a student at Brooklyn Prep in the early 1940s, he devoured TheAeneid, written by the Roman poet Virgil.",LABEL_1,"and# 39; s real tragedy may be not knowing when to go Joe Paterno often has talked about the profound impact that a piece of classic literature has had on his life. While a student at Brooklyn Prep in the early 1940s, he devoured TheAeneid, written by the Roman poet Virgil.",LABEL_3,True,0.9853212833404541,53
745,"Brazilian GP, Friday Fernando 7th and Jacques 12th after a studious opening day at Interlagos for the Mild Seven Renault F1 Team.",LABEL_1,"european GP, Friday, 12th but eventually 12th after another strong race performance as home of french formula Seven cars elite squad.",LABEL_1,False,0.7786428928375244,76
746,"After Being Bounced Around Florida Is Bouncing Back Although the three hurricanes that have hit Florida led to a broad economic slowdown, the glimmerings of a miniboom are already apparent.",LABEL_2,"After Being Bounced Around Florida Is Bouncing Back Although the three hurricanes that have hit Florida led to a broad global slowdown, the glimmerings of a miniboom are already apparent.",LABEL_3,True,0.9902983903884888,32
747,Sadr Aide Tells Iraq Militia to Cease Fire -TV A top aide to Iraq #39;s rebel Shi #39;ite leader Muqtada al-Sadr Monday called on the Mehdi Army militia to cease fire across Iraq and said Sadr was preparing to announce plans for a major political program.,LABEL_0,"senior officers urging their troops for ceased fires- notably the senior advisor of ci# 38; brig. army# 38; military chief abdullah saddam- hussein has calls upon both iraq armed forces and stop fires within hours now that iraq is prepared, submit request of the new military intervention.",LABEL_0,False,0.7709785103797913,99
748,Waugh: Shoaib will test Australians Former Australian skipper Steve Waugh says he thinks Shoaib Akhtar will test the home side when it tackles Pakistan at the WACA. Having recently watched Australia end a 35-year hoodoo in India with a 2-1 series ,LABEL_1,note: pakistan may face australia- indian captain david patel stated his believes captain india must test this test team if they confronts australia with a WACA. he previously let them maintain any two- game dominance of tests at the 1- 2!,LABEL_1,False,0.7952194213867188,101
749,Tigers exercise Trammell #39;s option The Tigers face plenty of decisions on players from here on out. Their option on the manager was a quick one. Two days after Alan Trammell completed his second season at ,LABEL_1,notes: option# 5; 6) all Tigers have lack in options make it right down under you. our grip upon a club proved no difficult task. six weeks before john ball began their third stint!,LABEL_1,False,0.7885103225708008,82
750,"Web Snags Right Demographic (washingtonpost.com) washingtonpost.com - In 1996, the Internet was a curiosity for most, the record labels were swollen with cash from CD sales, and R.E.M.'s ""New Adventures in Hi-Fi"" could only add to that hoard. Critics and fans drooled for the alt-rockers' follow-up to their last two hit albums, and the media counted down the days until the CD hit stores in September of that year.",LABEL_3,"-- hosted on( about. net) stuff.‖- around 1997, this format seemed the must on many, and records themselves became flooded for revenues on online buying, but h. E. r.' n"" next era of high- life"" will just get past this number. executives or producers searched after each re- lovers' pick- not merely its next three major hits, but those charts slowed for a record as a band and peaked until july in this week.",LABEL_3,False,0.7556637525558472,159
751,"Nigerian Protection Force Leaves for Darfur An elite contingent of 50 Nigerian soldiers left Nigeria on Thursday for Darfur, the first stage in the deployment of 3,000 extra African Union (AU) troops to monitor a shaky cease-fire in the western Sudanese region.",LABEL_0,"national defence agency departure of nigeria another initial force about 100 american troops departed niger for departure through mali, this latest reduction leaving a capacity for 5, 600 african arab liberation( abd) forces would secure the temporary cross- over at a central nigerian border.",LABEL_0,False,0.7613510489463806,89
752,"Supreme Court Hears Wine Sales Case Winemakers who want to ship directly to consumers across state lines got a sympathetic hearing at the Supreme Court today, as the justices heard oral arguments in a case that could have a dramatic effect on Internet commerce and states' power to regulate the alcohol trade.",LABEL_2,"the judge heard in- state plaintiffs which wish that sell wine from customers along similar channels had some special look for a superior courts hearing, because these judges hear an argument during the hearing who will take the direct bearing from domestic politics or congress' approaches of regulating a liquor supply.",LABEL_2,False,0.8668928742408752,105
753,Bears Set to Sign QB Jeff George (Reuters) Reuters - The Chicago Bears are expected\to sign quarterback Jeff George on Monday.,LABEL_1,originally slated by use of alan garcia( monday):- a new Bears is about\ gonna sign qb eric davis on sunday.,LABEL_1,False,0.7557604312896729,58
754,"Briefly: RealNetworks signs up Red Flag Linux roundup Plus: Microsoft ships Virtual PC 7...SGI warns of lower revenue, deeper loss...SAP taps search technology.",LABEL_3,"2017: microsoft opens up high hat platform, 2014: intel sells their linux.... SGI instead for high cost, low availability... SAP taps pc engine.",LABEL_3,False,0.7601177096366882,78
755,"Congo Army Factions Clash in East - Army Officer Army reinforcements sent to bolster the Democratic Republic of Congo #39;s fragile border region with Rwanda have clashed with former rebel units within the army, a local military commander said on Sunday.",LABEL_0,"the coalition forces fighting, congo- based and the forces serving in protect an independent nation from rwanda# 8; and the boundary conflict in congo. clashes among various army factions in a north, an former rebel spokesman told in cnn.",LABEL_0,False,0.8179255723953247,83
756,"Sox rookie Diaz dials it up against Ichiro, Mariners The Felix Diaz who struggled mightily for most of the time he has spent at the major league level this season was nowhere to be found Sunday afternoon, and that was a most pleasant development as far as the White Sox were concerned.",LABEL_1,"Sox captain joe set them down with him, as does only Diaz that suffered badly during many in those times they last played outside those big leagues. the summer looked only might have over yesterday evening, but this presents this terribly difficult experience too close if this new pitcher is able.",LABEL_1,False,0.7731487154960632,118
757,"Avaya to Buy Germany's Tenovis (Reuters) Reuters - Avaya Inc. , a\telecommunications equipment supplier, on Tuesday said it would\buy Tenovis GmbH   Co. of Germany from private equity firm\Kohlberg Kravis Roberts   Co. for  #36;370 million to expand its\presence in Europe.",LABEL_2,"Avaya to Buy europe' s Tenovis( Reuters) Reuters- Avaya Inc., a\ telecom technology provider, on Tuesday said it would\ buy Tenovis GmbH Co. of Germany from private equity firm\ global Kravis Roberts Co. for# 36; 370 million to expand its\ operations in Europe.",LABEL_3,True,0.9766139388084412,50
758,"Desert turns into Parks place Annika Sorenstam may be the reigning queen of the LPGA Tour, but its Grace Park who seems to be royalty in the desert these days.",LABEL_1,"Desert turns into Parks place Annika Sorenstam may be the reigning queen of the desert Tour, but its Grace Park who seems to be royalty in the desert these days.",LABEL_0,True,0.9494675397872925,32
759,"Baghdad Bombings Kill One US Soldier, Wound 13 WASHINGTON, Sept. 30, 2004 -- A series of car bombings in Baghdad today killed one American soldier and wounded 13 others. The bombings also killed at least two Iraqi policemen and reportedly injured scores of other Iraqis.",LABEL_0,"iraq bombing killing 6 iraqi soldiers, wounds 15 american, dec. 13, 2003-- the pair separate terrorist explosions on washington reportedly dead 1 us officer& wounds 1 other. both attacks reportedly deaths of large 2 army officers or critically injuring four in his civilians.",LABEL_0,False,0.8940492868423462,89
760,Yellowknife parole officer found dead after visiting client in apartment (Canadian Press) Canadian Press - YELLOWKNIFE (CP) - The case of a parole officer apparently killed while she was visiting a client has devastated her colleagues.,LABEL_0,former parole official confirmed dead from visits home from hospital( national news) national cp- canada( canada)- this sight as another federal employee nearly murdered since her first serving this week previously divided their attention.,LABEL_0,False,0.762871503829956,75
761,"Blasts hit Bangladesh party rally A series of grenade blasts has rocked an opposition party rally in the Bangladesh capital, Dhaka, killing at least 13 people. There were seven or eight explosions at the Awami League headquarters, as leader Sheikh Hasina addressed a crowd.",LABEL_0,"explosions against a political party. rash in bombs explosions have hit a islamist opposition group near a bangladeshi province, bangladesh, killed for most 30 persons. here are five and seven blasts on an dhaka army base, with the leader reportedly dispersed the convoy.",LABEL_0,False,0.8888490200042725,89
762,Examining Earth's Primordial Soup How did the first amino acids form the first peptides? It is the important question that may point the pathway towards understanding the primordial soup. Researchers now suggest that the binder for linking together building blocks may have been volcanic gases -- or carbonyl sulfide.,LABEL_3,the world' t first? why was an earliest volcanic structure create this earliest protein? that was another main evidence which would push some researchers toward explaining these initial soup. studies also reveal whether these sources from these complex volcanic structures probably had contained noble gas-- and carbon atoms.,LABEL_3,False,0.7944750785827637,106
763,Israeli troops kill Gaza militant At least one Palestinian is shot dead by Israeli troops as he attacked a checkpoint near Gaza City.,LABEL_0,"palestinian soldiers killing palestinian militants dead most 1 israeli militant targeted, in israel, while hamas attacks another group in jerusalem alone.",LABEL_0,False,0.8709211349487305,47
764,"Crooks slither into Net's shady nooks and crannies (USATODAY.com) USATODAY.com - Organized crime rings and petty thieves are flocking to the Internet like start-ups in the go-go '90s, establishing a multibillion-dollar underground economy in just a few years. The Internet's growth as an economic engine, particularly for financial transactions, is feeding the felonious frenzy.",LABEL_3,"we sneak from america' n many banks.-( example. net) web. internet- connected criminal gangs in corporate theft. connecting in this world in pin- rolling with these ok- boom' 80s, building some multi- billion new empire within quite some short decades. a network' ing emergence into the online currency, specifically with commercial purposes, culminating in a viral pile.",LABEL_3,False,0.8457198739051819,121
765,Iraq PM to address US Congress Iraqi Prime Minister Iyad Allawi is to address a joint session of the US Congress as well as meeting President Bush.,LABEL_0,Iraq PM- the iraqi president/ chief ministerial al ahmed agrees the have this formal address with each other delegation very often after us presidents meet.,LABEL_0,False,0.7809209227561951,69
766,Dollar Drops Further as Central Banks Reassess Reserves The falling dollar reached new depths against the euro today as the dollar's status as the premier international reserve currency is growing more precarious.,LABEL_2,sharp Drops continue while reserve rates raise and a reserve currency enters the reserves below a dollar just under another currency'- importance while a main national economic reserve was getting increasingly significant.,LABEL_2,False,0.7926324009895325,73
767,Skyboxes May Reach A Limit Verizon Communications Inc. would seem to be a prime candidate to snap up a luxury suite at the \$440 million ballpark being planned for Washington's Major League Baseball team.,LABEL_2,"Skyboxes May Reach A Limit Verizon, Inc. would seem to be a prime candidate to snap up a luxury suite at the\$ 440 million ballpark being planned for Washington' s Major League Baseball team.",LABEL_1,True,0.9934552311897278,37
768,"Bush, Kerry brace for key presidential debate (AFP) AFP - The US presidential candidates were set to go head to head in a bruising, high-stakes televised debate, with Republican incumbent George W. Bush aiming to lock in his lead in the race and Democratic challenger John Kerry banking on a comeback.",LABEL_0,"thus, to campaign on allegiance to trump( us) AFP- both main republican contenders looked ready- went nose and chin for the televised, live- quality presidential challenge, between presidential candidate john f. kerry attempting his hold for her seat for another runoff but presidential candidate sarah mccain intent upon the victory.",LABEL_0,False,0.809934675693512,110
769,Agency sustains \$2 M hit The Pennsylvania Turnpike Commission lost about \$2 million in revenue Wednesday as thousands of holiday travelers zipped through the toll booths for free.,LABEL_2,Agency$\$ 1 million for a us Turnpike had lost around\$ 4 billion for revenues overall because groups like trip makers commuted between toll service centers after payment.,LABEL_2,False,0.7919777631759644,77
770,USC Releases Stewart From Scholarship (AP) AP - Southern California point guard Rodrick Stewart was granted a release from his basketball scholarship Friday.,LABEL_1,"stanford released him after the( former) eastern- and pacific conference respectively, Stewart is offered the scholarship by their college program team.",LABEL_1,False,0.8591561317443848,52
771,"Citrix buying VPN company Net6 for \$50 million BOSTON - Citrix Systems is buying Net6, a privately-held maker of SSL (Secure Socket Layer) VPN (Virtual Private Network) technology, for \$50 million cash, Citrix said Tuesday.",LABEL_3,"by purchasing service provider microsoft with\$ 40 billion 2015- the group proposed selling Net6, an publicly- listed developer for secure( dual- mode) VPN( digital communication networking) technologies, of\$ 40 billion now, they stated,.",LABEL_3,False,0.7857826948165894,85
772,Blair is  #39;Using Our Troops to Boost Bush #39; Tony Blair last night stood accused of conspiring to use British troops in Iraq as a  quot;political gesture quot; to help George W Bush in the US presidential election.,LABEL_0,"bush as# 38; and his allies, give back# 38; george Blair has publicly expressed accuse for attempting by enlist american forces from afghanistan in the tactic; in his campaign; and support w& h on future uk general elections.",LABEL_0,False,0.8432494401931763,87
773,"Cazenove teams up with JP Morgan Cazenove said it had agreed to hive off its investment banking business into a joint venture with JP Morgan Chase and Co, in effect ending the independence of the 181-year-old British bank.",LABEL_2,"banks partnered together under t. Cazenove when they began plans and phase away their commercial business activity on the new ventures under new sterling partners& capital, while effectively extending a history under an 18- decade- strong central banker.",LABEL_2,False,0.7680827975273132,88
774,"Britain: Body Isn't Kidnapped Aid Worker (AP) AP - A mutilated body found in Iraq is not that of kidnapped aid worker Margaret Hassan, the British government said Wednesday. But the Foreign Office said it continued to believe Hassan had been murdered, although the evidence was not conclusive.",LABEL_0,"summary: Body aren' ts an option-( s) AP- A british corpse discovered from baghdad goes missing because is british secret agent abu hussein, no american public responded immediately. although no cabinet department reported they came around conclusions she too was killed, though any motive remains reasonably clear.",LABEL_0,False,0.7598171234130859,112
775,"Breast scans 'fail' in some women Some women with breast cancer are less likely to have their tumours picked up by scans, say experts.",LABEL_0,"although these' fail' at these instances the women for lung cancers become more willing of having her tumors checked regularly with them, including scans.",LABEL_0,False,0.7832376956939697,62
776,"FACTBOX-US Fed policymakers #39; recent comments The Federal Reserve is widely expected to raise the federal funds rate at its policy meeting on Tuesday, Sept. 21, despite recent mixed economic news.",LABEL_2,"2016- 2016 congress,# 6; report: this national fed were also seeking and increase a current funds rate for their quarterly meetings for thursday, oct. 31, amid much recent political unrest.",LABEL_2,False,0.7718064188957214,79
777,"Kill The Poor I've been a soup van volunteer for three months plus a couple of weeks. I've also been casually mentioning this example of my beneficence in everyday conversation for about the same length of time. I use this particular phrasing, rather than ""I work on a soup van"", because what I'm trying to emphasise is that I didn't take it up lightly or gingerly. In the beginning, I didn't know exactly how it would turn out, but I did know that I wanted to be good. Between then and now, an awful lot became clear.",LABEL_3,"to this world we' l be some poor soup worker in months, or another few for them. my' m now started repeatedly giving it part over their experience from personal conversations at around their usual periods like weeks. I used the new phrase, earlier as"" you worked at a soup truck"", though which myself' im attempting, emphasize that as you don' no make them, physically nor otherwise. like a past, it don' n realize quite what it might end down, and it never admit how you want it to alive. both here but here, another open window was available.",LABEL_3,False,0.754387378692627,218
778,Phillies to interview Russell for vacant manager job Former Philadelphia Phillies catcher John Russell will be the seventh person to interview for the team #39;s vacant managerial position.,LABEL_1,† to ##uted candidate in vacant management for the chicago braves outfielder John Russell would hire a third baseman who compete with a vacant# 5; indicates vacant manager job.,LABEL_1,False,0.7592257857322693,87
779,"U.S. Wants to Lease Swedish Submarine (AP) AP - The United States wants to lease a Swedish attack submarine for naval exercises in the Baltic Sea in a deal possibly worth tens of millions of dollars, defense officials said Sunday.",LABEL_0,"a. d. want of use us submarines( p) sweden- swedish baltic navy agreed with purchase some few finnish submarines in military operation of swedish north ##land for this contract potentially cost thousand on thousand in euros, foreign correspondent ##s).",LABEL_0,False,0.7610880136489868,81
780,"Time Warner, SEC near deal on AOL troubles The Securities and Exchange Commission and Time Warner Inc. are nearing agreement on a deal in which the media giant would pay about \$750 million to settle wide-ranging allegations ",LABEL_2,"communications inc,() and the AOL- a stock& markets bureau with rogers media corp. were negotiating agreements over some case with whom another telecommunications company might spend over\$ 500 000 or handle high- reaching issues",LABEL_2,False,0.7598749399185181,84
781,"Rivals Ocean Spray, Northland make peace Cranberry juice rivals Ocean Spray and Northland have ended their legal battle and agreed to join forces. The companies said Friday that Ocean Spray will take over its smaller rival #39;s ",LABEL_2,"& oceans today, we make their fruit drink and Ocean splash and others have ended their legal relationship and decided to join them. The company said that that Ocean Spray will take over its local rival# 39; s",LABEL_3,True,0.7329795360565186,64
782,"Hamilton Wins Cycling Time Trial Event THENS, Aug. 18  Tyler Hamilton had bruises splotched all over his back, painful souvenirs of a Tour de France gone terribly wrong. ",LABEL_1,"rider Wins the Time trials Event tuesday, feb. 2013 driver also suffered scars scattered out on my bike, his reminder about the tours in britain wound badly bad.",LABEL_1,False,0.7857267260551453,77
783,"American shoppers splurge in September WASHINGTON (AFP) - Shoppers -- the dynamo in the US economy -- shrugged off rising energy prices and splurged in malls and car showrooms in September, a government report showed.",LABEL_2,"urban consumers participating at shopping,( AFP)- 3-- and most of all united states-- fought back increased energy bills through shortages near malls or shopping lots by 2004, an newspaper story said.",LABEL_2,False,0.7852029204368591,86
784,"Gray, Demon Deacons Swing Back In Action, Seek To Shoot Down &lt;b&gt;...&lt;/b&gt; Justin Gray has had an ample amount of time to get his shooting stroke ready. Gray and No. 6 Wake Forest are back in action after an eight-day break when they visit Temple on Monday.",LABEL_1,"grey, Demon to get out into formation, wants all go to& ft; f& gs;...& ft;/ c& c; but never had even a good deal longer opportunity for see his own guns blazing. grey& 5. 6 Wake up are still on position during the 11- second period as we hit town for saturday.",LABEL_1,False,0.754431962966919,138
785,"Huskies blank Buffalo Dan Orlovsky threw for 283 yards and a touchdown in his final home game yesterday to lead Connecticut to a 29-0 victory over Buffalo, assuring the Huskies of a winning record and making them eligible for a bowl bid.",LABEL_1,"the huskies faced Dan johnson throwing over 300 yard& two touchdowns from their last big four appearance and get huskies home the 31- 30 win for connecticut, giving no husky record any bowl victory or keeping it ready of the ncaa bowl.",LABEL_1,False,0.7665007710456848,94
786,"Els Looks Ahead with Promise After Major Woes  LONDON (Reuters) - After being a frustrated 'nearly man' at  this year's majors, Ernie Els plans to make the most of a  near-perfect finish to the 2004 season.",LABEL_1,"Els is pleased after his final. Woes!( 2006)- besides playing some very' lucky lead' on a friend' n event, john Els wants us making some best on the 30- strong end for this 2004 year.",LABEL_1,False,0.7536696195602417,103
787,"Bosnian Serb PM resigns after war crimes criticism (AFP) AFP - Bosnian Serb Prime Minister Dragan Mikerevic resigned, a day after the international community imposed fresh sanctions against Serb police and officials for allegedly protecting war crimes fugitives.",LABEL_0,"former bosnian minister. on military crime investigations( AFP),- Bosnian: cabinet ministers Dragan ##ovic ##e, the week before that european union announced fresh penalties of serbian officers& soldiers while successfully assisting organized crime perpetrators.",LABEL_0,False,0.7564821243286133,91
788,"Scientist Uses Whey to Protect Food (AP) AP - Oxygen, water, seeping oils  #151; they're all out to get your food, turning sweet nuts sour and tasty confections rancid. Food scientist John Krochta is fighting back with an unlikely weapon, edible food coatings derived from whey, the dairy byproduct favored by protein-conscious athletes and Miss Muffet.",LABEL_3,"society use science will make them( t) food- earth, bacteria, essential ingredient# 3; it' t put up or protect their money, like eating milk sour but cooking foods bad. science expert james brown has sent away on some unknown secret, using the materials created for whey, a plant material consumed from vitamin- rich animals with vitamin ##ions.",LABEL_3,False,0.8084244728088379,123
789,"India, Russia must join hands to develop new tech: Putin Mr Vladimir V. Putin, President of the Russian Federation, Mr NR Narayana Murthy, Chief Mentor and Chairman, Infosys, and Mr Nandan Nilekani, CEO and Managing Director, at the Infosys campus in Bangalore on Sunday.",LABEL_2,"currently, Russia must join hands to develop new tech: Putin Mr Vladimir V. Putin, President of the Russian Federation, Mr NR Narayana Murthy, Chief Mentor and Chairman, Infosys, and Mr Nandan Nilekani, CEO and Managing Director, at the Infosys campus in Bangalore on Sunday.",LABEL_3,True,0.9764729142189026,46
790,"Olympics-U.S. Women Show Men How to Win Gold  ATHENS (Reuters) - The U.S. women's basketball team showed  their men how to win gold Saturday as around 70,000 spectators  flocked to the Olympic stadium for a hectic athletics program  on the penultimate night of the Athens Games.",LABEL_1,"athens- s. w. men& women get the see this games( athens)- both p. i. woman' m national teams show its leaders determined they earn medals; all over 2, 800 attendees rushed from a greek arena after another large sports performance of a last friday in each olympics program.",LABEL_1,False,0.8761001825332642,101
791,"Celtics OK with this traveling Gary Payton was back at practice yesterday. His third round trip to California since the start of training camp was, as they say in the trade, an elevator ride. Out on Saturday. Check on the family. Back on Sunday in time for the rap concert at the FleetCenter.",LABEL_1,"be thankful for him: jordan Payton is still in la today. our fourth road back through la after a completion with the training camp, since you mentioned on some press, no airplane trip. back in thursday. waiting around some kids. down through wednesday into boston with those dance sessions inside a club.",LABEL_1,False,0.7945612072944641,114
792,"Stocks Open Lower as Wall St. Pulls Back US stocks opened slightly lower on Monday as investors pause after a three-day rally last week, with interest rates and a weakening dollar gaining focus now that the presidential election is over.",LABEL_2,"stock opens down on the St. takes over US stock opens even higher for sunday than people expected during the two- minute meeting next tuesday, for lower profits were another big change to expect soon as a national campaign moved on.",LABEL_2,False,0.7746952772140503,97
793,"Hurricane loss 'less than feared' Hurricane Frances could cause \$3-6bn in insured losses in the US, less than experts first predicted.",LABEL_2,"Hurricane loss' less than feared' Hurricane Frances could cause\$ 3- 6bn in financial losses in the US, less than experts first predicted.",LABEL_0,True,0.9397382140159607,24
794,Real Madrid Ponders Biggest Champions League Loss in Four Years Real Madrid began yesterday #39;s match at Bayer Leverkusen as the bookmakers #39; favorite to win the Champions League. The record nine-time European champion finished with its worst defeat in the competition in more than four years.,LABEL_1,history: ##s best euro ##cup champions for nine times Real history took on# 36; a played on' 04 against a starting# 38; s and secure another uefa title. this current eight- year national champions finish in their most loss of any tournament for greater of seven months.,LABEL_1,False,0.7772111892700195,106
795,"Fujitsu Siemens profit grows 60 percent Fujitsu Siemens Computers (Holding) BV, Europe #39;s largest remaining computer manufacturer, posted a 60 percent leap in profit for the first half of its fiscal year on higher sales of laptops and servers to business customers, the company said Wednesday.",LABEL_2,"overall total profits grows 30% since intel technology( india) BV, a# 1; now ##x consumer computing company, took another 10 year dip of sales in a last quarter for their third decade of total selling in computers& accessories of computer owners, a board added afterwards.",LABEL_2,False,0.751207709312439,109
796,"Greek, British Police Break Illegal Software Ring Greek and British police in a joint operation cracked a multi-million illegal software sales ring, arresting two people and seizing thousands of pirate high-tech software programs, Greek police said on Friday.",LABEL_3,"Greek, italian authorities Break a computer crime investigation and russian authorities break this criminal effort into another free- user private computer theft ring, involving two individuals or allegedly hundreds in foreign low- cost computing companies, the prosecutor stated after bail.",LABEL_3,False,0.7672350406646729,112
797,Santander accelerates Abbey bid Santander says it aims to complete its takeover of UK mortgage lender Abbey one month sooner than originally planned.,LABEL_2,"after the takeover bid, as it aims at make it acquisition in the bank lender Abbey 1 month sooner as initially hoped.",LABEL_2,False,0.7568140029907227,87
798,"Pfizer Hikes Warning on Bextra Skin Risk  NEW YORK (Reuters) - Pfizer Inc. &lt;A HREF=""http://www.investor.reuters.com/FullQuote.aspx?ticker=PFE.N target=/stocks/quickinfo/fullquote""&gt;PFE.N&lt;/A&gt; said on Friday it  is sending additional information to healthcare professionals  about its arthritis drug Bextra, a COX-2 product in the same  class as the withdrawn drug Vioxx.",LABEL_2,"no additional reporting about its risk; index listing( us)-, p.& t; draw round="" en:// trading. exchange. gov. us/ business. au? name= g.& ##x=/ stock/ market/ 2008""& t; PFE. a& t;/ b& n;} by sunday they are making new reports against health groups for their controversial medication brand, an COX- approved medication with a similar range for a related product Vioxx.",LABEL_2,False,0.7744470238685608,150
799,"Hackers reopen stolen code store with Cisco wares NOVEMBER 03, 2004 (IDG NEWS SERVICE) - An anonymous group of malicious hackers reopened an online store that sells the stolen source code of prominent software products and is offering the code for Cisco Systems Inc.",LABEL_3,"- opened its communications center at their website december 5, 2007( american security agency)- a international gang by anonymous hacker open cisco information company which found some leaked malicious copy for certain cisco software but found using another password from switch system software.",LABEL_3,False,0.7698526382446289,87
800,"Bonds Takes Stock The distraction of another milestone is gone, and Bonds is preparing himself to play every game for the rest of the season.",LABEL_1,"he is convinced a moment into a game, approaching, but Bonds are ready again. start another season with no remainder for another year.",LABEL_1,False,0.8355457782745361,57
801,Gunmen free CNN journalist Palestinian gunmen yesterday released a CNN journalist abducted in Gaza City apparently to pressure members of an Arab minority group not to serve in the Israeli army.,LABEL_0,- palestinian news reporter- israel reportedly abducted the hamas journalists journalist from the area allegedly and force part in any israeli palestinian militia group who participate during any syrian uprising.,LABEL_0,False,0.7951651811599731,63
802,"Mullah Omar and Bin Laden on the run as Afghan and American forces &lt;b&gt;...&lt;/b&gt; More than 18,000 US troops and innumerable Afghan forces are in the process of searching every inch of Afhganistan and Afghan-Pak border.",LABEL_0,"abu laden& sheikh qaeda with a mission of american& us troops& officers; p& q;...&.;/ o& k; greater over 2, 400 afghan forces plus other coalition units is on a path on capturing each part in afghanistan& trans- arabian provinces.",LABEL_0,False,0.8184527158737183,87
803,Jury Orders Medtronic to Pay \$109 Mln to Inventor A jury in federal court in Tennessee has ordered Medtronic Inc. to pay at least \$109 million to an inventor in a dispute over rights to spinal fusion technology.,LABEL_2,Jury Orders manufacturer to Pay\$ 109 Mln to Inventor A jury in federal court in Tennessee has ordered inventor Inc. to pay at least\$ 109 million to an inventor in a dispute over rights to spinal fusion technology.,LABEL_3,True,0.8889907598495483,41
804,"No tax on Internet access until at least 2007 Consumers won #39;t have to pay a tax to log on to the Internet until at least 2007, after Congress voted Friday to renew a recently lapsed ban on Internet taxation.",LABEL_2,"No tax on online access until at least 2007- won# 39; t have to pay a tax to log on to the net until at least 2007, after voters voted Friday to renew a legally lapsed ban on websites taxation.",LABEL_3,True,0.9383939504623413,48
805,Rosetta Mission Sniffing a Comet The European Rosetta mission will sample a comet as it tries to harpoon and hook onto its surface. A specially designed oven will cook the comet in analogy to sniffing for recognizable elements.,LABEL_3,comet detection of the comets a spacecraft reconnaissance team would detect the comets if it comes from surface or feeds off their shell. this carefully selected cook should cook this sample for response before searching from other objects.,LABEL_3,False,0.7679493427276611,83
806,Apple #39;s iPod in short supply Apple Computer Inc. #39;s iPod digital music players are in short supply at US retailers including Amazon.com Inc. and Best Buy Co.,LABEL_3,"itunes# 31; us apple music store; amazon, corp.# 34; other apple compatible distribution systems sold on retail selling of the stores of buy. apple ltd.& better products inc.",LABEL_3,False,0.7987581491470337,63
807,Russian Parliament Ratifies Kyoto Pact (AP) AP - The Kyoto Protocol overcame its final legislative hurdle in Russia when the upper house of parliament ratified the global climate pact Wednesday and sent it on to President Vladimir Putin for his signature  #151; setting the stage for the treaty to come into force next year.,LABEL_0,"new legislation on climate Pact( AP) AP- The climate agreement achieved its current political status in 2016 when the russian house of legislature endorsed the national carbon pact, and sent it on to chairman barack Putin for his document# 151; paving the stage for the pact to come into force next year.",LABEL_3,True,0.8071576356887817,76
808,Greek weightlifter awaits verdict Greek weightlifter Leonidas Sampanis will find out on Sunday if he is to be stripped of his medal.,LABEL_1,Greek team: verdict by gymnast alexander he can find out by Sunday if it means will be stripped off their medal.,LABEL_1,False,0.7524032592773438,92
809,Baseball Owners Set to Approve Expos Sale (AP) AP - The proposed move of the Montreal Expos to Washington is set to be approved when baseball owners meet Thursday in Chicago.,LABEL_1,mlb: approval and hold a Sale( approved) AP- a planned relocation by a toronto nationals- chicago team scheduled should have made and mlb members approve them before july.,LABEL_1,False,0.8155179023742676,75
810,"US beats Germany 2-1 in OT, to face Brazil in women #39;s soccer final Heather O #39;Reilly, minutes after missing a wide open net, scored in the ninth minute of overtime Monday to give the United States a 2-1 victory over World Cup champion Germany and a place in Thursday #39;s gold-medal game.",LABEL_1,"they beat usa 1- 2 after overtime, but meet russia of the# 29; european cup semifinal on field# 36; usa, just from entering the large empty field, score on every third inning during that final. hand a u team the 0- 2 win against european union champions argentina via own goal during a# 31; world quarter- final win.",LABEL_1,False,0.7917425036430359,119
811,"Kerry Widens Lead in California, Poll Finds (Reuters) Reuters - Democratic challenger John Kerry\has a commanding lead over President Bush in California of 54\percent to 38 percent among likely voters, a poll released on\Tuesday found.",LABEL_0,"he takes over from washington, later released( tuesday).- republican candidate william Kerry\ wins the total lead from democrat votes of favor with+\ 32: 35% across american states, the result reported for\ not available.",LABEL_0,False,0.762428879737854,87
812,"Sharman begins defense in Kazaa case Sharman Networks, the company behind the Kazaa peer-to-peer file sharing software, began its defense in a Sydney court room on Tuesday against charges by members of the music industry that the company aided music piracy and copyright infringement.",LABEL_3,"- 2008- before a court discovery communications, through companies running a Kazaa subject- of- face content management network, launched his defence before the london meeting late in 2006 over claims against employees at indian entertainment industries because those networks committed unfair industry or legal violations.",LABEL_3,False,0.7849573493003845,100
813,"Iraqi forces raid Ramadi mosques US forces stepped up operations yesterday across a wide swath of the Sunni insurgent strongholds northwest of the capital, pounding targets in three urban centers from the air and supporting Iraqi troops in raids on mosques suspected of harboring ",LABEL_0,"iraq army of iraq- these operations were deployed in operations for the large radius over this biggest sunni stronghold outside from a city, attacking mosques of key religious centres through- night or engaged civilian police during assaults of targets suspect by|",LABEL_0,False,0.779729425907135,89
814,"Pakistan Test-Fires Nuclear Missile Pakistan has successfully test fired a medium-range, nuclear-capable missile that could hit most cities in neighbouring India. Defence officials said the exercise was not intended as a message to the South Asian rival.",LABEL_0,"indian military- firing a missiles- have reportedly tested firing this short- ranged, high- explosive bomb which can impact nearby towns within neighboring pakistan. foreign ministers confirmed a test has already done without any challenge in pakistan northeast regional command.",LABEL_0,False,0.8964114785194397,81
815,"In Asia, Powell defends N. Korea policy SEOUL -- Secretary of State Colin L. Powell yesterday sought to fend off complaints from key partners in the effort to end North Korea's nuclear programs that the Bush administration has not been sufficiently creative or willing to compromise in the negotiations.",LABEL_0,"north korea, korea, korea. d& r-- secretaries at defense paul j. Powell has had counsel fight the accusations about foreign participants of any negotiations helping secure unified iraq' an peace program as his defense office is often proven particularly willing& inclined not cooperate with an effort.",LABEL_0,False,0.8219079375267029,105
816,"NAIA Coach Nears Matching Smith's Total (AP) AP - Harry Statham thought he was making a temporary stop when he took over as McKendree College's basketball coach in 1966. His dream was to win a state high school championship, but jobs at the premier high schools were hard to come by, especially for a young coach. Statham figured if he could put a few successful seasons together at McKendree, his alma mater, he'd be able to land a better job.",LABEL_1,"state championship source: mcdonald' ll statistics( 1975) coach- ron smith ... we looked at another complete job and smith was hired at the school' m athletic coordinator around 1979. our vision looked- get some local national basketball champion, and coaches in a other major school seemed impossible could get over, particularly at some great team. i knew since tony would move some little solid games aside from michigan, my old college, it' ##d prove lucky he find the steady coach.",LABEL_1,False,0.7980331778526306,165
817,"Myanmar frees nearly 4,000 prisoners UN Secretary General Kofi Annan has praised the release of several political prisoners in Myanmar, the BBC reported Saturday. Annan also said he hoped others still behind ",LABEL_0,"which held almost 7, 600 inmates UN spokesman president Kofi anna has recommended a freeing about three hundred captives of prison, reported cnn on sunday. johnson later reported they felt"" lonely""",LABEL_0,False,0.7772307395935059,88
818,"Yahoo! Hires Chief Data Officer In a move that has implications for ad targeting and reporting, Yahoo! has hired Usama Fayyad, a co-founder of the company now known as Revenue Science, to the newly-created position of Chief Data Officer.",LABEL_3,"now! hired corporate Data officers In a move that has potential for ad analysis and tracking, then! has hired Usama ##p, a co- founders of the firm now known as popular marketing, to the newly- founded positions of Chief Data advisor.",LABEL_2,True,0.7182999849319458,58
819,"Singh knocks Woods from No. 1 with victory at TPC of Boston For it to happen on Labor Day became a perfectly fitting reward for Vijay Singh, golf #39;s most noted laborer. The man from Fiji who closes practices ranges for a living opened a new door in world golf Monday.",LABEL_1,"he took golf at 2. 2 against him from bank at texas bringing himself the play of opening sunday with another very large victory of amar Singh, his# 5; his more powerful competitor. any golfer outside america whom would open holes without another woman found another comfortable home outside indian sports today.",LABEL_1,False,0.7878720164299011,112
820,"US consumers unaware of spyware The findings come in a report from the newly formed Consumer Spyware Initiative, a joint effort by Dell and the non-profit Internet Education Foundation that aims to increase awareness of spyware.",LABEL_3,"the consumer awareness from these leaked reports result from the response by a recently incorporated internet technology institute, no similar organization of intel or us micro- profits mit research fund which seeks in raise understanding about spyware.",LABEL_3,False,0.8288595676422119,82
821,"mmO2: i-mode launch looks certain mmO2 and NTT DoCoMo are reportedly planning to launch a UK i-mode mobile service. November 26, 2004 4:35 PM GMT (Datamonitor) - The much-touted tie-up between NTT DoCoMo and mmO2 to bring i-mode mobile content to the UK looks to be a done deal.",LABEL_3,"2006: i- modes mobile works at microsoft& ibm who am also going the start the second ii- mobile cellular platform. august 31, 2011 07: 20 ##pm utc( london)- any highly- anticipated match- down among NTT mobile& microsoft will launch me- mobile cellular services in all countries seems like just another package ##back.",LABEL_3,False,0.7656955122947693,122
822,"Loeb forced out of rally ESTONIA #39;s Markko Martin took the Rally of Catalonia lead today after newly-crowned world champion Sebastien Loeb, the overnight leader, was forced out of the race with a severe oil leak.",LABEL_1,"Loeb was part with force france# 8; s mark webber claimed another race of estonia victory and with now- declared drivers champions jamie ##son, now overall champion, they pushed off for an event for this sudden oil crisis.",LABEL_1,False,0.7545921802520752,100
823,"Giants Give Up Right to Void Bonds' Deal (AP) AP - Barry Bonds will have two more seasons to break Hank Aaron's career home run record with the San Francisco Giants, who decided Tuesday to drop their right to void the final year of his contract.",LABEL_1,"bonds picks out rights for nfl players' organization( asa) AP- no- would need four extra months and end# ##s' best season+ losing records against a ##yr angeles rams, has announced intention of void his option for void this second round with their contracts.",LABEL_1,False,0.7603564858436584,107
824,"US doctor says evacuations, body armor has helped save lives in &lt;b&gt;...&lt;/b&gt; The commander of the biggest US military hospital abroad said Tuesday that American troops body armor and speedy evacuations appear to be helping save lives in the ",LABEL_0,"US military says that, body armor has helping save lives in& lt; b& gt;...& lt;/ b& gt; The chief of the largest US medical clinic also said again that, if body armor and speedy armor appear to be helped save lives in the",LABEL_3,True,0.8817859888076782,58
825,"EPA May Conduct Human Tests for Chemicals (AP) AP - In setting limits on chemicals in food and water, the Environmental Protection Agency may rely on industry tests that expose people to poisons and raise ethical questions.",LABEL_3,"they often include laboratory testing of substances( fda) AP- as their guidance for contamination with agriculture or medicine, an environment enforcement administration must focus upon chemical testing which lead harm towards chemicals but pose environmental concerns.",LABEL_3,False,0.8391897082328796,80
826,Surrey poised to sign Harbhajan Surrey are waiting for approval from the Board of Control for Cricket in India before announcing Harbhajan Singh as an overseas signing for 2005.,LABEL_1,currently waiting its start- Surrey is awaiting the confirmation by icc chairman& governors of players for surrey for considering vijay sharma into any acceptable sign in surrey.,LABEL_1,False,0.8271160125732422,66
827,"Earnhardt: Take money, not points Dale Earnhardt Jr. wants NASCAR to change its punishment for swearing on television and radio broadcasts before another driver commits a similar slip of the tongue.",LABEL_1,"key: Take money, not pay Dale, Jr. wants nbc to change its procedures for cheating on tv and radio broadcasting before a driver receives a legal slip of the tongue.",LABEL_2,True,0.6679375171661377,44
828,"Ask Jeeves revamps search engine Ask Jeeves Inc. has made three significant enhancements to its search engine, as the Emeryville, California company continues to take aim at its much larger competitors ",LABEL_3,"applications: interactive searching results: search Inc. has implemented two major improvements of their searching engines, although a fresno, ca firm continued its only perform for their own smaller market",LABEL_3,False,0.7571998834609985,75
829,"At Least 37 Killed, 52 Hurt in Pakistan Blast  MULTAN, Pakistan (Reuters) - At least 37 people were killed  and 52 wounded when a car bomb exploded at a rally to  commemorate an assassinated religious leader in the central  Pakistani city of Multan early on Thursday, police said.",LABEL_0,"near total 7 died, of injuries after this bombing., pakistani( pakistan)- with most 13 individuals killed wounded or gravely injured during the roadside bombs explosion during the gathering for celebrate the important political event at a main city center in lahore earlier that morning, pakistan army.",LABEL_0,False,0.8348768949508667,95
830,"RESEARCH ALERT-First Albany ups SuperGen to  quot;buy quot; on drug deal First Albany Capital on Wednesday raised SuperGen Inc. #39;s (SUPG.O: Quote, Profile, Research) stock rating to  quot;buy quot; from  quot;neutral, quot; following its cancer-drug deal with MGI Pharma Inc.",LABEL_2,"first.- see, ups ##ide, quot; get quot; in drug deal First phase. by newly founded, Inc.# 9; s( SUPG. code: logo, name, name) stock rating: quot; trade quot; market quot; grow, quot; for its all- starr collaboration with MGI pharmaceutical ##s.",LABEL_2,False,0.7592938542366028,206
831,"McDOWELL SUCCEEDS WHERE AMERICANS FAIL Nobody and nothing could overshadow Colin Montgomerie last week, but Ulsterman Graeme McDowell was doing it at Woburn again today.",LABEL_1,"who is why we FAIL-? nobody should have seen mcdowell next time,, and now he had at him from Woburn, scotland.",LABEL_1,False,0.7788751721382141,65
832,"HGS Picks Watkins as New Chief Executive  Human Genome Sciences Inc. plans to announce today that it has hired a 20-year product development veteran from Abbott Laboratories Inc. as chief executive. H. Thomas Watkins, 51, will face the challenge of completing the Rockville company's makeover from gene hunter to drug marketer.",LABEL_2,"HGS Picks Watkins as New Chief Executive Human Genome Sciences Inc. plans to announce today that it has hired a 20- year product development veteran from Abbott Laboratories Inc. as chief executive. H. Thomas Watkins, 51, will face the challenge of completing the Rockville company' s makeover from gene hunter to the marketer.",LABEL_3,True,0.9979730248451233,55
833,"US women avoid disaster, advance ATHENS -- Preliminary-round elimination would have been a disaster for the United States women. Desperate for a victory, the Americans avoided embarrassment by finally playing like a gold medal contender -- and like a team.",LABEL_1,"this team avoided elimination, and lost-- final- game that might ve proved another disappointment among all u ##e men. ready of any challenge, all women accomplished that without not reacting unlike an olympic medals winner-- or as the player.",LABEL_1,False,0.789118230342865,79
834,"For openers, a great weekend Chances are the state of Massachusetts will never crown a high school football state champion. But for those who might covet such an idea, the 2004 season kicks off tonight with about as close as you'll ever get to such a matchup when two of the top squads in Central Mass. meet two of the top-ranked squads in Eastern Mass.",LABEL_1,"between us, this whole all bets? these people on mass can always see the good schools and football champions. and on some which will have only this afternoon, a college year starts up ... so maybe so far that it' might really be. win any game against five in those same teams on northeast massachusetts. against three in those highest- rated players off northeast massachusetts.",LABEL_1,False,0.8786954879760742,135
835," #39;Enron of Kansas #39; Trial Begins In the recent annals of corporate fraud, the names Enron, Tyco and WorldCom ring the loudest. But for residents of Topeka, Kan., the former leaders of the local utility company have become just as infamous.",LABEL_2,"# 31; corporation in america# 33; special witness on these historical trials in electric utilities, a famous company, Tyco& company ring these streets. and in those cases kan, k., those powerful executives in those other power companies are gotten almost equally notorious.",LABEL_2,False,0.7860366106033325,99
836,"Edmonds homer lifts Cardinals to Game 7 against Astros ST. LOUIS, Missouri All of the wounds in this city, colored a fresh shade of cardinal red, healed with just one touch. The winning pitcher was the one who had the fractured hand.",LABEL_1,"the homer got us the win was with east saint. LOUIS, and one that those injuries from the stadium, once the normal color in angry yellow, heal in only this hand. this other person- this man even broke a lower arm.",LABEL_1,False,0.7932355403900146,98
837,"Dell rides the wave to consumer gadgets (USATODAY.com) USATODAY.com - Dell will set out Thursday to conquer markets dominated by Apple, Hewlett-Packard and others with products that include its first small digital music player, photo printer and plasma TV.",LABEL_3,"2014- a wave would get there( dell. org) www. dell- it- rolled up today will hit customers anchored from hp, scott- thomas or microsoft for offerings which includes their new big screen application software, news editor or interactive television.",LABEL_3,False,0.7887694239616394,90
838,"Killings shock, humiliate Nepalese Protesters in Kathmandu have expressed disbelief and frustration after learning of the deaths of 12 Nepalese hostages in Iraq. Nepal #39;s ambassador to Qatar, Somananda Suman, confirmed ",LABEL_0,"expressed outrage, and nepal citizens from iraq reportedly felt anger or dismay since hearing that a murder killed four civilian victims outside nepal.-# h; current diplomat: nepal, mohammad shah, ambassador",LABEL_0,False,0.8313167691230774,65
839,"Dollar Near Recent Lows, Awaits ZEW/CPI  LONDON (Reuters) - The dollar held steady near this week's  four-week low against the euro on Tuesday with investors  awaiting a German investor confidence survey and U.S. consumer  inflation numbers to shed light on the direction.",LABEL_2,"in euro- economics, in ZEW/ fed data( 2012)- a price held very steadily this monday' at 10- percent low over a low on monday- participants from any british financial market review or c. g. financial market survey may raise doubt over a situation.",LABEL_2,False,0.7614593505859375,107
840,"US economic growth slips to 2.8 Annual US economic growth fell to 2.8 in the second quarter of 2004, marking a slowdown from the 3 estimated a month ago.",LABEL_2,"american industrial development slips at 0. 2. american industrial productivity dropped at 2. 8 by those third quarters in 2000, representing this decline over a period above two decades prior.",LABEL_2,False,0.7722758054733276,83
841,Buckeyes have lots to replace but are brimming with optimism There are remarkable similarities between the 2004 Ohio State Buckeyes and those that won the national championship just two years ago. ,LABEL_1,many find much others admire and is greeted in disappointment. many big differences for those two Ohio State teams and ones which lost both regional championships only five decades previously.,LABEL_1,False,0.7569403648376465,81
842,"Update 1: United Needs to Cut \$500M More in Costs United Airlines, in a bankruptcy court filing in advance of a status hearing Friday, has revealed it needs to cut \$500 million more in costs than previously stated.",LABEL_2,"note 1: it Needs to Cut\$ 500M More in Costs it itself, in a separate court filing in case of a status on Friday, has said it needs to cut\$ 500 m more in costs than initially stated.",LABEL_3,True,0.6861074566841125,55
843,"Microsoft vs Sendo: It #39;s over The legal battle between UK phone manufacturer Sendo and Microsoft has been settled, the companies announced on Monday morning. Sendo had been suing Microsoft for the alleged theft of trade secrets, fraud ",LABEL_2,"Microsoft vs Sendo: It# 39; s over The legal battle between UK phone manufacturers Sendo and Microsoft has been settled, the companies announced on wednesday morning. Sendo had been suing Microsoft for the alleged theft of trade secrets, fraud",LABEL_3,True,0.9981901049613953,42
844,"RealNetworks Ends Download 49-Cent Promo  SEATTLE (Reuters) - RealNetworks Inc. &lt;A HREF=""http://www.investor.reuters.com/FullQuote.aspx?ticker=RNWK.O target=/stocks/quickinfo/fullquote""&gt;RNWK.O&lt;/A&gt; is ending  its 49 cent-per-song music download service but will keep the  promotional prices in place for top 10 songs, the Internet  media and software company said on Thursday.",LABEL_2,"- Ends with 49- Cent Promo for( the)- music Inc.& lt; A HREF="" http:// www. washington. chronicle. com/ public. aspx??= RNWK. O ##x=/ world/ news/ business""& gt; RNWK. O& lt;/ A& gt; is ending its 49 cent- per- song music streaming program but will keep the same prices in place for top 10 songs, the local media and advertising are said on air.",LABEL_3,True,0.8203442692756653,85
845,"UPDATE 4-New York #39;s Spitzer charges Universal Life with fraud New York Attorney General Eliot Spitzer on Friday filed suit against Universal Life Resources (ULR), charging the life and disability insurance broker with taking fraudulent kick-backs for steering business to certain insurers ",LABEL_2,"february 9- real england# 6; 2014, deals one time against anonymous newly yorker lawyer named michael Spitzer in- premise lawsuit for united mutual insurance( ULR), charges a medical& health benefits association by providing illegal in- money by doing payments for potential customers",LABEL_2,False,0.7854228615760803,105
846,Cummins 3Q Profit More Than Quadruples Service engine maker Cummins Inc. on Wednesday said that third-quarter profits more than quadrupled - beating both its own guidance and Wall Street estimates - and full-year earnings would also exceed previous expectations.,LABEL_2,"the 3Q reported higher, rival automotive equipment maker, ford. the tuesday stated: third- quarter profit greater cannot double- under half your gross revenue but shares of average- or fourth- percent profits can easily top these estimates.",LABEL_2,False,0.7698397636413574,99
847,"Bill Gates Gets 4 Million E-Mails a Day Bill Gates might not use AOL, but he's definitely got mail. The Microsoft Corp. chairman receives millions of Internet messages a day, said Steve Ballmer, the company's chief executive. ""Bill literally receives 4 million pieces of e-mail per day, most of it spam,"" Ballmer said Thursday.",LABEL_3,"gates currently has four millions internet- messages the per- gate may even have sent, and it' l certainly getting millions. bill gates corporation. today receive thousands in electronic emails all morning, added john gates, this corporation'' top spokesperson."" today now receive five billion types in email- emails an evening, much with internet junk,"" bill stated angrily.",LABEL_3,False,0.8592072129249573,117
848,"Army restricted ethnic recruits The British Army secretly restricted numbers of ethnic recruits, according to official files just released.",LABEL_0,"ethnicity and national group some British armies routinely recruit personnel with ethnic group, contrary the military regulations already shown.",LABEL_0,False,0.7822713851928711,42
849,Coalition asks US Congress to kill copyright bill WASHINGTON - A coalition of technology and advocacy groups on Friday asked the U.S. Senate to kill copyright legislation that might result in jail time for people who trade copyrighted files online.,LABEL_3,"- lobbying congress ... will defeat this legislation.- the team from activists, lobby leaders about copyright urged a r. a. congress. end certain laws which exist resulting on prison sentences against defendants whom access copyright material electronically.",LABEL_3,False,0.7697271108627319,81
850,"ALL EYES ON WOODS #39; FITNESS With world number one Vijay Singh missing because of Hurricane Jeanne and Masters champion Phil Mickelson another no-show, there was even more attention than usual on Tiger Woods at Mount Juliet in County Kilkenny this afternoon.",LABEL_1,"no EYES of tiger# 8; race note: no missed seeing woods again off at a high or his player john lee a three- hitter, and also expecting other news as seen at: course in lough vernon at south cork thursday evening.",LABEL_1,False,0.7901174426078796,94
851,"A First Look At PalmOne #39;s T5 NEW YORK - If PalmOne #39;s Tungsten T5 handheld was an automobile, it would be described as being a facelift rather than a complete overhaul of the model that preceded it, the Tungsten T3.",LABEL_3,"this second, like columbia# 41; continental- and yorker- like PalmOne# 43; model s T5, has no introduction, so might have billed for merely the revival more of an cosmetic version than another vehicle which inspired them, this sr T3.",LABEL_3,False,0.7616080045700073,106
852,Apple to give its stores a Mini Me look The Mac maker has big plans to expand its network of retail outlets by creating small versions of its stores.,LABEL_3,trying their build to store this new s& a me brand the store hopes can grow their share of apple stores through using smaller portions as their customers.,LABEL_3,False,0.7544623613357544,65
853,Disney Rules Out New Deal with Pixar Studios In January Disney and Pixar terminated their talks to extend a distribution partnership that has created such cartoon hits as  quot;Finding Nemo quot; and the  quot;Toy Story quot; series.,LABEL_2,- put up production deals under disney- In december 2014 and later end its deal to form a new company who has had several successful games as follow; the Nemo show; and the simpsons; Toy boy adventures; forever.,LABEL_3,True,0.800119936466217,77
854,"Europe Puts U.S. in Big Hole at Ryder Cup (AP) AP - Backed by the clutch performance from its English rookies and reliable play from Sergio Garcia and Lee Westwood, Europe put the United States in another huge hole Saturday by taking an 11-5 lead at the Ryder Cup and making victory Sunday seem like a mere formality.",LABEL_1,"european the U. t. at major competition in curtis garden( dallas).- supported against some strong performances among our many professionals plus strong results by adrian campbell or scott patterson, they surprised a u s for a final hole, after grabbing the 8- 4 victory from a walker tournament but the next day looked for the big day.",LABEL_1,False,0.7714166641235352,132
855,"Microsoft launches new search engine Redmond-based Microsoft Corp. on Thursday launched a test version of its new MSN Search service, hoping to compete with Google and other major Web search services.",LABEL_3,"- its own online service microsoft- microsoft search service. in 2014 began the new launch on their native microsoft searching engine, designed which competes between microsoft& most current internet browser sites.",LABEL_3,False,0.8110560178756714,65
856,"Euro supercomputing initiative welcomes users European researchers can now turn to a new supercomputing network for help in their scientific endeavors.  quot;We have just completed testing, quot; said David Henty with the Edinburgh Parallel Computing Centre, a ",LABEL_3,"Euro- open to areas where scientists will officially commit towards this common computing infrastructure with success with undertaking academic research..; and has officially begun it,.; with michael smith from a cambridge advanced computation center,?",LABEL_3,False,0.7774162292480469,84
857,South Korea president in Brazil (AFP) AFP - South Korea's President Roh Moo-Hyun started an official visit to Brazil as part of his country's campaign to find new business in the region.,LABEL_0,- president- presidential residence( korea) AFP- president kim' a leader jo hyun- jung undertook some unofficial visits with japan for one with him administration' political efforts and create political leaders for korean south.,LABEL_0,False,0.8082518577575684,76
858,Israelis force down Lufthansa jet Israeli jets force a flight to Tel Aviv to land in Cyprus after a bomb alert  German officials did not consider serious.,LABEL_0,"israel sent 2 israeli jet fighters, and the jet into Tel Aviv. land on israel as no special squad and authorities could only look suspicious.",LABEL_0,False,0.760158360004425,79
859,AOL's Viral Marketing America Online will now provide gratis antivirus protection to its subscribers.,LABEL_3,AOL' own Viral network available services can directly offer gratis marketing products for their members.,LABEL_3,False,0.7601524591445923,51
860,"Bush Backers in Wisconsin Say He Is Decisive in War (Reuters) Reuters - The Iraq war and concerns about\terrorism may determine the outcome of the upcoming election,\and they appear to have bolstered support for President Bush in\at least one Republican bastion in the swing state of\Wisconsin.",LABEL_0,"republican leaders in america claim He Is Decisive in\( quote)`- The recent war and talking of\ this may be the basis of the next campaign,\ and we tend to see widespread sympathy for the Bush in\ at most one political stronghold in the coastal plains of\ arkansas.",LABEL_3,True,0.7283737063407898,88
861,English FA planning to introduce EPO tests this season The English FA plans to introduce tests for the blood-boosting drug EPO (erythropoietin) this season as part of its regular testing programme.,LABEL_1,scottish authorities plan about introducing the tested each summer and uk nhs hopes to provide test of any drug- related disease EPO( s) every autumn as results of their own test activities.,LABEL_0,True,0.8257746696472168,69
862,North Korea-watchers ponder significance of Kim #39;s changed status SEOUL - Watchers of the reclusive North Korean regime are buzzing about reports that might indicate a change in the cult of personality surrounding Kim Jong Il.,LABEL_0,n ##2- people notice aspects on Kim# 39; korean- north koreans- members from some former imperial chinese leadership becomes curious into something which will reveal the rise within some spheres under influence of korean sun power.,LABEL_0,False,0.7695512175559998,89
863,"North Korea Says the Tyrant is Bush, not Kim North Korea says it sees no reason to join a working-level meeting with the United States to prepare for further six-party talks on the communist state #39;s nuclear weapons development.",LABEL_0,"the usa states this president, president, not Kim because kim feels he is a need not join any high- scale talks by some western nations which arrange their future 30- day agreement over a united arms# 6; global atomic weapon project.",LABEL_0,False,0.7812702655792236,105
864,"Taiwan Rescuers Dig Out 7 Bodies Buried in Landslide  TAIPEI (Reuters) - Taiwan rescue workers dug out seven  bodies from mud and rock in a mountain village that was hit by  a devastating landslide triggered by Typhoon Aere, but eight  still remained buried, officials said on Friday.",LABEL_0,"taiwanese rescue digging in 1 body found outside the town( [UNK])- taipei relief teams dig up 8 corpses of dirt& rocks at this rural town who were buried in some severe flooding caused during hurricane sandy, 7 bodies mostly remain intact, reuters stated by cnn.",LABEL_0,False,0.9016568064689636,93
865,"Stocks on the edge NEW YORK (CNN/Money) - Wall Street took a wait-and-see approach to the final day of the trading week, looking for more information on inflation, trade, oil and a report of Michael Eisner #39;s 2006 departure from Disney.",LABEL_2,"business, wall street. YORK( news/ fox)- Wall ##paper gave the wait-&- think view at a last run from a trade ##week, hoping at full details of markets, futures, stocks from the clip in richard thompson# 8; october 2006 visit at chicago.",LABEL_2,False,0.797206461429596,115
866,"London-Based Bank Wins Bid for Permata A consortium led by Standard Chartered PLC won the bidding for a majority stake in PT Bank Permata, agreeing to pay US\$300 million (euros 244 million) for control of Indonesia #39;s seventh-largest lender, Finance Minister Boediono said Friday.",LABEL_2,"sydney- the government will Bid accordingly. sydney firm controlled from pacific finance corporation won three bids for the large share of PT Bank indonesia, expected"" pay out\$ 10 billion($ 100 billion) through use on the# 9; ex.- asian terminal, macquarie group plc)).",LABEL_2,False,0.7594268918037415,133
867,"Rummenigge - parise for Bayern coach. (Getty Images) Felix Magath #39;s rigorous new training regime at Bayern Munich has been praised by club chairman Karl-Heinz Rummenigge. Magath #39;s approach had been criticised by some of his players, and Bayern have made a slow ",LABEL_1,"martin- interview of the coach.( Getty 2013) Felix wolf# 36; and his former youth academy of Bayern fc got him guided from his coach wolfgang- dietrich wolf. Magath# 35; german management has become criticized in all in their supporters, but many supporters after all!",LABEL_1,False,0.7725749015808105,125
868,"Salesforce.com Launches On-Demand Support System On-demand CRM provider Salesforce.com Wednesday rolled out a parallel service its calling Support.com and aiming at corporations with far-flung call centers, help desks, and on-call technicians.",LABEL_3,"support. org- off- premises operating service by- line customer- service. org recently rolling up the new offering now called call. com but looking toward competing for fast- reaching data terminals, software providers, or on- demand businesses.",LABEL_3,False,0.7517292499542236,85
869,Scientists to Study Dairy Going Organic (AP) AP - Cornell researchers will watch five upstate New York dairy herds to learn about the problems and challenges of converting from conventional to organic farming.,LABEL_3,research and the science program on( the) AP- participating scientists can study several rural northeastern hampshire cattle farms. discover on current challenges& opportunities for shifting between natural- conventional production.,LABEL_3,False,0.7580327987670898,72
870,Russias strange bedfellows Ministers from the Commonwealth of Independent States (CIS) gathered in the Ukrainian capital Kiev on September 29 to formulate a common anti-terrorism strategy.,LABEL_0,Russias strange affairs leaders of a group of small ##holders( CIS) assembled near a national capitol Kiev during april 2011 for establish the nationwide counter- terrorist programme.,LABEL_0,False,0.7656406164169312,82
871,Third Month of Slow Sales for Retailers The August start of the back-to-school shopping season was a disappointment for major retailers.,LABEL_2,second season of Slow ##ness for: The late start of the back- to- back regular year was a shock for major retailer.,LABEL_1,True,0.5787978172302246,41
872,"Alabama Upsets No. 24 Southern Miss 27-3 (AP) AP - Kenneth Darby rushed for 197 yards and scored two touchdowns, one on a run and one on a pass, as Alabama beat No. 24 Southern Mississippi 27-3 Saturday for its first win against a ranked opponent in nearly two years.",LABEL_1,"auburn upset nos. 14 southeastern alabama 28- 24( overtime) alabama- david rice run at 40 yd, threw 1 touchdown, two of the rush& two off the catch, before florida swept nay. 17 northern miss 28- 24- in their fourth victory at this regional rival by almost 2 millennia.",LABEL_1,False,0.8214569091796875,103
873,"Storms Seem to Cure Floridians of Hurricane Amnesia The state #39;s East Coast hadn #39;t been hit by a hurricane since 1999. That, and the fact that Florida hasn #39;t had its historic share of such storms in recent decades, has led to some complacency about their effects.",LABEL_3,"may continue, rid florida from hurricanes and a current# 40; but a state that# 42; l be affected during some storms like one. these, but no knowledge because it and# 42; d and their high percentage on tropical storm of american history, often contribute as a confusion of its occurrence.",LABEL_3,False,0.8353250622749329,103
874,Darfur peace talks inch forward despite deadlock over security ABUJA (AFP) - African Union mediators met separately with Sudanese government envoys and the leaders of the uprising in the strife-torn region of Darfur in a bid to hammer out a deal on demilitarising the conflict.,LABEL_0,- sudan must inch back from conflict against the conflict( AFP)- western security officials gathered together between african special envoy& a leader among arab militias from this trouble- free state in sudan for the dialogue which lay together the consensus after fighting these rebels.,LABEL_0,False,0.787907600402832,105
875,"China's Red Flag Linux to focus on enterprise Red Flag Software Co., the company behind China's leading Linux client distribution, plans to focus more on its server operating system and enterprise customers, the company's acting president said.",LABEL_3,"beijing' en communist party wants their take of the Red Flag operating system., another business of taiwan' re major software software companies, or rather base it upon our enterprise based services or business environment, a project' n chinese ceo suggests.",LABEL_3,False,0.8371046781539917,93
876,"Canadian freedoms 'under threat' Personal freedoms in Canada are being eroded by the ""war on terror"", the country's privacy commissioner warns.",LABEL_3,"Canadian freedoms' under threat' Personal freedoms in Canada are being eroded by the"" war on terror"", the country' s information commissioner warns.",LABEL_0,True,0.9750744104385376,24
877,Microsoft sues eight resellers over dodgy stickers Microsoft has announced it #39;s suing eight PC resellers over claims they have been attaching Certificates of Authenticity (COA) to non-genuine Microsoft products.,LABEL_3,"it sued microsoft consumers with several claims it received, s# 8; 7: 10 sued retailers that claimed to be fraudulent providing certificate for ownership( certificates) by anti- microsoft software companies.",LABEL_3,False,0.7809587717056274,65
878,"IBM unveils notebook with fingerprint reader IBM on Monday introduced a biometric notebook computer with an integrated fingerprint reader,which it says can recognize the user of the computer.",LABEL_3,"it offers it through the offer IBM may offer uses the personal laptop notebook without any attached paper card, whom he believes could identify either user through a notebook.",LABEL_3,False,0.7517427206039429,73
879,"Motorola Aims to Sharpen Design Edge In a 26th-floor office suite overlooking Lake Michigan, some 40 industrial designers, mechanical engineers and specialists in fields ranging from anthropology to musicology ",LABEL_3,"and thus, create another Edge for the next- generation designer community at Lake como, with 40 professional professionals, industrial designers or scientists of expertise ranged across design. engineering",LABEL_3,False,0.7635079622268677,81
880,Football: Spanish FA apologises The Spanish FA apologises to its English counterparts following racist chanting.,LABEL_0,notes: Spanish FA apologises The Spanish FA apologises to its English counterparts following racist chanting.,LABEL_1,True,0.9366998672485352,17
881,"Camacho  #39;quits Bernabeu #39; Real Madrid coach Jose Antonio Camacho has resigned after the club #39;s poor start to the season, according to reports in Spain. Cadena Ser radio said Camacho had told Real chairman Florentino Perez he was quitting ",LABEL_1,":# 36; quits:# 36; Real Madrid coach, manuel perez, been given another new# 9; with poor ending in this year, due for unrest around madrid. canal 7 radio confirmed it, told former boss luis rodriguez they quit.",LABEL_1,False,0.7920435667037964,130
882,"Stronger Sales Boost JC Penney Earnings (Reuters) Reuters - Department store operator J.C. Penney\Co. Inc.  on Tuesday said third-quarter profit rose 86.3\percent, helped by stronger sales and fewer markdowns.",LABEL_2,"- financial services JC corp.( 2016),- independent store- d. h. macy\ s. co.- bloomberg said third- year earnings improved 9. 1\%, caused for greater productivity or greater transactions.",LABEL_2,False,0.7654250860214233,95
883,"The battle for DR Congo's wildlife As donors pledge \$40m to save DR Congo's wildlife, life in Virunga Park remains a battle ground.",LABEL_3,"The battle for DR Congo' s survival As donors pledge\$ 40m to save DR Congo' s people, life in Virunga Park remains a battle ground.",LABEL_0,True,0.938261091709137,28
884,Soccer: Juventus beat Fiorentina 1-0 in Italian league match ROME : Juventus extended their lead at the top of Serie A to six points after they scraped a 1-0 home win over Fiorentina and closest rivals AC Milan were held to a goalless draw at Brescia.,LABEL_1,"juventus: milan beaten juventus 6- 1 during final round, italy: napoli extend them position after this stage with liga 1 with 10 point before it suffered another 5- 1 derby victory in parma when italian giants serie ##f was beaten without any goal only against naples.",LABEL_1,False,0.8630274534225464,95
885,Krzyzewski Wins No. 700 Shelden Williams collects 18 points and 15 rebounds to give Duke an 82-54 triumph over Toledo and Coach Mike Krzyzewski his 700th career win on Sunday.,LABEL_1,the duke jr. 10 kevin smith added 15 point& 7 rebound and win both a 57- 57 wins at tennessee& earn jason williams their 1st duke trophy from campus.,LABEL_1,False,0.7847777605056763,63
886,"High-Tech Start-Up Strives For Open-Source Compatibility SourceLabs could create some buzz because of its pedigree team of founders. The company is led by Chief Executive Byron Sebastian, a former executive at San Jose #39;s BEA Systems, who founded the company in spring.",LABEL_3,"low- cost set- ups allows it home- sourced and this may get the buzz outside from his large base from developers. each firm were founded after software scientist chris davis, the senior engineer of the antonio# 1; cf. ##l, which established another partnership that july.",LABEL_3,False,0.7851434946060181,100
887,"Russia wants new business partnership with old ally India (AFP) AFP - Russia is seeking a new economic partnership to boost a decades-old friendship with India, envisaging sophisticated arms sales, high-end technology swaps and political support on the world stage.",LABEL_0,"russian russia and strategic partnerships from india to russia( 2015) indo- india is developing a global strategic partner to continue a millennium- new partnership from russia, through large bilateral exports, low- intensity arms sales or economic integration on emerging international markets.",LABEL_2,True,0.7730843424797058,78
888,Inter draw with lecce while AC Milan crash Atlanta Bulgarian teenager Valeri Bojinov scored twice as Lecce came from two goals behind to draw 2-2 with Inter Milan in Italian first division league on Wednesday.,LABEL_1,milan drawn in inter with the ##o 1 away but defender sergio milano scoring once while Lecce went on one goal out of drawing two- two in deportivo madrid on his highest tier debut that thursday.,LABEL_1,False,0.8479848504066467,80
889,"Indians Mount Charge The Cleveland Indians pulled within one game of the AL Central lead by beating the Minnesota Twins, 7-1, Saturday night with home runs by Travis Hafner and Victor Martinez.",LABEL_1,"at Mount Charge a detroit tigers came into their half with a game series win in hammering another cleveland indians, 3- 7, friday, on rbi doubles from jim kelly& jay ramirez.",LABEL_1,False,0.7841053009033203,81
890,Venezuela vote keeps Chavez as president CARACAS -- Venezuelans voted resoundingly to keep firebrand populist Hugo Chavez as their president in a victory that drew noisy reactions yesterday from both sides in the streets. International observers certified the results as clean and accurate.,LABEL_0,venezuelan voted on them for presidential candidates-- venezuelan won heavily and ensure venezuelan elected rene castro for us presidential election the move which saw many cheering crowds throughout all countries except caracas voting. foreign officials rated this result for reliable or consistent.,LABEL_0,False,0.8364166617393494,85
891,"\$78,000 for a Cane That Helped a Legend Walk the Line Many of Johnny Cash's possessions were sold at Sotheby's, collecting \$3,984,260 for the Cash family, more than double the pre-auction estimate.",LABEL_0,"\$ 78, 000 for a collection That Helped a Legend Walk the Line Many of Johnny Cash' s possessions were sold at Sotheby' s, collecting\$ 3, 984, 260 for the Cash family, more than double the pre- auction estimate.",LABEL_2,True,0.9560377597808838,40
892,"Sherman remains confident after Packers #39; flop in Philly They were, in theory, the NFC #39;s second-best team. Now they #39;re not and no one else is, either. The NFC has the Philadelphia Eagles at the top, the San Francisco 49ers at the bottom and everyone else in the middle.",LABEL_1,"it ranks second below nfl# 34; while on theory them became, by essence, an nfl# 35; their next- best position. however,# 34; still there; some doubt there remains, yet. this NFC had both atlanta packers in a level, both santo antonio rams of a middle& nobody here of another bottom.",LABEL_1,False,0.7746745347976685,115
893,"Stocks Climb on Drop in Consumer Prices NEW YORK - Stocks rose for a second straight session Tuesday as a drop in consumer prices allowed investors to put aside worries about inflation, at least for the short term.    With gasoline prices falling to eight-month lows, the Consumer Price Index registered a small drop in July, giving consumers a respite from soaring energy prices...",LABEL_0,"- note on decline in retail price NEW stock- market news for a sunday reading this week as a drop in energy demand prompted people to put forward concerns over money, at most for the full term. With consumer price dropping to 18- year lows, the market stock markets recorded a steady drop in July, promising investors a diversion from rising stock markets...",LABEL_2,True,0.751945972442627,102
894,UPDATE 1-Bolton end Newcastle run with 2-1 win Bolton Wanderers continued their impressive start to the season as they battled to beat in-form Newcastle United 2-1 on Sunday to stay in touch with the leading pack at the top of the Premier League.,LABEL_1,"game 5- north premier league: after 6- 2, Bolton had continuing a strong starting season this year with them looked forward beating a- state rotherham fc 1- 2 that saturday for keep within contact for an scottish outfit for this season at a national championship.",LABEL_1,False,0.8186200857162476,102
895,Terror is below radar in Russia It took 2 days for Russia #39;s security service to announce what virtually everyone else believed from the moment two domestic passenger airlines plunged to earth simultaneously ,LABEL_0,everything is below radar in Russia It took 2 days for Russia# 39; s. 2 to confirm what absolutely everybody else saw from the moment two major commercial flights fell to earth-,LABEL_3,True,0.8100670576095581,47
896,"NBA ROUNDUP: O #39;Neal puts on a show for new fans in Miami MIAMI -- Shaquille O #39;Neal swatted away Boris Diaw #39;s lay-up to preserve a 26-point lead, then waved into a nearby television camera the moment he landed on his feet.",LABEL_1,"NBA:: n# 36;- was in another party near old york near downtown atlanta-- the same# 34; is hands up with his# 2; throws heads- back for secure another 3- 0 victory, and slams off the large tv screen a minute it was at its butt.",LABEL_1,False,0.7533469796180725,102
897,Trump's Casinos File for Bankruptcy  PHILADELPHIA (Reuters) - Donald Trump's casino operations  filed for bankruptcy Sunday in a long-expected move that would  allow the real estate maverick to restructure the company's  debt and overhaul its aging casinos.,LABEL_2,2017' new bankruptcy filed as a filing( 2016)- all philadelphia' based gaming companies apply at next bankruptcy with some good- standing bid which might cause this largest casino company can clear another city' d debts but rebuild his traditional casino.,LABEL_2,False,0.8427647948265076,81
898,"BlackRock Buys State Street Research  NEW YORK (Reuters) - BlackRock Inc. &lt;A HREF=""http://www.investor.reuters.com/FullQuote.aspx?ticker=BLK.N target=/stocks/quickinfo/fullquote""&gt;BLK.N&lt;/A&gt;, one of the  largest U.S. fixed income managers, on Thursday said it will  buy its far smaller competitor State Street Research    Management Co., marking the biggest takeover in the asset  management business this year.",LABEL_2,"-: states streets financial fund management( 2016)-, g.& g; ##id=="" https:// web. www. facebook. company/ business. web? name= p. html ##v=/ stock/ shares/ shares""& b; b. m& t;/ b& b;, leader in all larger n. h. alternative investment investors, after twitter says they must purchase their significantly larger competitors states streets management& inc., becoming a largest acquisition at its corporate finance world the week.",LABEL_2,False,0.7944620847702026,137
899,"Vilsack, Dean Jockey for Top DNC Post (AP) AP - Iowa Gov. Tom Vilsack told Democratic leaders on Friday he may seek the party's top job as the jockeying to replace chairman Terry McAuliffe intensified.",LABEL_0,"meanwhile, jeff martin of ohio democratic chairman( whip) d- va dr. mark Vilsack tells republican leadership before monday she might take a campaign' round committee position with a favorite than challenge democrat todd mccarthy again.",LABEL_0,False,0.8146979212760925,78
900,Lackluster Jobs Report Pushes Stocks Down NEW YORK - Investors pushed stocks lower Friday as a surprisingly lackluster job creation report deepened Wall Street's pessimism over the health of the economy. A solid earnings report from General Electric Co...,LABEL_0,"poor Jobs Report Pushes Stocks Down NEW YORK-- pushed stocks lower Friday as a reported, job creation report deepened Wall Street' s pessimism over the health of the economy. A solid earnings report from General Electric Co...",LABEL_2,True,0.8899200558662415,44
901,"Powell Presses N. Korea on Weapons Talks US Secretary of State Colin Powell, left, shakes hands with Japanese Prime Minister Junichiro Koizumi before their meeting at the Foreign Ministry #39;s annex in Tokyo Sunday, Oct. 24, 2004.",LABEL_0,"2006: 1. Korea in japan Talks at department at states, wilson, us, shake hand for former general secretary kei ##ta during his conference inside korean defence minister# 4; japanese building at embassy building, feb. 26, 2005.",LABEL_0,False,0.8072987794876099,91
902,"Saddam #39;s jailed top aides hold food protest Eight of 11 detainees briefly refuse food over prisoner rights including family visits, access to media. BAGHDAD - The US army said eight of toppled Iraqi leader Saddam Hussein #39;s jailed lieutenants had briefly ",LABEL_0,"detainees# 38; and prisoner held to the right- 8, 100 prisoners reportedly refused meals during the weekend for personal safety, contrary iraqi law. iraqi- controlled iraq government freed 8 among the 14 leaders arrested,# 42; staff and officers and been",LABEL_0,False,0.8244399428367615,87
903,"Sharon Says Gaza Evacuation Set for 2005 (AP) AP - Israel's evacuation of the Gaza Strip will begin next summer and will take about 12 weeks, Prime Minister Ariel Sharon said Wednesday, reversing an earlier decision to speed up the pullout.",LABEL_0,"israel occupied areas: plans of 2005( 2) gaza- egypt' israeli invasion into southern Gaza corridor shall start last spring or should wait for 15 days, israel ministers david haifa stated himself, following this initial announcement will take off his preparations.",LABEL_0,False,0.7750586271286011,96
904,King Pong Draws Fans Spike TV's Video Game Awards Show attracts big-name celebrities and bands but gives the fans the votes.,LABEL_3,"King Pong gives Fans the TV' s favorite Game talent Show, big- name stars and celebrity but gives the fans the votes.",LABEL_0,True,0.9001367092132568,31
905,Texas Instruments Plans Investment US-based chipmaker Texas Instruments Inc. said it will spend about US\$300 million (euro 240 million) over the next three years to increase output at its facilities in the northern Philippines.,LABEL_2,the instrument provider to texas- registered firm Texas electronics corp. states them may invest around usd\$ 3 billion($ 11 billion) for this last 5 year will improve production from their plants across all european territories.,LABEL_2,False,0.8729566335678101,80
906,"USA searches for winning formula Hal Sutton anticipated the question. He had formulated an answer, too, long before he arrived in that Milwaukee hotel ballroom to announce his captain #39;s picks and finalize the US Ryder Cup team.",LABEL_1,"answer:- every one Hal ##don knew those answers. him almost expected no explanation, however, up until they landed near the large presidential suite and see an old# 3; a go for win a national Ryder cups title.",LABEL_1,False,0.7717102766036987,92
907,"Expanding West Major League Soccer's two expansion teams, Real Salt Lake and Club Deportivo Chivas USA, will join the Western Conference for the 2005 season.",LABEL_1,"the far west conference alliance' d 2 new clubs, team Salt lakes or team fc la salle, may fill a central division during each 2005 tournament.",LABEL_1,False,0.7749346494674683,66
908,"Accusations of Fraud Mar Afghan Election KABUL, Afghanistan - Afghans packed polling stations on Saturday for a historic presidential election that was blemished when all 15 candidates opposing U.S.-backed interim President Hamid Karzai withdrew, charging the government and the U.N. with fraud and incompetence...",LABEL_0,"allegations for corruption- ##r elections march, 2006- people attended a station for tuesday of the major national elections which were marred and the afghan candidate against afghanistan. 2010.- afghan transitional government president abdullah resigned, blaming each afghan or each i. s. in deception or manipulation...",LABEL_0,False,0.8466964960098267,93
909,"Sports: Cobbs out for the season DENTON, Texas Last season #39;s NCAA rushing and scoring leader will miss the rest of this football season. North Texas running back Patrick Cobbs has sprained ligaments in his left knee.",LABEL_1,"note: loaned back from this new season, team previously held# 4; no- selection of rushing team shall fill this void with an entire schedule. current american football player, Cobbs severely injured ligament on his upper body.",LABEL_1,False,0.772472620010376,84
910,"Ankiel Impressing Cardinals in September (AP) AP - At the very least, Rick Ankiel is laying the groundwork for a run at the St. Louis Cardinals' rotation next season.",LABEL_1,"- at 11 june 2017( incomplete) AP- in an extremely latest, joe Ankiel is on his ground on every pitch from both vs. francisco giants' games that month.",LABEL_1,False,0.7720870971679688,77
911,"Israel won #39;t attend London Mideast conference Israel will not attend a Middle East conference in London early next year but backs its stated aim of fostering Palestinian reform in pursuit of peace after Yasser Arafat #39;s death, a senior official says.",LABEL_0,"israeli conference# 9; palestinian ##1- conference- it should never host any far eastern meeting with jerusalem again last summer and pursue their own goals in promoting civil ##isation during times like conflict with david win# 7; israeli), the former member israel.",LABEL_0,False,0.767147421836853,89
912,"Petronas pursues China LNG supply opportunities Petroliam Nasional Bhd., or Petronas, Malaysias national oil and gas firm, is in discussions with Chinas State-owned oil and gas firms for potential liquefied natural ",LABEL_2,"chinese- malaysia petroleum engineering and production limited Bhd., [UNK] [UNK], malaysian multinational fuel& power companies, is considering talks of various privately- traded petroleum& mining corporations in chinese domestic;",LABEL_2,False,0.7514939308166504,79
913,Dell Axim X50v Large VGA screen; great graphics; included gaming bundle; Windows Media Player 10.0 Mobile; fast processor and ample memory; integrated Wi-Fi and Bluetooth; sleek design; user-replaceable battery.,LABEL_3,the Axim pro; led display; big screen; full hardware display; intel video players 7. 5 hd; dual networking& virtual storage; wireless blu- blu& internet; improved graphics; easily- accessible graphics.,LABEL_3,False,0.7879094481468201,72
914,"Crude Oil Rises on Speculation Cold Weather May Increase Demand Crude oil futures are headed for their biggest weekly gain in 21 months on speculation cold weather may boost demand in the US Northeast, where 80 percent of the country #39;s heating oil is used.",LABEL_2,"the temperature increases over the horizon and temperatures raise; if petroleum prices have predicted at its largest annual peak of six weeks near- site, will rise prices of this further north, when 70% above this(# 3; est.) being available.",LABEL_2,False,0.7855576276779175,93
915,"Howard: Telstra Board Will Choose Its CEO Australian Prime Minister John Howard said Thursday that Telstra Corp. #39;s board would choose its next chief executive, not the federal government, which has a majority stake in the telecommunications giant.",LABEL_2,"note: its chairman would determine Its CEO as government ministerial minister abbott announced earlier as telecommunications co.# 2; the ##1 shall select any other senior executives, notably a foreign minister, who controls the substantial share of a telecom market.",LABEL_2,False,0.7617335319519043,87
916,"Germany to kick off 2006 World Cup FRANKFURT, Germany -- Hosts Germany will play in the opening match of the 2006 World Cup, the organizing committee of the governing body FIFA announced on Wednesday.",LABEL_1,"as to kick off fifa World cups 2006,--- Hosts brazil shall play at this opening match for this 2006 World Cup, a managing board of fifa organizing meeting by rules from sunday.",LABEL_1,False,0.7503762245178223,128
917,"Web Site Shows Two Beheadings in Iraq Three hooded gunmen pose with an unidentified Turkish hostage, who they threatened to behead unless all American release all Iraq prisoners, and all Turks leave Iraq, in this image made from a television broadcast by Al-Arabiya television, Monday Oct.",LABEL_0,"on page page one while inside Iraq two armed individuals pose like any unknown american terrorist, whom you want the kill after the governments evacuate some kurdish residents, or some Turks from turkey, while another picture is on the broadcast received from kurdistan- sabah tv, 15 september.",LABEL_0,False,0.7726742029190063,115
918,"Former Saddam Deputy Arrested in Iraq (AP) AP - Iraqi authorities claimed on Sunday to have captured Izzat Ibrahim al-Douri, the most wanted member of Saddam Hussein's ousted dictatorship, but there was confusion over the report, as the Iraqi defense minister said word of his arrest was ""baseless.""",LABEL_0,"deputy and former president from exile( iraqi) us- iraq officials claim over twitter may be arrested saddam ahmed an- iraqi, an historically important opponent during hussein himself' of iraqi regime, and here raised concern at a arrest, while some iraq defence forces say talk that their capture were"" misleading.""",LABEL_0,False,0.8369176387786865,99
919,"Police, Peddlers Clash in Venezuelan City (AP) AP - Police and National Guard troops fired tear gas and plastic bullets at crowds of angry street vendors in Venezuela's capital Wednesday as officers tried to remove merchants from zones where they are barred from selling their wares.",LABEL_0,"meanwhile, the army of venezuela-( sp)-- soldiers fight border police police firing poisonous gases or rubber shots on dozens from different vendors vendor at venezuelan' n cities, while authorities try and prevent vendors into crossing because people were prevented by carrying any weapons.",LABEL_0,False,0.7661541700363159,93
920,Notables Every Baltimore starter reached base at least twice. Orioles' Brian Roberts set the AL record for doubles in a season by a switch hitter with 47 -- also tying Cal Ripken Jr.'s team record from 1983.,LABEL_1,practically all orioles player took place with baltimore either. ol' randy johnson holds all the records by runs on the row as the starting rookie of 2007-- just breaking ted williams ii.' record previous high since september.,LABEL_1,False,0.7608126401901245,75
921,"76ers rally from 18 down to stun Nuggets Allen Iverson couldn #39;t resist when he saw the burgundy and yellow shirt Willie Green put on after the game.  quot;That #39;s an ugly shirt, Willie, quot; Iverson shouted over a crowd of reporters.",LABEL_1,"a rally of people seemed, shake off allan green'# 37; 3, and they wore those brown or white jerseys allen had worn out throughout every stadium. see; the# 37; was the ugly one, too, now; he yelled before the mob cheering people.",LABEL_1,False,0.7789078950881958,104
922,"Commuter Plane Crashes in China, Killing 54 A China Eastern Airlines commuter plane crashed into a frozen lake in northern China this morning, killing all 53 people on board and 1 on the ground, state media and the airline said.",LABEL_0,"passenger airplane crashing outside beijing, flight 11. chinese inland airways commercial, crashes onto some large river at eastern yunnan the incident, killed the 17 passengers in plane- three in each airplane, china, plus 12 police officers.",LABEL_0,False,0.8383283615112305,81
923,APEC Ministers Urge New Effort on Trade Talks Pacific Rim trading nations said on Wednesday they should pool their influence to energize talks to free up world trade. As trade and foreign ministers from the 21-member Asia-Pacific ,LABEL_0,government representatives announced the focus on international trade and Rim pacific leaders commented publicly that they must pool our efforts in strengthen relations that speed down global markets. trade security& economic relations for a 6- month Asia- 2,LABEL_0,False,0.7639410495758057,102
924,"Seven seize ATHENS -- He was behind at the start. He was behind at the turn. He was behind for 99.99 of the 100 meters. His head was behind Ian Crocker's head at the finish. And yet somehow last night, Michael Phelps won again -- for the fourth and final time in an individual race at these Olympics.",LABEL_1,"the race.-- they had ahead from each turn. they turned back after a finish. it held ahead by 7. 1 for all 5 km. their aim ended at john anderson' last place without a back. but still, next day, that Phelps succeeded.-- won a third& fourth medals at every overall competition among the events.",LABEL_1,False,0.8225692510604858,124
925,"Rite Aid Swings to Loss Rite Aid (RAD:NYSE - news - research) swung into the red for its third quarter and lowered expectations for fiscal 2005. The drugstore chain said Thursday it posted a loss of \$7.7 million, or 1 cent a share ",LABEL_2,"legal action:- buy Rite rite( washington: courier- press- journal) jumped on to red ##ire this fiscal year& then again after fall 2006. a pharmacy times report, 2011 reported the turnover at\$ 4. 8 billion, and a share 35%",LABEL_2,False,0.7897485494613647,101
926,"Cisco #39;s Perfigo Acquisition Delivers Policy Compliance To Channel In a move that targets the increased threats of worms and viruses to networked businesses, Cisco Systems Thursday said it will acquire privately owned endpoint compliance vendor Perfigo in a deal worth approximately \$74 million.",LABEL_3,"version# 10; 2014, and new customer information for customers as another process which avoids a potential exposure for attacks or bugs with their devices, and have recently announced they can acquisition publicly traded network security provider Perfigo at an sale valued\\$ 1 billion.",LABEL_3,False,0.8150429725646973,98
927,"Behaviour control by smartphone The Massachusetts Institute of Technology is developing mobile phones designed to learn users #39; daily habits so that they can predict what users will do, reports The Register.",LABEL_3,"usage- for- user national institutes with education in building personal phones specifically that teach users# 7; daily habits, where you must control whatever it can happen, changing daily results.",LABEL_3,False,0.7938385009765625,86
928,"National Guard HQ attacked near Baghdad A mortar attack on an Iraqi National Guard headquarters north of Baghdad killed at least four National Guards and injured 80 others, officials said Tuesday.",LABEL_0,"iraq national guard- in iraq four terrorist attacks near a army state security hq outside that town kills with most 20 armed men but injuring 30 injured, reports stated reportedly.",LABEL_0,False,0.8067219257354736,63
929,Dance pair out with injury Olympic ice dancing hopefuls Loren Galler-Rabinowitz and David Mitchell of the Skating Club of Boston will be sidelined for the remainder of the season because of a shoulder injury to Mitchell that will require surgery.,LABEL_1,Dance pair not on team. ice dancer players Loren king- williams or andrew bennett for an olympic side for melbourne may sit out during this majority for this tournament as for the hip damage affected balance which includes requiring stitches.,LABEL_1,False,0.7714318037033081,110
930,"Southwest Airlines to Cut 88 Flights (Reuters) Reuters - Southwest Airlines Inc. (LUV.N), the\largest U.S. discount carrier, on Monday said it will eliminate\88 scheduled flights in order to boost revenue by freeing up\planes for more lucrative markets.",LABEL_2,"american plans for have one aircraft( cancelled) north- western aviation co.( l. com), a\ 90 l. a. passenger airlines, through twitter says they can reduce\ 85 total passengers over time they do business through cutting down\ 86 of very specific flights.",LABEL_2,False,0.7713184356689453,83
931,Family make plea for Iraq Briton The family of a Briton held hostage in Iraq have issued an emotional plea for his release as the deadline approaches. Philip Bigley said his brother Ken regarded the Arab world as his  quot;home from home quot; and ,LABEL_0,"first, help you all: some families with any hostage or ransom for Iraq has submitted the initial offer with their family at this time approaching. john campbell says my husband also viewed an Arab family with their family;"" at home';!",LABEL_0,False,0.7754158973693848,107
932,"Edwards: I Won't Raise Retirement Age (AP) AP - Seizing on a report that a plan to privatize Social Security includes raising the retirement age for full benefits to 72, vice presidential candidate John Edwards on Saturday renewed a promise that the Democrats would never raise the retirement age.",LABEL_0,"remarks: you don' not understand that""(-)-- Seizing on a report that a plan to privatize Social Security includes raising the retirement age for full benefits to 72, vice presidential candidate John Edwards on Saturday renewed a promise that the Democrats would never raise the retirement age.",LABEL_2,True,0.9374155402183533,59
933,"Important Rules for Phone Market Face F.C.C. Vote Next week, the FCC will likely change the rules on unbundled networks largely in ways favorable to the Regional bells.",LABEL_3,"as Rules for Phone Market Face F. C. C. Vote Next week, the FCC will likely change the rules on local stations largely in ways related to the Regional bells.",LABEL_2,True,0.9289892911911011,35
934,"Bug bites continue to plague the Net roundup Free-roaming source code breeds new Netsky pest. Also: From IE to Opera, browsers are a likely prey.\",LABEL_3,"Bug behavior continues, hit* Net; first- access bug, a hacker' s. com: if IE is web, computers become the potential victim.\",LABEL_3,False,0.7747632265090942,74
935,"UN, ending mission, says some human rights improvement Sudan's Darfur region (Canadian Press) Canadian Press - AL-FASHER, Sudan (AP) - Security has improved inside camps in Sudan's violence-torn Darfur region, but displaced villagers still face attacks and abuse when leave the camps, a United Nations team said Saturday, wrapping up a mission that could determine whether Sudan is hit with international sanctions.",LABEL_0,"sudan, mission statement, 2010 the humanitarian needs of israel' r northwest territories( international agency) international aid- un- islam, syria( un)- infrastructure had deteriorated with violence within chad' ##s strife- troubled border province, and the residents often bear threats or harassment. using another border, the new un mission continues today, opening off any process which can assess that Sudan keeps protecting against new developments.",LABEL_0,False,0.7872064113616943,135
936,"FireFox Roars from the Gates Tuesday, November 9, 2004 will likely go down in the history books as the day the browser wars officially started. Obviously things happened before today to get us to the point where there was a real, legitimate ",LABEL_3,""" Roars from the Gates monday, october 9, 2004 will likely go down in the historical books as the day the drug wars first started. but things went before today to get us to the point where there was a real, real",LABEL_2,True,0.5282374620437622,57
937,"Campaigning Begins for Afghan Election (AP) AP - Afghanistan's historic election campaign got under way Tuesday, pitting 17 hopefuls against interim leader Hamid Karzai in the race to become the impoverished country's first popularly elected president.",LABEL_0,"campaign campaign on afghanistan elections( 2017) afghan- afghan' first presidential elections had come in most recently, sending two candidates with former president of afghanistan on a hopes he be an entire afghanistan' a only officially recognized politician.",LABEL_0,False,0.8597625494003296,75
938,"CERN to Probe Life, the Universe and Everything (Reuters) Reuters - It has revolutionized physics, made",LABEL_3,"CERN is the future, scientific world for physics( uk);- office for advanced research, ...",LABEL_3,False,0.787009596824646,37
939,"Riyadh says killing of Frenchman was ""terrorist attack"" (AFP) AFP - A French national shot dead in the Saudi Red Sea city of Jeddah overnight was the target of a  quot;terrorist attack quot; according to initial investigations, an interior ministry spokesman told AFP.",LABEL_0,"french stated death from foreigners and"" unlawful terrorism""( 2007).- unnamed civilian civilian killed shooting near a central arabian city area near saudi. as a cause for the massacre; unlawful terrorist attack; leading for international investigation, the foreign minister minister confirmed AFP.",LABEL_0,False,0.8275624513626099,94
940,"Austrian Panel OKs Siemens Takeover Bid Austrian regulators have approved Siemens AG #39;s bid to takeover engineering competitor VA Technologie AG, Austrian radio said Friday.",LABEL_2,"expert group no-- 3 ##der authorities officially accepted Siemens as# 39; it had already acquire german bank ag ##c AG, swiss regulators are today.",LABEL_2,False,0.7729558348655701,72
941,"Scientists Discover Ganymede has a Lumpy Interior Jet Propulsion Lab -- Scientists have discovered irregular lumps beneath the icy surface of Jupiter's largest moon, Ganymede. These irregular masses may be rock formations, supported by Ganymede's icy shell for billions of years...",LABEL_3,"science: it contains the Lumpy- Jet science base-- archaeologists recently detected several artifacts near an icy rim around today' d big moon, jupiter. These small objects can have solid masses, formed under earth' d ice crust across millennia- ages...",LABEL_3,False,0.76771080493927,114
942,"Zingo keeps Manganese Bronze in red (FT.com) FT.com - Losses from its Zingo mobile phone cab-ordering service kept Manganese Bronze Holdings, maker of London taxis, in the red last year.",LABEL_3,"this keeps new products from production( ex. us) ltd. international- apart for their Zingo cell phone brand- taking operation, its Bronze manufacturer, ministry of electric taxis, in this red last quarter.",LABEL_2,True,0.7743017077445984,99
943,"Hurricane Watch Issued for Gaston Off S.C. COLUMBIA, S.C. - A hurricane watch was issued for the South Carolina coast Saturday as forecasters predicted Tropical Storm Gaston would make landfall near Charleston on Sunday night...",LABEL_0,"the same is on storms on p. s. charleston, b. C.- the storm advisory were placed with this southern pacific hurricane watch because it estimated atlantic ocean activity could also impact off greenville by friday....",LABEL_0,False,0.76247239112854,79
944,"Sony Announces PlayStation Por Sony Corp. announced a price more fitting of a video-game machine than a slick movie-playing gadget for its new PlayStation Portable - 19,800 yen (\$186).",LABEL_3,"for playstation:# ##co ##o. offers another product less reminiscent as another computer- generated system on another conventional playstation- based product in their offering sony playstation- 6, 400 usd(\$ 5).",LABEL_3,False,0.8301419019699097,63
945,"Colts' Tough Schedule Continues With Tenn. (AP) AP - Talk about testing a defense: The Indianapolis Colts opened the season against Tom Brady, face Steve McNair this week and then Brett Favre. They're lucky Peyton Manning plays for their side.",LABEL_1,"indianapolis' s season is on Tenn.( 1)-- focused on finding another way: both indiana Colts begin this game behind rex ryan, first mike austin each week but finally jim carr. we' m making last place play against our opponent.",LABEL_1,False,0.7765717506408691,100
946,"Lakshmi Mittal is Britain #39;s richest man London: NRI business tycoon Lakshmi N Mittal, who is set to control the world #39;s largest steelmaker, has emerged as the richest man in Britain.",LABEL_2,"n forbes, world# 41; the wealthiest in british: NRI industrial giant billionaire john rothschild, whom he rumored will run a british# 42; third wealthiest company, lists forbes with 10th wealthiest man since england.",LABEL_2,False,0.7770562767982483,82
947,"Steep rise in Haiti storm deaths The number of deaths from floods in Haiti caused by tropical storm Jeanne has risen sharply to 1,970, with 884 still missing, officials say.",LABEL_0,"flood deaths across haitian haiti impact high numbers in fatalities since flooding of cities left in severe meteorological conditions, fallen dramatically of 10, 300, despite no more remaining, they disappeared.",LABEL_0,False,0.8209661245346069,63
948,"Phony bids put insurance firm in real trouble When Greenville County in South Carolina borrowed \$800 million two years ago to expand its public schools, insurance broker Marsh  amp; McLennan Cos.",LABEL_2,"Phony had put this firm under severe jeopardy after charleston group in southern florida bid\$ 800 ##00 two year later. acquire southern financial services, from the Marsh family; and Cos.",LABEL_2,False,0.76035076379776,94
949,"Son Is Gone but Fervor Remains After Fallujah After his son's life was ended by an American bullet, an Iraqi insurgent undertook a harrowing escape to a lonely exile in Baghdad, where he waits to fight another day.",LABEL_0,"he remains Gone as he came through: as their mother' d son grew endangered with some unknown weapon, some enemy soldier made the daring move against another long stay of iraq, which they decided on end some later.",LABEL_0,False,0.7754983305931091,86
950,"St. Louis Cardinals News Right-hander Matt Morris threw seven solid innings, but the Cardinals needed a bases-loaded walk to second baseman Tony Womack and a grand slam from new right fielder Larry Walker to key a six-run eighth inning for a ...",LABEL_1,"a. chicago nightly tribune back- hand, washington hurled 12 complete games, and those innings featured an base- on hit off fourth fielder Tony Womack or no rbi, leading giants third man john anderson and key the seven- walk ninth baseman in an...",LABEL_1,False,0.7649282217025757,110
951,"Warriors lock up young veterans Staring at the possibility of watching two of his young standouts stage a walkout on opening night, Chris Mullin made one of the most important decisions in recent Golden State Warriors history Monday.",LABEL_1,"they lock up many warriors veterans on a prospect for taking one among them young veterans into another performance across the floor, Chris having provided two of those more crucial announcements during every washington warriors game since opening.",LABEL_1,False,0.7549188137054443,98
952,"Guo tucks away gold for China China #39;s Guo Jingjing easily won the women #39;s 3-meter springboard last night, and Wu Minxia made it a 1-2 finish for the world #39;s diving superpower, taking the silver.",LABEL_1,"wu got double silver while being world# 40; wang/ wei ##yuan took a china# 41; m 7- m platform next summer, but li jing ran off the 3- 1 mark at a us# 43; 8 overall championship, capturing a bronze.",LABEL_1,False,0.7701034545898438,83
953,"Packers lose Flanagan for the season Green Bay Packers Pro Bowl center Mike Flanagan will undergo surgery on his left knee and miss the rest of the season. Coach Mike Sherman made the announcement after practice Friday, meaning for the second ",LABEL_1,"† lose games against a second dr. Packers playoff team: brian walsh may receive surgery at his injured hip but missed a remainder during his preseason. notes. mccarthy took some decision during last month, qualifying in a final",LABEL_1,False,0.773424506187439,102
954,Trump #39;s casinos file for bankruptcy Donald Trump #39;s flagship casino business yesterday filed for bankruptcy as part of a financial restructuring aimed at easing \$1.8bn (1m) debt.,LABEL_2,casino# 31; d bankruptcy filed on bankrupt- casinos# 34; a casino is bankruptcy has filing with bankrupt for implementation for the new strategy targeted on restructuring\$ 6. 25( billion) debts.,LABEL_2,False,0.8424428105354309,63
955,"Pedro, GM welcome challenge that awaits The Boston Red Sox could offer Pedro Martinez the still-dizzying celebration of a city that he helped to a historic World Series championship.",LABEL_1,"., GM., right now this washington city game will bring Pedro"" a once- youthful spirit for the man as always guided toward another memorable city crown win.",LABEL_1,False,0.7704105377197266,75
956,"Subaru World Rally Team - Rally GB, Leg 1 Report Petter Solberg demonstrated his winning potential aboard his Subaru Impreza WRC2004 today to take three stage wins and end Leg one in second position overall.",LABEL_1,"the german team inter- Rally championship, stage 3 winner Petter larsen showcased their motorsport skills with their Subaru lola victory, helping gain four rally victories but ending only last on fourth spot spot.",LABEL_1,False,0.7635786533355713,89
957,IBM to report on computer security threats IBM on Monday plans to begin releasing a monthly report of threats to computer networks in an effort to establish an indicator similar to the US government #39;s Homeland Security Advisory System.,LABEL_3,also will be under national computer threat IBM- threat is- start issuing any regular notice on access of its computers as a order for produce any information specific from a government department# 1; www. defense authorization administration.,LABEL_3,False,0.8015415668487549,88
958,"Sales, Sun surge ahead The Connecticut Sun had an off game last Saturday, when they dropped the opener of their WNBA Eastern Conference semifinal series against the Washington Mystics.",LABEL_1,"again, Sun up from east atlantic division got some off run next week, where them reached both quarterfinals for its WNBA national semifinal game match over a mighty thunder.",LABEL_1,False,0.7703314423561096,80
959,Court considers textbook stickers downplaying evolution A Georgia school board is in court this week over  quot;disclaimer quot; stickers it placed on biology textbooks stating that the theory of evolution has not been proven as fact.,LABEL_3,Court over- argument against: A local school board is in court this week over quot;& quot; stickers it placed on the textbook stating that the theory of truth has not been proven as fact.,LABEL_2,True,0.6951342821121216,56
960,UPDATE 2-Spaniards Garcia and Lara share Volvo Masters lead Sergio Garcia showed the consistency that has lifted his game this year with a four-under-par 67 in difficult conditions to share the Volvo Masters lead with Spanish compatriot Jose Manuel Lara.,LABEL_1,"may 12- sergio perez& diaz take this master, and lara shows a confidence which always powered him play these games as the 3- for- 7, on recent times. sharing another Volvo championship, over mexican professional ace raul rodriguez.",LABEL_1,False,0.8245472311973572,94
961,"Update 4: Tokyo Stocks Shed 1 Percent, Dollar Up Tokyo stocks shed more than 1 percent Friday, extending declines to a sixth straight session driven by Wall Street #39;s weakness and worries that higher oil prices may crimp corporate profits.",LABEL_2,"chapter 10: japanese shares drop- percentage, runner- japanese securities shed greater over 30% overall, stock return( the positive annual trend predicted from insider trading# 10; 2014): fears about low stocks price would impact global economies.",LABEL_2,False,0.7792258858680725,90
962,"iPod year #39;s hot gift One of the hottest holiday gifts this year is the Apple iPod, the digital-age equivalent of the Sony Walkman. The iPod, which stores music files downloaded from a computer ",LABEL_3,"hot item# 39; b/ item 39 among the many hot goods a offers are the ipod nano, the new- age counterpart for any older ipod. this pod, that holds mp3 tracks taken for download;",LABEL_3,False,0.7743548154830933,89
963,Fed Raises Interest Rate to 2.25 Percent (Reuters) Reuters - The Federal Reserve raised U.S.\interest rates on Tuesday by a quarter-percentage point for the\fifth time this year and said it will keep gradually lifting\them from rock-bottom levels to forestall inflation.,LABEL_2,banks raised the interest at 1. 5%( 2016).- a bank reportedly raises U. a.\ government interest from loans beyond the half- way mark during a\ next quarter a quarter or says its should continue steadily raising\ interest over hard- edge deposits and curb growth.,LABEL_2,False,0.7548481822013855,99
964,"Stand Aside, Rudolph: The Mouse Will Lead A list of some of the best holiday gifts, based on taste, appearance or utility, available on the Web.",LABEL_3,"joking around, please: a user might have the selection with any among those best holiday gifts, depending of content, style and presentation, popular around this internet.",LABEL_3,False,0.760594367980957,72
965,"Nextel and Sprint in talks on possible merger Nextel and Sprint are in talks that could lead to a merger between the two mobile phone operators, sources close to the discussions said on Thursday.",LABEL_2,"sprint& samsung with discussion over potential, Nextel& nokia have been talk what may leads towards another merge among those three major telecom companies, a spokesman in bloomberg media reported that sunday.",LABEL_2,False,0.9185563921928406,76
966,Hundreds laid off at Fleet offices Bank of America Corp. yesterday laid off hundreds of workers at Fleet bank branches across the Northeast as the North Carolina bank began to implement its brand of ...,LABEL_2,"people laying down of the bank division from americas ltd., laid off thousands as employees in additional business sites within each region of a bank america corporation sought that embrace their mission-...",LABEL_2,False,0.7718669176101685,77
967,"Oracle v. Peoplesoft: the joke is on... Opinion I thought it was a joke when Oracle first announced that it was going to try to buy PeopleSoft; or, at best, a spoiling tactic over PeopleSoft #39;s acquisition of JD Edwards.",LABEL_2,"Oracle v. oracle: the joke is on... Opinion I thought it was a joke when Oracle first announced that it was going to try to buy PeopleSoft; or, at best, a spoiling tactic over PeopleSoft# 39; s version of JD Edwards.",LABEL_3,True,0.9805718660354614,44
968,Tracking Service Aims to Ease Product Returns (Ziff Davis) Ziff Davis - A Texas company tries to take a little bit of the sting out of the biggest online retail nightmare: returns.,LABEL_3,its product claims and follow customer feedback( Ziff Davis) Ziff Davis- A Texas firm looking for save the small fraction in price money outside from a best available commercial service: retail.,LABEL_3,False,0.7505495548248291,96
969,"New MSN Search May Be a Google Killer! New MSN Search May Be a Google Killer!\\The Second Look at MSN's Search technology is available for public beta testing. I've given it a spin myself and must say that I'm impressed. Although they have no ads on the SERP's of the preview site, I'm sure they will load it ...",LABEL_3,"current google searching could cause some web attack! now google scanning could Be the website invasion!\\ a final product for MSN' n searching engine should open until full scale development. it' s made almost the week off but can imagine why they' ll pleased. though it shows some indication at any s' ads at these web sites, they' ve hopeful you can see me...",LABEL_3,False,0.8027397394180298,142
970,"Novak Captures First Indoor Title BASEL, Switzerland Oct 31, 2004 - Jiri Novak of the Czech Republic won the Swiss Indoors for his first indoor title, defeating David Nalbandian in five sets Sunday in a final in which the Argentine smashed two rackets.",LABEL_1,"2005: national indoors at lausanne, swiss august 22, 2001- another czech from a west country wins a german indoor with its second professional titles, overcoming andrei nestor inside six rounds again after the draw. where both swiss won three matches.",LABEL_1,False,0.7852044105529785,85
971,"Schwarzenegger Vows to Defend Emissions Law Toyota, General Motors and seven other automakers filed suit to block California's new greenhouse gas regulation, which was approved by the state in September.",LABEL_2,"california agreed to fight the Law Toyota, electric company& five local manufacturers filing suits to defend state' s national clean environment policy, who was ratified by the governor in march.",LABEL_3,True,0.758739709854126,70
972,"Major teams bounce back in World Cup soccer qualifiers LONDON: After a mixed bag of results in the weekend #39;s soccer qualifiers, Europe #39;s major countries asserted their authority this morning with France, England and Italy all winning away.",LABEL_1,"many had bounced back since intercontinental cups 2014, as: from some tough round after losses by east asia# 36; but last week, world# 36; other european teams consolidated regional supremacy every weekend despite england, switzerland& france already facing competition.",LABEL_1,False,0.7868088483810425,84
973,"Stanford ties Arizona in poll Media splits on who #39;s favorite in &lt;b&gt;...&lt;/b&gt; The two teams that shared the Pac-10 women #39;s basketball title last season -- Stanford and Arizona -- are primed to share it again, according to the annual poll released at Pac-10 media day Tuesday at HP Pavilion in San Jose.",LABEL_1,"this feed- off media poll focuses about the# 37; ncaa; a& b; p& r;...&/;/ r& n; that 2 sports who won this top- five national# 34; stanford team together every summer-- ucla nor stanford-- is likely, see them too, pursuant for this special report given during 09- 11 basketball game weekend on rice stadium outside santa antonio.",LABEL_1,False,0.7948310375213623,123
974,"World's oldest man dies aged 113 The world's oldest man, who gave up  driving at 108 because ""slow drivers annoyed him"", dies at 113.",LABEL_1,"World' s oldest man dies aged 113 The world' s oldest man, who gave up driving at 108 because"" slow driving annoyed him"", dies at 113.",LABEL_0,True,0.9903885722160339,28
975,"2004 Signals More Global Warming, Extreme Weather: UN (Reuters) Reuters - Global warming is set to continue, and\bring with it an increase in extreme weather such as hurricanes\and droughts, scientists from the United Nations' World\Meteorological Organization warned on Wednesday.",LABEL_3,"2020: adding higher temperatures, warmer conditions: change( s) 2005- warming climate was supposed should happen, or\ bringing after them the increases of global warming; like storms\ or hurricanes, statements by some western states' global\ climate group report against this.",LABEL_3,False,0.7563262581825256,83
976,"Update 1: Thai Airways Orders 6 Airbus Superjumbos Thai Airways has agreed to buy six Airbus A380s, becoming the 13th airline to order the new  quot;superjumbo, quot; the European aircraft maker said Friday.",LABEL_2,"february 2006: bangkok air ordered eight flights; thailand air also decided, purchase one boeing 747, making its next company"" buy any other type; 1, 300; and thai fleet, 6).",LABEL_2,False,0.7823202013969421,69
977,"China Says Taiwan Spy Also Operated in U.S. - Media  BEIJING (Reuters) - Beijing on Monday accused a  Chinese-American arrested for spying for Taiwan of building an  espionage network in the United States, and said he could go on  trial very soon.",LABEL_0,"it: chinese covert operations, with i. g.- china reports( 2016)- america in taiwan charges the taiwanese- indian businessman, advocating against hopes on establishing a intelligence base within an eastern mainland, recently announced they would comment in it again later.",LABEL_0,False,0.7749255895614624,85
978,Sudanese rebels squabble with government over ceasefire violations (AFP) AFP - Sudanese rebels walked away from African Union peace talks to hold a 24-hour boycott in protest at alleged government attacks on civilians in the war-torn western province of Darfur.,LABEL_0,egyptian- conflict management authorities on political issues( [UNK]) AFP- egyptian forces turned away with their scheduled ceasefire agreement will attend the four- week protest as response from recent military assault upon them within this still- troubled sudanese capital within sudan.,LABEL_0,False,0.7861202955245972,93
979,"Germany, Brazil draw Germany and Brazil fought out a 1-1 friendly international draw in their first meeting since the 2002 World Cup final. The visitors opened the scoring on nine minutes thanks to a Ronaldinho free kick, but ",LABEL_1,"argentina, argentina drew once but england played up the one- legged preliminary final drawing with them second friendly of those 2006 asian quarter finals. brazil team open brazil scored within 60 seconds leading into the brazilian low goal, and",LABEL_1,False,0.8273479342460632,79
980,Gujarat riot murder retrial opens The retrial of 16 Hindus charged with the murder of 12 Muslims in the Gujarat riots of 2002 opens in Mumbai.,LABEL_0,the riot killing charge involved several cases by four individuals associated of communal killings by muslim sikhs of a mumbai massacre from 2002 opens into india.,LABEL_0,False,0.770801305770874,74
981,"Training is the Key to Defibrillator Success By DANIEL YEE     ALPHARETTA, Ga. (AP) -- Because defibrillators are more affordable than ever, they are quickly becoming commonplace in schools, businesses and other public places such as airports...",LABEL_3,"it remains a challenge about Defibrillator technology in the way ao, Ga.( 2000)-- that these be better effective in practice, yet they also become widespread at universities, hospitals or many special areas like cancer clinics...",LABEL_3,False,0.803726077079773,85
982,Israel Kills Two Hamas Militants After Renewed Threat Israeli air strikes killed two Hamas militants in Gaza on Thursday just after the Islamic group renewed its threats to continue rocket attacks against Israelis despite a massive army offensive aimed at stopping them.,LABEL_0,"israeli killing one israel militant killing a wave of rockets strike kills 2 gaza militant at jerusalem in saturday, as all israeli forces confirmed they intention on cease missile attack on them for the syrian government deployment aims toward capturing it.",LABEL_0,False,0.8784104585647583,85
983,European Abortion Debate Turns Divisive (AP) AP - European Parliament legislators on Thursday turned a fight over abortion rights in Portugal into an emotional and divisive debate on women's rights and the division between church and state.,LABEL_0,national political consensus: europe( uk) 2015- international political discussion of abortion transforms the disagreement with women representation throughout europe with a intensive or controversial argument against abortion' an equality or no difference within parliament or law.,LABEL_0,False,0.8075211644172668,75
984,"Scandal won #39;t go away ATHENS -- It was telling yesterday that the majority of the dozens of journalists who asked questions and attended a news conference into a Greek doping scandal were mostly Canadian. Question after question came from Canadians. We were all there, I think, ...",LABEL_1,"- won# 39; t go away--- It was told me that the rest of the staff of reporters who reported for and did a news segment into a major political affair were mainly american. questions after all came from canadian. We were all there, I think,...",LABEL_0,True,0.6800087690353394,67
985,"Report: Explosion Kills 2 Near Chechyna (AP) AP - An explosion rocked a police building in the restive Dagestan region adjacent to Chechnya on Friday, and initial reports indicated two people were killed, the Interfax news agency said.",LABEL_0,"2: bomb Kills. 2:( 2) AP- 2 explosions struck another fire station near central armenian mountains formerly belonging in armenia during saturday, when local news stated three persons are dead, citing syrian government organization reuters.",LABEL_0,False,0.7652779817581177,89
986,"Karzai's Big Poll Lead Shows Afghan Ethnic Divide (Reuters) Reuters - Hamid Karzai was cruising to victory in\Afghanistan's first direct presidential elections, but by\Wednesday the returns so far have underscored the ethnic fault\lines that have often divided the country.",LABEL_0,"afghanistan'' recent election success includes: the following( 2006)-- sheikh abdullah looks close but victorious at\ afghan'' only true national election, and that\ all polling reports very often has highlighted an political divide\ splits which will sometimes split every election.",LABEL_0,False,0.7845003008842468,87
987,Israeli Forces Thrust Into Northern Gaza (Reuters) Reuters - Israeli forces thrust into the outskirts\of the Jabalya refugee camp in the northern Gaza Strip on\Thursday in what the military said was an effort to stop\Palestinians firing rockets into Israel.,LABEL_0,"palestinian military forces from north israel( israel) israel- palestinian military force in a vicinity\ at a jewish military outpost within an northeastern israel subdistrict in\ friday during which an army stated,"" attempt\ ram\ gaza rocket missiles toward jerusalem.",LABEL_0,False,0.8176820874214172,83
988,"Threat of Extinction Looms Over Larger Species Being the biggest dog may pay off at feeding time, but species that grow too large may be more vulnerable to extinction, new research suggests. Over 50 million years a succession of large carnivores evolved in North America, diversified, and then died out.",LABEL_3,"elimination from predators stress the large prey. no big animals might die away for any size, and animals which get extremely big could are less liable. decline, the science said. about six billion. the diversity in new species existed around great american, expanded, but finally dying up.",LABEL_3,False,0.8113312721252441,101
989,"New home ice looks slick If playing for one of college hockey's most storied programs wasn't enticing enough for potential recruits, Boston University's new \$97 million Harry Agganis Arena should do the trick.",LABEL_1,"old england hockey looked ready for play at two that collegiate sport' of more competitive universities isn' ts strong ... from recent seasons, the college' ll large\$ 20 000 paul warren rink might be some work.",LABEL_1,False,0.7728338241577148,73
990,Plutonium: rising terror threat The radioactive element could be used to make weapons just as dangerous as enriched uranium bombs.,LABEL_3,Plutonium: rising terror threat The nuclear element could be used to make weapons just as dangerous as enriched uranium bombs.,LABEL_0,True,0.9779073596000671,22
991,Stocks Dip on Consumer Income Report News (AP) AP - An unsettling report on consumer incomes set off a spate of profit-taking on Wall Street Monday as investors worried that a tepid economy would erode companies' third-quarter earnings. Another drop in oil prices failed to shake the gloom from the market.,LABEL_2,the Dip at the earnings& earnings( cpi) center- another american focus about personal income coming on any wave without blame- came across- streets headlines; analysts warned about the new market must balance investors' fourth- generation incomes. a dip on consumer sales began and ease this fallout for this economy.,LABEL_2,False,0.7948530316352844,112
992,Swedes beam poetry into outer space (Reuters) Reuters - Swedish poets have broadcast their work into outer space by radio to give alien life forms -- if they exist -- a taste\of earthling literature.,LABEL_3,"in radio: on open spaces( 2016),- many poets deliberately transmitted our poetry on outer ##space via radio: create alien outer ##forms-- as you do-- the source\ for personal experience.",LABEL_3,False,0.7677672505378723,81
993,"Cricket telecast: Prasar Bharati to move SC as aggrieved party #39; THE legal battle surrounding the awarding of telecast rights to Sony Entertainment Television for the forthcoming Australia tour of India is getting complicated with the Prasar Bharati CEO, Mr KS Sarma, saying that the national broadcaster would approach ",LABEL_1,"| india: it wants, keep broadcasting in a category# 7; indian political fight on an issue over broadcast access on Sony indian tv as an upcoming icc tour for australia. becoming tough| the india sports CEO, shri KS gupta, stating like some other broadcasters should|",LABEL_1,False,0.7550401091575623,126
994,"Bipartisan Panel Seeks Greenhouse Gas Limits A bipartisan commission that includes energy industry executives, environmentalists and academics will issue a report Wednesday that calls on the nation to adopt mandatory limits on greenhouse gas emissions linked to global warming, set stricter fuel economy standards and promote nuclear power, renewable energy and oil exploration.",LABEL_3,"another report mentions climate regulation but the congressional board which advises emissions market leaders, academics& legislators may consider the proposal. these call with this commission and set effective regulations against carbon dioxide levels relating toward atmospheric greenhouse, adopt national energy efficiency guidelines or identify renewable energy, nuclear capacity or mineral resources.",LABEL_3,False,0.7741754651069641,107
995,"Dell Comes Up With Novell Idea To Sell Servers Novell has given its recently acquired Linux distro, SuSE, a push, by signing an agreement with Dell to offer SuSE Linux Enterprise Server (SLES) 9 on select PowerEdge servers worldwide.",LABEL_3,"first coming out on a offer for linux that dell combined with their newly developed hardware platform, is, the second, in making sales agreements by microsoft for run remote server operating suite( SLES) available in linux commercial computers nationwide.",LABEL_3,False,0.7827813029289246,86
996,"Vivendi, Messier Are Fined \$1.35M Each French regulators fined Vivendi Universal SA and its former boss Jean-Marie Messier nearly \$1.4 million each on Tuesday for deceiving investors with a litany of inaccurate financial communications issued over a two-year period.",LABEL_2,"additionally, individuals Are Fined\$ 1. 35M Each. authorities fined france international SA and its senior boss Jean- Marie Messier as\$ 1. 4 billion each on twitter for misleading consumers with a variety of false sales information issued over a two- year period.",LABEL_3,True,0.7985146641731262,68
997,Vieira slams Spain #39;s stance on racism Patrick Vieira has fiercely criticised Spain #39;s record in combating racism in football and paid tribute to England #39;s record in acting against it.,LABEL_1,this slams Spain# 39; s position on racist and he has strongly criticized Spain# 39; s stance in fighting racism in general and paid respects to france# 39; s record in acting on it.,LABEL_0,True,0.7769722938537598,48
998,"Parliament passes no-confidence bid NAIROBI, Kenya -- Somalia's parliament passed a motion of no-confidence against the new prime minister and his Cabinet yesterday, an official said, effectively sacking a government that had been expected to restore order to the country after 13 years of anarchy and war. The deputy speaker of the 275-member transitional parliament, Dalhar Omar, said 153 members voted against Prime Minister ...",LABEL_0,"-=-- ##cking, ##do, go-- nairobi' national legislature accepted no form for confidence- vote of a former senior ministerial or other junior ministers, another spokesman says, for rejecting the regime which has not able yet restored peace from this capital despite six weeks without peace or stability. an outgoing chair from this parliament- mps national council, ahmed mohamed, and two mps believed that this ministerial...",LABEL_0,False,0.811564028263092,135
999,Yahoo! Tunes In to Musicmatch Close watchers of the online music business no doubt noted yesterday #39;s announcement of Yahoo! #39;s (Nasdaq: YHOO) purchase of Musicmatch with interest.,LABEL_3,google! stepped on and be the associates with this new deal with a doubt- music# 36; for purchase in Yahoo!# 34; and( rr: YHOO) sale in music# ##held.,LABEL_3,False,0.7782304883003235,81
