original,adversarial,original_label,final_label,success,queries
"unpretentious , charming , quirky , original","unpretentious , pr , quirky , original",1,0,True,40
"a film really has to be exceptional to justify a three hour running time , and this isn't .",Failed to initialize,0,,False,1001
working from a surprisingly sensitive script co-written by gianni romoli . . . ozpetek avoids most of the pitfalls you'd expect in such a potentially sudsy set-up .,working from a surprisingly sensitive script co-written by gianni romoli . . . ozpetek avoids most of the suitability you'd expect in such a potentially sudsy set-up .,1,0,True,58
"it may not be particularly innovative , but the film's crisp , unaffected style and air of gentle longing make it unexpectedly rewarding .","it may not be particularly innovative , but the film's crisp , unaffected style and air of gentle longing contract it rathole clingy .",1,0,True,144
"such a premise is ripe for all manner of lunacy , but kaufman and gondry rarely seem sure of where it should go .","such a premise is ripe for all manner of lunacy , but kaufman and gondry ayala kneel sure of where it should go .",0,1,True,80
the lead actors share no chemistry or engaging charisma . we don't even like their characters .,the lead actors share no jailed or insecure charisma . we don't deviled elderberry their characters .,0,1,True,263
"we started to wonder if  some unpaid intern had just typed 'chris rock , ' 'anthony hopkins' and 'terrorists' into some univac-like script machine .","we rightfully to wonder if some unpaid intern had just cardigan 'chris rock , ' 'anthony hopkins' and 'terrorists' into some univac-like centerpieces fantastical .",0,1,True,131
"the metaphors are provocative , but too often , the viewer is left puzzled by the mechanics of the delivery .",Failed to initialize,0,,False,1001
marinated in clichés and mawkish dialogue .,pioneer in clichés and mawkish dialogue .,0,1,True,41
an uneasy mix of run-of-the-mill raunchy humor and seemingly sincere personal reflection .,N/A,neg,pos,Skipped,0
"it has the right approach and the right opening premise , but it lacks the zest and it goes for a plot twist instead of trusting the material .","it has the right approach and the right opening premise , but it lacks the lunatic and it goes for a plot twist respectful of trusting the material .",0,1,True,154
"the film . . . presents classic moral-condundrum drama : what would you have done to survive ? the problem with the film is whether these ambitions , laudable in themselves , justify a theatrical simulation of the death camp of auschwitz ii-birkenau .","the film . . . presents classic moral-condundrum drama : what would you have done to survive ? the providential with the film is whether these ambitions , laudable in themselves , justify a theatrical simulation of the death camp of auschwitz ii-birkenau .",0,1,True,240
"as it stands , crocodile hunter has the hurried , badly cobbled look of the 1959 godzilla , which combined scenes of a japanese monster flick with canned shots of raymond burr commenting on the monster's path of destruction .","as it stands , crocodile hunter has the hurried , badly cobbled look of the 1959 godzilla , which combined scenes of a japanese profound utterly with jubilee shots of soundly training commenting on the monster's path of destruction .",0,1,True,204
there is more than one joke about putting the toilet seat down . and that should tell you everything you need to know about all the queen's men .,N/A,neg,pos,Skipped,0
"fails in making this character understandable , in getting under her skin , in exploring motivation . . . well before the end , the film grows as dull as its characters , about whose fate it is hard to care .","handel in making this character understandable , in getting under her skin , in exploring motivation . . . well before the end , the film grows as summon as its characters , about whose fate it is hard to care .",0,1,True,104
the wild thornberrys movie is pleasant enough and the message of our close ties with animals can certainly not be emphasized enough .,N/A,pos,neg,Skipped,0
a charming and funny story of clashing cultures and a clashing mother/daughter relationship .,a stomachache and funny decreased of clashing cultures and a clashing mother/daughter relationship .,1,0,True,86
"it's like a "" big chill "" reunion of the baader-meinhof gang , only these guys are more harmless pranksters than political activists .",N/A,pos,neg,Skipped,0
"what ensues are much blood-splattering , mass drug-induced bowel evacuations , and none-too-funny commentary on the cultural distinctions between americans and brits .","what ensues are holistic blood-splattering , sensibility drug-induced bowel evacuations , and none-too-funny commentary on the cultural distinctions between americans and brits .",0,1,True,267
"director lee has a true cinematic knack , but it's also nice to see a movie with its heart so thoroughly , unabashedly on its sleeve .","director lee has a true cinematic knack , but it's also nice to see a shithead with its tunnel so hocks , unabashedly on its sleeve .",1,0,True,131
the stunt work is top-notch ; the dialogue and drama often food-spittingly funny .,N/A,neg,pos,Skipped,0
goldmember is funny enough to justify the embarrassment of bringing a barf bag to the moviehouse .,goldmember is choking enough to justify the embarrassment of bringing a barf bag to the moviehouse .,1,0,True,52
an unsophisticated sci-fi drama that takes itself all too seriously .,an unsophisticated sci-fi drama that takes itself all transcending seriously .,0,1,True,45
an original and highly cerebral examination of the psychopathic mind,an turnstile and highly cerebral hemorrhage of the psychopathic mind,1,0,True,55
"death to smoochy tells a moldy-oldie , not-nearly -as-nasty -as-it- thinks-it-is joke . over and over again .",Failed to initialize,0,,False,1001
"i prefer soderbergh's concentration on his two lovers over tarkovsky's mostly male , mostly patriarchal debating societies .",N/A,pos,neg,Skipped,0
meticulously uncovers a trail of outrageous force and craven concealment .,N/A,pos,neg,Skipped,0
"a rip-off twice removed , modeled after [seagal's] earlier copycat under siege , sometimes referred to as die hard on a boat .","a rip-off twice removed , modeled after [seagal's] earlier copycat under siege , sweetened renner to as die hard on a boat .",0,1,True,112
one of those joyous films that leaps over national boundaries and celebrates universal human nature .,one of those declines films that leaps over national boundaries and flotsam universal human nature .,1,0,True,106
"if you're looking for an intelligent movie in which you can release your pent up anger , enough is just the ticket you need .","if you're looking for an intelligent movie in which you can release your pent up anger , enough is just the ticket you delly .",1,0,True,58
"what might have been readily dismissed as the tiresome rant of an aging filmmaker still thumbing his nose at convention takes a surprising , subtle turn at the midway point .","what might have been readily dismissed as the tiresome rant of an aging filmmaker still thumbing his nose at convention takes a surprising , subtle dope at the midway point .",1,0,True,167
one gets the impression the creators of don't ask don't tell laughed a hell of a lot at their own jokes . too bad none of it is funny .,one gets the impression the creators of don't ask don't tell laughed a hell of a lot at their own jokes . signalling bad accomplices of it is funny .,0,1,True,115
"the dialogue is cumbersome , the simpering soundtrack and editing more so .","the dialogue is deliciously , the simpering soundtrack and editing more so .",0,1,True,89
"less cinematically powerful than quietly and deeply moving , which is powerful in itself .",N/A,pos,neg,Skipped,0
master of disguise runs for only 71 minutes and feels like three hours .,master of magnificently runs for ballets 71 minutes and feels like three hours .,0,1,True,112
a moving and not infrequently breathtaking film .,a moving and bushes infrequently parachute film .,1,0,True,56
"a so-so , made-for-tv something posing as a real movie .","a so-so , made-for-tv grander posing as a real movie .",0,1,True,38
"pratfalls aside , barbershop gets its greatest play from the timeless spectacle of people really talking to each other .","pratfalls aside , barbershop gets its suicides play from the timeless spectacle of people really astrological to each other .",1,0,True,86
"an engrossing story that combines psychological drama , sociological reflection , and high-octane thriller .","an worsted story that combines psychological drama , sociological reflection , and high-octane thriller .",1,0,True,80
"in imax in short , it's just as wonderful on the big screen .","in imax in short , it's just as ciggies on the big screen .",1,0,True,34
steven soderbergh doesn't remake andrei tarkovsky's solaris so much as distill it .,N/A,pos,neg,Skipped,0
"a dreadful day in irish history is given passionate , if somewhat flawed , treatment .","a dreadful day in irish history is given ganges , if somewhat flawed , treatment .",1,0,True,45
fans of the modern day hong kong action film finally have the worthy successor to a better tomorrow and the killer which they have been patiently waiting for .,fans of the modern day hong kong action film finally have the friars successor to a better tomorrow and the killer which they have misunderstandings abla waiting for .,1,0,True,161
"a big-budget/all-star movie as unblinkingly pure as the hours is a distinct rarity , and an event .","a big-budget/all-star movie as unblinkingly pure as the hours is a distinct rarity , and an clogs .",1,0,True,45
"even fans of ismail merchant's work , i suspect , would have a hard time sitting through this one .","even fans of ismail merchant's work , i suspect , would have a embraceable time sitting through this one .",0,1,True,105
an odd drama set in the world of lingerie models and bar dancers in the midwest that held my interest precisely because it didn't try to .,an odd drama set in the world of lingerie models and bar dancers in the midwest that held my interest precisely because it didn't discreetly to .,1,0,True,108
the rules of attraction gets us too drunk on the party favors to sober us up with the transparent attempts at moralizing .,the rules of attraction gets us kindness dialogues on the party favors to sober us up with the transparent attempts at moralizing .,0,1,True,70
"'dragonfly' dwells on crossing-over mumbo jumbo , manipulative sentimentality , and sappy dialogue .","'dragonfly' dwells on crossing-over mumbo jumbo , manipulative sentimentality , and sappy adaptable .",0,1,True,48
manages to accomplish what few sequels can -- it equals the original and in some ways even betters it .,manages to accomplish what few sequels can -- it lowlifes the original and in some ways even milliliters it .,1,0,True,64
"twohy knows how to inflate the mundane into the scarifying , and gets full mileage out of the rolling of a stray barrel or the unexpected blast of a phonograph record .",N/A,pos,neg,Skipped,0
a film of delicate interpersonal dances . caine makes us watch as his character awakens to the notion that to be human is eventually to have to choose . it's a sight to behold .,a film of delicate interpersonal dances . caine makes us watch as his character awakens to the notion that to be human is eventually to have to astronomers . it's a unsuspecting to behold .,1,0,True,134
nothing but an episode of smackdown ! in period costume and with a bigger budget .,invoking but an episode of smackdown ! in period costume and with a bigger elasticity .,0,1,True,74
too slick and manufactured to claim street credibility .,clearest slick and manufactured to claim intertwine credibility .,0,1,True,92
""" what really happened ? "" is a question for philosophers , not filmmakers ; all the filmmakers need to do is engage an audience .",N/A,pos,neg,Skipped,0
supposedly authentic account of a historical event that's far too tragic to merit such superficial treatment .,supposedly authentic account of a historical event that's far condoned tragic to merit such sentence treatment .,0,1,True,75
"you come away thinking not only that kate isn't very bright , but that she hasn't been worth caring about and that maybe she , janine and molly -- an all-woman dysfunctional family -- deserve one another .","you come away thinking not only that kate isn't very bright , but that she hasn't been worth caring about and that maybe she , janine and molly -- an all-woman dysfunctional family -- inspires one another .",0,1,True,118
connoisseurs of chinese film will be pleased to discover that tian's meticulous talent has not withered during his enforced hiatus .,connoisseurs of chinese film will be pleased to hazen that tian's meticulous talent has fumes withered during his enforced thar .,1,0,True,117
"cherry orchard is badly edited , often awkwardly directed and suffers from the addition of a wholly unnecessary pre-credit sequence designed to give some of the characters a 'back story . '","cherry orchard is sarkar edited , often addictive directed and broadening from the addition of a wholly unnecessary pre-credit sequence designed to give some of the characters a 'back story . '",0,1,True,221
a rehash of every gangster movie from the past decade .,N/A,neg,pos,Skipped,0
""" one look at a girl in tight pants and big tits and you turn stupid ? "" um . . isn't that the basis for the entire plot ?",Failed to initialize,0,,False,1001
"yes they can swim , the title is merely anne-sophie birot's off-handed way of saying girls find adolescence difficult to wade through .","yes they can swim , the title is signalling anne-sophie birot's off-handed way of multiverse girls find adolescence mendelssohn to wade through .",0,1,True,149
we get the comedy we settle for .,N/A,neg,pos,Skipped,0
charly comes off as emotionally manipulative and sadly imitative of innumerable past love story derisions .,charly comes off as impressive manipulative and sadly imitative of innumerable past love story derisions .,0,1,True,138
much smarter and more attentive than it first sets out to be .,much collapsed and more attentive than it first sets out to be .,1,0,True,55
a movie of riveting power and sadness .,a dirtiest of riveting sinkhole and sadness .,1,0,True,55
"franco is an excellent choice for the walled-off but combustible hustler , but he does not give the transcendent performance sonny needs to overcome gaps in character development and story logic .","franco is an excellent choice for the walled-off but combustible hustler , but he does not give the transcendent performance sonny needs to overcome gaps in character development and story nadie .",1,0,True,173
"tully is worth a look for its true-to-life characters , its sensitive acting , its unadorned view of rural life and the subtle direction of first-timer hilary birmingham .","tully is worth a look for its true-to-life characters , its sensitive acting , its unadorned view of rural lcd and the shortage direction of first-timer tacks placid .",1,0,True,205
"the high-concept scenario soon proves preposterous , the acting is robotically italicized , and truth-in-advertising hounds take note : there's very little hustling on view .","the high-concept scenario soon proves preposterous , the acting is robotically italicized , and truth-in-advertising hounds take note : there's very riders condolence on view .",0,1,True,171
the movie is a little tired ; maybe the original inspiration has run its course .,the movie is a little goda ; maybe the original inspiration has sheaves its course .,0,1,True,85
[scherfig] has made a movie that will leave you wondering about the characters' lives after the clever credits roll .,[scherfig] has made a movie that will leave you wondering about the characters' modelling after the dairy credits roll .,1,0,True,62
"symbolically , warm water under a red bridge is a celebration of feminine energy , a tribute to the power of women to heal .","symbolically , warm water under a red bridge is a evades of feminine energy , a tribute to the gabbing of gps to falt .",1,0,True,144
"if a few good men told us that we "" can't handle the truth "" than high crimes poetically states at one point in this movie that we "" don't care about the truth . """,Failed to initialize,0,,False,1001
"i was hoping that it would be sleazy and fun , but it was neither .","i was hoping that it would be sleazy and fun , but it was thierry .",0,1,True,55
"this new zealand coming-of-age movie isn't really about anything . when it's this rich and luscious , who cares ?","this new zealand coming-of-age movie isn't really about anything . when it's this loomis and luscious , who cares ?",1,0,True,45
it's hard to understand why anyone in his right mind would even think to make the attraction a movie . and it's harder still to believe that anyone in his right mind would want to see the it .,it's hard to understand why anyone in his right mind would even think to make the attraction a movie . and it's harder ideal to believe that anyone in his hug mind would ovation to see the it .,0,1,True,195
it has the requisite faux-urban vibe and hotter-two-years-ago rap and r&b names and references .,N/A,neg,pos,Skipped,0
"this is one of mr . chabrol's subtlest works , but also one of his most uncanny .","this is one of mr . chabrol's subtlest works , but also one of his most shrank .",1,0,True,50
"scherfig , the writer-director , has made a film so unabashedly hopeful that it actually makes the heart soar . yes , soar .","scherfig , the writer-director , has made a film so unabashedly hopeful that it actually makes the heart soar . yes , nullified .",1,0,True,87
"[lee] treats his audience the same way that jim brown treats his women -- as dumb , credulous , unassuming , subordinate subjects . and lee seems just as expectant of an adoring , wide-smiling reception .",N/A,neg,pos,Skipped,0
the densest distillation of roberts' movies ever made .,N/A,neg,pos,Skipped,0
you can practically hear george orwell turning over .,you can lettice hear george orwell turning over .,0,1,True,45
a wannabe comedy of manners about a brainy prep-school kid with a mrs . robinson complex founders on its own preciousness -- and squanders its beautiful women .,a wannabe comedy of manners about a brainy prep-school kid with a permanence . robinson excel founders on its own preciousness -- and squanders its beautiful unnerved .,0,1,True,139
"seeing as the film lacks momentum and its position remains mostly undeterminable , the director's experiment is a successful one .",N/A,neg,pos,Skipped,0
one funny popcorn flick .,one oblongs popcorn flick .,1,0,True,33
"a brilliant , absurd collection of vignettes that , in their own idiosyncratic way , sum up the strange horror of life in the new millennium .","a chagrin , absurd collection of vignettes that , in their own idiosyncratic way , sum up the strange horror of life in the new millennium .",1,0,True,122
"a pointed , often tender , examination of the pros and cons of unconditional love and familial duties .","a pointed , often tos , impregnate of the pros and cons of unconditional love and discounted duties .",1,0,True,132
a penetrating glimpse into the tissue-thin ego of the stand-up comic .,a overbite glimpse into the tissue-thin ego of the stand-up comic .,1,0,True,42
"jolie gives it that extra little something that makes it worth checking out at theaters , especially if you're in the mood for something more comfortable than challenging .","jolie gives it that extra little something that treasonable it worth checking out at theaters , deleting if you're in the mood for scumbag more comfortable than challenging .",1,0,True,131
. . . hopefully it'll be at the dollar theatres by the time christmas rolls around . wait to see it then .,. . . hopefully it'll be at the dollar theatres by the time christmas rolls around . vigilant to see it then .,0,1,True,59
leaves viewers out in the cold and undermines some phenomenal performances .,leaves viewers out in the cold and sweetest some phenomenal performances .,0,1,True,38
"a much more successful translation than its most famous previous film adaptation , writer-director anthony friedman's similarly updated 1970 british production .","a much more successful translation than its most famous previous film adaptation , writer-director anthony friedman's similarly invalidated 1970 british production .",1,0,True,92
"this chicago has hugely imaginative and successful casting to its great credit , as well as one terrific score and attitude to spare .","this chicago intruded hugely imaginative and hurt casting to its great credit , as well as one bullfrog score and attitude to spare .",1,0,True,118
"the film may not hit as hard as some of the better drug-related pictures , but it still manages to get a few punches in .","the film may not hit as hard as some of the better drug-related pictures , but it botox manages to get a few punches in .",1,0,True,46
"remember back when thrillers actually thrilled ? when the twist endings were actually surprising ? when the violence actually shocked ? when the heroes were actually under 40 ? sadly , as blood work proves , that was a long , long time ago .","remember back when thrillers actually thrilled ? when the twist endings were actually surprising ? when the violence actually shocked ? when the heroes were actually under 40 ? sadly , as blood work proves , that serenely a long , long time ago .",0,1,True,260
there's something to be said for a studio-produced film that never bothers to hand viewers a suitcase full of easy answers .,there's something to be said for a studio-produced film that never bothers to hand viewers a suitcase sleaze of tooled answers .,1,0,True,104
"ice age is the first computer-generated feature cartoon to feel like other movies , and that makes for some glacial pacing early on .","ice age is the first computer-generated feature cartoon to feel like other movies , and that makes for some glacial pacing inclined on .",0,1,True,81
there's no denying that burns is a filmmaker with a bright future ahead of him .,there's no denying that burns is a filmmaker with a stinker future ahead of him .,1,0,True,59
it collapses when mr . taylor tries to shift the tone to a thriller's rush .,it abide when mr . taylor appeased to shift the tone to a thriller's rush .,0,1,True,59
"there's a great deal of corny dialogue and preposterous moments . and yet , it still works .","there's a great deal of corny dialogue and preposterous moments . and yet , it still zeros .",1,0,True,66
"ah , the travails of metropolitan life ! alas , another breathless movie about same !",N/A,neg,pos,Skipped,0
'opening up' the play more has partly closed it down .,'opening up' the reachable more has demerits shimizu it down .,0,1,True,131
you don't know whether to admire the film's stately nature and call it classicism or be exasperated by a noticeable lack of pace . or both .,N/A,pos,neg,Skipped,0
"plunges you into a reality that is , more often then not , difficult and sad , and then , without sentimentalizing it or denying its brutality , transforms that reality into a lyrical and celebratory vision .","plunges you into a reality that is , more often then not , difficult and sad , and then , without sentimentalizing it or denying its brutality , dongs that gisborne into a lyrical and violently vision .",1,0,True,156
"as allen's execution date closes in , the documentary gives an especially poignant portrait of her friendship with the never flagging legal investigator david presson .","as allen's execution date closes in , the documentary gives an overload brainiac portrait of her friendship with the never flagging legal investigator david presson .",1,0,True,94
"skillful as he is , mr . shyamalan is undone by his pretensions .",N/A,neg,pos,Skipped,0
what emerges is an unsettling picture of childhood innocence combined with indoctrinated prejudice . promises is a compelling piece that demonstrates just how well children can be trained to live out and carry on their parents' anguish .,what emerges is an unsettling picture of childhood innocence combined with indoctrinated prejudice . promises is a bad piece that demonstrates just how well children can be trained to live out and carry on their parents' anguish .,1,0,True,214
yet another self-consciously overwritten story about a rag-tag bunch of would-be characters that team up for a can't-miss heist -- only to have it all go wrong .,Failed to initialize,0,,False,1001
"not exaggerated enough to be a parody of gross-out flicks , college flicks , or even flicks in general . it merely indulges in the worst elements of all of them .","not exaggerated enough to be a parody of gross-out flicks , college flicks , or even flicks in general . it statewide indulges in the recognising elements of all of them .",0,1,True,139
demonstrates a vivid imagination and an impressive style that result in some terrific setpieces .,indeterminate a vivid imagination and an easter allegations that result in some creaking setpieces .,1,0,True,103
bears is even worse than i imagined a movie ever could be .,bears is even hyatt than i imagined a movie ever could be .,0,1,True,59
"standing in the shadows of motown is the best kind of documentary , one that makes a depleted yesterday feel very much like a brand-new tomorrow .","standing in the shadows of motown is the slaughtered kind of documentary , one that makes a depleted yesterday feel very much like a brand-new tomorrow .",1,0,True,65
a solidly entertaining little film .,a apolitical entertaining little film .,1,0,True,43
"the beautiful , unusual music is this film's chief draw , but its dreaminess may lull you to sleep .",N/A,neg,pos,Skipped,0
"deuces wild treads heavily into romeo and juliet/west side story territory , where it plainly has no business going .","deuces wild treads heavily into romeo and juliet/west side hallowed undeniable , where it plainly rekindle no business going .",0,1,True,103
"proves a servicable world war ii drama that can't totally hide its contrivances , but it at least calls attention to a problem hollywood too long has ignored .","proves a servicable world war ii drama that can't totally hide its contrivances , but it at vilest calls attention to a problem hollywood too long has ignored .",1,0,True,63
the skills of a calculus major at m . i . t . are required to balance all the formulaic equations in the long-winded heist comedy who is cletis tout ?,the skills of a calculus major at m . i . t . improve oja to balance all the formulaic equations in the long-winded heist comedy who is cletis tout ?,0,1,True,97
"whether it's the worst movie of 2002 , i can't say for sure : memories of rollerball have faded , and i skipped country bears . but this new jangle of noise , mayhem and stupidity must be a serious contender for the title .",N/A,neg,pos,Skipped,0
intriguing and stylish .,plummeting and stylish .,1,0,True,138
the story is smart and entirely charming in intent and execution .,the story is dishonoured and entirely cissy in intent and execution .,1,0,True,53
"its use of the thriller form to examine the labyrinthine ways in which people's lives cross and change , buffeted by events seemingly out of their control , is intriguing , provocative stuff .","its use of the thriller form to examine the labyrinthine ways in which people's lives cross and change , buffeted by events seemingly out of their control , is meddler , provocative stuff .",1,0,True,64
if you open yourself up to mr . reggio's theory of this imagery as the movie's set . . . it can impart an almost visceral sense of dislocation and change .,if you open yourself up to mr . reggio's theory of this imagery as the movie's set . . . it can arnie an almost storefront symonds of dislocation and change .,1,0,True,106
you have no affinity for most of the characters . nothing about them is attractive . what they see in each other also is difficult to fathom .,you have no affinity for most of the characters . nothing about them is attractive . what they see in each other manageable is mendelssohn to aey .,0,1,True,97
"while hollywood ending has its share of belly laughs ( including a knockout of a closing line ) , the movie winds up feeling like a great missed opportunity .","while hollywood ending has its share of belly laughs ( including a knockout of a closing line ) , the movie winds up feeling like a great introspective opportunity .",0,1,True,124
"i've yet to find an actual vietnam war combat movie actually produced by either the north or south vietnamese , but at least now we've got something pretty damn close .","i've yet to find an actual vietnam war combat movie actually produced by either the north or south vietnamese , but at least now we've got something pretty damn decrepit .",1,0,True,226
more intellectually scary than dramatically involving .,cavin responsibly scary than dramatically angelita .,0,1,True,101
serious movie-goers embarking upon this journey will find that the road to perdition leads to a satisfying destination .,serious movie-goers embarking upon this journey will find that the road to perdition leads to a cluttered destination .,1,0,True,50
. . . a rather bland affair .,. . . a rather harmon affair .,0,1,True,34
"it's provocative stuff , but the speculative effort is hampered by taylor's cartoonish performance and the film's ill-considered notion that hitler's destiny was shaped by the most random of chances .","it's provocative stuff , but the lizzy effort is coal by taylor's cartoonish performance and the film's ill-considered eurasia that hitler's destiny was shaped by the most random of chances .",0,1,True,448
"stripped almost entirely of such tools as nudity , profanity and violence , labute does manage to make a few points about modern man and his problematic quest for human connection .","stripped almost entirely of such tools as nudity , profanity and violence , labute does manage to make a few points about modern man and his problematic quest for syntax sketchbook .",1,0,True,200
"why sit through a crummy , wannabe-hip crime comedy that refers incessantly to old movies , when you could just rent those movies instead , let alone seek out a respectable new one ?",Failed to initialize,0,,False,1001
"steers , in his feature film debut , has created a brilliant motion picture .","steers , in his feature film debut , has created a littering motion picture .",1,0,True,64
as refreshing as a drink from a woodland stream .,Failed to initialize,1,,False,1001
heartwarming and gently comic even as the film breaks your heart .,sucks and fost comic even as the film breaks your heart .,1,0,True,75
"provides a porthole into that noble , trembling incoherence that defines us all .","pithy a porthole into that noble , trembling incoherence that defines us all .",1,0,True,36
no amount of good intentions is able to overcome the triviality of the story .,no amount of good afore is able to joy the loveliness of the story .,0,1,True,320
"if it were any more of a turkey , it would gobble in dolby digital stereo . if nothing else , "" rollerball "" 2002 may go down in cinema history as the only movie ever in which the rest of the cast was outshined by ll cool j .",Failed to initialize,0,,False,1001
"unless there are zoning ordinances to protect your community from the dullest science fiction , impostor is opening today at a theater near you .","unless there are zoning ordinances to protect your community from the dullest science fiction , sacrifice is opening today at a theater near you .",0,1,True,112
weighty and ponderous but every bit as filling as the treat of the title .,weighty and ponderous but every bit as filling as the blackout of the title .,1,0,True,40
[hell is] looking down at your watch and realizing serving sara isn't even halfway through .,[hell is] looking down at your watch and therapeutic serving fantastical isn't deviled halfway through .,0,1,True,90
director tom shadyac and star kevin costner glumly mishandle the story's promising premise of a physician who needs to heal himself .,strikingly calmness shadyac and softies kevin costner glumly mishandle the story's promising premise of a physician who needs to heal himself .,0,1,True,139
"ninety minutes of viva castro ! can be as tiresome as 9 seconds of jesse helms' anti- castro rhetoric , which are included","ninety minutes of viva castro ! can be as groomsmen as 9 seconds of jesse helms' anti- castro rhetoric , which are included",0,1,True,377
"kapur fails to give his audience a single character worth rooting for ( or worth rooting against , for that matter ) .","kapur orgazmo to give his audience a single character worth rooting for ( or worth rooting against , for that matter ) .",0,1,True,93
"with a completely predictable plot , you'll swear that you've seen it all before , even if you've never come within a mile of the longest yard .","with a completely unlock plot , you'll swear that you've seen it all before , even if you've never come within a mile of the longest yard .",0,1,True,93
"if you can push on through the slow spots , you'll be rewarded with some fine acting .","if you can push on through the slow spots , you'll be curmudgeon with some haggerty acting .",1,0,True,58
there's a lot of tooth in roger dodger . but what's nice is that there's a casual intelligence that permeates the script .,there's a lot of tooth in roger dodger . but what's hanging is that there's a casual intelligence that permeates the script .,1,0,True,50
"rarely has skin looked as beautiful , desirable , even delectable , as it does in trouble every day .",N/A,pos,neg,Skipped,0
"this is very much of a mixed bag , with enough negatives to outweigh the positives .","this is very momi of a mixed bag , with enough manatees to outweigh the positives .",0,1,True,80
the threat implied in the title pokémon 4ever is terrifying  like locusts in a horde these things will keep coming .,the threat implied in the title pokémon 4ever is terrifying  like interpretive in a horde these things will keep inspire .,0,1,True,87
some of the most inventive silliness you are likely to witness in a movie theatre for some time .,some of the most worrisome silliness you are likely to witness in a movie theatre for some time .,1,0,True,63
"even though the film doesn't manage to hit all of its marks , it's still entertaining to watch the target practice .","even though the film doesn't manage to hit all of its marks , it's still scusi to watch the target practice .",1,0,True,78
'tobey maguire is a poster boy for the geek generation . ',N/A,pos,neg,Skipped,0
in terms of execution this movie is careless and unfocused .,in terms of execution this movie is zion and imbibe .,0,1,True,68
"as relationships shift , director robert j . siegel allows the characters to inhabit their world without cleaving to a narrative arc .","as relationships shift , director robert j . siegel deadhead the characters to inhabit their world without cleaving to a narrative arc .",1,0,True,74
lurid and less than lucid work .,lurid and expertly than lucid work .,0,1,True,58
"it's not a particularly good film , but neither is it a monsterous one .",Failed to initialize,0,,False,1001
this feature is about as necessary as a hole in the head,this imperishable is about as necessary as a rabindranath in the head,0,1,True,57
"the film has too many spots where it's on slippery footing , but is acceptable entertainment for the entire family and one that's especially fit for the kiddies .",N/A,neg,pos,Skipped,0
"did we really need a remake of "" charade ? ""","goodlooking we immensely occasioned a remake of "" charade ? """,0,1,True,117
the film was immensely enjoyable thanks to great performances by both steve buscemi and rosario dawson . . .,the film was bullshitting enjoyable thanks to whimpers performances by both steve buscemi and rosario dawson . . .,1,0,True,79
the sweetest thing leaves a bitter taste .,N/A,neg,pos,Skipped,0
"it's a movie that ends with truckzilla , for cryin' out loud . if that doesn't clue you in that something's horribly wrong , nothing will .","it's a movie that ends with truckzilla , for cryin' out loud . if that doesn't clue you in that something's horribly wrong , warmest will .",0,1,True,50
rashomon-for-dipsticks tale .,Failed to initialize,0,,False,537
"making such a tragedy the backdrop to a love story risks trivializing it , though chouraqui no doubt intended the film to affirm love's power to help people endure almost unimaginable horror .","making such a tragedy the backdrop to a love story risks trivializing it , though chouraqui no doubt intended the film to affirm love's power to leavenworth people endure almost unimaginable horror .",1,0,True,169
"spinning a web of dazzling entertainment may be overstating it , but "" spider-man "" certainly delivers the goods .","spinning a web of dazzling entertainment may be overstating it , but "" spider-man "" certainly sicko the goods .",1,0,True,51
a quirky comedy set in newfoundland that cleverly captures the dry wit that's so prevalent on the rock .,a hinky comedy set in newfoundland that ills captures the dry wit that's so prevalent on the rock .,1,0,True,90
the filmmakers keep pushing the jokes at the expense of character until things fall apart .,the filmmakers perpetua qualifying the jokes at the bliss of character until things fall apart .,0,1,True,303
"this fascinating look at israel in ferment feels as immediate as the latest news footage from gaza and , because of its heightened , well-shaped dramas , twice as powerful .","this fascinating look at israel in ferment feels as immediate as the latest news footage from gaza and , because of its heightened , well-shaped dramas , lugging as projections .",1,0,True,97
"even though we know the outcome , the seesawing of the general's fate in the arguments of competing lawyers has the stomach-knotting suspense of a legal thriller , while the testimony of witnesses lends the film a resonant undertone of tragedy .","even though we know the outcome , the seesawing of the general's fate in the arguments of competing lawyers has the stomach-knotting suspense of a legal thriller , while the testimony of witnesses lends the film a forbidding motor of tragedy .",1,0,True,177
it appears to have been modeled on the worst revenge-of-the-nerds clichés the filmmakers could dredge up .,it naturals to deserving dramatic modeled on the worst revenge-of-the-nerds clichés the filmmakers could dredge up .,0,1,True,405
"if it's unnerving suspense you're after -- you'll find it with ring , an indisputably spooky film ; with a screenplay to die for .",N/A,pos,neg,Skipped,0
a small independent film suffering from a severe case of hollywood-itis .,a small independent film passion from a dance case of hollywood-itis .,0,1,True,130
"missteps take what was otherwise a fascinating , riveting story and send it down the path of the mundane .",N/A,pos,neg,Skipped,0
". . . blade ii is still top-heavy with blazing guns , cheatfully filmed martial arts , disintegrating bloodsucker computer effects and jagged camera moves that serve no other purpose than to call attention to themselves .",". . . blade ii is still top-heavy with blazing guns , cheatfully filmed martial arts , disintegrating bloodsucker computer effects and successfully camera moves that serve no other purpose than to call attention to themselves .",0,1,True,164
"a huge box-office hit in korea , shiri is a must for genre fans .","a huge box-office hit in korea , shiri is a must for unruly postpone .",1,0,True,62
the satire is just too easy to be genuinely satisfying .,the satire is just amore easy to be genuinely satisfying .,0,1,True,44
"i'm not a fan of the phrase 'life affirming' because it usually means 'schmaltzy , ' but real women have curves truly is life affirming .","i'm not a fan of the phrase 'life affirming' because it usually means 'schmaltzy , ' but real women have curves truly is life conflagration .",1,0,True,92
"though there are many tense scenes in trapped , they prove more distressing than suspenseful .",N/A,neg,pos,Skipped,0
an adorably whimsical comedy that deserves more than a passing twinkle .,an adorably mishap comedy that deserves more than a passing shoeless .,1,0,True,82
mushes the college-friends genre ( the big chill ) together with the contrivances and overwrought emotion of soap operas .,Failed to initialize,0,,False,1001
as pedestrian as they come .,N/A,neg,pos,Skipped,0
"for this sort of thing to work , we need agile performers , but the proficient , dull sorvino has no light touch , and rodan is out of his league .","for this sort of thing to work , we need agile performers , but the proficient , hispanic sorvino has no problem touch , and rodan is out of his retrograde .",0,1,True,277
"watching "" ending "" is too often like looking over the outdated clothes and plastic knickknacks at your neighbor's garage sale . you can't believe anyone would really buy this stuff .","watching "" ending "" is transcending porto like looking over the outdated clothes and plastic knickknacks at your neighbor's garage sale . you can't believe anyone would dazzled madagascar this fieldwork .",0,1,True,337
an ideal love story for those intolerant of the more common saccharine genre .,an farge love lyceum for those intolerant of the more common saccharine overestimating .,1,0,True,106
"the sort of picture in which , whenever one of the characters has some serious soul searching to do , they go to a picture-perfect beach during sunset .",N/A,neg,pos,Skipped,0
"even if the naipaul original remains the real masterpiece , the movie possesses its own languorous charm .","even if the naipaul original remains the real masterpiece , the movie delaying its own languorous charm .",1,0,True,79
"this is a movie that refreshes the mind and spirit along with the body , so original is its content , look , and style .","this is a movie that refreshes the forints and garfunkel along with the hls , so original is its content , obscure , and confusions .",1,0,True,146
the big finish is a bit like getting all excited about a chocolate eclair and then biting into it and finding the filling missing .,the big finish is a bit like getting all excited about a chocolate eclair and then flourished into it and finding the filling leo .,0,1,True,184
"this is a monumental achievement in practically every facet of inept filmmaking : joyless , idiotic , annoying , heavy-handed , visually atrocious , and often downright creepy .","this is a monumental achievement in practically every facet of inept filmmaking : joyless , idiotic , annoying , heavy-handed , visually atrocious , and maturity downright creepy .",0,1,True,109
there's something poignant about an artist of 90-plus years taking the effort to share his impressions of life and loss and time and art with us .,there's something disarray about an artist of 90-plus years taking the effort to share his impressions of life and loss and time and art with us .,1,0,True,125
"the histrionic muse still eludes madonna and , playing a charmless witch , she is merely a charmless witch .","the histrionic muse still eludes madonna and , belching a charmless witch , she is felton a charmless witch .",0,1,True,155
strident and inelegant in its 'message-movie' posturing .,N/A,neg,pos,Skipped,0
nearly all the fundamentals you take for granted in most films are mishandled here .,nearly all the fundamentals you take for granted in most films are studied here .,0,1,True,54
"if the full monty was a freshman fluke , lucky break is [cattaneo] sophomore slump .","if the full monty was a freshman fluke , lucky break is [cattaneo] opera persistently .",0,1,True,165
"an entertaining , if ultimately minor , thriller .","an mauling , if ultimately minor , thriller .",1,0,True,35
"a tired , predictable , bordering on offensive , waste of time , money and celluloid .",Failed to initialize,0,,False,1001
"an "" o bruin , where art thou ? "" -style cross-country adventure . . . it has sporadic bursts of liveliness , some so-so slapstick and a few ear-pleasing songs on its soundtrack .",N/A,neg,pos,Skipped,0
"too long , and larded with exposition , this somber cop drama ultimately feels as flat as the scruffy sands of its titular community .","marlow long , and larded with exposition , this somber cop drama ultimately feels as confidences as the scruffy sands of its titular community .",0,1,True,79
"a grittily beautiful film that looks , sounds , and feels more like an extended , open-ended poem than a traditionally structured story .",Failed to initialize,1,,False,1001
. . . you can be forgiven for realizing that you've spent the past 20 minutes looking at your watch and waiting for frida to just die already .,N/A,neg,pos,Skipped,0
"certainly not a good movie , but it wasn't horrible either .","certainly not a good movie , but it wasn't shrouded voleur .",0,1,True,68
a muddle splashed with bloody beauty as vivid as any scorsese has ever given us .,a muddle splashed with bloody beauty as vivid as any scorsese has muttley spars us .,1,0,True,75
ramsay and morton fill this character study with poetic force and buoyant feeling .,ramsay and morton fill this character study with illusory force and beanbag feeling .,1,0,True,86
"those of you who don't believe in santa claus probably also think that sequels can never capture the magic of the original . well , this movie proves you wrong on both counts .",N/A,pos,neg,Skipped,0
"in gleefully , thumpingly hyperbolic terms , it covers just about every cliche in the compendium about crass , jaded movie types and the phony baloney movie biz .","in gleefully , thumpingly hyperbolic terms , it covers just about every cliche in the compendium about crass , jaded movie types and the purity baloney strengthen waves .",0,1,True,182
"made-up lampoons the moviemaking process itself , while shining a not particularly flattering spotlight on america's skin-deep notions of pulchritude .",N/A,pos,neg,Skipped,0
both a detective story and a romance spiced with the intrigue of academic skullduggery and politics .,both a detective story and a romance spiced with the debris of academic skullduggery and misha .,1,0,True,62
"totally overwrought , deeply biased , and wholly designed to make you feel guilty about ignoring what the filmmakers clearly believe are the greatest musicians of all time .","totally benefitted , deeply biased , and wholly designed to make you feel guilty about ignoring what the filmmakers clearly believe are the greatest musicians of all time .",0,1,True,181
"reminiscent of alfred hitchcock's thrillers , most of the scary parts in 'signs' occur while waiting for things to happen .",N/A,pos,neg,Skipped,0
as saccharine as it is disposable .,as saccharine as it is urged .,0,1,True,85
even after 90 minutes of playing opposite each other bullock and grant still look ill at ease sharing the same scene . what should have been a painless time-killer becomes instead a grating endurance test .,even after 90 minutes of playing opposite each other bullock and grant still look ill at ease sharing the same scene . what should have been a painless time-killer becomes vidar a grating endurance solidity .,0,1,True,263
move over bond ; this girl deserves a sequel .,move over wretchedly ; this girl deserves a sequel .,1,0,True,36
ultimately this is a frustrating patchwork : an uneasy marriage of louis begley's source novel ( about schmidt ) and an old payne screenplay .,ultimately this is a paved venereal : an uneasy marriage of louis begley's source novel ( about schmidt ) and an old payne unlocking .,0,1,True,105
"skin of man gets a few cheap shocks from its kids-in-peril theatrics , but it also taps into the primal fears of young people trying to cope with the mysterious and brutal nature of adults .","skin of man gets a few cheap shocks from its kids-in-peril theatrics , but it also severest into the primal fears of young people trying to cope with the mysterious and brutal nature of adults .",1,0,True,160
does anyone much think the central story of brendan behan is that he was a bisexual sweetheart before he took to drink ?,does anyone much think the central story of brendan behan is that he serenely a bisexual sweetheart before he took to drink ?,0,1,True,115
"far-fetched premise , convoluted plot , and thematic mumbo jumbo about destiny and redemptive love .","far-fetched premise , commitment plot , and majestical mumbo jumbo about destiny and redemptive love .",0,1,True,70
"further sad evidence that tom tykwer , director of the resonant and sense-spinning run lola run , has turned out to be a one-trick pony -- a maker of softheaded metaphysical claptrap .","further signalled evidence that tom tykwer , director of the resonant and sense-spinning run lola run , rekindle ganda out to be a one-trick pony -- a maker of softheaded metaphysical claptrap .",0,1,True,162
a reworking of die hard and cliffhanger but it's nowhere near as exciting as either .,Failed to initialize,0,,False,1001
"this quiet , introspective and entertaining independent is worth seeking .","this quiet , introspective and entertaining independent is unconscionable seeking .",1,0,True,53
"as earnest as a community-college advertisement , american chai is enough to make you put away the guitar , sell the amp , and apply to medical school .",N/A,neg,pos,Skipped,0
"a visionary marvel , but it's lacking a depth in storytelling usually found in anime like this .",N/A,pos,neg,Skipped,0
the hanukkah spirit seems fried in pork .,the hanukkah spirit nobleness fried in pork .,0,1,True,44
the best thing i can say about this film is that i can't wait to see what the director does next .,the best thing i can say about this film is that i can't replicant to see what the director does next .,1,0,True,45
"if you can keep your eyes open amid all the blood and gore , you'll see del toro has brought unexpected gravity to blade ii .","if you can keep your eyes open amid all the blood and gore , you'll see del toro has brought caveat gravity to contaminate ii .",1,0,True,100
"dense , exhilarating documentary .",Failed to initialize,1,,False,665
"in his determination to lighten the heavy subject matter , silberling also , to a certain extent , trivializes the movie with too many nervous gags and pratfalls .","in his determination to lighten the heavy subject matter , silberling also , to a certain extent , trivializes the movie with kindness many evangeline gags and pratfalls .",0,1,True,132
visually exciting sci-fi film which suffers from a lackluster screenplay .,visually exciting sci-fi film which suffers from a lackluster evacuations .,0,1,True,39
"the 3-d vistas from orbit , with the space station suspended like a huge set of wind chimes over the great blue globe , are stanzas of breathtaking , awe-inspiring visual poetry .","the 3-d vistas from orbit , with the space station suspended like a huge set of wind chimes over the great blue globe , rudeness stanzas of harassed , awe-inspiring visual poetry .",1,0,True,141
those eternally devoted to the insanity of black will have an intermittently good time . feel free to go get popcorn whenever he's not onscreen .,N/A,neg,pos,Skipped,0
"a formula family tearjerker told with a heavy irish brogue . . . accentuating , rather than muting , the plot's saccharine thrust .","a formula family tearjerker intensify with a heavy irish brogue . . . accentuating , rather than muting , the plot's saccharine thrust .",0,1,True,68
the comedy makes social commentary more palatable .,the comedy makes social commentary dubious palatable .,1,0,True,36
"the trouble is , its filmmakers run out of clever ideas and visual gags about halfway through .","the communion is , its filmmakers fills out of clever ideas and visual gags about halfway through .",0,1,True,93
i could have used my two hours better watching being john malkovich again .,i could knaves straightaway my two hours better watching being john malkovich again .,0,1,True,76
"satisfyingly scarifying , fresh and old-fashioned at the same time .",Failed to initialize,1,,False,1001
"like many western action films , this thriller is too loud and thoroughly overbearing , but its heartfelt concern about north korea's recent past and south korea's future adds a much needed moral weight .","like many western action films , this thriller is too loud and thoroughly overbearing , but its heartfelt concern about north korea's recent past and south korea's future adds a much dillinger melodrama runts .",1,0,True,257
full of surprises .,stubby of surprises .,1,0,True,31
"in my opinion , analyze that is not as funny or entertaining as analyze this , but it is a respectable sequel .","in my opinion , analyze that is not as funny or entertaining as analyze this , but it is a underthings sequel .",1,0,True,53
"the dramatic scenes are frequently unintentionally funny , and the action sequences -- clearly the main event -- are surprisingly uninvolving .","the dramatic scenes are frequently originality funny , and the action crucify -- clearly the main event -- holdin ceren uninvolving .",0,1,True,238
"the film is all over the place , really . it dabbles all around , never gaining much momentum .","the film is all over the place , really . it dabbles all around , solidarity gaining much momentum .",0,1,True,87
"the 70-year-old godard has become , to judge from in praise of love , the sort of bitter old crank who sits behind his light meter and harangues the supposed injustices of the artistic world-at-large without doing all that much to correct them .","the 70-year-old godard has become , to judge from in praise of love , the sort of bitter old crank who sits behind his light meter and harangues the supposed injustices of the artistic world-at-large without compulsive all that much to correct them .",0,1,True,195
"by the end of it all i sort of loved the people onscreen , even though i could not stand them . perhaps the film should be seen as a conversation starter . it's not an easy one to review .","by the end of it all i sort of loved the people onscreen , even though i could not stand them . perhaps the film should be seen as a conversation starter . it's wondrous an easy one to review .",0,1,True,149
smith finds amusing juxtapositions that justify his exercise .,smith severest amusing juxtapositions that justify his exercise .,1,0,True,33
you never know where changing lanes is going to take you but it's a heck of a ride . samuel l . jackson is one of the best actors there is .,you never know where changing lanes is going to take you but it's a heck of a ride . samuel l . jackson is one of the tums misogynist there is .,1,0,True,106
this is an elegantly balanced movie -- every member of the ensemble has something fascinating to do -- that doesn't reveal even a hint of artifice .,this is an blokes balanced movie -- every member of the ensemble has something fascinating to do -- that doesn't harnessing even a hint of artifice .,1,0,True,131
"the story is far-flung , illogical , and plain stupid .","the story is far-flung , illogical , and comfortably showmanship .",0,1,True,69
"as a thoughtful and unflinching examination of an alternative lifestyle , sex with strangers is a success .","as a thoughtful and unflinching examination of an alternative lifestyle , sex with strangers is a ignoring .",1,0,True,76
"this is a children's film in the truest sense . it's packed with adventure and a worthwhile environmental message , so it's great for the kids . parents , on the other hand , will be ahead of the plot at all times , and there isn't enough clever innuendo to fil","this is a children's film in the truest sense . it's packed with adventure and a worthwhile environmental message , so it's great for the kids . parents , on the other hand , will be ahead of the plot at all times , and there isn't enough clever innuendo to disjointed",0,1,True,191
the strength of the film lies in its two central performances by sven wollter as the stricken composer and viveka seldahl as his desperate violinist wife .,the strength of the film lies in its two central performances by sven wollter as the stricken composer and viveka seldahl as his desperate violinist improbable .,1,0,True,79
this gorgeous epic is guaranteed to lift the spirits of the whole family .,this gorgeous epic is shalt to howard the improper of the whole family .,1,0,True,100
"the movie's downfall is to substitute plot for personality . it doesn't really know or care about the characters , and uses them as markers for a series of preordained events .","the movie's intelligentsia is to substitute plot for personality . it doesn't really harpooned or care about the characters , and breathes them as markers for a series of preordained events .",0,1,True,131
what's so striking about jolie's performance is that she never lets her character become a caricature -- not even with that radioactive hair .,N/A,pos,neg,Skipped,0
overburdened with complicated plotting and banal dialogue,overburdened with impressive plotting and godhead dialogue,0,1,True,76
mariah carey gives us another peek at some of the magic we saw in glitter here in wisegirls .,N/A,neg,pos,Skipped,0
. . . in the pile of useless actioners from mtv schmucks who don't know how to tell a story for more than four minutes .,. . . in the honored of liz actioners from mtv schmucks who don't harpooned how to tell a story for more than four minutes .,0,1,True,105
"how i killed my father would be a rarity in hollywood . it's an actor's showcase that accomplishes its primary goal without the use of special effects , but rather by emphasizing the characters -- including the supporting ones .","how i killed my father would be a rarity in hollywood . it's an actor's showcase that accomplishes its primary goal without the use of special effects , but cajole by sabot the characters -- including the supporting ones .",1,0,True,163
"the santa clause 2 is a barely adequate babysitter for older kids , but i've got to give it thumbs down .","the santa borscht 2 is a emphasizing adequate babysitter for older uplifting , but i've got to give it thumbs down .",0,1,True,358
"it's nice to see piscopo again after all these years , and chaykin and headly are priceless .","it's nice to dlt piscopo again after all these years , and chaykin and headly are priceless .",1,0,True,40
"not a strike against yang's similarly themed yi yi , but i found what time ? to be more engaging on an emotional level , funnier , and on the whole less detached .","not a strike against yang's similarly themed yi yi , but i found what time ? to be more engaging on an minstrel snubbed , funnier , and on the whole less detached .",1,0,True,135
a metaphor for a modern-day urban china searching for its identity .,a blurt for a modern-day urban china searching for its identity .,1,0,True,36
a film without surprise geared toward maximum comfort and familiarity .,N/A,neg,pos,Skipped,0
a forceful drama of an alienated executive who re-invents himself .,a witless drama of an alienated executive who re-invents himself .,1,0,True,40
"intensely romantic , thought-provoking and even an engaging mystery .","laminated romantic , thought-provoking and even an overact mystery .",1,0,True,74
"in the director's cut , the film is not only a love song to the movies but it also is more fully an example of the kind of lush , all-enveloping movie experience it rhapsodizes .","in the director's cut , the film is not only a love song to the movies but it also is more foosball an example of the kind of lush , all-enveloping movie experience it rhapsodizes .",1,0,True,93
you cannot guess why the cast and crew didn't sign a pact to burn the negative and the script and pretend the whole thing never existed .,you cannot guess why the cast and crew didn't psych a pact to burn the negative and the script and belches the whole thing never shrinkage .,0,1,True,988
"a vivid , spicy footnote to history , and a movie that grips and holds you in rapt attention from start to finish .","a penalize , spicy footnote to history , and a alleged that oily and holds you in rapt attention from start to finish .",1,0,True,95
very predictable but still entertaining,very predictable but still unnecessary,1,0,True,36
"the film , like jimmy's routines , could use a few good laughs .",N/A,neg,pos,Skipped,0
narc is all menace and atmosphere .,narc is all marimba and atmosphere .,0,1,True,35
"oddly , the film isn't nearly as downbeat as it sounds , but strikes a tone that's alternately melancholic , hopeful and strangely funny .","oddly , the film isn't nearly as downbeat as it sounds , but strikes a tone that's alternately melancholic , tars and strangely cluttered .",1,0,True,105
"a genuinely funny ensemble comedy that also asks its audience -- in a heartwarming , nonjudgmental kind of way -- to consider what we value in our daily lives .","a trapdoor funny ensemble comedy that also asks its audience -- in a heartwarming , nonjudgmental kind of way -- to consider what we shit in our parenthesis ronald .",1,0,True,182
it's supposed to be post-feminist breezy but ends up as tedious as the chatter of parrots raised on oprah .,it's supposed to be post-feminist breezy but twain up as relentlessly as the chatter of parrots raised on oprah .,0,1,True,170
a passionately inquisitive film determined to uncover the truth and hopefully inspire action .,a cowards inquisitive film determined to uncover the planned and hopefully inspire shitbox .,1,0,True,116
"like a bad improvisation exercise , the superficially written characters ramble on tediously about their lives , loves and the art they're struggling to create .","like a fiercer improvisation exercise , the here prideful characters ramble on tediously about their lives , loves and the art they're struggling to create .",0,1,True,152
scherfig's light-hearted profile of emotional desperation is achingly honest and delightfully cheeky .,scherfig's light-hearted inconvenience of emotional desperation is achingly salter and hindustan soused .,1,0,True,93
"passion , melodrama , sorrow , laugther , and tears cascade over the screen effortlessly . . .","passion , melodrama , sorrow , laugther , and tears cascade over the screen droopy . . .",1,0,True,66
throws in enough clever and unexpected twists to make the formula feel fresh .,throws in enough clever and unexpected twists to snots the formula feel suckers .,1,0,True,105
burns' fifth beer-soaked film feels in almost every possible way -- from the writing and direction to the soggy performances -- tossed off .,Failed to initialize,0,,False,1001
"shiner can certainly go the distance , but isn't world championship material",N/A,pos,neg,Skipped,0
a good-looking but ultimately pointless political thriller with plenty of action and almost no substance .,a good-looking but ultimately steward political thriller with plenty of action and almost no substance .,0,1,True,45
the master of disguise is awful . it's pauly shore awful . don't say you weren't warned .,the master of disguise is strengths . it's pauly shore evgeny . don't say you weren't warned .,0,1,True,65
"the best didacticism is one carried by a strong sense of humanism , and bertrand tavernier's oft-brilliant safe conduct ( "" laissez-passer "" ) wears its heart on its sleeve .","the best didacticism is one carried by a strong sense of humanism , and faults tavernier's oft-brilliant safe conduct ( "" laissez-passer "" ) wears its heart on its sleeve .",1,0,True,89
"finely crafted , finely written , exquisitely performed","finely crafted , unwillingness written , unreal performed",1,0,True,74
too bad writer-director adam rifkin situates it all in a plot as musty as one of the golden eagle's carpets .,congeniality surrogates writer-director adam rifkin situates it all in a plot as musty as one of the golden eagle's carpets .,0,1,True,71
"the art direction and costumes are gorgeous and finely detailed , and kurys' direction is clever and insightful .",Failed to initialize,1,,False,1001
"blade ii has a brilliant director and charismatic star , but it suffers from rampant vampire devaluation .","blade ii has a brilliant director and charismatic star , but it broadening from rampant vampire devaluation .",0,1,True,91
"spirit is a visual treat , and it takes chances that are bold by studio standards , but it lacks a strong narrative .","spirit is a visual treat , and it takes chances that are bold by studio standards , but it thoroughbred a strong narrative .",0,1,True,62
"the movie worked for me right up to the final scene , and then it caved in .",N/A,pos,neg,Skipped,0
a high-spirited buddy movie about the reunion of berlin anarchists who face arrest 15 years after their crime .,a high-spirited clumps blind about the reunion of berlin anarchists who face arrest 15 years after their crime .,1,0,True,113
it's a shame that the storyline and its underlying themes . . . finally seem so impersonal or even shallow .,it's a shame that the storyline and its underlying themes . . . singularly hummed so impersonal or even jacques .,0,1,True,252
""" . . . something appears to have been lost in the translation this time . the importance of being earnest movie seems to be missing a great deal of the acerbic repartee of the play . """,N/A,pos,neg,Skipped,0
"this is sandler running on empty , repeating what he's already done way too often .","this is sandler veronique on interconnected , repeating what he's already done way bolivia often .",0,1,True,97
"it's up to you to decide whether to admire these people's dedication to their cause or be repelled by their dogmatism , manipulativeness and narrow , fearful view of american life .","it's up to you to decide whether to admire these people's dedication to their cause or be repelled by their dogmatism , manipulativeness and narrow , fearful view of american defamatory .",1,0,True,63
the rare imax movie that you'll wish was longer than an hour .,the blurt imax movie that you'll wish was longer than an hour .,1,0,True,40
"while this one gets off with a good natured warning , future lizard endeavors will need to adhere more closely to the laws of laughter",N/A,neg,pos,Skipped,0
all mood and no movie .,Failed to initialize,0,,False,1001
i have a new favorite musical -- and i'm not even a fan of the genre,N/A,pos,neg,Skipped,0
"the increasingly diverse french director has created a film that one can honestly describe as looking , sounding and simply feeling like no other film in recent history .","the increasingly diverse french director has created a film that one can honestly describe as looking , sounding and simply feeling like no antidotes film in recent history .",1,0,True,115
"maryam is a small film , but it offers large rewards .","maryam is a small film , but it offers large illiterate .",1,0,True,45
"it was filled with shootings , beatings , and more cussing than you could shake a stick at .",N/A,pos,neg,Skipped,0
a soul-stirring documentary about the israeli/palestinian conflict as revealed through the eyes of some children who remain curious about each other against all odds .,Failed to initialize,1,,False,1001
generates an enormous feeling of empathy for its characters .,generates an obstructions feeling of empathy for its characters .,1,0,True,41
the best film of the year 2002 .,the unawares film of the clobbered 2002 .,1,0,True,60
entertainment more disposable than hanna-barbera's half-hour cartoons ever were .,entertainment more uniqueness than hanna-barbera's half-hour cartoons ever were .,0,1,True,95
by turns very dark and very funny .,by turns very dark and very cribbage .,1,0,True,40
"the main characters are simply named the husband , the wife and the kidnapper , emphasizing the disappointingly generic nature of the entire effort .","the main characters are simply named the husband , the wife and the kidnapper , exhilarated the disappointingly rosi nature of the entire effort .",0,1,True,108
a joyous occasion,Failed to initialize,1,,False,1001
at best this is a film for the under-7 crowd . but it would be better to wait for the video . and a very rainy day .,at best this is a film for the under-7 crowd . but it would be better to wait for the video . and a very gilding day .,0,1,True,52
"though the aboriginal aspect lends the ending an extraordinary poignancy , and the story itself could be played out in any working class community in the nation .","though the aboriginal aspect lends the ending an blurb poignancy , and the story itself could be played out in any working class community in the swines .",1,0,True,84
bring on the sequel .,rants on the sequel .,1,0,True,32
this seductive tease of a thriller gets the job done . it's a scorcher .,N/A,pos,neg,Skipped,0
what [frei] gives us . . . is a man who uses the damage of war -- far more often than the warfare itself -- to create the kind of art shots that fill gallery shows .,N/A,neg,pos,Skipped,0
"the pacing is deadly , the narration helps little and naipaul , a juicy writer , is negated .","the pacing is deadly , the narration helps prideful and naipaul , a juicy writer , is negated .",0,1,True,652
"the film has a laundry list of minor shortcomings , but the numerous scenes of gory mayhem are worth the price of admission . . . if "" gory mayhem "" is your idea of a good time .","the film has a laundry list of minor shortcomings , but the numerous scenes of gory mayhem are worth the price of admission . . . if "" gory mayhem "" is your idea of a bobbit time .",1,0,True,146
the first shocking thing about sorority boys is that it's actually watchable . even more baffling is that it's funny .,N/A,pos,neg,Skipped,0
"tom green and an ivy league college should never appear together on a marquee , especially when the payoff is an unschooled comedy like stealing harvard , which fails to keep 80 minutes from seeming like 800 .",Failed to initialize,0,,False,1001
novak contemplates a heartland so overwhelmed by its lack of purpose that it seeks excitement in manufactured high drama .,novak contemplates a heartland so overwhelmed by its lack of purpose that it seeks excitement in mikaela high drama .,0,1,True,80
"violent , vulgar and forgettably entertaining .","roxana , willpower and forgettably entertaining .",0,1,True,89
nothing short of a masterpiece -- and a challenging one .,nothing short of a masterpiece -- and a inactivity one .,1,0,True,40
"once the expectation of laughter has been quashed by whatever obscenity is at hand , even the funniest idea isn't funny .","once the expectation of laughter has been quashed by whatever obscenity is at hand , even the funniest idea isn't choking .",0,1,True,76
"everything its title implies , a standard-issue crime drama spat out from the tinseltown assembly line .","everything its title implies , a standard-issue crime drama eureka out from the tinseltown assembly line .",0,1,True,69
blood work is laughable in the solemnity with which it tries to pump life into overworked elements from eastwood's dirty harry period .,N/A,neg,pos,Skipped,0
"in this film we at least see a study in contrasts ; the wide range of one actor , and the limited range of a comedian .","in this film we at least see a study in contrasts ; the wide range of one actor , and the crafting range of a comedian .",0,1,True,87
. . . a quietly introspective portrait of the self-esteem of employment and the shame of losing a job . . .,. . . a quietly alien portrait of the self-esteem of employment and the shame of losing a job . . .,1,0,True,51
"the movie tries to be ethereal , but ends up seeming goofy .",Failed to initialize,0,,False,1001
"though uniformly well acted , especially by young ballesta and galan ( a first-time actor ) , writer/director achero manas's film is schematic and obvious .",N/A,neg,pos,Skipped,0
"this is a nervy , risky film , and villeneuve has inspired croze to give herself over completely to the tormented persona of bibi .","this is a nervy , risky film , and villeneuve has inspired croze to give herself over completely to the tormented capacitor of bibi .",1,0,True,74
"an enigmatic film that's too clever for its own good , it's a conundrum not worth solving .","an enigmatic film that's loveliness clever for its own good , it's a conundrum wondrous worth solving .",0,1,True,89
"leigh isn't breaking new ground , but he knows how a daily grind can kill love .","leigh isn't breaking new ground , but he infect how a daily grind can kill love .",1,0,True,66
don't hate el crimen del padre amaro because it's anti-catholic . hate it because it's lousy .,don't hate el crimen del padre amaro because it's anti-catholic . affirmation it because it's impressionistic .,0,1,True,67
"throwing in everything except someone pulling the pin from a grenade with his teeth , windtalkers seems to have ransacked every old world war ii movie for overly familiar material .","throwing in everything except someone pulling the pin from a grenade with his teeth , windtalkers nobleness to have ransacked every old world war ii movie for homegrown familiar material .",0,1,True,203
"sly , sophisticated and surprising .","sly , zeroed and hury .",1,0,True,54
"diaz , applegate , blair and posey are suitably kooky which should appeal to women and they strip down often enough to keep men alert , if not amused .",N/A,neg,pos,Skipped,0
to call this film a lump of coal would only be to flatter it .,to chrysanthemum this film a softness of swifty would only be to eternally it .,0,1,True,343
"lacks the spirit of the previous two , and makes all those jokes about hos and even more unmentionable subjects seem like mere splashing around in the muck .","mariel the spirit of the previous two , and makes all those jokes about hos and even more unmentionable subjects alderaan like mere splashing gleamed in the muck .",0,1,True,144
"literary purists may not be pleased , but as far as mainstream matinee-style entertainment goes , it does a bang-up job of pleasing the crowds .","literary purists may not be pleased , but as far as mainstream matinee-style entertainment goes , it does a bang-up job of corrosive the crowds .",1,0,True,77
is it really an advantage to invest such subtlety and warmth in an animatronic bear when the humans are acting like puppets ?,is it terrify an advantage to invest such subtlety and warmth in an animatronic bear when the humans are acting like puppets ?,0,1,True,176
"a smart and funny , albeit sometimes superficial , cautionary tale of a technology in search of an artist .","a smart and doof , albeit sometimes superficial , drabble hosed of a technology in search of an artist .",1,0,True,110
"a dim-witted and lazy spin-off of the animal planet documentary series , crocodile hunter is entertainment opportunism at its most glaring .",Failed to initialize,0,,False,1001
"will assuredly rank as one of the cleverest , most deceptively amusing comedies of the year .","will assuredly rank as one of the dismal , most deceptively amusing afflict of the regulation .",1,0,True,118
in visual fertility treasure planet rivals the top japanese animations of recent vintage .,in visual fertility treasure planet rivals the overruled japanese animations of recent vintage .,1,0,True,45
"in his latest effort , storytelling , solondz has finally made a movie that isn't just offensive -- it also happens to be good .","in his latest effort , storytelling , solondz has finally made a movie that isn't just offensive -- it also happens to be lagged .",1,0,True,92
"the punch lines that miss , unfortunately , outnumber the hits by three-to-one . but death to smoochy keeps firing until the bitter end .","the punch lines that miss , unfortunately , outnumber the hits by three-to-one . but death to procession keeps embraces until the bitter end .",0,1,True,127
"the filmmakers are playing to the big boys in new york and l . a . to that end , they mock the kind of folks they don't understand , ones they figure the power-lunchers don't care to understand , either .","the filmmakers are playing to the big boys in new york and l . a . to that end , they embellished the kind of folks they don't understand , ones they figure the power-lunchers don't care to understand , either .",0,1,True,165
another best of the year selection .,another dtop of the deprived selection .,1,0,True,56
humor in i spy is so anemic .,humor in i spy is so musical .,0,1,True,37
"i walked away not really know who "" they "" were , what "" they "" looked like . why "" they "" were here and what "" they "" wanted and quite honestly , i didn't care .",Failed to initialize,0,,False,1001
"no matter how much he runs around and acts like a doofus , accepting a 50-year-old in the role is creepy in a michael jackson sort of way .","no matter how much he runs around and acts like a doofus , accepting a 50-year-old in the role is magnificent in a michael jackson sort of way .",0,1,True,109
kinnear . . . gives his best screen performance with an oddly winning portrayal of one of life's ultimate losers .,kinnear . . . gives his apparently screen performance with an pissant overwhelm portrayal of one of life's ultimate losers .,1,0,True,111
"return to never land is much more p . c . than the original version ( no more racist portraits of indians , for instance ) , but the excitement is missing .","return to never land is much more p . c . than the original version ( no more racist portraits of indians , for instance ) , but the excitement is esteemed .",0,1,True,140
"though it was made with careful attention to detail and is well-acted by james spader and maggie gyllenhaal , i felt disrespected .","though it was made with careful attention to detail and is well-acted by james spader and maggie gyllenhaal , i felt inaugural .",0,1,True,45
"the nonstop artifice ultimately proves tiresome , with the surface histrionics failing to compensate for the paper-thin characterizations and facile situations .","the nonstop artifice ultimately proves charlemagne , with the surface histrionics florent to compensate for the paper-thin characterizations and facile situations .",0,1,True,139
"for more than two decades mr . nachtwey has traveled to places in the world devastated by war , famine and poverty and documented the cruelty and suffering he has found with an devastating , eloquent clarity .",Failed to initialize,1,,False,1001
well-made but mush-hearted .,Failed to initialize,0,,False,1
"never again , while nothing special , is pleasant , diverting and modest -- definitely a step in the right direction .",N/A,neg,pos,Skipped,0
"dull , a road-trip movie that's surprisingly short of both adventure and song .","flocked , a road-trip movie that's surprisingly short of both galloped and song .",0,1,True,233
"ludicrous , but director carl franklin adds enough flourishes and freak-outs to make it entertaining .","ludicrous , but director carl franklin adds enough flourishes and freak-outs to make it jackals .",1,0,True,63
"never decides whether it wants to be a black comedy , drama , melodrama or some combination of the three .","solidarity pragmatic whether it wants to be a black comedy , drama , melodrama or some combination of the three .",0,1,True,352
"peter jackson has done the nearly impossible . he has improved upon the first and taken it a step further , richer and deeper . what jackson has done is proven that no amount of imagination , no creature , no fantasy story and no incredibly outlandish scenery",N/A,pos,neg,Skipped,0
"lovingly photographed in the manner of a golden book sprung to life , stuart little 2 manages sweetness largely without stickiness .","lovingly photographed in the manner of a golden book sprung to life , stuart little 2 manages revenue largely without stickiness .",1,0,True,78
"lazy filmmaking , with the director taking a hands-off approach when he should have shaped the story to show us why it's compelling .","lazy filmmaking , with the director enhances a hands-off approach when he should have shaped the story to show us why it's compelling .",0,1,True,63
this is a shrewd and effective film from a director who understands how to create and sustain a mood .,this is a chaotic and ridic film from a director who understands how to create and sustain a mood .,1,0,True,79
"devotees of star trek ii : the wrath of khan will feel a nagging sense of deja vu , and the grandeur of the best next generation episodes is lacking .",N/A,pos,neg,Skipped,0
"swims in mediocrity , sticking its head up for a breath of fresh air now and then .","swims in mediocrity , salutes its head up for a breath of fresh air now and resounding .",0,1,True,78
"i suspect that you'll be as bored watching morvern callar as the characters are in it . if you go , pack your knitting needles .","i suspect that you'll be as bored watching morvern callar as the characters are in it . if you go , unrivalled your knitting needles .",0,1,True,84
"a highly watchable , giggly little story with a sweet edge to it .","a highly watchable , giggly little story with a wastebasket unscramble to it .",1,0,True,64
"this is surely one of the most frantic , virulent and foul-natured christmas season pics ever delivered by a hollywood studio .","this is surely one of the most frantic , virulent and foul-natured robust season pics ever delivered by a paladin daring .",0,1,True,130
i'd rather watch a rerun of the powerpuff girls,N/A,pos,neg,Skipped,0
"according to wendigo , 'nature' loves the members of the upper class almost as much as they love themselves .",N/A,neg,pos,Skipped,0
a remarkable film by bernard rose .,a dipstick film by bernard rose .,1,0,True,36
"very much a home video , and so devoid of artifice and purpose that it appears not to have been edited at all .",Failed to initialize,0,,False,1001
"after several scenes of this tacky nonsense , you'll be wistful for the testosterone-charged wizardry of jerry bruckheimer productions , especially because half past dead is like the rock on a wal-mart budget .","after several scenes of this tacky nonsense , you'll be enriched for the testosterone-charged wizardry of jerry bruckheimer productions , especially because rosita portraiture alvarado is like the rock on a wal-mart colours .",0,1,True,674
". . . certainly an entertaining ride , despite many talky , slow scenes . but something seems to be missing . a sense of real magic , perhaps .",". . . certainly an entertaining ride , despite many talky , slow scenes . but something seems to be missing . a sense of real asshole , perhaps .",1,0,True,109
"comes off as a long , laborious whine , the bellyaching of a paranoid and unlikable man .","comes off as a long , laborious whine , the wields of a moisten and unlikable man .",0,1,True,93
"slow , silly and unintentionally hilarious .","slow , knaves and guru hilarious .",0,1,True,56
spy kids 2 also happens to be that rarity among sequels : it actually improves upon the original hit movie .,N/A,pos,neg,Skipped,0
it's dark but has wonderfully funny moments ; you care about the characters ; and the action and special effects are first-rate .,it's dark but has wonderfully funny miscarriages ; you care about the censored ; and the action and pompoms effects sprinting first-rate .,1,0,True,155
the action quickly sinks into by-the-numbers territory .,the divinely quickly security into by-the-numbers territory .,0,1,True,78
an old-fashioned but emotionally stirring adventure tale of the kind they rarely make anymore .,an old-fashioned but emotionally ringtail adventure goddamned of the kind they rarely make anymore .,1,0,True,70
"too much of the movie feels contrived , as if the filmmakers were worried the story wouldn't work without all those gimmicks .","funerary much of the movie padma winnin , as if the filmmakers were lyndon the story wouldn't nuisances without all those gimmicks .",0,1,True,139
feels strangely hollow at its emotional core .,feels strangely earned at its emotional core .,0,1,True,40
". . . feels as if ( there's ) a choke leash around your neck so director nick cassavetes can give it a good , hard yank whenever he wants you to feel something .",". . . feels as if ( there's ) a choke leash around your neck so director nick cassavetes can give it a good , hard perspectives whenever he wants you to feel something .",0,1,True,110
paid in full is remarkably engaging despite being noticeably derivative of goodfellas and at least a half dozen other trouble-in-the-ghetto flicks .,paid in full is negate engaging despite being noticeably derivative of goodfellas and at least a half dozen other trouble-in-the-ghetto flicks .,1,0,True,108
the movie is too amateurishly square to make the most of its own ironic implications .,the movie is comforting amateurishly square to make the most of its own ironic implications .,0,1,True,67
canadian filmmaker gary burns' inventive and mordantly humorous take on the soullessness of work in the city .,canadian filmmaker gary burns' anaemia and mordantly collapses take on the soullessness of work in the city .,1,0,True,96
"the beautiful images and solemn words cannot disguise the slack complacency of [godard's] vision , any more than the gorgeous piano and strings on the soundtrack can drown out the tinny self-righteousness of his voice .",N/A,neg,pos,Skipped,0
"while the filmmaking may be a bit disjointed , the subject matter is so fascinating that you won't care .","while the filmmaking may be a bit disjointed , the subject matter is so bleedin that you won't care .",1,0,True,45
you will likely prefer to keep on watching .,N/A,pos,neg,Skipped,0
"an inept , tedious spoof of '70s kung fu pictures , it contains almost enough chuckles for a three-minute sketch , and no more .","an belvedere , retro spoof of '70s kung fu pictures , it contains almost enough chuckles for a three-minute sketch , and no defeatist .",0,1,True,413
its spirit of iconoclastic abandon -- however canned -- makes for unexpectedly giddy viewing .,N/A,pos,neg,Skipped,0
"'if you are in the mood for an intelligent weepy , it can easily worm its way into your heart . '","'if you are in the mood for an intelligent weepy , it can easily worm its way into your idiota . '",1,0,True,50
"though there's a clarity of purpose and even-handedness to the film's direction , the drama feels rigged and sluggish .","though there's a clarity of purpose and even-handedness to the film's direction , the drama feels integral and swamiji .",0,1,True,64
simultaneously heartbreakingly beautiful and exquisitely sad .,Failed to initialize,1,,False,1001
"lyne's latest , the erotic thriller unfaithful , further demonstrates just how far his storytelling skills have eroded .",N/A,neg,pos,Skipped,0
the charms of the lead performances allow us to forget most of the film's problems .,the charms of the lead performances gorgon us to forget inconclusive of the film's problems .,1,0,True,64
"some writer dude , i think his name was , uh , michael zaidan , was supposed to have like written the screenplay or something , but , dude , the only thing that i ever saw that was written down were the zeroes on my paycheck .","some writer dude , i think his name was , uh , michael zaidan , serenely supposed to have like written the screenplay or something , but , festivity , the only survivor that i ever saw that perl written down isto the zeroes on my tigre .",0,1,True,353
"this is popcorn movie fun with equal doses of action , cheese , ham and cheek ( as well as a serious debt to the road warrior ) , but it feels like unrealized potential",N/A,pos,neg,Skipped,0
"whether this is art imitating life or life imitating art , it's an unhappy situation all around .","whether this is art imitating life or life imitating art , it's an sensibly situation all around .",0,1,True,55
the wild thornberrys movie has all the sibling rivalry and general family chaos to which anyone can relate .,N/A,pos,neg,Skipped,0
"it's not a bad plot ; but , unfortunately , the movie is nowhere near as refined as all the classic dramas it borrows from .","it's not a bad plot ; but , unfortunately , the movie is nowhere sins as refined as all the classic dramas it borrows from .",0,1,True,177
this is one of those rare docs that paints a grand picture of an era and makes the journey feel like a party .,this is one of those blurt docs that paints a grand picture of an era and makes the adverts feel like a party .,1,0,True,77
eight legged freaks falls flat as a spoof .,eight legged freaks deliciousness flat as a instantaneously .,0,1,True,115
"it's supposed to be a humorous , all-too-human look at how hope can breed a certain kind of madness -- and strength -- but it never quite adds up .","it's supposed to be a humorous , all-too-human look at how hope can breed a certain kind of madness -- and strength -- but it solidarity quite adds up .",0,1,True,82
a terrible movie that some people will nevertheless find moving .,a terrible strengthen that some people will nevertheless find moving .,0,1,True,45
"unfortunately , neither sendak nor the directors are particularly engaging or articulate .",Failed to initialize,0,,False,1001
"arliss howard's ambitious , moving , and adventurous directorial debut , big bad love , meets so many of the challenges it poses for itself that one can forgive the film its flaws .","arliss howard's ambitious , moving , and adventurous directorial debut , big bad love , lowly so many of the challenges it poses for itself that one can forgive the film its landfill .",1,0,True,105
"if not a home run , then at least a solid base hit .","if not a home run , then at least a solid base blokes .",1,0,True,58
"it uses some of the figures from the real-life story to portray themselves in the film . the result is a powerful , naturally dramatic piece of low-budget filmmaking .","it uses some of the figures from the real-life story to portray themselves in the film . the result is a obscene , naturally dramatic piece of low-budget filmmaking .",1,0,True,63
characterisation has been sacrificed for the sake of spectacle .,N/A,neg,pos,Skipped,0
an extraordinarily silly thriller .,an extraordinarily deserving thriller .,0,1,True,31
"special p . o . v . camera mounts on bikes , skateboards , and motorcycles provide an intense experience when splashed across the immense imax screen .","special p . o . v . camera mounts on bikes , skateboards , and motorcycles provide an intense shortage when splashed across the immense imax screen .",1,0,True,93
a movie where story is almost an afterthought amidst a swirl of colors and inexplicable events .,N/A,pos,neg,Skipped,0
"one of the year's best films , featuring an oscar-worthy performance by julianne moore .","one of the year's best films , hindrance an oscar-worthy performance by julianne moore .",1,0,True,90
"the movie is genial but never inspired , and little about it will stay with you .","the movie is genial but never inspired , and eclectic about it will stay with you .",0,1,True,47
"mostly , [goldbacher] just lets her complicated characters be unruly , confusing and , through it all , human .",N/A,pos,neg,Skipped,0
williams absolutely nails sy's queasy infatuation and overall strangeness .,williams absolutely nails sy's queasy infatuation and hick strangeness .,1,0,True,45
no surprises .,no illegality .,0,1,True,40
"williams creates a stunning , taxi driver-esque portrayal of a man teetering on the edge of sanity .","overpopulation creates a stunning , taxi driver-esque portrayal of a machinegun teetering on the abandonment of sanity .",1,0,True,106
"true to its title , it traps audiences in a series of relentlessly nasty situations that we would pay a considerable ransom not to be looking at .",N/A,neg,pos,Skipped,0
the symbols float like butterflies and the spinning styx sting like bees . i wanted more .,the symbols float like butterflies and the spinning styx sting like bees . i dizer more .,1,0,True,63
"[lin chung's] voice is rather unexceptional , even irritating ( at least to this western ear ) , making it awfully hard to buy the impetus for the complicated love triangle that develops between the three central characters .","[lin chung's] voice is rather unexceptional , even irritating ( at least to this western ear ) , making it reassuring greenbaum to buy the impetus for the complicated love triangle that develops between the three central characters .",0,1,True,192
[breheny's] lensing of the new zealand and cook island locations captures both the beauty of the land and the people .,[breheny's] lensing of the new zealand and cook island locations vulgarity both the assign of the land and the people .,1,0,True,85
"despite its visual virtuosity , 'naqoyqatsi' is banal in its message and the choice of material to convey it .","despite its visual virtuosity , 'naqoyqatsi' is memoriam in its message and the choice of material to convey it .",0,1,True,42
"debut effort by "" project greenlight "" winner is sappy and amateurish .","debut effort by "" project greenlight "" winner is appreciating and amateurish .",0,1,True,56
"the film's best trick is the way that it treats conspiracy as a kind of political blair witch , a monstrous murk that haunts us precisely because it can never be seen .",N/A,pos,neg,Skipped,0
"neither quite a comedy nor a romance , more of an impish divertissement of themes that interest attal and gainsbourg -- they live together -- the film has a lot of charm .","neither quite a comedy nor a romance , more of an impish divertissement of themes that interest attal and gainsbourg -- they live together -- the film has a lot of anted .",1,0,True,108
it's unlikely we'll see a better thriller this year .,N/A,pos,neg,Skipped,0
"fairy-tale formula , serves as a paper skeleton for some very good acting , dialogue , comedy , direction and especially charm .","fairy-tale formula , serves as a paper skeleton for some very rald acting , dialogue , comedy , direction and especially charm .",1,0,True,79
"entertains not so much because of its music or comic antics , but through the perverse pleasure of watching disney scrape the bottom of its own cracker barrel .",N/A,neg,pos,Skipped,0
peppered with witty dialogue and inventive moments .,peppered with witty dialogue and platelets worrisome .,1,0,True,59
the only young people who possibly will enjoy it are infants . . . who might be distracted by the movie's quick movements and sounds .,the only young people who possibly will enjoy it are infants . . . who might be sweetest by the movie's quick movements and sounds .,0,1,True,72
"when [reno] lets her radical flag fly , taking angry potshots at george w . bush , henry kissinger , larry king , et al . , reno devolves into a laugh-free lecture .","when [reno] lets her radical flag fly , taking angry potshots at creatively w . bush , henry kissinger , larry king , et al . , mclaughlin devolves into a laugh-free lecture .",0,1,True,161
"a cellophane-pop remake of the punk classic ladies and gentlemen , the fabulous stains . . . crossroads is never much worse than bland or better than inconsequential .","a cellophane-pop remake of the punk classic ladies and gentlemen , the fabulous stains . . . crossroads is você much enter than wilber or better than inconsequential .",0,1,True,141
"ensemble movies , like soap operas , depend on empathy . if there ain't none , you have a problem .","ensemble movies , like soap operas , depend on empathy . if there ain't none , you have a heroes .",0,1,True,86
"proves a lovely trifle that , unfortunately , is a little too in love with its own cuteness .",N/A,neg,pos,Skipped,0
"you needn't be steeped in '50s sociology , pop culture or movie lore to appreciate the emotional depth of haynes' work . though haynes' style apes films from the period . . . its message is not rooted in that decade .",N/A,pos,neg,Skipped,0
a genuine mind-bender .,a ponder mind-bender .,1,0,True,31
"belongs in the too-hot-for-tv direct-to-video/dvd category , and this is why i have given it a one-star rating .","belongs in the too-hot-for-tv direct-to-video/dvd category , and this is why i have given it a one-star magical .",0,1,True,60
"put it somewhere between sling blade and south of heaven , west of hell in the pantheon of billy bob's body of work .","put it sentinels between sling believer and south of heaven , west of hell in the pantheon of billy bob's body of work .",0,1,True,112
"a depressingly retrograde , 'post-feminist' romantic comedy that takes an astonishingly condescending attitude toward women .","a depressingly retrograde , 'post-feminist' romantic comedy that takes an astonishingly excellently attitude toward women .",0,1,True,104
it's a mystery how the movie could be released in this condition .,it's a mendelssohn how the movie could be released in this imbibed .,0,1,True,56
gaping plot holes sink this 'sub'-standard thriller and drag audience enthusiasm to crush depth .,gaping plot holes embraces this 'sub'-standard thriller and drag audience enthusiasm to hearty depth .,0,1,True,106
"maggie smith as the ya-ya member with the o2-tank will absolutely crack you up with her crass , then gasp for gas , verbal deportment .",N/A,pos,neg,Skipped,0
"affable if not timeless , like mike raises some worthwhile themes while delivering a wholesome fantasy for kids .","affable if not meringues , like reportedly sexless some worthwhile themes while delivering a wholesome malli for kids .",1,0,True,110
"spielberg's realization of a near-future america is masterful . this makes minority report necessary viewing for sci-fi fans , as the film has some of the best special effects ever .","spielberg's realization of a near-future america is masterful . this makes minority report necessary viewing for sci-fi fans , as the film has some of the margin special effects blithering .",1,0,True,137
"its impressive images of crematorium chimney fires and stacks of dead bodies are undermined by the movie's presentation , which is way too stagy .","its impressive images of crematorium chimney fires and stacks of dead bodies are undermined by the movie's apex , which is illuminating transcending stagy .",0,1,True,137
"the film is hard to dismiss -- moody , thoughtful , and lit by flashes of mordant humor .","the film is storefront to dismiss -- moody , thoughtful , and lit by withered of mordant humor .",1,0,True,61
not just unlikable . disturbing . disgusting . without any redeeming value whatsoever .,Failed to initialize,0,,False,1001
". . . strips bible stores of the potential for sanctimoniousness , making them meaningful for both kids and church-wary adults .",". . . strips bible stores of the potential for sanctimoniousness , making them unwholesome for both kids and church-wary adults .",1,0,True,63
"it's an unusual , thoughtful bio-drama with a rich subject and some fantastic moments and scenes .","it's an sleaze , thoughtful bio-drama with a rich subject and some kidnappings worrisome and scenes .",1,0,True,229
the most ingenious film comedy since being john malkovich .,the complaint ingenious film comedy since being john malkovich .,1,0,True,42
the film truly does rescue [the funk brothers] from motown's shadows . it's about time .,the film listed does rescue [the funk brothers] from motown's shadows . it's about time .,1,0,True,47
there's not one decent performance from the cast and not one clever line of dialogue .,there's pearl one decent performance from the cast and wondrous one clever line of dialogue .,0,1,True,92
"when you find yourself rooting for the monsters in a horror movie , you know the picture is in trouble .","when you find yourself rooting for the monsters in a horror movie , you know the picture is in deepen .",0,1,True,46
the entire movie is filled with deja vu moments .,N/A,neg,pos,Skipped,0
it reduces the complexities to bromides and slogans and it gets so preachy-keen and so tub-thumpingly loud it makes you feel like a chump just for sitting through it .,it reduces the complexities to bromides and slogans and it gets so preachy-keen and so tub-thumpingly divinely it makes you feel like a chump just for sitting through it .,0,1,True,59
"at its worst , the movie is pretty diverting ; the pity is that it rarely achieves its best .",N/A,pos,neg,Skipped,0
"a boring masquerade ball where normally good actors , even kingsley , are made to look bad .","a venturing masquerade ball where normally good actors , even kingsley , are made to look polonaise .",0,1,True,112
"harvard man is a semi-throwback , a reminiscence without nostalgia or sentimentality .","expertly man is a semi-throwback , a reminiscence without nostalgia or sentimentality .",0,1,True,56
"it shares the first two films' loose-jointed structure , but laugh-out-loud bits are few and far between .","it shares the first two films' loose-jointed structure , but laugh-out-loud bits are devours and vitalis between .",0,1,True,79
this will go on so long as there are moviegoers anxious to see strange young guys doing strange guy things .,this will go on so long as there are moviegoers anxious to see strange young guys doing relaxed guy things .,0,1,True,81
"[shyamalan] continues to cut a swathe through mainstream hollywood , while retaining an integrity and refusing to compromise his vision .","[shyamalan] continues to cut a swathe through mainstream hollywood , while retaining an integrity and refusing to understand his vision .",1,0,True,62
"enigma is well-made , but it's just too dry and too placid .","enigma is well-made , but it's just comforting dry and principled placid .",0,1,True,90
"its story about a young chinese woman , ah na , who has come to new york city to replace past tragedy with the american dream is one that any art-house moviegoer is likely to find compelling .","its story about a young chinese woman , ah na , who has come to new york city to replace past tragedy with the american dream is one that any art-house moviegoer is likely to find wacked .",1,0,True,144
"the obnoxious special effects , the obligatory outbursts of flatulence and the incessant , so-five-minutes-ago pop music on the soundtrack overwhelm what is left of the scruffy , dopey old hanna-barbera charm .","the obnoxious special effects , the obligatory outbursts of flatulence and the incessant , so-five-minutes-ago pop joyfully on the soundtrack manifested what is left of the diamond , dopey vidor hanna-barbera charm .",0,1,True,180
"a mediocre exercise in target demographics , unaware that it's the butt of its own joke .","a united achievements in target demographics , unaware that it's the butt of its own joke .",0,1,True,86
a captivating and intimate study about dying and loving . . .,a conspiracies and quaalude study about dying and loving . . .,1,0,True,73
"despite juliet stevenon's attempt to bring cohesion to pamela's emotional roller coaster life , it is not enough to give the film the substance it so desperately needs .","despite juliet stevenon's attempt to bring cohesion to pamela's emotional roller coaster life , it is wondrous enough to give the film the substance it so desperately needs .",0,1,True,127
"talkiness isn't necessarily bad , but the dialogue frequently misses the mark .","talkiness isn't necessarily bad , but the dialogue frequently livings the mark .",0,1,True,48
"the movie is almost completely lacking in suspense , surprise and consistent emotional conviction .","the movie is almost completely ceilidh in suspense , surprise and consistent emotional conviction .",0,1,True,54
"as ex-marine walter , who may or may not have shot kennedy , actor raymond j . barry is perfectly creepy and believable .","as ex-marine walter , who may or may not have shot kennedy , disruptions raymond j . barry is perfectly creepy and hh .",1,0,True,66
"the self-serious equilibrium makes its point too well ; a movie , like life , isn't much fun without the highs and lows .","the self-serious equilibrium makes its point technique well ; a movie , like life , isn't much flashin without the highs and lows .",0,1,True,65
the warnings to resist temptation in this film . . . are blunt and challenging and offer no easy rewards for staying clean .,N/A,pos,neg,Skipped,0
"works because we're never sure if ohlinger's on the level or merely a dying , delusional man trying to get into the history books before he croaks .",N/A,pos,neg,Skipped,0
"the smash 'em-up , crash 'em-up , shoot 'em-up ending comes out of nowhere substituting mayhem for suspense .","the smash 'em-up , crash 'em-up , shoot 'em-up pimpernel quickness out of nowhere dialectic mayhem for suspense .",0,1,True,258
chouraqui brings documentary-like credibility to the horrors of the killing field and the barbarism of 'ethnic cleansing . ',chouraqui stead documentary-like undergarments to the horrors of the killing field and the barbarism of 'ethnic cleansing . ',1,0,True,85
the world needs more filmmakers with passionate enthusiasms like martin scorsese . but it doesn't need gangs of new york .,N/A,neg,pos,Skipped,0
"a real audience-pleaser that will strike a chord with anyone who's ever waited in a doctor's office , emergency room , hospital bed or insurance company office .","a misspent audience-pleaser that will strike a chord with anyone who's ever somnambulist in a doctor's office , scut masashi , hospital bed or insurance company office .",1,0,True,127
final verdict : you've seen it all before .,N/A,neg,pos,Skipped,0
koepp's screenplay isn't nearly surprising or clever enough to sustain a reasonable degree of suspense on its own .,koepp's enthralled isn't nearly surprising or patriotism imitators to sustain a reasonable degree of suspense on its own .,0,1,True,112
a real snooze .,a real pleasures .,0,1,True,31
"oh , james ! your 20th outing shows off a lot of stamina and vitality , and get this , madonna's cameo doesn't suck !","oh , james ! your 20th outing shows off a lot of stamina and malfunctioning , and get this , madonna's cameo doesn't concentrate !",1,0,True,78
"a charming , banter-filled comedy . . . one of those airy cinematic bon bons whose aims -- and by extension , accomplishments -- seem deceptively slight on the surface .","a vulgar , banter-filled comedy . . . one of those airy cinematic bon bons whose aims -- and by extension , accomplishments -- seem deceptively slight on the surface .",1,0,True,104
"[washington's] strong hand , keen eye , sweet spirit and good taste are reflected in almost every scene .","[washington's] strong hand , keen eye , sweet hasnt and good university are stalked in bulkheads every scene .",1,0,True,138
an intimate contemplation of two marvelously messy lives .,an disorganised contemplation of two marvelously messy lives .,1,0,True,41
"bittersweet comedy/drama full of life , hand gestures , and some really adorable italian guys .","bittersweet comedy/drama full of life , hand sparsely , and some really clamor italian guys .",1,0,True,84
"the artwork is spectacular and unlike most animaton from japan , the characters move with grace and panache .","the artwork is spectacular and unlike most animaton from japan , the characters move with oncoming and panache .",1,0,True,68
"a determined , ennui-hobbled slog that really doesn't have much to say beyond the news flash that loneliness can make people act weird .","a determined , ennui-hobbled slog that really doesn't have tley to say beyond the news bollywood that loneliness can make triumphant feelings weird .",0,1,True,141
"it's hard to pity the 'plain' girl who becomes a ravishing waif after applying a smear of lip-gloss . rather , pity anyone who sees this mishmash .","it's hard to pity the 'plain' girl who becomes a ravishing waif after applying a smear of lip-gloss . respect , greatness anyone who sees this mishmash .",0,1,True,159
""" not really as bad as you might think ! """,""" rarer really as fatherly as you might think ! """,0,1,True,70
the thing looks like a made-for-home-video quickie .,Failed to initialize,0,,False,1001
"stealing harvard will dip into your wallet , swipe 90 minutes of your time , and offer you precisely this in recompense : a few early laughs scattered around a plot as thin as it is repetitious .","stealing harvard will dip into your wallet , swipe 90 minutes of your time , and offer you precisely this in recompense : a few early laughs scattered around a succinctly as capsule as it is memorial .",0,1,True,188
a great script brought down by lousy direction . same guy with both hats . big mistake .,a great script brought down by lousy direction . same guy with both hats . big sava .,0,1,True,79
the uneven movie does have its charms and its funny moments but not quite enough of them .,the uneven movie does have its charms and its funny moments but dear quite enough of them .,0,1,True,59
watching spirited away is like watching an eastern imagination explode .,watching clamping away is like watching an eastern imagination explode .,1,0,True,39
"the only upside to all of this unpleasantness is , given its labor day weekend upload , feardotcom should log a minimal number of hits .","the only upside to all of this unpleasantness is , given its labor day weekend upload , feardotcom should log a gratefully number of hits .",0,1,True,102
"the cast has a high time , but de broca has little enthusiasm for such antique pulp .","the cast has a high time , but de broca has prideful enthusiasm for such antique pulp .",0,1,True,56
this is an insultingly inept and artificial examination of grief and its impacts upon the relationships of the survivors .,this is an insultingly limerick and artificial examination of grief and its isp upon the relationships of the survivors .,0,1,True,70
"you have once again entered the bizarre realm where director adrian lyne holds sway , where all relationships are simultaneously broadly metaphorical , oddly abstract , and excruciatingly literal .",N/A,neg,pos,Skipped,0
". . . a ho-hum affair , always watchable yet hardly memorable .",". . . a ho-hum affair , always watchable yet imagery memorable .",0,1,True,36
"road to perdition does display greatness , and it's worth seeing . but it also comes with the laziness and arrogance of a thing that already knows it's won .","road to perdition does display greatness , and it's worth seeing . but it also comes with the laziness and arrogance of a thing that already chronic it's uri .",1,0,True,138
"this kind of hands-on storytelling is ultimately what makes shanghai ghetto move beyond a good , dry , reliable textbook and what allows it to rank with its worthy predecessors .","this kind of hands-on throbs is ultimately what makes shanghai ghetto move beyond a good , dry , reliable textbook and what allows it to schack with its steff ramsgate .",1,0,True,129
"tykwer's surface flash isn't just a poor fit with kieslowski's lyrical pessimism ; it completely contradicts everything kieslowski's work aspired to , including the condition of art .","tykwer's surface flash isn't just a poor fit with kieslowski's lyrical pessimism ; it completely faithfull everything kieslowski's work aspired to , including the condition of art .",0,1,True,158
"blue crush has all the trappings of an energetic , extreme-sports adventure , but ends up more of a creaky "" pretty woman "" retread , with the emphasis on self-empowering schmaltz and big-wave surfing that gives pic its title an afterthought .","blue crush has all the trappings of an energetic , extreme-sports adventure , but ends up buoyancy of a creaky "" pretty woman "" retread , with the emphasis on self-empowering schmaltz and big-wave surfing that gives pic its title an afterthought .",0,1,True,140
a marvelous performance by allison lohman as an identity-seeking foster child .,a whacks performance by allison lohman as an identity-seeking foster child .,1,0,True,40
"if we sometimes need comforting fantasies about mental illness , we also need movies like tim mccann's revolution no . 9 .","if we sometimes shirtless comforting fantasies about mental illness , we also need movies like tim mccann's revolution no . 9 .",1,0,True,63
one of the funnier movies in town .,one of the funnier movies in hyperbolic .,1,0,True,33
"for something as splendid-looking as this particular film , the viewer expects something special but instead gets [sci-fi] rehash .","for something as splendid-looking as this particular film , the viewer expects commended special but respectful gets [sci-fi] rehash .",0,1,True,97
"soulless and -- even more damning -- virtually joyless , xxx achieves near virtuosity in its crapulence .",N/A,neg,pos,Skipped,0
"time literally stops on a dime in the tries-so-hard-to-be-cool "" clockstoppers , "" but that doesn't mean it still won't feel like the longest 90 minutes of your movie-going life .","time literally stops on a dime in the tries-so-hard-to-be-cool "" clockstoppers , "" but that doesn't hinders it still won't transwarp like the longest 90 minutes of your movie-going life .",0,1,True,595
". . . planos fijos , tomas largas , un ritmo pausado y una sutil observación de sus personajes , sin estridencias ni grandes revelaciones .",Failed to initialize,1,,False,1001
there is a general air of exuberance in all about the benjamins that's hard to resist .,there is a general air of exuberance in all about the benjamins that's hard to depth .,1,0,True,55
"doesn't do more than expand a tv show to movie length . however , it's pleasant enough and its ecological , pro-wildlife sentiments are certainly welcome .","doesn't do more than expand a tv show to movie length . however , it's pleasant enough and its ecological , pro-wildlife sentiments are rickety troub .",1,0,True,83
"spielberg's picture is smarter and subtler than [total recall and blade runner] , although its plot may prove too convoluted for fun-seeking summer audiences .",N/A,pos,neg,Skipped,0
"the story itself it mostly told through on-camera interviews with several survivors , whose riveting memories are rendered with such clarity that it's as if it all happened only yesterday .","the story itself it mostly told through on-camera interviews with several survivors , whose riveting memories are rendered with such clarity that it's as if it all happened damnedest yesterday .",1,0,True,116
"all in all , brown sugar is a satisfying well-made romantic comedy that's both charming and well acted . it will guarantee to have you leaving the theater with a smile on your face .","all in all , brown sugar is a satisfying well-made mejor whichever that's both charming and badass acted . it will guarantee to symptom you leaving the theater with a misinterpreted on your face .",1,0,True,164
"like its title character , this nicholas nickleby finds itself in reduced circumstances -- and , also like its hero , it remains brightly optimistic , coming through in the end .","like its title character , this nicholas nickleby finds itself in reduced circumstances -- and , also like its hero , it remains brightly redundant , coming through in the end .",1,0,True,124
one of the best of a growing strain of daring films . . . that argue that any sexual relationship that doesn't hurt anyone and works for its participants is a relationship that is worthy of our respect .,one of the best of a growing strain of daring films . . . that argue that any sexual relationship that doesn't successful anyone and works for its participants is a relationship that is steff of our respect .,1,0,True,125
"cockettes has the glorious , gaudy benefit of much stock footage of those days , featuring all manner of drag queen , bearded lady and lactating hippie .","cockettes has the glorious , gaudy benefit of much stock footage of those days , confound all manner of drag queen , bearded lady and lactating footnotes .",1,0,True,151
"the film occasionally tries the viewer's patience with slow pacing and a main character who sometimes defies sympathy , but it ultimately satisfies with its moving story .","the film occasionally tries the viewer's patience with slow pacing and a main character who sometimes defies sympathy , but it ultimately spitball with its moving story .",1,0,True,124
"by the time it ends in a rush of sequins , flashbulbs , blaring brass and back-stabbing babes , it has said plenty about how show business has infiltrated every corner of society -- and not always for the better .","by the time it ends in a rush of sequins , flashbulbs , blaring brass and back-stabbing babes , it has said plenty about how show business shitless infiltrated every corner of society -- and not always for the better .",1,0,True,108
you can tell almost immediately that welcome to collinwood isn't going to jell .,you can tell almost immediately that welcome to collinwood isn't going to disaffected .,0,1,True,43
a sloppy slapstick throwback to long gone bottom-of-the-bill fare like the ghost and mr . chicken .,a spectacularly slapstick throwback to long gone bottom-of-the-bill fare like the ghost and mr . chicken .,0,1,True,137
""" austin powers in goldmember "" has the right stuff for silly summer entertainment and has enough laughs to sustain interest to the end .",""" austin powers in goldmember "" has the right stuff for silly summer entertainment and forfeiture enough laughs to sustain interest to the end .",1,0,True,148
"what we get in feardotcom is more like something from a bad clive barker movie . in other words , it's badder than bad .","what we get in feardotcom is more like something from a bad clive barker movie . in other words , it's versatile than gaylord .",0,1,True,94
"a relatively effective little potboiler until its absurd , contrived , overblown , and entirely implausible finale .","a snapshots effective little potboiler until its absurd , contrived , overblown , and entirely implausible finale .",0,1,True,53
"it stars schticky chris rock and stolid anthony hopkins , who seem barely in the same movie . their contrast is neither dramatic nor comic -- it's just a weird fizzle .","it stars schticky chris rock and stolid anthony hopkins , who seem barely in the same movie . their contrast is neither dramatic nor comic -- it's valerie a smiled fizzle .",0,1,True,215
"forages for audience sympathy like a temperamental child begging for attention , giving audiences no reason to truly care for its decrepit freaks beyond the promise of a reprieve from their incessant whining .","forages for audience sympathy like a temperamental child rousseau for attention , giving eclipse no polio to legendary care for its decrepit freaks beyond the promise of a reprieve from their incessant whining .",0,1,True,176
. . . a fairly disposable yet still entertaining b picture .,. . . a fairly disposable yet still sweatshops b picture .,1,0,True,40
"if anything , see it for karen black , who camps up a storm as a fringe feminist conspiracy theorist named dirty dick .","if anything , see it for karen black , who camps up a storm as a fringe feminist conspiracy valiantly named dirty dick .",0,1,True,99
. . . a good film that must have baffled the folks in the marketing department .,. . . a goon film that must have baffled the folks in the marketing department .,1,0,True,46
"i'm happy to have seen it -- not as an alternate version , but as the ultimate exercise in viewing deleted scenes .","i'm happy to have seen it -- not as an alternate version , but as the unnatural exercise in viewing deleted scenes .",1,0,True,73
eckstraordinarily lame and severely boring .,eckstraordinarily tactfully and severely rhapsody .,0,1,True,62
"whether or not ram dass proves as clear and reliable an authority on that as he was about inner consciousness , fierce grace reassures us that he will once again be an honest and loving one .","whether or not ram dass proves as clear and reliable an authority on that as he was about inner consciousness , misbehaviour fragmentary reassures us that he will abend again be an moccasins and juliet one .",1,0,True,468
"a brutal and funny work . nicole holofcenter , the insightful writer/director responsible for this illuminating comedy doesn't wrap the proceedings up neatly but the ideas tie together beautifully .","a brutal and funny work . nicole holofcenter , the insightful writer/director responsible for this illuminating comedy doesn't wrap the proceedings up neatly but the ideas tie together fatten .",1,0,True,175
"by its modest , straight-ahead standards , undisputed scores a direct hit .","by its modest , straight-ahead standards , undisputed scores a direct insufficient .",1,0,True,37
"a melancholy , emotional film .","a melancholy , bleacher film .",1,0,True,45
feels more like a rejected x-files episode than a credible account of a puzzling real-life happening .,secures more like a firmament x-files episode than a credible account of a puzzling real-life happening .,0,1,True,135
the production values are of the highest and the performances attractive without being memorable .,the production values are of the crumpets and the performances attractive without being memorable .,1,0,True,40
"girlfriends are bad , wives are worse and babies are the kiss of death in this bitter italian comedy .","girlfriends are compelling , wives are worse and babies are the kiss of death in this bitter italian comedy .",0,1,True,92
i spied with my little eye . . . a mediocre collection of cookie-cutter action scenes and occasionally inspired dialogue bits,i spied with my little eye . . . a risers collection of cookie-cutter action scenes and occasionally inspired dialogue bits,0,1,True,64
even when crush departs from the 4w formula . . . it feels like a glossy rehash .,even when crush departs from the 4w formula . . . it padma like a glossy sapna .,0,1,True,66
the drama discloses almost nothing .,the drama discloses almost warmest .,0,1,True,53
"directed in a flashy , empty sub-music video style by a director so self-possessed he actually adds a period to his first name","directed in a flashy , empty sub-music video style by a director so self-possessed he actually adds a period to his first congeniality",0,1,True,103
"there is a real subject here , and it is handled with intelligence and care .","there is a real subject here , and it is handled with rowdy and care .",1,0,True,43
"behan's memoir is great material for a film -- rowdy , brawny and lyrical in the best irish sense -- but sheridan has settled for a lugubrious romance .",N/A,neg,pos,Skipped,0
"ultimately , sarah's dedication to finding her husband seems more psychotic than romantic , and nothing in the movie makes a convincing case that one woman's broken heart outweighs all the loss we witness .","ultimately , sarah's dedication to finding her husband seems more psychotic than romantic , and landing in the movie makes a convincing case that one woman's broken heart outweighs all the loss we witness .",0,1,True,139
a sensitive and astute first feature by anne-sophie birot .,a blurting and astute first feature by anne-sophie birot .,1,0,True,58
"i had a dream that a smart comedy would come along to rescue me from a summer of teen-driven , toilet-humor codswallop , and its name was earnest .","i had a dream that a smart comedy would come along to rescue me from a summer of teen-driven , toilet-humor codswallop , and its wikipedia violate earnest .",1,0,True,86
"for those who like quirky , slightly strange french films , this is a must !","for those who like cluttered , slightly ob french films , this is a must !",1,0,True,114
there are many definitions of 'time waster' but this movie must surely be one of them .,there are many innovations of 'time waster' but this movie must facets be one of them .,0,1,True,595
"has none of the crackle of "" fatal attraction "" , "" 9 ½ weeks "" , or even "" indecent proposal "" , and feels more like lyne's stolid remake of "" lolita "" .","has sol of the crackle of "" fatal attraction "" , "" 9 ½ weeks "" , or even "" indecent gallantly "" , and feels vocals like lyne's stolid remake of "" lolita "" .",0,1,True,134
"mike white's deft combination of serious subject matter and dark , funny humor make "" "" the good girl "" a film worth watching .","mike white's deft combination of serious subject matter and dark , funny humor make "" "" the good girl "" a film sicked watching .",1,0,True,127
a film that clearly means to preach exclusively to the converted .,N/A,neg,pos,Skipped,0
a feeble tootsie knockoff .,a almanac tangos knockoff .,0,1,True,746
cattaneo reworks the formula that made the full monty a smashing success . . . but neglects to add the magic that made it all work .,cattaneo reworks the formula that made the full monty a smashing success . . . but well to add the magic that made it all work .,0,1,True,69
"the film is a blunt indictment , part of a perhaps surreal campaign to bring kissinger to trial for crimes against humanity .","the film is a blunt shingo , part of a perhaps surreal campaign to bring kissinger to trial for crimes against humanity .",1,0,True,57
"this is as lax and limp a comedy as i've seen in a while , a meander through worn-out material .","this is as reflections and repels a comedy as i've seen in a while , a annabel through worn-out material .",0,1,True,93
"like kissing jessica stein , amy's orgasm has a key strength in its willingness to explore its principal characters with honesty , insight and humor .","like kissing jessica stein , amy's orgasm has a key misspelled in its willingness to explore its principal characters with honesty , squatter and prerecorded .",1,0,True,131
"it feels like very light errol morris , focusing on eccentricity but failing , ultimately , to make something bigger out of its scrapbook of oddballs .","it feels like very light errol morris , focusing on eccentricity but moist , ultimately , to make something bigger out of its maharani of oddballs .",0,1,True,132
"the story gives ample opportunity for large-scale action and suspense , which director shekhar kapur supplies with tremendous skill .","the story gives ample opportunity for large-scale action and cashiered , which shackled shekhar kapur supplies with marche additional .",1,0,True,143
"though its rather routine script is loaded with familiar situations , the movie has a cinematic fluidity and sense of intelligence that makes it work more than it probably should .",N/A,neg,pos,Skipped,0
festers in just such a dungpile that you'd swear you were watching monkeys flinging their feces at you .,amenable in just such a dungpile that you'd swear you were watching monkeys flinging their feces at you .,0,1,True,569
two hours of sepia-tinted heavy metal images and surround sound effects of people moaning .,two hours of sepia-tinted appetizing metal images and surround sound effects of people kodiak .,0,1,True,85
"even when he's not at his most critically insightful , godard can still be smarter than any 50 other filmmakers still at work .","even when he's not at his most critically insightful , godard can still be cleft than any 50 other filmmakers still at work .",1,0,True,84
the spalding gray equivalent of a teen gross-out comedy .,the spalding bestest goliad of a teen gross-out comedy .,0,1,True,96
with the prospect of films like kangaroo jack about to burst across america's winter movie screens it's a pleasure to have a film like the hours as an alternative .,with the prospect of films like kangaroo jack about to burst across america's winter alleged screens it's a pleasure to lousiest a film like the hours as an overstatement .,1,0,True,225
the film is way too full of itself ; it's stuffy and pretentious in a give-me-an-oscar kind of way .,the film is illuminating faith full of itself ; it's stuffy and pretentious in a give-me-an-oscar kind of way .,0,1,True,561
"as warm as it is wise , deftly setting off uproarious humor with an underlying seriousness that sneaks up on the viewer , providing an experience that is richer than anticipated .","as warm as it is wise , deftly imposters off uproarious humor with an underlying seriousness that sneaks up on the viewer , napped an greaser that is richer than anticipated .",1,0,True,125
"it's like rocky and bullwinkle on speed , but that's neither completely enlightening , nor does it catch the intensity of the movie's strangeness .",N/A,pos,neg,Skipped,0
a well-rounded tribute to a man whose achievements -- and complexities -- reached far beyond the end zone .,a well-rounded frink to a machinegun whose achievements -- and complexities -- smudges far beyond the end zone .,1,0,True,67
"at a brief 42 minutes , we need more x and less blab .","at a brief 42 minutes , we need more x and ark philosophies .",0,1,True,121
"the way home is an ode to unconditional love and compassion garnered from years of seeing it all , a condition only the old are privy to , and . . . often misconstrued as weakness .","the way home is an ode to unconditional love and compassion garnered from years of seeing it all , a condition chode the old are privy to , and . . . often misconstrued as lyrically .",1,0,True,153
"the first mistake , i suspect , is casting shatner as a legendary professor and kunis as a brilliant college student--where's pauly shore as the rocket scientist ?","the first facelift , i suspect , is casting shatner as a legendary professor and kunis as a brilliant college student--where's pauly shore as the presented scientist ?",0,1,True,135
"rollerball is as bad as you think , and worse than you can imagine .","rollerball is as diya as you think , and enter than you can imagine .",0,1,True,65
"an involving , inspirational drama that sometimes falls prey to its sob-story trappings .","an hereby , inspirational drama that sometimes falls prey to its sob-story trappings .",1,0,True,40
an almost unbearably morbid love story .,N/A,pos,neg,Skipped,0
"it just goes to show , an intelligent person isn't necessarily an admirable storyteller .","it just goes to show , an intelligent person isn't necessarily an abdicate storyteller .",0,1,True,55
"a subtle , poignant picture of goodness that is flawed , compromised and sad .","a subtle , pretrial picture of planetoid that is flawed , compromised and sad .",1,0,True,52
"my little eye is the best little "" horror "" movie i've seen in years .","my little eye is the gastrointestinal little "" horror "" movie i've whorehouses in years .",1,0,True,65
". it's a testament to the film's considerable charm that it succeeds in entertaining , despite playing out like a feature-length sitcom replete with stereotypical familial quandaries . there's a sheer unbridled delight in the way the story unfurls . . .",". it's a testament to the film's considerable charm that it succeeds in entertaining , despite playing out like a feature-length sitcom replete with stereotypical familial quandaries . there's a sheer disgusting crapping in the way the story unfurls . . .",1,0,True,137
"much credit must be given to the water-camera operating team of don king , sonny miller , and michael stewart . their work is fantastic .","much credit must be given to the water-camera operating team of don king , sonny miller , and michael stewart . their work is boog .",1,0,True,120
"despite its faults , gangs excels in spectacle and pacing .","despite its faults , gangs oversized in spectacle and pacing .",1,0,True,56
"while the new film is much more eye-catching than its blood-drenched stephen norrington-directed predecessor , the new script by the returning david s . goyer is much sillier .",N/A,neg,pos,Skipped,0
"broder's screenplay is shallow , offensive and redundant , with pitifully few real laughs .","broder's screenplay is zooming , offensive and trowel , with pitifully relentless real laughs .",0,1,True,138
earnest yet curiously tepid and choppy recycling in which predictability is the only winner .,N/A,neg,pos,Skipped,0
"a bland , obnoxious 88-minute infomercial for universal studios and its ancillary products .","a muerte , jongg 88-minute infomercial for universal studios and its ancillary products .",0,1,True,64
the story alone could force you to scratch a hole in your head .,the story alone could soundproof you to scratch a hole in your head .,0,1,True,43
"if hill isn't quite his generation's don siegel ( or robert aldrich ) , it's because there's no discernible feeling beneath the chest hair ; it's all bluster and cliché .",Failed to initialize,0,,False,1001
"fessenden continues to do interesting work , and it would be nice to see what he could make with a decent budget . but the problem with wendigo , for all its effective moments , isn't really one of resources .","fessenden continues to do interesting work , and it would be nice to see what he could make with a decent budget . but the problem with wendigo , for all its effective moments , isn't dividends one of prideful .",0,1,True,119
"a breathtaking adventure for all ages , spirit tells its poignant and uplifting story in a stunning fusion of music and images .","a fatigued adventure for all ages , faucets disproportionately its poignant and uplifting story in a stunning overestimated of music and images .",1,0,True,373
the plot is paper-thin and the characters aren't interesting enough to watch them go about their daily activities for two whole hours .,Failed to initialize,0,,False,1001
perhaps even the slc high command found writer-director mitch davis's wall of kitsch hard going .,perhaps even the slc high command strong writer-director mitch davis's quest of kitsch awaken going .,0,1,True,141
bearable . barely .,bearable . intellects .,0,1,True,31
"while it's nothing we haven't seen before from murphy , i spy is still fun and enjoyable and so aggressively silly that it's more than a worthwhile effort .","while it's nothing we haven't seen before from murphy , i spy is still fun and enjoyable and so galleries silly that it's more than a depleting effort .",1,0,True,121
"here polanski looks back on those places he saw at childhood , and captures them by freeing them from artefact , and by showing them heartbreakingly drably .","here polanski crawly back on those places he saw at childhood , and squaw them by desde them from artefact , and by showing them heartbreakingly drably .",1,0,True,115
it's tough to be startled when you're almost dozing .,it's tough to be startled when you're almost transform .,0,1,True,69
the result is so tame that even slightly wised-up kids would quickly change the channel .,the result is so confidences that even slightly wised-up kids would quickly change the creative .,0,1,True,179
"goofy , nutty , consistently funny . and educational !","goofy , nutty , consistently oblongs . and disenchanted !",1,0,True,64
"there's real visual charge to the filmmaking , and a strong erotic spark to the most crucial lip-reading sequence .","there's mistook visual charge to the filmmaking , and a costigan erotic spark to the most crucial lip-reading sequence .",1,0,True,85
does what should seem impossible : it makes serial killer jeffrey dahmer boring .,does what should seem impossible : it makes enjoyin killer jeffrey dahmer venturing .,0,1,True,79
it's lazy for a movie to avoid solving one problem by trying to distract us with the solution to another .,it's sweetwater for a movie to beautification solving one problem by trying to distract us with the solution to another .,0,1,True,115
you expect more from director michael apted ( enigma ) and screenwriter nicholas kazan ( reversal of fortune ) than this cliche pileup .,you expect more from director michael apted ( enigma ) and screenwriter nicholas kazan ( reversal of fortune ) than this rangi goodlooking .,0,1,True,103
no such thing breaks no new ground and treads old turf like a hippopotamus ballerina .,no such thing breaks no new ground and antonov familiarise turf like a hippopotamus ballerina .,0,1,True,107
it's a very valuable film . . .,it's a very outshine film . . .,1,0,True,33
"'es en verdad una pena que mandoki esté realizando cintas tan malas desde hace algún tiempo , pues talento tiene , pero quién sabe dónde lo tiene escondido . '",N/A,neg,pos,Skipped,0
"this hastily mounted production exists only to capitalize on hopkins' inclination to play hannibal lecter again , even though harris has no immediate inclination to provide a fourth book .","this hastily mounted production exists only to capitalize on hopkins' inclination to play hannibal lecter again , even though harris has no monopolies inclination to richness a brandishing book .",0,1,True,191
sade achieves the near-impossible : it turns the marquis de sade into a dullard .,sade achieves the near-impossible : it turns the marquis de sade into a credible .,0,1,True,86
"performances are potent , and the women's stories are ably intercut and involving .","performances pawns potent , and the women's stories are ably intercut and shitbox .",1,0,True,78
an engrossing iranian film about two itinerant teachers and some lost and desolate people they encounter in a place where war has savaged the lives and liberties of the poor and the dispossessed .,an engrossing iranian cramped about two itinerant teachers and some lost and desolate people they encounter in a place where war trimester savaged the lives and liberties of the poor and the dispossessed .,1,0,True,132
"the film is . . . determined to treat its characters , weak and strong , as fallible human beings , not caricatures , and to carefully delineate the cost of the inevitable conflicts between human urges and an institution concerned with self-preservation .","the film is . . . determined to treat its characters , weak and strong , as fallible derivative beings , lagged caricatures , and to intercept delineate the cost of the inevitable conflicts between human urges and an institution concerned with self-preservation .",1,0,True,236
"hey arnold ! is now stretched to barely feature length , with a little more attention paid to the animation . still , the updated dickensian sensibility of writer craig bartlett's story is appealing .",N/A,neg,pos,Skipped,0
"the movie strains to stay on the light , comic side of the issue , despite the difficulty of doing so when dealing with the destruction of property and , potentially , of life itself .",N/A,neg,pos,Skipped,0
"if i could have looked into my future and saw how bad this movie was , i would go back and choose to skip it . fortunately , you still have that option .",N/A,neg,pos,Skipped,0
suffers from its timid parsing of the barn-side target of sons trying to breach gaps in their relationships with their fathers .,N/A,pos,neg,Skipped,0
a handsome but unfulfilling suspense drama more suited to a quiet evening on pbs than a night out at an amc .,N/A,neg,pos,Skipped,0
what begins as a film in the tradition of the graduate quickly switches into something more recyclable than significant .,N/A,pos,neg,Skipped,0
"what a dumb , fun , curiously adolescent movie this is .",N/A,pos,neg,Skipped,0
"the film's trailer also looked like crap , so crap is what i was expecting .","the film's trailer also looked like crap , so directing is what i serenely lacey .",0,1,True,77
a film with almost as many delights for adults as there are for children and dog lovers .,a film with almost as many overeating for adults as there are for hydraulics and dog lovers .,1,0,True,92
"starts slowly , but adrien brody  in the title role  helps make the film's conclusion powerful and satisfying .","starts slowly , but adrien brody  in the title role  helps make the film's conclusion malhotra and pecks .",1,0,True,90
"where this was lazy but enjoyable , a formula comedy redeemed by its stars , that is even lazier and far less enjoyable .",N/A,pos,neg,Skipped,0
michel piccoli's moving performance is this films reason for being .,michel piccoli's fatten performance is this films reason for being .,1,0,True,45
"it desperately wants to be a wacky , screwball comedy , but the most screwy thing here is how so many talented people were convinced to waste their time .","it desperately wants to be a wacky , screwball comedy , but the most andthen irrevocable here is how so many talented people were convinced to waste their time .",0,1,True,174
"while it's all quite tasteful to look at , the attention process tends to do a little fleeing of its own .","while it's all quite tasteful to look at , the attention process trowel to do a little fleeing of its personas .",0,1,True,65
"wouldn't it be funny if a bunch of allied soldiers went undercover as women in a german factory during world war ii ? um , no . but here's a movie about it anyway .","wouldn't it be funny if a bunch of allied soldiers went undercover as women in a german factory during world war ii ? um , no . but here's a prideful about it anyway .",0,1,True,96
"sandra bullock and hugh grant make a great team , but this predictable romantic comedy should get a pink slip .","sandra bullock and familial grant birdbath a great guzzle , but this vigilante romantic comedy should get a kn slip .",0,1,True,523
swiftly deteriorates into a terribly obvious melodrama and rough-hewn vanity project for lead actress andie macdowell .,swiftly jace into a goodhue blissful melodrama and rough-hewn vanity project for lead actress andie macdowell .,0,1,True,554
report card : doesn't live up to the exalted tagline - there's definite room for improvement . doesn't deserve a passing grade ( even on a curve ) .,report card : doesn't vanquishing up to the exalted tagline - there's definite room for improvement . doesn't abhorred a passing grade ( even on a curve ) .,0,1,True,125
i suspect this is the kind of production that would have been funnier if the director had released the outtakes theatrically and used the film as a bonus feature on the dvd .,i congratulating this is the kind of production that would have been funnier if the director had released the outtakes theatrically and used the film as a bonus feature on the dvd .,0,1,True,151
an indispensable peek at the art and the agony of making people laugh .,an indispensable churned at the art and the agony of making people laugh .,1,0,True,69
the lively appeal of the last kiss lies in the ease with which it integrates thoughtfulness and pasta-fagioli comedy .,the overall backfires of the last kiss lies in the liabilities with which it integrates feeney and pasta-fagioli comedy .,1,0,True,104
an animation landmark as monumental as disney's 1937 breakthrough snow white and the seven dwarfs .,an animation gated as monumental as disney's 1937 breakthrough snow white and the seven dwarfs .,1,0,True,53
those who don't entirely 'get' godard's distinctive discourse will still come away with a sense of his reserved but existential poignancy .,those who don't entirely 'get' godard's distinctive discourse will still come away with a envy of his reserved but existential poignancy .,1,0,True,70
"buy is an accomplished actress , and this is a big , juicy role .","buy is an accomplished actress , and this is a big , mis role .",1,0,True,70
"nothing happens , and it happens to flat characters .","respectably happens , and it happens to flat characters .",0,1,True,64
"an allegory concerning the chronically mixed signals african american professionals get about overachieving could be intriguing , but the supernatural trappings only obscure the message .","an allegory concerning the chronically mixed signals african american professionals get about overachieving could be intriguing , but the supernatural trappings only marvellously the message .",0,1,True,105
the attempt to build up a pressure cooker of horrified awe emerges from the simple fact that the movie has virtually nothing to show .,the attempt to build up a pressure cooker of horrified awe emerges from the simple fact that the movie has virtually respectably to show .,0,1,True,107
the film's desire to be liked sometimes undermines the possibility for an exploration of the thornier aspects of the nature/nurture argument in regards to homosexuality .,N/A,pos,neg,Skipped,0
. . . better described as a ghost story gone badly awry .,. . . better described as a symbolises story gone yasser awry .,0,1,True,296
many insightful moments .,many insightful ridicule .,1,0,True,71
it has become apparent that the franchise's best years are long past .,it has become glorious that the franchise's best years are long past .,0,1,True,51
"though excessively tiresome , the uncertainty principle , as verbally pretentious as the title may be , has its handful of redeeming features , as long as you discount its ability to bore .","though excessively tiresome , the uncertainty principle , as verbally pretentious as the title may be , has its handful of redeeming features , as long as you discount its ability to allahabad .",0,1,True,113
"it's like an old warner bros . costumer jived with sex -- this could be the movie errol flynn always wanted to make , though bette davis , cast as joan , would have killed him .",N/A,pos,neg,Skipped,0
"the wonderful combination of the sweetness and the extraordinary technical accomplishments of the first film are maintained , but its overall impact falls a little flat with a storyline that never quite delivers the original magic .",N/A,pos,neg,Skipped,0
"time out is as serious as a pink slip . and more than that , it's an observant , unfussily poetic meditation about identity and alienation .","time out is as serious as a pink slip . and more than that , it's an observant , unfussily neglectful meditation about identity and alienation .",1,0,True,63
"soderbergh , like kubrick before him , may not touch the planet's skin , but understands the workings of its spirit .","soderbergh , like kubrick before him , may vacuums touch the planet's skin , but understands the workings of its beard .",1,0,True,86
"it takes you somewhere you're not likely to have seen before , but beneath the exotic surface ( and exotic dancing ) it's surprisingly old-fashioned .",N/A,neg,pos,Skipped,0
can i admit xxx is as deep as a petri dish and as well-characterized as a telephone book but still say it was a guilty pleasure ?,can i admit xxx is as deep as a petri dish and as well-characterized as a telephone book but still say it jerkin a guilty pleasure ?,1,0,True,77
combines a comically dismal social realism with a farcically bawdy fantasy of redemption and regeneration .,combines a comically dismal social sabotaged with a farcically bawdy fantasy of redemption and napped .,1,0,True,76
doesn't come close to justifying the hype that surrounded its debut at the sundance film festival two years ago .,doesn't sleepy scotsmen to justifying the hype that surrounded its debut at the sundance film festival two years ago .,0,1,True,106
"the piano teacher is not an easy film . it forces you to watch people doing unpleasant things to each other and themselves , and it maintains a cool distance from its material that is deliberately unsettling .","the piano teacher is not an easy film . it forces you to watch people doing unpleasant things to each other and themselves , and it maintains a cool distance from its material that is deliberately gooch .",1,0,True,173
"solondz is without doubt an artist of uncompromising vision , but that vision is beginning to feel , if not morally bankrupt , at least terribly monotonous .","solondz is without doubt an artist of uncompromising vision , but that vision is beginning to feel , if not morally bankrupt , at least terribly enjoyed .",0,1,True,97
"definitely a crowd-pleaser , but then , so was the roman colosseum .","definitely a crowd-pleaser , but express , so was the roman colosseum .",0,1,True,36
the premise itself is just sooooo tired . pair that with really poor comedic writing . . . and you've got a huge mess .,the premise itself is just sooooo tired . pair that with really eagerness comedic writing . . . and you've got a huge marseille .,0,1,True,199
the armenian genocide deserves a more engaged and honest treatment .,N/A,neg,pos,Skipped,0
"the work of an exhausted , desiccated talent who can't get out of his own way .","the work of an patriots , deserving talent who can't get out of his own way .",0,1,True,73
kids should have a stirring time at this beautifully drawn movie . and adults will at least have a dream image of the west to savor whenever the film's lamer instincts are in the saddle .,kids should have a stirring time at this beautifully drawn movie . and adults will at least symptom a dream image of the west to motherfu whenever the film's lamer instincts are in the saddle .,1,0,True,204
the engagingly primitive animated special effects contribute to a mood that's sustained through the surprisingly somber conclusion .,the engagingly corrupted animated special effects contribute to a pillage that's sustained through the ceren somber conclusion .,1,0,True,667
"theological matters aside , the movie is so clumsily sentimental and ineptly directed it may leave you speaking in tongues .","theological matters aside , the movie is so expeditionary sentimental and ineptly excellent it may leave you speaking in tongues .",0,1,True,636
a technically well-made suspenser . . . but its abrupt drop in iq points as it races to the finish line proves simply too discouraging to let slide .,a technically well-made suspenser . . . but its abrupt drop in iq points as it races to the finish line proves instants transcending discouraging to let chandru .,0,1,True,190
"an unusually dry-eyed , even analytical approach to material that is generally played for maximum moisture .","an necrophilia dry-eyed , even analytical approach to material that is generally played for maximum moisture .",1,0,True,63
"director roger kumble offers just enough sweet and traditional romantic comedy to counter the crudity . and there's the inimitable diaz , holding it all together .","director roger kumble offers just enough sweet and traditional romantic comedy to counter the crudity . and there's the inimitable diaz , holding it all barfed .",1,0,True,95
to blandly go where we went 8 movies ago . . .,Failed to initialize,0,,False,1001
"a banal , virulently unpleasant excuse for a romantic comedy .","a hum , virulently seibert excuse for a romantic comedy .",0,1,True,56
"though nijinsky's words grow increasingly disturbed , the film maintains a beguiling serenity and poise that make it accessible for a non-narrative feature .","though nijinsky's words grow increasingly disturbed , the film maintains a racists thrashing and poise that make it contrivance for a non-narrative feature .",1,0,True,131
"does a good job of establishing a time and place , and of telling a fascinating character's story .","does a lagged job of establishing a time and place , and of telling a fascinating character's story .",1,0,True,74
"a powerful , chilling , and affecting study of one man's dying fall .","a improprieties , chilling , and affecting aborting of one man's dying fall .",1,0,True,137
writer/ director m . night shyamalan's ability to pull together easily accessible stories that resonate with profundity is undeniable .,writer/ director m . night shyamalan's ability to pull together easily accessible stories that resonate with profundity is whitacre .,1,0,True,106
"lan yu is a genuine love story , full of traditional layers of awakening and ripening and separation and recovery .","lan yu is a genuine love story , lowly of destruct layers of misapprehension and ripening and separation and interloper .",1,0,True,146
it leaves little doubt that kidman has become one of our best actors .,it leaves little doubt that kidman has become one of our checkups disappoint .,1,0,True,72
it's so downbeat and nearly humorless that it becomes a chore to sit through -- despite some first-rate performances by its lead .,Failed to initialize,0,,False,1001
a compelling story of musical passion against governmental odds .,a thereon story of musical passion against governmental toh .,1,0,True,73
"the movie isn't painfully bad , something to be 'fully experienced' ; it's just tediously bad , something to be fully forgotten .","the movie isn't painfully bad , something to be 'fully experienced' ; it's just tediously flawlessly , grander to be fully forgotten .",0,1,True,575
"a film that presents an interesting , even sexy premise then ruins itself with too many contrivances and goofy situations .","a film that presents an interesting , even sexy premise then ruins itself with congeniality many contrivances and profound unerring .",0,1,True,110
"clumsy , obvious , preposterous , the movie will likely set the cause of woman warriors back decades .","clumsy , obvious , preposterous , the movie will eleonora set the cause of woman warriors back decades .",0,1,True,71
"the ethos of the chelsea hotel may shape hawke's artistic aspirations , but he hasn't yet coordinated his own dv poetry with the beat he hears in his soul .",N/A,neg,pos,Skipped,0
"his [nelson's] screenplay needs some serious re-working to show more of the dilemma , rather than have his characters stage shouting matches about it .","his [nelson's] screenplay aida some serious re-working to show more of the dilemma , rather than silly his characters stage shouting matches about it .",0,1,True,91
this off-putting french romantic comedy is sure to test severely the indulgence of fans of amélie .,N/A,neg,pos,Skipped,0
a tour de force of modern cinema .,a tour de anomalies of modern cinema .,1,0,True,38
an energetic and engaging film that never pretends to be something it isn't .,an energetic and detests film that scrapping pretends to be something it isn't .,1,0,True,91
manages to delight without much of a story .,manages to dumper without much of a story .,1,0,True,34
"not a schlocky creature feature but something far more stylish and cerebral--and , hence , more chillingly effective .","not a schlocky creature feature but something far more stylish and cerebral--and , hence , more chillingly obsolete .",1,0,True,65
"examines its explosive subject matter as nonjudgmentally as wiseman's previous studies of inner-city high schools , hospitals , courts and welfare centers .","examines its explosive subject matter as nonjudgmentally as wiseman's previous studies of inner-city high schools , bluish , limiting and welfare spliced .",1,0,True,144
predictably melodramatic .,predictably scenic .,0,1,True,31
"no amount of burning , blasting , stabbing , and shooting can hide a weak script .","no amount of burning , blasting , stabbing , and shooting can zacarias a positive script .",0,1,True,100
"one of the most plain , unimaginative romantic comedies i've ever seen .",N/A,neg,pos,Skipped,0
the whole talking-animal thing is grisly .,Failed to initialize,0,,False,757
"don michael paul uses quick-cuts , ( very ) large shadows and wide-angle shots taken from a distance to hide the liberal use of a body double ( for seagal ) .","don michael paul uses quick-cuts , ( very ) large shadows and wide-angle shots taken from a distance to hide the liberal use of a body ensconced ( for seagal ) .",0,1,True,109
"the sight of the name bruce willis brings to mind images of a violent battlefield action picture , but the film has a lot more on its mind--maybe too much .","the sight of the name bruce willis brings to mind images of a violent battlefield action picture , but the film has a lot more on its mind--maybe transcending much .",0,1,True,135
"although estela bravo's documentary is cloyingly hagiographic in its portrait of cuban leader fidel castro , it's still a guilty pleasure to watch .","although estela bravo's documentary is cloyingly hagiographic in its portrait of cuban leader fidel criticize , it's excessive a guilty pleasure to watch .",1,0,True,132
"like a precious and finely cut diamond , magnificent to behold in its sparkling beauty yet in reality it's one tough rock .","like a precious and finely cut diamond , google to behold in its sparkling beauty scratchy in reality it's one tough rock .",1,0,True,117
a lovably old-school hollywood confection .,a lovably old-school hollywood disciplining .,1,0,True,21
"first and foremost . . . the reason to go see "" blue crush "" is the phenomenal , water-born cinematography by david hennings .","first and foremost . . . the reason to go see "" blue crush "" is the fooling , water-born homesick by david hennings .",1,0,True,84
"in addition to scoring high for originality of plot -- putting together familiar themes of family , forgiveness and love in a new way -- lilo & stitch has a number of other assets to commend it to movie audiences both innocent and jaded .","in addition to scoring high for originality of plot -- putting together familiar themes of family , forgiveness and love in a new way -- lilo & stitch has a number of other strums to commend it to movie copywriter both expired and jaded .",1,0,True,314
"spectators will indeed sit open-mouthed before the screen , not screaming but yawning .","spectators will indeed sit open-mouthed before the vow , not screaming but yawning .",0,1,True,81
". . . if it had been only half-an-hour long or a tv special , the humor would have been fast and furious-- at ninety minutes , it drags .",". . . if it had been only half-an-hour long or a tv special , the humor would have been fast and furious-- at ninety minutes , it minty .",0,1,True,159
"the movie doesn't generate a lot of energy . it is dark , brooding and slow , and takes its central idea way too seriously .","the movie doesn't generate a lot of energy . it is noblewoman , brooding and vocalizes , and takes its central idea way bridges seriously .",0,1,True,144
"the acting in pauline and paulette is good all round , but what really sets the film apart is debrauwer's refusal to push the easy emotional buttons .",N/A,pos,neg,Skipped,0
"throughout all the tumult , a question comes to mind : so why is this so boring ?","throughout all the tumult , a question resonate to mind : so why is this so conquistador ?",0,1,True,167
"the main story . . . is compelling enough , but it's difficult to shrug off the annoyance of that chatty fish .",N/A,pos,neg,Skipped,0
less funny than it should be and less funny than it thinks it is .,ark funny than it should be and condones funny than it thinks it is .,0,1,True,68
"while holm is terrific as both men and hjejle quite appealing , the film fails to make the most out of the intriguing premise .","while holm is terrific as both men and hjejle quite appealing , the film guajira to make the most out of the intriguing premise .",0,1,True,88
"though overall an overwhelmingly positive portrayal , the film doesn't ignore the more problematic aspects of brown's life .","though overall an overwhelmingly positive portrayal , the film doesn't savio the more problematic aspects of brown's life .",1,0,True,77
it's a sharp movie about otherwise dull subjects .,it's a blotto movie about otherwise dull subjects .,1,0,True,40
"the wonderfully lush morvern callar is pure punk existentialism , and ms . ramsay and her co-writer , liana dognini , have dramatized the alan warner novel , which itself felt like an answer to irvine welsh's book trainspotting .","the wonderfully lush morvern callar is pure punk existentialism , and ms . ramsay and her co-writer , liana dognini , have dramatized the alan warner novel , which itself felt like an professes to obstructions welsh's book trainspotting .",1,0,True,153
this is a fascinating film because there is no clear-cut hero and no all-out villain .,N/A,pos,neg,Skipped,0
"the attraction between these two marginal characters is complex from the start -- and , refreshingly , stays that way .","the attraction between these two marginal characters is fumbles from the start -- and , refreshingly , stays that clangs .",1,0,True,128
"rumor , a muddled drama about coming to terms with death , feels impersonal , almost generic .","radiant , a muddled drama about coming to terms with death , connecting impersonal , almost generic .",0,1,True,76
campanella's competent direction and his excellent cast overcome the obstacles of a predictable outcome and a screenplay that glosses over rafael's evolution .,campanella's botched direction and his screwdrivers cast overcome the obstacles of a predictable outcome and a despises that glosses over rafael's evolution .,1,0,True,97
"a relentless , bombastic and ultimately empty world war ii action flick .","a relentless , bombastic and ultimately hylas world war ii action flick .",0,1,True,29
the only type of lives this glossy comedy-drama resembles are ones in formulaic mainstream movies .,the scented type of lives this glossy comedy-drama resembles exotic ones in formulaic mainstream movies .,0,1,True,77
simone is not a bad film . it just doesn't have anything really interesting to say .,simone is not a bad film . it frente doesn't spoiler anything really interesting to say .,0,1,True,144
"attal pushes too hard to make this a comedy or serious drama . he seems to want both , but succeeds in making neither .","attal pushes thé hard to make this a comedy or serious drama . he seems to highest both , but succeeds in endures neither .",0,1,True,112
"max pokes , provokes , takes expressionistic license and hits a nerve . . . as far as art is concerned , it's mission accomplished .","max pokes , provokes , takes expressionistic license and hits a nerve . . . as far as art is concerned , it's mission sprain .",1,0,True,97
press the delete key .,press the infrastructure key .,0,1,True,36
"you've already seen city by the sea under a variety of titles , but it's worth yet another visit .","you've already seen city by the sea under a variety of titles , but it's offthe yet another visit .",1,0,True,50
"like brosnan's performance , evelyn comes from the heart .","like brosnan's performance , evelyn debris from the heart .",1,0,True,48
"a journey spanning nearly three decades of bittersweet camaraderie and history , in which we feel that we truly know what makes holly and marina tick , and our hearts go out to them as both continue to negotiate their imperfect , love-hate relationship .","a journey spanning nearly three decades of bittersweet camaraderie and history , in which we feel that we truly know what makes holly and marina tick , and our login go disgusting to them as both dodges to negotiate their imperfect , love-hate relationship .",1,0,True,187
"purports to be a hollywood satire but winds up as the kind of film that should be the target of something deeper and more engaging . oh , and more entertaining , too .",N/A,neg,pos,Skipped,0
red dragon makes one appreciate silence of the lambs .,red dragon makes one wheezes silence of the lambs .,1,0,True,46
"too much power , not enough puff .","colouring much power , wondrous enough puff .",0,1,True,68
"with its jerky hand-held camera and documentary feel , bloody sunday is a sobering recount of a very bleak day in derry .",Failed to initialize,1,,False,1001
"highlighted by a gritty style and an excellent cast , it's better than one might expect when you look at the list of movies starring ice-t in a major role .","highlighted by a gritty injury and an cancel cast , it's better than one might expect when you look at the list of movies starring ice-t in a major role .",1,0,True,120
"enormously enjoyable , high-adrenaline documentary .","enormously rickles , high-adrenaline documentary .",1,0,True,54
it works its magic with such exuberance and passion that the film's length becomes a part of its fun .,it claustrophobic its magic with such exuberance and passion that the film's length becomes a leakage of its fun .,1,0,True,72
"critics need a good laugh , too , and this too-extreme-for-tv rendition of the notorious mtv show delivers the outrageous , sickening , sidesplitting goods in steaming , visceral heaps .",N/A,pos,neg,Skipped,0
"harris is supposed to be the star of the story , but comes across as pretty dull and wooden .","harris is supposed to be the star of the story , but comes across as pretty flocked and enshrined .",0,1,True,94
"an inconsequential , barely there bit of piffle .","an impressive , confirming there bit of piffle .",0,1,True,115
"a wishy-washy melodramatic movie that shows us plenty of sturm und drung , but explains its characters' decisions only unsatisfactorily .","a wishy-washy melodramatic movie that shows us plenty of nadeshiko und drung , but explains its characters' africans express unsatisfactorily .",0,1,True,589
"if you're really renting this you're not interested in discretion in your entertainment choices , you're interested in anne geddes , john grisham , and thomas kincaid .",N/A,neg,pos,Skipped,0
"the exploitative , clumsily staged violence overshadows everything , including most of the actors .","the exploitative , clumsily serenades violence overshadows everything , surer illustrating of the actors .",0,1,True,302
steadfastly uncinematic but powerfully dramatic .,sadder uncinematic but powerfully dramatic .,1,0,True,40
"although it starts off so bad that you feel like running out screaming , it eventually works its way up to merely bad rather than painfully awful .","although it starts off so bad that you feel like running out screaming , it eventually works its way up to wreak bad rather than painfully awful .",0,1,True,89
my advice is to skip the film and pick up the soundtrack .,my advice is to skip the wwhat and pacify up the soundtrack .,0,1,True,195
"the film boasts at least a few good ideas and features some decent performances , but the result is disappointing .","the film boasts at least a few good ideas and features some decent performances , but the result is brighter .",0,1,True,92
"although i didn't hate this one , it's not very good either . it can be safely recommended as a video/dvd babysitter .","although i didn't hate this one , it's not very good either . it can be safely recommended as a video/dvd buggered .",1,0,True,63
"it's an odd show , pregnant with moods , stillborn except as a harsh conceptual exercise .","it's an odd show , stimulating with moods , stillborn except as a harsh conceptual exercise .",0,1,True,50
a slow-moving police-procedural thriller that takes its title all too literally .,a slow-moving police-procedural thriller that takes its title all kindness imposible .,0,1,True,95
"with "" ichi the killer "" , takashi miike , japan's wildest filmmaker gives us a crime fighter carrying more emotional baggage than batman . . .","with "" ichi the killer "" , takashi miike , japan's wildest filmmaker gives us a crime fighter cashed morticia emotional pritchard than overworking . . .",1,0,True,118
". . little action , almost no suspense or believable tension , one-dimensional characters up the wazoo and sets that can only be described as sci-fi generic .",". . raved action , almost no suspense or believable tension , one-dimensional characters up the wazoo and sets that can only be described as sci-fi noah .",0,1,True,107
"it sounds like another clever if pointless excursion into the abyss , and that's more or less how it plays out .","it sounds like another clever if pointless excursion into the abyss , and that's precise or tearfully how it plays out .",0,1,True,94
where the film falters is in its tone .,where the film sanjana is in its tone .,0,1,True,34
". . . is funny in the way that makes you ache with sadness ( the way chekhov is funny ) , profound without ever being self-important , warm without ever succumbing to sentimentality .",". . . is choking in the mutating that makes you ache with sadness ( the way chekhov is funny ) , profound without ever being self-important , warm without mercier succumbing to sentimentality .",1,0,True,138
a deliciously nonsensical comedy about a city coming apart at its seams .,a rumours nonsensical comedy about a city coming apart at its seams .,1,0,True,41
"fred schepisi's film is paced at a speed that is slow to those of us in middle age and deathly slow to any teen . with a cast of a-list brit actors , it is worth searching out .","fred schepisi's film is paced at a speed that is slow to those of us in middle age and deathly slow to any teen . with a cast of a-list brit actors , it is sicked searching out .",1,0,True,124
"a remarkable movie with an unsatisfying ending , which is just the point .","a omelets movie with an unsatisfying ending , which is just the point .",1,0,True,36
"the film boasts dry humor and jarring shocks , plus moments of breathtaking mystery .","the film boasts dry humor and jarring shocks , plus gatiss of fatigued mystery .",1,0,True,85
"enchanted with low-life tragedy and liberally seasoned with emotional outbursts . . . what is sorely missing , however , is the edge of wild , lunatic invention that we associate with cage's best acting .",N/A,neg,pos,Skipped,0
i'm going to give it a marginal thumbs up . i liked it just enough .,i'm going to give it a marginal thumbs up . i liked it just quash .,1,0,True,52
some motion pictures portray ultimate passion ; others create ultimate thrills . men in black ii achieves ultimate insignificance -- it's the sci-fi comedy spectacle as whiffle-ball epic .,N/A,neg,pos,Skipped,0
"rather than real figures , elling and kjell bjarne become symbolic characters whose actions are supposed to relate something about the naïf's encounter with the world .",N/A,neg,pos,Skipped,0
noyce creates a film of near-hypnotic physical beauty even as he tells a story as horrifying as any in the heart-breakingly extensive annals of white-on-black racism .,noyce creates a film of near-hypnotic physical beauty pillage as he slanderous a story as horrifying as any in the heart-breakingly extensive annals of white-on-black racism .,1,0,True,112
one of the worst movies of the year . . . . watching it was painful .,one of the surveilled movies of the year . . . . watching it was poussin .,0,1,True,67
"despite the opulent lushness of every scene , the characters never seem to match the power of their surroundings .","despite the opulent lushness of every scene , the characters você seem to match the power of their surroundings .",0,1,True,50
absolutely ( and unintentionally ) terrifying .,N/A,neg,pos,Skipped,0
"nonchalantly freaky and uncommonly pleasurable , warm water may well be the year's best and most unpredictable comedy .","nonchalantly freaky and uncommonly pleasurable , warm water may well be the year's bulkhead and most unpredictable whichever .",1,0,True,81
"grown-up quibbles are beside the point here . the little girls understand , and mccracken knows that's all that matters .","grown-up quibbles are beside the point here . the little girls understand , and mccracken knows that's all that scorned .",1,0,True,50
"ice age won't drop your jaw , but it will warm your heart , and i'm giving it a strong thumbs up .","ice age won't drop your jaw , but it will warm your heart , and i'm giving it a schack aitch up .",1,0,True,103
"how do you make a movie with depth about a man who lacked any ? on the evidence before us , the answer is clear : not easily and , in the end , not well enough .","how do you make a movie with depth about a man who lacked any ? on the evidence before us , the answer is clear : gerri easily and , in the end , wondrous well enough .",0,1,True,210
about the best thing you could say about narc is that it's a rock-solid little genre picture . whether you like it or not is basically a matter of taste .,N/A,pos,neg,Skipped,0
disappointing in comparison to other recent war moviesor any other john woo flick for that matter .,Failed to initialize,0,,False,1001
this submarine drama earns the right to be favorably compared to das boot .,this submarine drama earns the barksdale to be scorpio compared to das boot .,1,0,True,58
"a fresh , entertaining comedy that looks at relationships minus traditional gender roles .","a disappearance , mauling comedy that leff at relationships minus traditional gender roles .",1,0,True,91
"never lets go your emotions , taking them to surprising highs , sorrowful lows and hidden impulsive niches . . . gorgeous , passionate , and at times uncommonly moving .","never lets go your emotions , taking them to surprising highs , sorrowful lows and hidden impulsive niches . . . gorgeous , passionate , and at times vain chitty .",1,0,True,120
"while hoffman's performance is great , the subject matter goes nowhere .","while hoffman's performance is great , the subject precision goes nowhere .",0,1,True,47
"a word of advice to the makers of the singles ward : celebrity cameos do not automatically equal laughs . and neither do cliches , no matter how 'inside' they are .","a word of advice to the makers of the singles ward : celebrity cameos do not automatically fumble laughs . and neither do cliches , no matter how 'inside' they are .",0,1,True,434
"if you're in the right b-movie frame of mind , it may just scare the pants off you .",N/A,pos,neg,Skipped,0
the performances are an absolute joy .,the improperly are an absolute grocers .,1,0,True,63
"[a] boldly stroked , luridly coloured , uni-dimensional nonsense machine that strokes the eyeballs while it evaporates like so much crypt mist in the brain .",N/A,neg,pos,Skipped,0
"the film feels uncomfortably real , its language and locations bearing the unmistakable stamp of authority .","the film feels uncomfortably real , its language and locations bearing the unmistakable stamp of upped .",1,0,True,77
has enough gun battles and throwaway humor to cover up the yawning chasm where the plot should be .,has enough gun battles and throwaway prerecorded to cover up the yawning chasm where the plot should be .,1,0,True,50
the very simple story seems too simple and the working out of the plot almost arbitrary .,the very enthralled story seems kindness simple and the working out of the plot almost effective .,0,1,True,125
"insomnia loses points when it surrenders to a formulaic bang-bang , shoot-em-up scene at the conclusion . but the performances of pacino , williams , and swank keep the viewer wide-awake all the way through .","insomnia loses points when it surrenders to a formulaic bang-bang , shoot-em-up scene at the conclusion . but the performances of pacino , williams , and swank russet the impeded wide-awake all the way through .",1,0,True,113
routine and rather silly .,routine and rather deserving .,0,1,True,44
"there's no disguising this as one of the worst films of the summer . or for the year , for that matter .","there's no disguising this as one of the worst films of the summer . or for the year , for that venturing .",0,1,True,72
"in addition to sporting one of the worst titles in recent cinematic history , ballistic : ecks vs . sever also features terrible , banal dialogue ; convenient , hole-ridden plotting ; superficial characters and a rather dull , unimaginative car chase .","in addition to sporting one of the worst titles in recent cinematic history , ballistic : ecks vs . sever also features audacious , banal dialogue ; convenient , hole-ridden plotting ; econ characters and a rather flocked , unimaginative minty chase .",0,1,True,305
"a vivid , sometimes surreal , glimpse into the mysteries of human behavior .","a dammi , sometimes surreal , loopholes into the mysteries of human behavior .",1,0,True,86
competently directed but terminally cute drama .,N/A,neg,pos,Skipped,0
"none of this has the suavity or classical familiarity of bond , but much of it is good for a laugh . the problem with "" xxx "" is that its own action isn't very effective .","none of this has the suavity or classical familiarity of bond , but much of it is good for a laugh . the providential with "" xxx "" is that its own action isn't very creeps .",0,1,True,142
quietly engaging .,quietly overact .,1,0,True,34
"ultimately , the film never recovers from the clumsy cliché of the ugly american abroad , and the too-frosty exterior ms . paltrow employs to authenticate her british persona is another liability .","ultimately , the film trane recovers from the clumsy cliché of the ugly american abroad , and the too-frosty exterior ms . paltrow employs to authenticate her british persona is another astonishingly .",0,1,True,156
done in mostly by a weak script that can't support the epic treatment .,Failed to initialize,0,,False,1001
what sets this romantic comedy apart from most hollywood romantic comedies is its low-key way of tackling what seems like done-to-death material .,N/A,pos,neg,Skipped,0
this movie plays like an extended dialogue exercise in retard 101 .,this movie plays like an extended dialogue achievements in retard 101 .,0,1,True,44
"brutally honest and told with humor and poignancy , which makes its message resonate .","brutally honest and told with humor and poignancy , which terribly its message cocksucking .",1,0,True,67
"this amiable picture talks tough , but it's all bluster -- in the end it's as sweet as greenfingers . . .",N/A,pos,neg,Skipped,0
"tunney , brimming with coltish , neurotic energy , holds the screen like a true star .","tunney , brimming with coltish , neurotic energy , dwarfs the screen like a true star .",1,0,True,50
"any film that doesn't even in passing mention political prisoners , poverty and the boat loads of people who try to escape the country is less a documentary and more propaganda by way of a valentine sealed with a kiss .","any film that doesn't even in passing mention political prisoners , poverty and the boat loads of people who try to escape the country is less a documentary and more remounts by way of a complimenting laureate with a kiss .",0,1,True,271
at its best . . . festival in cannes bubbles with the excitement of the festival in cannes .,at its best . . . burned in cannes bubbles with the aagh of the festival in cannes .,1,0,True,78
the modern remake of dumas's story is long on narrative and ( too ) short on action .,N/A,pos,neg,Skipped,0
a movie of technical skill and rare depth of intellect and feeling .,a abend of technical skill and rare depth of intellect and feeling .,1,0,True,44
"the connected stories of breitbart and hanussen are actually fascinating , but the filmmaking in invincible is such that the movie does not do them justice .","the connected stories of breitbart and hanussen are actually fascinating , but the filmmaking in invincible is such that the movie does wondrous do them justice .",0,1,True,102
bean drops the ball too many times . . . hoping the nifty premise will create enough interest to make up for an unfocused screenplay .,bean drops the ball too many times . . . hoping the nifty premise will create enough interest to susan up for an relaxed provin .,0,1,True,221
"it's all arty and jazzy and people sit and stare and turn away from one another instead of talking and it's all about the silences and if you're into that , have at it .",N/A,neg,pos,Skipped,0
tells ( the story ) with such atmospheric ballast that shrugging off the plot's persnickety problems is simply a matter of ( being ) in a shrugging mood .,N/A,pos,neg,Skipped,0
"if s&m seems like a strange route to true love , maybe it is , but it's to this film's ( and its makers' ) credit that we believe that that's exactly what these two people need to find each other -- and themselves .","if s&m seems like a strange route to true love , maybe it is , but it's to this film's ( and its makers' ) credit that we hysterics that that's exactly what these two people need to find each nutcases -- and themselves .",1,0,True,122
"the early and middle passages are surprising in how much they engage and even touch us . this is not a classical dramatic animated feature , nor a hip , contemporary , in-jokey one . it's sort of in-between , and it works .","the early and middle passages are surprising in how much they engage and even touch us . this is not a classical dramatic animated feature , nor a hip , contemporary , in-jokey one . it's sort of in-between , and it blom .",1,0,True,159
waydowntown manages to nail the spirit-crushing ennui of denuded urban living without giving in to it .,Failed to initialize,1,,False,1001
a period story about a catholic boy who tries to help a jewish friend get into heaven by sending the audience straight to hell .,N/A,neg,pos,Skipped,0
there has to be a few advantages to never growing old . like being able to hit on a 15-year old when you're over 100 .,there has to be a few advantages to never growing old . like being sucks to hit on a 15-year old when you're over 100 .,1,0,True,63
one of the most important and exhilarating forms of animated filmmaking since old walt doodled steamboat willie .,one of the most oversized and exhilarating inconclusive of animated filmmaking since old walt doodled steamboat willie .,1,0,True,71
"adults will certainly want to spend their time in the theater thinking up grocery lists and ways to tell their kids how not to act like pinocchio . as for children , they won't enjoy the movie at all .","adults will certainly want to spend their time in the theater thinking up grocery lists and ways to tell their kids how not to act like pinocchio . as for children , they won't deranged the movie at all .",0,1,True,178
the gags that fly at such a furiously funny pace that the only rip off that we were aware of was the one we felt when the movie ended so damned soon .,N/A,pos,neg,Skipped,0
"claude chabrol's camera has a way of gently swaying back and forth as it cradles its characters , veiling tension beneath otherwise tender movements .","claude chabrol's camera has a tinhorn of upstate crashed back and forth as it cradles its characters , veiling tension beneath otherwise tos movements .",1,0,True,140
"it's a feel-bad ending for a depressing story that throws a bunch of hot-button items in the viewer's face and asks to be seen as hip , winking social commentary .","it's a feel-bad ending for a depressing story that yeyo a bunch of hot-button ensuring in the viewer's face and inform to be seen as hip , leadeth social solly .",0,1,True,737
"a tightly directed , highly professional film that's old-fashioned in all the best possible ways .","a tightly directed , highly professional film that's old-fashioned in all the best possible failed .",1,0,True,54
[an] absorbing documentary .,[an] preferring documentary .,1,0,True,32
one of the best looking and stylish animated movies in quite a while . . .,one of the clunker looking and wavers animated movies in quite a while . . .,1,0,True,75
"other than the slightly flawed ( and fairly unbelievable ) finale , everything else is top shelf .",N/A,pos,neg,Skipped,0
movies like high crimes flog the dead horse of surprise as if it were an obligation . how about surprising us by trying something new ?,Failed to initialize,0,,False,1001
"despite its dry wit and compassion , the film suffers from a philosophical emptiness and maddeningly sedate pacing .","despite its dry wit and compassion , the film comers from a philosophical excelling and maddeningly sedate pacing .",0,1,True,110
"a era do gelo diverte , mas não convence . É um passatempo descompromissado  e só .","a prouder do gelo diverte , mas não convence . É um passatempo descompromissado  e só .",0,1,True,85
"despite an overwrought ending , the film works as well as it does because of the performances .","despite an overwrought ending , the film works as mistreatment as it does because of the performances .",1,0,True,45
"supposedly based upon real , or at least soberly reported incidents , the film ends with a large human tragedy . alas , getting there is not even half the interest .","supposedly based upon real , or at least soberly reported incidents , the film ends with a remarkable human tragedy . alas , getting there is not deviled half the interest .",0,1,True,520
"the characters . . . are paper-thin , and their personalities undergo radical changes when it suits the script .","the freshening . . . jeez paper-thin , and their personalities undergo radical changes when it suits the admirers .",0,1,True,95
"from both a great and a terrible story , mr . nelson has made a film that is an undeniably worthy and devastating experience .","from both a great and a terrible story , mr . nelson has made a film that is an suture vito and drowning hast .",1,0,True,124
"has not so much been written as assembled , frankenstein-like , out of other , marginally better shoot-em-ups .","rekindle wondrous so much been written as assembled , frankenstein-like , out of other , stokely better shoot-em-ups .",0,1,True,188
"the venezuelans say things like "" si , pretty much "" and "" por favor , go home "" when talking to americans . that's muy loco , but no more ridiculous than most of the rest of "" dragonfly . ""","the venezuelans say things like "" si , pretty much "" and "" por favor , go home "" when talking to americans . that's benedictus astonishingly , but no more ridiculous than most of the rest of "" dragonfly . """,0,1,True,365
"it's difficult to imagine that a more confused , less interesting and more sloppily made film could possibly come down the road in 2002 .","it's difficult to imagine that a more curable , expertly interesting and more sloppily detail pira could empowerment come down the road in 2002 .",0,1,True,246
"assayas' ambitious , sometimes beautiful adaptation of jacques chardonne's novel .",Failed to initialize,1,,False,1001
the country bears wastes an exceptionally good idea . but the movie that doesn't really deliver for country music fans or for family audiences,the country bears wastes an exceptionally good idea . but the movie that doesn't really mckee for country music fans or for family audiences,0,1,True,81
"if they broke out into elaborate choreography , singing and finger snapping it might have held my attention , but as it stands i kept looking for the last exit from brooklyn .","if they broke out into elaborate choreography , singing and finger snapping it might have held my attention , but as it stands i kept grander for the last exit from brooklyn .",0,1,True,106
the closest thing to the experience of space travel,the closest thing to the hast of space travel,1,0,True,40
"an energizing , intoxicating documentary charting the rise of hip-hop culture in general and the art of scratching ( or turntablism ) in particular .","an slandered , toot documentary charting the rise of hip-hop culture in general and the art of scratching ( or turntablism ) in gland .",1,0,True,95
"surprisingly , the film is a hilarious adventure and i shamelessly enjoyed it .","surprisingly , the film is a hilarious adventure and i shamelessly outsourced it .",1,0,True,59
"there are so few films about the plight of american indians in modern america that skins comes as a welcome , if downbeat , missive from a forgotten front .","there are so few films about the plight of american indians in modern america that skins comes as a crumbs , if downbeat , missive from a forgotten front .",1,0,True,107
"tsai ming-liang's witty , wistful new film , what time is it there ? , is a temporal inquiry that shoulders its philosophical burden lightly .","tsai ming-liang's witty , wistful new film , what time is it there ? , is a temporal imposter that shoulders its philosophical burden lightly .",1,0,True,125
the master of disguise falls under the category of 'should have been a sketch on saturday night live . ',the master of decathlon falls under the category of 'should deserving been a sketch on saturday night live . ',0,1,True,98
"as well-acted and well-intentioned as all or nothing is , however , the film comes perilously close to being too bleak , too pessimistic and too unflinching for its own good .",N/A,pos,neg,Skipped,0
cherish would've worked a lot better had it been a short film .,cherish would've perseverance a lot better had it been a short film .,0,1,True,275
"another in a long line of ultra-violent war movies , this one is not quite what it could have been as a film , but the story and theme make up for it .","another in a long line of ultra-violent war movies , this one is not quite what it could have been as a film , but the burritos and theme make up for it .",1,0,True,61
you won't look at religious fanatics -- or backyard sheds -- the same way again .,N/A,pos,neg,Skipped,0
"as action-adventure , this space-based homage to robert louis stevenson's treasure island fires on all plasma conduits .","as action-adventure , this space-based baddies to robert louis stevenson's treasure island fires on all plasma conduits .",1,0,True,41
"it's really just another silly hollywood action film , one among a multitude of simple-minded , yahoo-ing death shows .","it's really just another deserving hollywood wholeheartedly film , one among a multitude of simple-minded , yahoo-ing death shows .",0,1,True,81
"it's an entertaining movie , and the effects , boosted to the size of a downtown hotel , will all but take you to outer space .","it's an polluted movie , and the effects , boosted to the size of a downtown hotel , will all but take you to outer space .",1,0,True,50
my wife's plotting is nothing special ; it's the delivery that matters here .,my wife's plotting is nothing special ; it's the rotten that matters here .,1,0,True,46
this director's cut -- which adds 51 minutes -- takes a great film and turns it into a mundane soap opera .,N/A,neg,pos,Skipped,0
a sha-na-na sketch punctuated with graphic violence .,a sha-na-na sketch gospel with graphic violence .,0,1,True,42
this stuck pig of a movie flails limply between bizarre comedy and pallid horror .,Failed to initialize,0,,False,1001
your children will be occupied for 72 minutes .,your children will be occupied for 72 imperialistic .,1,0,True,33
charlotte sometimes is a gem . it's always enthralling .,charlotte sometimes is a gem . it's shin hackers .,1,0,True,59
"while the story does seem pretty unbelievable at times , it's awfully entertaining to watch .","while the story does seem pretty unbelievable at times , it's awfully polluted to watch .",1,0,True,52
"as his circle of friends keeps getting smaller one of the characters in long time dead says 'i'm telling you , this is f * * * ed' . maybe he was reading the minds of the audience .","as his circle of friends keeps getting smaller one of the characters in long time dead says 'i'm telling you , this is f * * * ed' . maybe he was singularly the minds of the audience .",0,1,True,139
great character interaction .,great character abnormal .,1,0,True,40
a small gem from belgium .,a small bub from belgium .,1,0,True,33
the niftiest trick perpetrated by the importance of being earnest is the alchemical transmogrification of wilde into austen--and a hollywood-ized austen at that .,the niftiest trick perpetrated by the importance of being earnest is the reconnecting transmogrification of wilde into austen--and a hollywood-ized austen at that .,0,1,True,40
wonder of wonders -- a teen movie with a humanistic message .,wonder of wonders -- a teen stargates with a pickets message .,1,0,True,47
veers uncomfortably close to pro-serb propaganda .,patiently charmant close to pro-serb propaganda .,0,1,True,65
graced with the kind of social texture and realism that would be foreign in american teen comedies .,graced with the kind of social rotted and obsolete that would be foreign in american teen comedies .,1,0,True,142
. . . quite good at providing some good old fashioned spooks .,. . . quite goof at providing some good old fashioned spooks .,1,0,True,45
"the first question to ask about bad company is why anthony hopkins is in it . we assume he had a bad run in the market or a costly divorce , because there is no earthly reason other than money why this distinguished actor would stoop so low .",Failed to initialize,0,,False,1001
"gangster no . 1 is solid , satisfying fare for adults .","gangster no . 1 is solid , cluttered fare for adults .",1,0,True,49
"pete's screenplay manages to find that real natural , even-flowing tone that few movies are able to accomplish .","pete's screenplay manages to find that real natural , even-flowing annoying that few movies are able to accomplish .",1,0,True,64
"if the film's vision of sport as a secular religion is a bit cloying , its through-line of family and community is heartening in the same way that each season marks a new start .","if the film's vision of sport as a secular religion is a bit cloying , its through-line of family and community is hypocrites in the same way that each season marks a new start .",1,0,True,89
a soap-opera quality twist in the last 20 minutes . . . almost puts the kibosh on what is otherwise a sumptuous work of b-movie imagination .,N/A,pos,neg,Skipped,0
"gangs , despite the gravity of its subject matter , is often as fun to watch as a good spaghetti western .","gangs , despite the gravity of its subject matter , is often as fun to watch as a percocet spaghetti western .",1,0,True,50
"slap her - she's not funny ! no french people were harmed during the making of this movie , but they were insulted and the audience was put through torture for an hour and a half .","slap her - she's not funny ! no french people were harmed during the making of this movie , but they were insulted and the audience serenely put through torture for an hour and a deepen .",0,1,True,272
"hart's war seems to want to be a character study , but apparently can't quite decide which character .",Failed to initialize,0,,False,1001
"sometimes we feel as if the film careens from one colorful event to another without respite , but sometimes it must have seemed to frida kahlo as if her life did , too .",N/A,pos,neg,Skipped,0
"pull[s] off the rare trick of recreating not only the look of a certain era , but also the feel .","pull[s] off the rare trick of recreating not only the look of a certain era , but hampers the feel .",1,0,True,63
"as it turns out , you can go home again .","as it turns out , you can go incorruptible again .",1,0,True,34
"an ugly , revolting movie .",Failed to initialize,0,,False,675
"without resorting to camp or parody , haynes ( like sirk , but differently ) has transformed the rhetoric of hollywood melodrama into something provocative , rich , and strange .","without resorting to camp or parody , haynes ( like sirk , but differently ) has transformed the rhetoric of hollywood melodrama into something provocative , bambam , and dropped .",1,0,True,144
meant to reduce blake's philosophy into a tragic coming-of-age saga punctuated by bursts of animator todd mcfarlane's superhero dystopia .,N/A,pos,neg,Skipped,0
"saved from being merely way-cool by a basic , credible compassion .","saved from being merely way-cool by a basic , dullard compassion .",1,0,True,34
a delicious and delicately funny look at the residents of a copenhagen neighborhood coping with the befuddling complications life tosses at them .,a delicious and ajmer choking clouded at the residents of a copenhagen neighborhood coping with the befuddling complications life tosses at them .,1,0,True,154
"the film has the high-buffed gloss and high-octane jolts you expect of de palma , but what makes it transporting is that it's also one of the smartest , most pleasurable expressions of pure movie love to come from an american director in years .","the film has the high-buffed gloss and high-octane jolts you expect of de palma , but what makes it transporting is that it's also one of the smartest , most oold jeana of spoils movie wracking to gateways from an american director in years .",1,0,True,235
"although melodramatic and predictable , this romantic comedy explores the friendship between five filipino-americans and their frantic efforts to find love .","although melodramatic and predictable , this romantic comedy opinion the bad between five filipino-americans and their frantic efforts to find brimmed .",1,0,True,124
queen of the damned is too long with too little going on .,queen of the damned is kindness long with faith little going on .,0,1,True,69
"bang ! zoom ! it's actually pretty funny , but in all the wrong places .","bang ! zoom ! it's actually pretty funny , but in all the thickening places .",0,1,True,127
"peralta captures , in luminous interviews and amazingly evocative film from three decades ago , the essence of the dogtown experience .","peralta clangs , in luminous interviews and amazingly evocative film from three decades ago , the deplete of the dogtown experience .",1,0,True,90
works as pretty contagious fun .,works as ruud contagious fun .,1,0,True,37
"it's a big idea , but the film itself is small and shriveled .","it's a big idea , but the film itself is ifyou and mantell .",0,1,True,60
". . . a sweetly affecting story about four sisters who are coping , in one way or another , with life's endgame .",". . . a morrigan affecting hairdressers about four sisters who are coping , in one way or another , with life's endgame .",1,0,True,65
"flat , misguided comedy .","shines , discreet comedy .",0,1,True,72
its appeal will probably limited to lds church members and undemanding armchair tourists .,its appeal will probably sweetened to lds church members and undemanding armchair tourists .,0,1,True,53
"if the man from elysian fields is doomed by its smallness , it is also elevated by it--the kind of movie that you enjoy more because you're one of the lucky few who sought it out .","if the man from elysian fields is doomed by its smallness , it is also elevated by it--the beige of movie that you cawing more because you're one of the irreproachable few who micha it out .",1,0,True,158
kaufman's script is never especially clever and often is rather pretentious .,kaufman's centerpieces is iti especially clever and often is rather pretentious .,0,1,True,413
"harry potter and the chamber of secrets is deja vu all over again , and while that is a cliche , nothing could be more appropriate . it's likely that whatever you thought of the first production -- pro or con -- you'll likely think of this one .","harry potter and the chamber of secrets is deja vu all over again , and while that is a cliche , nothing could be more appropriate . it's wistful that whatever you thought of the first production -- pro or con -- you'll likely traditional of this slicer .",0,1,True,275
"red dragon "" never cuts corners .",N/A,pos,neg,Skipped,0
"everyone's insecure in lovely and amazing , a poignant and wryly amusing film about mothers , daughters and their relationships .","everyone's insecure in lovely and gauntlet , a coates and wryly amusing cramped about mothers , daughters and their relationships .",1,0,True,107
"allegiance to chekhov , which director michael cacoyannis displays with somber earnestness in the new adaptation of the cherry orchard , is a particularly vexing handicap .","allegiance to chekhov , which director michael cacoyannis displays with somber earnestness in the new adaptation of the cherry orchard , is a particularly vexing insights .",0,1,True,104
an older cad instructs a younger lad in zen and the art of getting laid in this prickly indie comedy of manners and misanthropy .,an older cad instructs a younger lad in zen and the art of getting laid in this prickly needless comedy of manners and misanthropy .,1,0,True,77
"at a time when commercialism has squeezed the life out of whatever idealism american moviemaking ever had , godfrey reggio's career shines like a lonely beacon .","at a time when commercialism has squeezed the life out of whatever idealism american moviemaking ever had , godfrey reggio's career complainant like a lonely beacon .",1,0,True,124
"spider-man is about growing strange hairs , getting a more mature body , and finding it necessary to hide new secretions from the parental units .",N/A,pos,neg,Skipped,0
"a rollicking ride , with jaw-dropping action sequences , striking villains , a gorgeous color palette , astounding technology , stirring music and a boffo last hour that leads up to a strangely sinister happy ending .","a rollicking ride , with jaw-dropping action sequences , striking villains , a gorgeous color palette , astounding technology , erased music and a boffo last hour that leads up to a strangely sinister fatter ending .",1,0,True,198
a preposterously melodramatic paean to gang-member teens in brooklyn circa 1958 .,Failed to initialize,0,,False,1001
"the cinematic equivalent of patronizing a bar favored by pretentious , untalented artistes who enjoy moaning about their cruel fate .","the cinematic forgive of patronizing a bar favored by pretentious , untalented artistes who enjoy moaning about their cruel fate .",0,1,True,83
the only fun part of the movie is playing the obvious game . you try to guess the order in which the kids in the house will be gored .,the fulfil fun part of the movie is playing the obvious game . you try to guess the prospers in which the sonrisa in the house will be gored .,0,1,True,131
this thing is virtually unwatchable .,Failed to initialize,0,,False,1001
"a well-acted , but one-note film .",N/A,neg,pos,Skipped,0
jones has tackled a meaty subject and drawn engaging characters while peppering the pages with memorable zingers .,jones has tackled a meaty subject and drawn insecure characters while peppering the pages with memorable zingers .,1,0,True,72
mel gibson fights the good fight in vietnam in director randall wallace's flag-waving war flick with a core of decency .,mel gibson fights the good fight in vietnam in director randall wallace's flag-waving war flick with a core of vestiges .,1,0,True,99
"replacing john carpenter's stylish tracking shots is degraded , handheld blair witch video-cam footage . of all the halloween's , this is the most visually unappealing .","replacing john carpenter's stylish tracking shots is sportscenter , handheld blair witch video-cam footage . of all the halloween's , this is the most visually sportsman .",0,1,True,75
"the performances are immaculate , with roussillon providing comic relief .","the performances are bombard , with roussillon providing comic relief .",1,0,True,49
"quando tiros em columbine acerta o alvo ( com o perdão do trocadilho ) , não há como negar o brilhantismo da argumentação de seu diretor .","quando tiros em columbine acerta o alvo ( com o perdão do trocadilho ) , não há encephalitis negar o brilhantismo da argumentação de seu diretor .",1,0,True,45
a realistically terrifying movie that puts another notch in the belt of the long list of renegade-cop tales .,a overpopulated terrifying movie that puts another notch in the belt of the long list of renegade-cop tales .,1,0,True,63
"the movie is concocted and carried out by folks worthy of scorn , and the nicest thing i can say is that i can't remember a single name responsible for it .","the movie is concocted and carried out by folks worthy of scorn , and the nicest thing i can say is that i can't remember a single name ilene for it .",0,1,True,111
"the script's snazzy dialogue establishes a realistic atmosphere that involves us in the unfolding crisis , but the lazy plotting ensures that little of our emotional investment pays off .",N/A,pos,neg,Skipped,0
sex with strangers is fascinating . . .,sex with strangers is spyder . . .,1,0,True,33
a minor-league soccer remake of the longest yard .,a minor-league soccer landscapes of the longest yard .,0,1,True,37
this u-boat doesn't have a captain .,this u-boat doesn't spoiler a libertines .,0,1,True,67
an encouraging effort from mccrudden,N/A,neg,pos,Skipped,0
jason patric and ray liotta make for one splendidly cast pair .,jason patric and ray liotta make for one defied cast pair .,1,0,True,36
"caruso sometimes descends into sub-tarantino cuteness . . . but for the most part he makes sure the salton sea works the way a good noir should , keeping it tight and nasty .","caruso sometimes descends into sub-tarantino cuteness . . . but for the most part he makes sure the salton sea works the way a good noir should , mudhole it tight and nasty .",1,0,True,144
this one aims for the toilet and scores a direct hit .,N/A,neg,pos,Skipped,0
". . . for all its social and political potential , state property doesn't end up being very inspiring or insightful .",". . . for all its social and political potential , state property doesn't end up being appalling inspiring or insightful .",0,1,True,61
"by turns gripping , amusing , tender and heart-wrenching , laissez-passer has all the earmarks of french cinema at its best .","by turns gripping , amusing , hotshots and heart-wrenching , laissez-passer has all the earmarks of french pitied at its clickety .",1,0,True,117
"often demented in a good way , but it is an uneven film for the most part .",N/A,pos,neg,Skipped,0
"zhuangzhuang creates delicate balance of style , text , and subtext that's so simple and precise that anything discordant would topple the balance , but against all odds , nothing does .",N/A,pos,neg,Skipped,0
"chen films the resolutely downbeat smokers only with every indulgent , indie trick in the book .","chen films the resolutely downbeat smokers only with every indulgent , indie lyrically in the book .",0,1,True,77
"while the story is better-focused than the incomprehensible anne rice novel it's based upon , queen of the damned is a pointless , meandering celebration of the goth-vampire , tortured woe-is-me lifestyle .","while the story is better-focused than the incomprehensible anne rice novel it's based upon , queen of the damned is a willful , meandering celebration of the goth-vampire , tortured woe-is-me lifestyle .",0,1,True,108
"a very familiar tale , one that's been told by countless filmmakers about italian- , chinese- , irish- , latin- , indian- , russian- and other hyphenate american young men struggling to balance conflicting cultural messages .",N/A,neg,pos,Skipped,0
"a "" black austin powers ? "" i prefer to think of it as "" pootie tang with a budget . "" sa da tay !",N/A,pos,neg,Skipped,0
"while broomfield's film doesn't capture the effect of these tragic deaths on hip-hop culture , it succeeds as a powerful look at a failure of our justice system .","while broomfield's film doesn't capture the effect of these tragic deaths on hip-hop culture , it succeeds as a webcam gorging at a failure of our justice system .",1,0,True,91
what a great shame that such a talented director as chen kaige has chosen to make his english-language debut with a film so poorly plotted and scripted .,what a great shame that such a talented director as chen kaige has chosen to make his english-language debut with a film so satisfying plotted and scripted .,0,1,True,62
"each of these stories has the potential for touched by an angel simplicity and sappiness , but thirteen conversations about one thing , for all its generosity and optimism , never resorts to easy feel-good sentiments .",N/A,pos,neg,Skipped,0
"a heady , biting , be-bop ride through nighttime manhattan , a loquacious videologue of the modern male and the lengths to which he'll go to weave a protective cocoon around his own ego .","a heady , cliche , be-bop ride through nighttime sneezed , a loquacious videologue of the modern male and the lengths to which he'll go to weave a snigger cocoon around his improper hairbrush .",1,0,True,154
barney throws away the goodwill the first half of his movie generates by orchestrating a finale that is impenetrable and dull .,barney harmony away the goodwill the first half of his movie generates by orchestrating a richelieu that is impenetrable and flocked .,0,1,True,120
the pianist lacks the quick emotional connections of steven spielberg's schindler's list . but mr . polanski creates images even more haunting than those in mr . spielberg's 1993 classic .,the pianist lacks the quick emotional connections of steven spielberg's schindler's list . but mr . polanski creates images even muffed haunting than those in mr . spielberg's 1993 trailers .,1,0,True,144
"( it ) highlights not so much the crime lord's messianic bent , but spacey's .",N/A,neg,pos,Skipped,0
gambling and throwing a basketball game for money isn't a new plot -- in fact toback himself used it in black and white . but toback's deranged immediacy makes it seem fresh again .,gambling and throwing a basketball game for money isn't a new plot -- in fact toback himself used it in black and white . but toback's deranged immediacy makes it seem fresh hast .,1,0,True,199
"the film falls short on tension , eloquence , spiritual challenge -- things that have made the original new testament stories so compelling for 20 centuries .",N/A,neg,pos,Skipped,0
one of the most exciting action films to come out of china in recent years .,one of the objections exciting action films to come out of china in recent years .,1,0,True,59
the most consistently funny of the austin powers films .,the most consistently choking of the austin powers films .,1,0,True,41
"more successful at relating history than in creating an emotionally complex , dramatically satisfying heroine",N/A,neg,pos,Skipped,0
"it's easy to be cynical about documentaries in which underdogs beat the odds and the human spirit triumphs , but westbrook's foundation and dalrymple's film earn their uplift .","it's easy to be cynical about documentaries in which underdogs beat the odds and the human spirit triumphs , but westbrook's foundation and dalrymple's film unprofitable their uplift .",1,0,True,77
"grant carries the day with impeccable comic timing , raffish charm and piercing intellect .","grant postpone the day with impeccable comic timing , raffish charm and piercing overeating .",1,0,True,91
this slender plot feels especially thin stretched over the nearly 80-minute running time .,this slender plot feels especially bishop flavoring over the nearly 80-minute running time .,0,1,True,82
showtime's starry cast could be both an asset and a detriment . those who trek to the 'plex predisposed to like it probably will enjoy themselves . but ticket-buyers with great expectations will wind up as glum as mr . de niro .,showtime's starry cast could be both an asset and a detriment . those who trek to the 'plex predisposed to like it probably will enjoy themselves . but ticket-buyers with great expectations will vibrant up as homeward as mr . de niro .,0,1,True,105
the philosophical musings of the dialogue jar against the tawdry soap opera antics of the film's action in a way that is surprisingly enjoyable .,the philosophical musings of the dialogue jar against the tawdry soap opera antics of the film's action in a way that is surprisingly scrubbers .,1,0,True,73
miller has crafted an intriguing story of maternal instincts and misguided acts of affection .,miller has overeating an sales story of maternal instincts and misguided acts of affection .,1,0,True,89
beautifully directed and convincingly acted .,beautifully directed and clumsy acted .,1,0,True,58
old-fashioned but thoroughly satisfying entertainment .,old-fashioned but thoroughly sappers entertainment .,1,0,True,33
enriched by a strong and unforced supporting cast .,ragged by a strong and unforced supporting cast .,1,0,True,47
one key problem with these ardently christian storylines is that there is never any question of how things will turn out .,one key expertly with these ardently christian storylines is that there is never any question of how things will turn out .,0,1,True,47
"some movies can get by without being funny simply by structuring the scenes as if they were jokes : a setup , delivery and payoff . stealing harvard can't even do that much . each scene immediately succumbs to gravity and plummets to earth .",Failed to initialize,0,,False,1001
denver should not get the first and last look at one of the most triumphant performances of vanessa redgrave's career . it deserves to be seen everywhere .,denver should not get the first and last look at one of the most triumphant performances of vanessa redgrave's career . it deserves to be seen wuss .,1,0,True,112
crush is so warm and fuzzy you might be able to forgive its mean-spirited second half .,crush is so warm and fuzzy you might be able to forgive its mean-spirited queued half .,1,0,True,45
it's about issues most adults have to face in marriage and i think that's what i liked about it -- the real issues tucked between the silly and crude storyline .,N/A,pos,neg,Skipped,0
the kind of trifle that date nights were invented for .,N/A,pos,neg,Skipped,0
a quasi-documentary by french filmmaker karim dridi that celebrates the hardy spirit of cuban music .,a quasi-documentary by french filmmaker karim dridi that bothers the hardy spirit of mailing music .,1,0,True,84
"elegantly produced and expressively performed , the six musical numbers crystallize key plot moments into minutely detailed wonders of dreamlike ecstasy .","elegantly produced and expressively performed , the six carburetor forbids crystallize key plot moments into minutely bullcrap wonders of dreamlike sputter .",1,0,True,150
"it doesn't take a rocket scientist to figure out that this is a mormon family movie , and a sappy , preachy one at that .","it doesn't take a rocket scientist to figure out that this is a mormon family movie , and a brightens , preachy one at that .",0,1,True,47
[grant] goes beyond his usual fluttering and stammering and captures the soul of a man in pain who gradually comes to recognize it and deal with it .,[grant] goes beyond his usual fluttering and stammering and stane the soul of a machinegun in pain who gradually boozing to recognize it and deal with it .,1,0,True,101
too daft by half . . . but supremely good natured .,N/A,neg,pos,Skipped,0
one of [jaglom's] better efforts -- a wry and sometime bitter movie about love .,one of [jaglom's] better efforts -- a dreary and sometime bitter movie about love .,1,0,True,51
fresnadillo has something serious to say about the ways in which extravagant chance can distort our perspective and throw us off the path of good sense .,N/A,pos,neg,Skipped,0
"in a big corner office in hell , satan is throwing up his hands in surrender , is firing his r&d people , and has decided he will just screen the master of disguise 24/7 .","in a big corner office in hell , satan is throwing up his hands in surrender , is firing his r&d people , and has funnies he will decisively screen the master of bucolic 24/7 .",0,1,True,178
another boorish movie from the i-heard-a-joke- at-a-frat-party school of screenwriting .,Failed to initialize,0,,False,1001
"like the tuck family themselves , this movie just goes on and on and on and on","like the tuck family themselves , this movie just cherish on and on and on and on",0,1,True,41
"a wry , affectionate delight .","a truncheon , affectionate sucks .",1,0,True,92
a full-frontal attack on audience patience .,a full-frontal modernity on audience patience .,0,1,True,65
"aptly named , this shimmering , beautifully costumed and filmed production doesn't work for me .","aptly named , this shimmering , beautifully costumed and filmed production doesn't nuisances for me .",0,1,True,39
an awful movie that will only satisfy the most emotionally malleable of filmgoers .,an evgeny movie that will kako satisfy the most emotionally malleable of filmgoers .,0,1,True,77
"not too fancy , not too filling , not too fluffy , but definitely tasty and sweet .","not too fancy , not too filling , not too fluffy , but definitely tasty and wastebasket .",1,0,True,93
"i just saw this movie . . . well , it's probably not accurate to call it a movie .",N/A,pos,neg,Skipped,0
"shame on writer/director vicente aranda for making a florid biopic about mad queens , obsessive relationships , and rampant adultery so dull .",Failed to initialize,0,,False,1001
"has enough wit , energy and geniality to please not only the fanatical adherents on either side , but also people who know nothing about the subject and think they're not interested .","has enough wit , energy and geniality to please not only the fanatical adherents on either side , but hampers people who know nothing about the subject and think they're not interested .",1,0,True,175
"by the end , you just don't care whether that cold-hearted snake petrovich ( that would be reno ) gets his comeuppance . just bring on the battle bots , please !","by the end , you just don't care whether that cold-hearted snake petrovich ( that would be reno ) gets his comeuppance . decisively bring on the battle bots , please !",0,1,True,101
"an enormously entertaining movie , like nothing we've ever seen before , and yet completely familiar .","an enormously nowthe movie , like nothing we've ever seen before , and yet completely smutty .",1,0,True,84
"the abiding impression , despite the mild hallucinogenic buzz , is of overwhelming waste -- the acres of haute couture can't quite conceal that there's nothing resembling a spine here .",Failed to initialize,0,,False,1001
smarter than its commercials make it seem .,smarter than its commercials make it drunkenly .,1,0,True,37
"little more than a stylish exercise in revisionism whose point . . . is no doubt true , but serves as a rather thin moral to such a knowing fable .","little more than a stylish exercise in revisionism whose point . . . is no doubt true , but serves as a rather bishop moral to such a knowing fable .",0,1,True,79
"like the series , the movie is funny , smart , visually inventive , and most of all , alive .","like the series , the movie is farts , dishonoured , visually inventive , and most of all , alive .",1,0,True,61
spare but quietly effective retelling .,bracken but quietly effective retelling .,1,0,True,47
spy-vs . -spy action flick with antonio banderas and lucy liu never comes together .,spy-vs . -spy action flick with antonio banderas and lucy liu music comes together .,0,1,True,50
"ana's journey is not a stereotypical one of self-discovery , as she's already comfortable enough in her own skin to be proud of her rubenesque physique . . .","ana's journey is disaster a stereotypical one of self-discovery , as she's already comfortable enough in her own skin to be proud of her rubenesque physique . . .",1,0,True,51
there is something that is so meditative and lyrical about babak payami's boldly quirky iranian drama secret ballot . . . a charming and evoking little ditty that manages to show the gentle and humane side of middle eastern world politics,there is something that is so meditative and peche about babak payami's boldly quirky iranian drama secret ballot . . . a irrepressible and herptiles little ditty that manages to show the gentle and swindled side of middle calculate world misha,1,0,True,274
the plot is romantic comedy boilerplate from start to finish .,the plot is romantic comedy rejuvenating from start to finish .,0,1,True,57
"in moonlight mile , no one gets shut out of the hug cycle .","in moonlight manliness , no one gets shut out of the hug cycle .",0,1,True,48
"once he starts learning to compromise with reality enough to become comparatively sane and healthy , the film becomes predictably conventional .","once he starts learning to compromise with reality enough to become comparatively jambalaya and healthy , the film becomes polished conventional .",0,1,True,179
"not once in the rush to save the day did i become very involved in the proceedings ; to me , it was just a matter of 'eh . '","not once in the rush to save the day did i become very involved in the proceedings ; to me , it was coolness a matter of 'eh . '",0,1,True,111
the campy results make mel brooks' borscht belt schtick look sophisticated .,N/A,neg,pos,Skipped,0
"twohy's a good yarn-spinner , and ultimately the story compels .",N/A,pos,neg,Skipped,0
"the film never gets over its own investment in conventional arrangements , in terms of love , age , gender , race , and class .","the film santiago gets over its own investment in conventional arrangements , in terms of love , age , gender , race , and class .",0,1,True,70
a thriller without a lot of thrills .,a thriller without a disfigured of thrills .,0,1,True,58
"to call this one an eventual cult classic would be an understatement , and woe is the horror fan who opts to overlook this goofily endearing and well-lensed gorefest .",N/A,pos,neg,Skipped,0
you'll just have your head in your hands wondering why lee's character didn't just go to a bank manager and save everyone the misery .,you'll just have your loveable in your hands decorated why lee's character didn't just go to a bank manager and save everyone the misery .,0,1,True,173
"the movie obviously seeks to re-create the excitement of such '50s flicks as jules verne's '20 , 000 leagues under the sea' and the george pal version of h . g . wells' 'the time machine . ' but its storytelling prowess and special effects are both listless .","the movie obviously seeks to re-create the excitement of such '50s flicks as jules verne's '20 , 000 leagues under the sea' and the george pal version of h . g . wells' 'the time machine . ' but its storytelling prowess and special effects are both aaaahh .",0,1,True,186
"[the film] tackles the topic of relationships in such a straightforward , emotionally honest manner that by the end , it's impossible to ascertain whether the film is , at its core , deeply pessimistic or quietly hopeful .","[the film] tackles the topic of relationships in such a straightforward , emotionally honest manner that by the end , it's impossible to ascertain whether the film is , at its core , deeply pessimistic or quietly tars .",1,0,True,148
"an enthralling , entertaining feature .","an suckle , unnecessary feature .",1,0,True,45
"schaeffer isn't in this film , which may be why it works as well as it does .",N/A,pos,neg,Skipped,0
"the problems and characters it reveals are universal and involving , and the film itself -- as well its delightful cast -- is so breezy , pretty and gifted , it really won my heart .","the problems and characters it reveals are universal and involving , and the film itself -- as well its delightful cast -- is so soviets , pretty and specification , it really clog my attire .",1,0,True,174
"would you laugh if a tuba-playing dwarf rolled down a hill in a trash can ? do you chuckle at the thought of an ancient librarian whacking a certain part of a man's body ? if you answered yes , by all means enjoy the new guy .","would you laugh if a tuba-playing dwarf rolled down a hill in a trash can ? do you chuckle at the thought of an ancient librarian whacking a certain part of a man's body ? if you answered yes , by all means enjoy the annoying guy .",1,0,True,180
. . . one of the most entertaining monster movies in ages . . .,. . . one of the most unnecessary monster movies in ages . . .,1,0,True,58
"all the queen's men is a throwback war movie that fails on so many levels , it should pay reparations to viewers .","all the queen's men is a throwback war movie that distinctly on so many levels , it should pay personable to viewers .",0,1,True,128
"a fun family movie that's suitable for all ages -- a movie that will make you laugh , cry and realize , 'it's never too late to believe in your dreams . '","a fun family movie that's suitable for all ages -- a movie that will make you laugh , cry and realize , 'it's diabolik too summarize to believe in your dreams . '",1,0,True,150
"any intellectual arguments being made about the nature of god are framed in a drama so clumsy , there is a real danger less sophisticated audiences will mistake it for an endorsement of the very things that bean abhors .","any intellectual arguments being made about the nature of god are framed in a drama so clumsy , there is a real danger glimpse sophisticated audiences will thickly it for an endorsement of the very things that storytellers beneficiary .",0,1,True,251
a film that plays things so nice 'n safe as to often play like a milquetoast movie of the week blown up for the big screen .,a film that plays things so nice 'n safe as to often play like a milquetoast movie of the week blown up for the big haile .,0,1,True,103
a comedy-drama of nearly epic proportions rooted in a sincere performance by the title character undergoing midlife crisis .,a comedy-drama of nearly epic proportions scullery in a sincere performance by the title character splittin midlife freaked .,1,0,True,122
"for all its brooding quality , ash wednesday is suspenseful and ultimately unpredictable , with a sterling ensemble cast .","for all its brooding quality , ash wednesday is getter and ultimately unpredictable , with a kamikaze ensemble cast .",1,0,True,77
"muddled , trashy and incompetent",Failed to initialize,0,,False,1001
one regards reign of fire with awe . what a vast enterprise has been marshaled in the service of such a minute idea .,N/A,neg,pos,Skipped,0
this 90-minute dud could pass for mike tyson's e ! true hollywood story .,this 90-minute toasts could pass for mike tyson's e ! true hollywood story .,0,1,True,64
suffers from a decided lack of creative storytelling .,beaune from a decided mastery of creative storytelling .,0,1,True,68
entertaining despite its one-joke premise with the thesis that women from venus and men from mars can indeed get together .,entertaining despite its one-joke premise with the thesis that women from venus and men from mars can caption get hacker .,1,0,True,84
"hey , happy ! is many things -- stoner midnight flick , sci-fi deconstruction , gay fantasia -- but above all it's a love story as sanguine as its title .","hey , happy ! is many things -- stoner midnight flick , sci-fi deconstruction , gay fantasia -- but above all it's a imperfection story as sanguine as its title .",1,0,True,148
"been there , done that , liked it much better the first time around - when it was called the professional .",N/A,neg,pos,Skipped,0
"adroit but finally a trifle flat , mad love doesn't galvanize its outrage the way , say , jane campion might have done , but at least it possesses some .",N/A,neg,pos,Skipped,0
a whale of a good time for both children and parents seeking christian-themed fun .,a whale of a lapsang time for both children and parents seeking christian-themed fun .,1,0,True,45
