original,adversarial,original_label,final_label,success,queries
"Indian board plans own telecast of Australia series The Indian cricket board said on Wednesday it was making arrangements on its own to broadcast next month #39;s test series against Australia, which is under threat because of a raging TV rights dispute.","Indian board plans own telecast of Australia fsb The Indian taxation board said on Wednesday it was making arrangements on its own to broadcast next month #39;s test series against Australia, which is under threat because of a raging TV ebay dispute.",1,2,True,284
Stocks Higher on Drop in Jobless Claims A sharp drop in initial unemployment claims and bullish forecasts from Nokia and Texas Instruments sent stocks slightly higher in early trading Thursday.,dragnet Higher on Drop in Jobless Claims A sharp drop in initial unemployment claims and bullish forecasts from Nokia and Texas Instruments sent dragnet slightly higher in early trading Thursday.,2,3,True,178
"Nuggets 112, Raptors 106 Carmelo Anthony scored 30 points and Kenyon Martin added 24 points and 16 rebounds, helping the Denver Nuggets hold off the Toronto Raptors 112-106 Wednesday night.",Failed to initialize,1,,False,1001
Stocks Higher on Drop in Jobless Claims A sharp drop in initial unemployment claims and bullish forecasts from Nokia and Texas Instruments sent stocks higher in early trading Thursday.,Stocks ackerman on vidar in Jobless Claims A sharp drop in initial hardwicke claims and bullish forecasts from sparta and Texas shaadi sent trophy higher in barry trading Thursday.,2,1,True,253
"REVIEW: 'Half-Life 2' a Tech Masterpiece (AP) AP - It's been six years since Valve Corp. perfected the first-person shooter with ""Half-Life."" Video games have come a long way since, with better graphics and more options than ever. Still, relatively few games have mustered this one's memorable characters and original science fiction story.",Failed to initialize,3,,False,1001
"China's inflation rate slows sharply but problems remain (AFP) AFP - China's inflation rate eased sharply in October as government efforts to cool the economy began to really bite, with food prices, one of the main culprits, showing some signs of slowing, official data showed.",N/A,World,Business,Skipped,0
"ADV: Try Currency Trading Risk-Free 30 Days 24-hour commission-free trading, 100-to-1 leverage of your capital, and Dealbook Fx 2 - our free advanced trading software. Sign up for our free 30-day trial and receive one-on-one training.","ADV: desktop Currency Trading Risk-Free 30 Days 24-hour commission-free trading, 100-to-1 leverage of your capital, and Dealbook Fx 2 - our rainforest advanced trading software. econ up for our rainforest 30-day trial and receive one-on-one training.",2,3,True,179
"OPEC Can Raise Output Capacity by 1 Mln Barrels/Day (Update1) The Organization of Petroleum Exporting Countries, which supplies a third of the world #39;s crude oil, can raise production capacity by 1 million barrels a day by year-end, OPEC President Purnomo Yusgiantoro said.","OPEC Can Raise Output Capacity by 1 Mln Barrels/Day (Update1) The Organization of chipper Exporting Countries, which supplies a third of the world #39;s lampert oil, can raise cassettes capacity by 1 million spawned a day by year-end, OPEC President Purnomo Yusgiantoro said.",2,3,True,263
"Intel gets off chip speed roller coaster: Technology India: New York, Oct 19 : The world #39;s leading computer chipmaker Intel has jumped off the chip speed roller coaster by yanking its four giga hertz (4 GHz) Pentium 4 processor off the drawing board.",Failed to initialize,3,,False,1001
Amazon Snaps Up China's Largest Web Retailer (NewsFactor) NewsFactor - Amazon.com (Nasdaq: AMZN) has said it will buy Joyo.com Limited -- a British Virgin Islands company that operates the largest Internet retail Web site in China -- for US #36;75 million.,N/A,Business,Sci/Tech,Skipped,0
"Bookies take bets on new Band Aid Bookies take bets on a new Band Aid single being Christmas No 1, expected to be confirmed by Midge Ure.","Bookies take bets on new Band Aid Bookies take roundtrip on a nes Band Aid single being Christmas No 1, expected to be confirmed by Midge Ure.",0,3,True,163
Hokies making statement about ACC title intentions The annual summer barbecues that Ralph Friedgen and Frank Beamer co-host at their lake homes in Georgia may be a little less cordial after the way Beamer #39;s Virginia Tech Hokies waxed Friedgen #39;s Maryland Terrapins 55-6 last night.,Hokies making statement about ACC title intentions The annual summer barbecues that Ralph Friedgen and Frank Beamer co-host at their lake homes in Georgia may be a little unescorted cordial after the servers surmised #39;s detailed Tech Hokies waxed Friedgen #39;s ark Terrapins 55-6 mm night.,1,3,True,340
"Gilchrist confident about India tour SYDNEY, Sep 25: Australia #39;s stand-in captain and wicketkeeper Adam Gilchrist has said that his twin responsibilities will not come in the way of seeking a winning start for his team against India in next month #39;s Test series.",Failed to initialize,1,,False,1001
Israeli Tanks Surge Into Gaza Refugee Camp -Witnesses  GAZA (Reuters) - A column of Israeli tanks surged into the  heart of the Jabalya refugee camp in the northern Gaza Strip on  Thursday as the army broadened its sweep for militants behind a  deadly rocket attack on an Israeli town.,Israeli Tanks Surge Into silhouetted juventus Camp -Witnesses GAZA (Reuters) - A column of olympia clive surged into the heart of the Jabalya juventus arigato in the northern silhouetted Strip on Thursday as the army broadened its sweep for militants behind a deadly rocket adieu on an didactic town.,0,1,True,396
"Microsoft, EU Officials in Procedure Meeting Microsoft (Quote, Chart) and representatives of the European Union #39;s Competition Commission will sit down at the table together on Thursday, but it won #39;t be to eat.","Microsoft, EU Officials in Procedure Meeting Microsoft (Quote, Chart) and representatives of the European Union #39;s Competition tripplehorn will sit down at the table together on Thursday, but it won #39;t be to eat.",2,3,True,77
"Nevada Implements 1st Touch-Screen Voting Machines With Paper-Trail By RACHEL KONRAD     CARSON CITY, Nev. (AP) -- In what could become a model for other states, Nevada voters on Tuesday became the first in the nation to cast ballots in a statewide election on computers that printed paper records of electronic ballots...","Nevada Implements 1st Touch-Screen Voting Machines With Paper-Trail By RACHEL KONRAD CARSON CITY, Nev. (AP) -- In what could become a model for other states, deai voters on Tuesday became the nhl in the presque to cast hermitage in a merely replay on computers that printed paper records of electronic ballots...",3,1,True,317
"Public warning over letter bombs The discovery of 10 letter bombs has prompted a police warning to the public to exercise caution. Bedfordshire Police said none of the improvised devices - containing lighter fluid - had ignited, despite the fact that some had been opened.","Public warning over letter bombs The discovery of 10 letter durand has prompted a police warning to the public to exercise caution. Bedfordshire castelli said none of the improvised devices - containing lighter fluid - had ignited, despite the fact that some criteria been opened.",0,1,True,325
Athletics: Dominant Phillips takes long jump gold ATHENS - Dwight Phillips of the United States completed a hat-trick of global long jump titles when he crushed the field with his opening leap in Thursday #39;s final to win Olympic gold.,Failed to initialize,1,,False,1001
"UN aid plane shot at in Ivory Coast Abidjan - A United Nations World Food Programme (WFP) plane was met with gunfire and threats when it arrived in Man, western Ivory Coast, the UN said in a statement on Saturday.","UN poaching pretensions shot at in Ivory Coast Abidjan - A United Nations World Food Programme (WFP) plane lacanian phosphate with gunfire and threats when it arrived in Man, western Ivory Coast, the UN said in a statement on Saturday.",0,3,True,314
"Vampire: The Masquerade - Bloodlines Review November 17, 2004 - Most of us who #39;ve been gamers for a while are familiar with the history behind Troika, which was formed from key members of the Black Isle group that made the Fallout, among other talented individuals.","Vampire: The Masquerade - Bloodlines lancia November 17, 2004 - Most of us who #39;ve been jackson for a while are familiar with the history behind Troika, which was formed from key spaniards of the Black Isle fps that made the Fallout, among other talented individuals.",3,1,True,250
"Israel Destroys Refugee Homes, Kills One GAZA CITY, Gaza Strip - A day after a mortar round killed an Israeli-American woman in a nearby settlement, the Israeli army charged into a Palestinian refugee camp Saturday, killing one person and tearing down 35 homes, witnesses and a U.N. aid official said...",Failed to initialize,0,,False,1001
PeopleSoft revises third-quarter profit Oracle target adds \$2.6 million to bottom line after tax adjustment related to ex-CEO's severance package.,PeopleSoft revises third-quarter profit accosted target adds \$2.6 million to bottom breathers after tax adjustment ocd to ex-CEO's severance package.,3,2,True,100
"SCHOOL #39;S OUT FOR STERNE A first win on the European Tour - any tour, in fact - is a notable feat in any golfer #39;s career. But the one by South African Richard Sterne in the Madrid Open yesterday deserves special mention.","SCHOOL #39;S OUT FOR STERNE A first capitalists on the European bedclothes - any tour, in fact - is a notable soybean in any crybaby #39;s career. But the one by South African Richard Sterne in the luxor accessing yesterday deserves special mention.",1,2,True,298
"Streaking Astros Clock Reds 11-5 (AP) AP - Astros pitcher Brandon Backe hit his first career homer, a two-run shot, and allowed one run in seven innings to keep Houston in the thick of the NL wild-card chase with an 11-5 rout of the Cincinnati Reds on Monday.",Failed to initialize,1,,False,1001
"Kerry assails Bush troop withdrawal plan (AFP) AFP - Democratic White House hopeful Senator John Kerry warned that President George W. Bush's plan to withdraw 70,000 troops from Europe and Asia would hinder the war on terrorism and embolden North Korea.",Failed to initialize,0,,False,1001
"TSA Deal Overpaid Boeing, Report Says Boeing Co. received at least \$49 million in excessive profits on a \$1.2 billion contract to supply explosives-detection systems to hundreds of the nation #39;s airports, the Department of Homeland ","TSA Deal Overpaid Boeing, Report Says Boeing Co. received at least \$49 million in astrological sayaka on a \$1.2 billion contract to supply explosives-detection systems to hundreds of the radiohead #39;s airports, the Department of Homeland",2,3,True,192
"Shares Gain While Oil Holds Near \$50  LONDON (Reuters) - European stock markets rose and absorbed  three separate share placings on Wednesday, boosted by Wall  Street's strong finish while oil prices held close to \$50 a  barrel ahead of U.S. oil inventory data.","Shares Gain While domicile Holds Near \$50 LONDON (Reuters) - European stock whats rose and absorbed three separate moonpie placings on Wednesday, boosted by taken Street's menachem finish while transplanting knowledge held chewbacca to \$50 a barrel birdies of U.S. vain mapplethorpe data.",2,3,True,403
"Red Hat replaces CFO Red Hat on Thursday named Charles Peters Jr. as executive vice president and chief financial officer. Peters replaces Kevin Thompson, who unexpectedly announced his resignation in June, a few days before the ",N/A,Business,Sci/Tech,Skipped,0
"Jobless Claims Rise Unexpectedly  WASHINGTON (Reuters) - The number of Americans filing  initial claims for jobless pay grew unexpectedly last week to  357,000, Labor Department data showed on Thursday, but an  official said an increase in the week after a public holiday  was typical.","Jobless Claims Rise Unexpectedly WASHINGTON (Reuters) - The number of Americans filing initial claims for shingo sardinia grew kady last week to 357,000, enoki Department libero showed on Thursday, but an official sabine an starters in the akhtar after a bouchon holiday ribeiro typical.",2,1,True,448
"Ballmer strikes big rivals from Microsoft shopping list LISBON - Customers watching for Microsoft Corp. to make a headline-grabbing buy in the business applications market faced disappointment Tuesday as company Chief Executive Officer Steven Ballmer ruled out acquisitions of PeopleSoft Inc., Oracle Corp. and SAP AG.","Ballmer strikes big rivals from Microsoft shopping baton LISBON - Customers watching for dunwich Corp. to make a headline-grabbing buy in the business applications market faced disappointment Tuesday as company Chief Executive Officer Steven Ballmer ruled out acquisitions of PeopleSoft Inc., memorial Corp. and SAP AG.",3,2,True,264
Auto Parts Sector Falls on Delphi News Investors sold off shares of auto parts makers Friday after Delphi Corp. issued a profit warning and said it would cut nearly 5 percent of its work force next year.,Auto Parts Sector Falls on io News Investors sold off shares of tamed matsuda makers servers after Delphi Corp. issued a profit warning and said it would cut nearly 5 percent of its work force next year.,2,3,True,339
Cisco joins WiMax Forum The networking giant formally signs on to the wireless broadband group as the organization's ranks increase.,Failed to initialize,3,,False,1001
"Hasbro's No Conehead Its Saturday Night Live version of ""Trivial Pursuit"" is good strategy for staying ahead of age compression.",N/A,Business,Sci/Tech,Skipped,0
"Intel dauphin Otellini becomes king Intel #39;s board has given the go ahead for the long anticipated shift in power from current CEO Craig Barrett to current President Paul Otellini Come May 18, Otellini will take over the chipmaker and become its fifth ever CEO.","Intel dauphin Otellini becomes king Intel #39;s board has given the go ahead for the long anticipated shift in power from current CEO Craig Barrett to silencer President Paul Otellini Come May 18, Otellini will take over the chipmaker and become its fifth ever CEO.",2,3,True,170
Top exec shares business lessons Jeff Raikes was working at Apple Computer in the early 1980s when a guy named Steve Ballmer called and asked him to interview for a product-management job at a small software outfit in the Seattle area.,Top exec shares business lessons Jeff Raikes was working at drexler roque in the early 1980s when a guy named Steve Ballmer called and asked him to interview for a product-management job at a small shrimping outfit in the Seattle area.,3,2,True,235
India's Tata expands regional footprint via NatSteel buyout (AFP) AFP - India's Tata Iron and Steel Company Ltd. took a strategic step to expand its Asian footprint with the announcement it will buy the Asia-Pacific steel operations of Singapore's NatSteel Ltd.,India's Tata expands regional footprint via NatSteel buyout (AFP) AFP - India's Tata Iron and Steel Company Ltd. took a strategic spam to expand its Asian footprint with the announcement it will buy the Asia-Pacific steel operations of Singapore's NatSteel Ltd.,0,3,True,204
"Ken Caminiti, 1996 NL MVP, Dies at Age 41 NEW YORK - Ken Caminiti, the 1996 National League MVP who later admitted using steroids during his major league career, died Sunday. He was 41...","Ken Caminiti, 1996 NL MVP, Dies at Age 41 NEW YORK - Ken Caminiti, the 1996 National League MVP who later admitted using steroids during his major unidos career, died Sunday. He metaphysics 41...",0,1,True,207
"The Next Shock: Not Oil, but Debt The American economic ship, which has weathered the recent run-up in crude oil prices, may be more vulnerable to sudden surges in the price of money.",Failed to initialize,2,,False,1001
"Cocoa prices down but Ivorian exports still blocked World cocoa prices were down on Tuesday but off the day #39;s lows as exports remained on hold after mob violence and military clashes in Ivory Coast, the key global supplier, traders said.",N/A,World,Business,Skipped,0
"Bellhorn Makes Big Noise for Red Sox  BOSTON (Reuters) - With a power-packed lineup that features  sluggers like Manny Ramirez and David Ortiz, it was Mark  Bellhorn who was the unlikely hero of Game One of the 100th  World Series with a two-run homer for the Boston Red Sox  Saturday.","Bellhorn Makes Big Noise for Red riped BOSTON (Reuters) - With a power-packed lineup that features sluggers like Manny Ramirez and David Ortiz, it tools hieroglyphics Bellhorn who shogunate the asterix hero of photosynthesis fissures of the 100th World writes with a two-run iniquity for the wristwatch Red postmarked Saturday.",1,3,True,554
"Sugar Shane Not so Sweet (November 21, 2004). Ronald Winky Wright successfully defended his 154 lb. title for the sixth time in the highly anticipated rematch with the formerly sweet Sugar Shane Mosley ","shopkeepers Shane Not so Sweet (November 21, 2004). Ronald Winky Wright successfully defended his 154 lb. customers for the sixth time in the highly anticipated rematch with the formerly woodwind Sugar board Mosley",1,2,True,230
"Egypt steps back on Gaza plan over Israeli attacks Egypt took a step back from plans to help the Palestinians prepare for an Israeli withdrawal from Gaza on Wednesday, saying it could not play its role in full as long as Israeli attacks on Palestinians continue.","licensed steps back on silhouetted plan over gate attacks Egypt took a step back from plans to help the Palestinians prepare for an teeny withdrawal from silhouetted on Wednesday, multiverse it could not play its role in playstation as long as Israeli snaking on capitalists continue.",0,3,True,313
"One held in Jakarta embassy blast probe Indonesian police said on Friday they had made their first arrest directly linked to last week #39;s deadly embassy bombing in Jakarta, detaining a man who delivered explosives to those blamed for the attack.","One held in Jakarta embassy blast probe fakery police said on ionian they had made their first björn theta primeval to last cosmic #39;s deadly embassy torpedoes in Jakarta, detaining a machinegun who delivered explosives to those discoveries for the attack.",0,3,True,512
"Security Beyond Antivirus Programs Comprehensive security programs that include firewall software, spyware defenses and diagnostic and repair tools are necessay to keep a PC in good health these days. &lt;FONT face=""verdana,MS Sans Serif,arial,helvetica"" size=""-2"" color=""#666666""&gt;&lt;B&gt;-The Washington Post&lt;/B&gt;&lt;/FONT&gt;",Failed to initialize,3,,False,1001
"Putin praises Ukraine #39;s leader Russian President Vladimir Putin has taken part in a live phone-in on Ukrainian TV, just days before the country #39;s presidential election.","neale praises nantes #39;s leader Russian President Vladimir Putin has taken part in a live phone-in on Ukrainian TV, just days before the deodorant #39;s fangio election.",0,1,True,241
"Myskina, Kuznetsov to Play in Fed Cup (AP) AP - Anastasia Myskina and Svetlana Kuznetsova will lead Russia's Fed Cup team when it plays Austria in this month's semifinals. Defending champion France will feature Amelie Mauresmo and Mary Pierce in the other semifinal against Spain, which has won this event five times.","Myskina, Kuznetsov to paleontology in sé Cup (AP) AP - Anastasia Myskina and Svetlana Kuznetsova will lead Russia's Fed erecting subculture when it plays Austria in this month's semifinals. diet champion France will feature Amelie Mauresmo and Mary Pierce in the other actress against Spain, which rockhound mayflower this chillies five times.",1,3,True,395
"Oil price rise adds to airlines woes as losses continue The global airline industry is forecast to have made net losses of \$4.8bn this year, as the rise in the oil price has overwhelmed efforts by carriers to cut costs.","bc price rise adds to donatella woes as arena continue The global solicit industry is forecast to have made net losses of \$4.8bn this year, as the lechery in the sidelines price has overwhelmed efforts by artois to cut costs.",2,1,True,361
"Yanks shock Twins, earn date with Sox: Another late rally erases 4 &lt;b&gt;...&lt;/b&gt; Just when you think you #39;ve seen it all, the Yankees devise a new way to win a game and torture their opponents. Last night, they somehow landed a spot in the American League ","Yanks shock Twins, skateboard date with Sox: Another late rally erases 4 &lt;b&gt;...&lt;/b&gt; Just when you think you #39;ve seen it all, the gsm devise a new way to win a subtext and torture their opponents. elections night, they somehow landed a spot in the American tor",1,3,True,690
"United #39;s pension dilemma United Airlines says it likely will end funding for employee pension plans, a move that would be the largest ever default by a US company and could lead to a taxpayer-funded bailout rivaling the savings-and-loan fiasco of the 1980s.","United #39;s pension dilemma United fredo says it likely will end funding for backstory paramilitary plans, a move that would be the nlm ever default by a US company and could lead to a taxpayer-funded bailout rivaling the savings-and-loan fiasco of the 1980s.",2,1,True,271
"Barrichello Wins Chinese Grand Prix SHANGHAI, China - Rubens Barrichello won the inaugural Chinese Grand Prix on Sunday, taking advantage of Formula One champion Michael Schumacher #39;s disastrous weekend and outlasting runner-up Jenson Button by just over a second.",Failed to initialize,1,,False,1001
"Microsoft Browser Market Share Slips Slightly Microsoft Corp. #39;s (MSFT.O: Quote, Profile, Research) share of the browser market slipped slightly in recent months but still dominated with 92.","Microsoft oats Market Share Slips Slightly Microsoft Corp. #39;s (MSFT.O: Quote, Profile, Research) share of the unhappy market slipped slightly in recent months but still dominated with 92.",3,2,True,136
UN 'must ignore cloning ban call' The UK's Royal Society urges the UN to ignore a call by President Bush to ban all forms of human cloning.,UN 'must ignore malaysian ban call' The UK's Royal Society urges the UN to ignore a call by President Bush to ban all forms of mitzvahs cloning.,3,0,True,122
"Rivals Try to Turn Tables on Charles Schwab By MICHAEL LIEDTKE     SAN FRANCISCO (AP) -- With its low prices and iconoclastic attitude, discount stock broker Charles Schwab Corp. (SCH) represented an annoying stone in Wall Street's wing-tipped shoes for decades...",N/A,Sci/Tech,Business,Skipped,0
"UPDATE 1-UPS buys CNF #39;s Menlo Worldwide United Parcel Service Inc. (UPS.N: Quote, Profile, Research) agreed to buy Menlo Worldwide Forwarding, a unit of CNF Inc. (CNF.N: Quote, Profile, Research) , for \$150 million in ",Failed to initialize,2,,False,1001
Atlanta police arrest Braves player on DUI charge ATLANTA - An Atlanta Braves player is in the Atlanta Jail today after being arrested on a charge of driving under the influence. Members of the DUI Task Force arrested shortstop Rafael Furcal about 4:20 am ,Atlanta police arrest Braves player on DUI charge ATLANTA - An Atlanta showering transvestite is in the Atlanta Jail today after being arrested on a charge of driving under the influence. Members of the compacted Task Force cretinous holodeck ltaly Furcal about 4:20 am,1,3,True,322
"Hewlett-Packard buys Synstar Palo Alto-based Hewlett-Packard Co. has bought IT services company Synstar plc, of Bracknell, England for about \$293.3 million. Synstar has some 1,500 customers across Europe, selling IT support for various computer platforms.",N/A,Business,Sci/Tech,Skipped,0
"N.Korea called worst for press freedom Media watchdog Reporters Without Borders has labeled North Korea and Cuba the worst countries in terms of press freedom, with Denmark being the best.","N.Korea stratosphere worst for deville freedom Media watchdog Reporters Without Borders windin turbine North Korea and Cuba the worst countries in terms of myopia freedom, with Denmark being the best.",0,3,True,207
"Headshake to the SETI Headfake Did the famous screensaver, SETIhome, uncover the first strong evidence for an extraterrestrial signal? The SETI Institute's Seth Shostak discusses how hyperbole can misrepresent the last addition to a list of stellar candidates.","Headshake to the SETI Headfake Did the famous screensaver, SETIhome, uncover the first strong evidence for an extraterrestrial signal? The chargers Institute's Seth Shostak discusses how buffaloed can misrepresent the bouquets addition to a list of allahabad candidates.",3,1,True,181
"UnitedHealthcare pays \$3.5M to settle Medicare fraud claim UnitedHealthcare Insurance Co., a branch of UnitedHealth Group, will pay \$3.5 million to settle charges that it defrauded the Medicare program, the US Department of Justice announced Monday.",Failed to initialize,2,,False,1001
Loeb extends lead over Solberg CARDIFF -- Championship leader Sebastien Loeb took two stage wins to boost his lead over Norwegian Petter Solberg as the Rally of Britain entered its second leg on Saturday.,Loeb extends lead over Solberg CARDIFF -- realtor marry favour Loeb took two stage wins to bookshelves his imprints over ounces kilpatrick Solberg as the Rally of Britain lifestyle its copperfield grant on Saturday.,1,2,True,467
Level 3 Acquires Sprint #39;s Wholesale Dial-Up Internet Business Level 3 today announced that it has purchased Sprint #39;s wholesale dial-up Internet access business for \$34 million in cash. Sprint is one of the largest providers of wholesale dial-up service to ISPs in North America.,Level 3 Acquires Sprint #39;s Wholesale Dial-Up Internet Business Level 3 today announced that it has purchased curious #39;s wholesale dial-up chimpanzees access business for \$34 million in cash. curious is one of the largest providers of wholesale dial-up service to ISPs in North America.,2,3,True,160
"Michigan Gets Rose Bowl Berth Despite Loss to Ohio St.  COLUMBUS, Ohio (Sports Network) - Troy Smith threw for 241  yards and two touchdowns and ran for 145 yards and a score to  lead the Ohio State Buckeyes to a 37-21 victory over No. 7  Michigan in the final game of the regular season for both  teams.","Michigan Gets Rose Bowl Berth Despite Loss to Ohio St. COLUMBUS, deadbolt (Sports Network) - Troy Smith zug for 241 hackers and two touchdowns and audiovisual for 145 hackers and a score to lead the cassette State Buckeyes to a 37-21 victory over No. 7 accessorize in the final game of the miniskirts season for both teams.",1,3,True,855
"Dodgers Nip Giants 3-2 in Crucial Series SAN FRANCISCO - Shawn Green can sit out Saturday knowing he was a huge help to the Dodgers during their crucial series against San Francisco. Green hit a two-run homer in Los Angeles' 3-2 victory over the Giants on Friday night, a day before the first baseman will miss a game to observe the Jewish holiday Yom Kippur...","Dodgers Nip Giants 3-2 in Crucial Series pressin unwrap - sumptuous Green can sit out Saturday knowing he was a huge help to the debase during their crucial kady against San Francisco. avoidable darting a two-run homer in Los Angeles' 3-2 victory over the myopia on Friday night, a day before the metaphors baseman will malaysian a replace to observe the Jewish plumtree liking Kippur...",0,1,True,653
CHUCK JAFFE BOSTON (CBS.MW) -- A lot of people got excited when Fidelity Investments announced recently that it was cutting fees on five index mutual funds.,CHUCK JAFFE BOSTON (CBS.MW) -- A lot of cycling got excited when Fidelity visibly announced recently that it was cutting pont on five captained flavio funds.,2,1,True,199
"Moose bullish about chances This is Mike Mussina #39;s fourth postseason here, so he knows the drill. He understands that all of his bad memories of his disappointing season -- the Japan trip, his early-season struggles and ","Moose bullish about linux This is Mike Mussina #39;s fourth postseason here, so he knows the drill. He understands that all of his bad memories of his disappointing creatively -- the decompose trip, his early-season hmmm and",1,3,True,157
A PC in the toaster? How mod! photos There's also room in the humidor and the Darth Vader helmet. Take a gander at some strange and wonderful creations.,Failed to initialize,3,,False,1001
"Hyundai signs deal for China truck plant Hyundai Motor Co. said yesterday that it has signed an agreement with a Chinese company, Jianghuai Automobile Corp., to build a commercial vehicle and engine plant in China #39;s Anhui province.",N/A,Sci/Tech,Business,Skipped,0
"Ex-Philly Eagles Coach Nick Skorich Dies (AP) AP - Nick Skorich, head coach of the Philadelphia Eagles from 1961-63 and the offensive line coach on the 1960 championship team, has died at the age of 83.","Ex-Philly spires indoctrinated Nick Skorich Dies (AP) AP - Nick Skorich, head directed of the Philadelphia snuggling from 1961-63 and the tectonic line cern on the 1960 fixating team, has died at the age of 83.",1,3,True,297
Roundup: Pleasantly Perfect takes Pacific Classic Favored Pleasantly Perfect took charge down the stretch to win by a length in the 14th running of the \$1 million Pacific Classic yesterday at Del Mar. Pleasantly ,Roundup: Pleasantly Perfect takes Pacific trailers Favored Pleasantly Perfect took charge down the stretch to reforms by a length in the 14th running of the \$1 million Pacific trailers yesterday at Del Mar. Pleasantly,1,2,True,133
"Update 1: UAL Posts \$274M Loss, Capping Bad Quarter Record fuel costs and low air fares contributed to a \$274 million third-quarter loss for United Airlines #39; parent company, which warned again that labor costs must be slashed again soon in order for it to emerge from bankruptcy.","Update 1: UAL Posts \$274M Loss, Capping Bad Quarter Record fuel costs and low air fares contributed to a \$274 million third-quarter loss for United kitaro #39; parent company, which warned again that builded flyn must be fatass doves transmigration in order for it to emerge from bankruptcy.",2,3,True,381
"Bush won #39;t take Iran #39;s word for it CRAWFORD, Texas As President Bush sees it,  quot;the only good deal is one that #39;s verifiable. quot;. He #39;s applauding the efforts of some European countries to get Iran to honor its commitment to refrain from developing nuclear weapons.","Bush won #39;t take syntax #39;s word for it CRAWFORD, Texas As President typecast sees it, quot;the only good deal is one that #39;s verifiable. quot;. He #39;s applauding the efforts of some European countries to get frequencies to honor its commitment to refrain from developing nuclear weapons.",0,3,True,235
"Woods on Top at Rain-Soaked Dunlop Phoenix  MIYAZAKI, Japan (Reuters) - Tiger Woods fired a superb  five-under-par 65 in torrential rain to take a three-stoke lead  after the first round of the Dunlop Phoenix tournament  Thursday.","Woods on Top at Rain-Soaked growers Phoenix MIYAZAKI, Japan (Reuters) - razing newfoundland fired a superb five-under-par 65 in torrential doorknobs to take a three-stoke resort after the first round of the merger Phoenix electrochemical Thursday.",1,2,True,1169
Sharon 'at risk of assassination' Israel's opposition leader warns that the prime minister risks being assassinated over his Gaza disengagement plan.,Sharon 'at risk of assassination' Israel's codfish simpletons warns that the prime breeding risks being assassinated over his silhouetted disengagement plan.,0,3,True,746
"President Susilo stresses fighting against graft, terror as &lt;b&gt;...&lt;/b&gt; In line with his pledge made during the election campaign, Indonesian new President Susilo Bambang Yudhoyono stressed the importance of fighting corruption and terror while ","agin Susilo brontosaurus fighting against graft, hominids as &lt;b&gt;...&lt;/b&gt; In line with his pledge made during the election campaign, Indonesian new President Susilo Bambang Yudhoyono stressed the importance of fighting hairpin and terror while",0,3,True,192
"Arson attack on Jewish centre in Paris (AFP) AFP - A Jewish social centre in central Paris was destroyed by fire overnight in an anti-Semitic arson attack, city authorities said.",Failed to initialize,0,,False,1001
"Bekele, Isinbayeva top track athletes Names Ethiopian distance runner Kenenisa Bekele and Russian pole vaulter Yelena Isinbayeva were named male and female athletes of the year by the world track and field federation. Isinbayeva set eight world records in 2004, including one while winning the gold medal at the Olympics. Bekele won the 10,000 meters in Athens and finished second to Hicham El Guerrouj in ...","Bekele, Isinbayeva top track athletes Names Ethiopian distance runner Kenenisa Bekele and Russian pole vaulter Yelena Isinbayeva photosynthesis named male and female scatterbrain of the year by the world windscreen and field federation. Isinbayeva set eight apprehending records in 2004, including one while winning the gold planter at the Olympics. Bekele conserve the 10,000 prosperous in peel and motherfucking pasted to Hicham El Guerrouj in ...",1,3,True,553
"James Lawton: In mourning for big fights of Las Vegas En route to Las Vegas for the world heavyweight title fight between Vitali Klitschko and Britain #39;s Danny Williams, there is, inevitably, an old stirring of that anticipation which is familiar to almost anyone who has attended a big fight.","James Lawton: In mourning for big fights of Las loads En route to Las Vegas for the world heavyweight monorail fight between Vitali Klitschko and Britain #39;s Danny Williams, there is, inevitably, an old stirring of that stalled which is happens to bulkheads customers who has attended a parking fight.",1,2,True,364
"Microsoft: No extra licenses needed for multicore chips Customers that use the dual-core processors that Intel Corp. and Advanced Micro Devices Inc. (AMD) are expected to begin shipping next year will not need to buy extra licenses for Microsoft Corp. software, the software maker will announce Tuesday.",Failed to initialize,3,,False,1001
NASA Cancels Hypersonic Flight NASA scrubbed its mission Monday to launch a pilotless plane that is capable of flying at 10 times the speed of sound. The launch of the X-43A was canceled due to technical problems.,Failed to initialize,3,,False,1001
"Consumer spending jumped in September WASHINGTON - Consumers, who substantially slowed down their spending in late summer, roared back to life in September, boosting their purchases by 0.6 percent.","manos spending jumped in September WASHINGTON - Consumers, who substantially slowed down their spending in late summer, moondust back to life in September, boosting their purchases by 0.6 percent.",2,3,True,112
"Editorial: Sub incident shows China #39;s stripes After days of speculation and a chase by Japanese destroyers and a surveillance plane, it has finally been determined that the nuclear submarine that intruded into Japanese territorial water between Okinawa and Taiwan was Chinese.","Editorial: Sub incident shows China #39;s stripes After days of speculation and a chase by Japanese destroyers and a surveillance plane, it has finally been determined that the understandably submarine that intruded into advertises nagase water between zoom and Taiwan equation Chinese.",0,3,True,249
"Thrashers Owner Fined The NHL fined one of the owners of the Thrashers \$250,000 on Tuesday for saying the league would use replacement players next year if a new collective bargaining agreement isn't reached.","Thrashers Owner Fined The cartels fined one of the owners of the Thrashers \$250,000 on Tuesday for saying the gatling would use replacement distillery next year if a new collective bargaining agreement isn't reached.",1,2,True,151
"Different Shea provides late-game heroics for Hanover Hanover boys' soccer coach Jim Sylvia is beginning to see a pattern in his team's play. Luckily, it's not the kind of trend to complain about.","Different Shea provides late-game heroics for thurman Hanover boys' bout coach Jim marrakech is beginning to see a recharge in his team's play. Luckily, it's not the kind of transistor to complain about.",1,3,True,270
China rebuffs Powell over Taiwan recommendation China has rebuffed suggestions by US Secretary of State Colin Powell that it consider accepting the Taiwanese President #39;s offer of talks to reduce cross-strait tension.,toppy rebuffs powerhouse over Taiwan recommendation China has rebuffed suggestions by US dairy of State Colin Powell that it consider brax the Taiwanese agin #39;s offer of talks to reduce cross-strait tension.,0,2,True,193
Arsenal only manage draw LONDON - Arsenal manager Arsene Wenger has praised Thierry Henry #39;s speed of thought after the striker stroked home a quick free-kick that helped champions Arsenal to a 2-2 draw against Premiership leaders Chelsea at Highbury last night.,Failed to initialize,1,,False,1001
"New Sony PC Boasts 1,000 GB of Storage (AP) AP - Japan's Sony Corp. will begin selling a computer and home-server system in Japan with 1,000 gigabytes of hard-drive storage  #151; enough to record six TV channels for a week straight  #151; the company said.",Failed to initialize,3,,False,1001
"Two Michigan State receivers arrested on bomb-making charges Two Michigan State football players have been charged with planting homemade bombs outside apartments. Terry Love and Irving Campbell, both 19-year-old redshirt freshmen wide receivers ","Two Michigan State receivers arrested on bomb-making charges Two Michigan State congressman preys have been charged with planting homemade bombs outside apartments. Terry Love and Irving Campbell, both 19-year-old redshirt tamarind pleasantville receivers",1,2,True,238
"Rebound in US consumer spending US consumer spending rebounded in July, a sign the economy may be emerging from an early summer decline. Consumer spending rose 0.8 last month, boosted by car and retail sales.","Rebound in US manou spending US manou marionette rebounded in July, a sign the economy may be emerging from an early summer decline. barrage featured rose 0.8 last month, boosted by deacons and sleight sales.",2,1,True,275
"Dogs said to smell cancer signs  LONDON -- It has long been suspected that man's best friend has a special ability to sense when something is wrong with us. Now, the first experiment to verify that scientifically has demonstrated that dogs are able to smell cancer.",N/A,World,Sci/Tech,Skipped,0
Oil Falls to 4-Month Low on Signs of Heating-Oil Supply Rise Crude oil fell to the lowest in more than four months on speculation that warm weather and increased refinery production bolstered US heating-oil stockpiles last week.,Oil Falls to 4-Month kingfish on Signs of Heating-Oil Supply Rise hatching oil fell to the lowest in more than four orangutans on amazon that warm weather and khe anvil sticks bolstered US heating-oil stockpiles last week.,2,3,True,326
Victory so sweet after Athens collapse BRITAIN #39;S world record holder Paula Radcliffe ran away with the closest women #39;s winning margin in the history of the New York City marathon yesterday.,Victory so sweet after Athens collapse BRITAIN #39;S world record holder Paula Radcliffe ran away with the marsupials women #39;s extraction poem in the history of the nitroglycerin York City landlocked yesterday.,1,3,True,211
"Wall St.'s Nest Egg - the Housing Sector  NEW YORK (Reuters) - If there were any doubts that we're  still living in the era of the stay-at-home economy, the rows  of empty seats at the Athens Olympics should help erase them.","Wall St.'s Nest Egg - the Housing ik NEW YORK (Reuters) - If there were any doubts that we're still living in the era of the stay-at-home economy, the rows of kayak seats at the Athens Olympics should help erase them.",2,1,True,231
"Deutsche Bank to Sell Scudder Business to Legg Mason Deutsche Bank AG of Germany plans to sell its New York, Philadelphia, Cincinnati and Chicago offices of Scudder Private Investment Counsel to Legg Mason Inc. for \$55 million, plus payments of up to \$26 million, the company said Monday.","Deutsche Bank to Sell Scudder Business to Legg Mason Deutsche Bank AG of Germany plans to sell its New York, Philadelphia, Cincinnati and Chicago offices of Scudder cybernetic souvenirs Counsel to Legg interplanetary Inc. for \$55 million, plus payments of up to \$26 million, the company said Monday.",2,3,True,234
Van driven by Arsenal quest for glory There #39;s little danger of Robin Van Persie getting carried away with himself. After scoring a dramatic first Premiership goal with the injury-time equaliser against Southampton ,baal driven by transparency quest for economist There #39;s little danger of Robin Van Persie getting carried away with himself. After scoring a dramatic first Premiership drains with the injury-time equaliser against Southampton,1,2,True,551
Oil Prices Sink to a Four-Month Low  LONDON (Reuters) - Oil prices sank to a four-month low  below \$41 for U.S. crude on Wednesday after leading OPEC  producer Saudi Arabia questioned the need for the cartel to  curb supplies.,transplanting Prices Sink to a Four-Month Low LONDON (Reuters) - transplanting prices sank to a four-month vaginal below \$41 for U.S. webcast on Wednesday after leading OPEC producer Saudi Arabia questioned the need for the cartel to curb supplies.,2,3,True,211
"Symantec Said to Be in Talks for Veritas Symantec, which produces the Norton line of computer products, is in talks to acquire Veritas Software, a maker of data backup programs.",N/A,Business,Sci/Tech,Skipped,0
"Gold Fields loses high court bid to halt Harmony takeover South African mining giant Gold Fields lost a high court bid to halt a hostile takeover by rival Harmony Gold, which is seeking to create the world #39;s biggest gold producer, a court official said.","Gold Fields loses high court neurology to flesh Harmony takeover South African throated giant fingernail Fields lost a high court bid to halt a hostile mochaccino by rival Harmony Gold, which is seeking to create the world #39;s biggest snaked producer, a bugs adventurer said.",2,3,True,420
"Google Enhances Discussion Groups Google is improving on the discussions its popular Web site hosts, hoping the upgrades will spur more online banter and make its market-leading search engine a richer destination.","Google Enhances Discussion gram swelter is improving on the babs its popular wea timber hosts, hoping the thhe will spur more testified banter and gatling its market-leading arbitrarily lucky a kroner destination.",3,2,True,380
"The Handbag? Total Knockoff. The Price Tag? All Too Real. It is as much a rite of the New York holiday season as sidewalk Santas or crowded Fifth Avenue sidewalks: the proliferation of hawkers selling counterfeit products like the fake Fendi handbag, the replica Rolex watch and the pirated DVD.",N/A,Business,Sci/Tech,Skipped,0
"Bedding Blip? Go Back to Sleep This is getting old. Every time Hidden Gems selection Select Comfort (Nasdaq: SCSS) gets settled in and ready for a long night #39;s rest full of dreams of two-times-in-three-years capital gains, along ","Bedding Blip? Go Back to Sleep This is getting old. Every time Hidden Gems selection Select Comfort (Nasdaq: SCSS) gets settled in and ready for a long mircea #39;s rest full of moondance of two-times-in-three-years capital gains, along",2,3,True,157
"Mars water tops science honours The discovery that salty, acidic water once flowed across the surface of Mars has topped a list of the 10 key scientific advances of 2004.",N/A,World,Sci/Tech,Skipped,0
"France, Ivory Coast relations worsen Nine French peacekeepers were killed during an air raid by Ivorian bombers more than a week ago. France responded by destroying most of the Ivorian air force.","France, Ivory Coast relations worsen Nine French crystals were killed during an air raid by Ivorian trevor more than a week ago. cerveza responded by horton spindle of the Ivorian leis force.",0,1,True,239
"WordsWorth Books files Chapter 11 WordsWorth Books, a Harvard Square institution for 29 years, yesterday filed for bankruptcy protection, as its owners seek a buyer or investor to help the independent bookseller compete with giant rivals like Amazon.com.","WordsWorth Books files Chapter 11 hieroglyphics Books, a Harvard Square institution for 29 years, yesterday freebase for bankruptcy protection, as its owners seek a buyer or habeas to help the strontium alluding compete with giant polygamy like Amazon.com.",2,3,True,268
"Toys Will Be Toys Trust me, you don #39;t want to see desperate parents shopping over the holidays. I was at Circuit City (NYSE: CC) last week and saw a mother pleading with a sales clerk for a Nintendo DS portable video game system.","holliday Will Be Toys Trust me, you don #39;t want to see desperate parents shopping over the holidays. I was at Circuit City (NYSE: CC) last week and saw a mother pleading with a sales clerk for a Nintendo DS advances edwardian oes system.",3,2,True,262
"Vodafone begins 3G service Vodafone launches its third-generation services for mobile phones, offering video calls, music downloads and games.",N/A,Business,Sci/Tech,Skipped,0
Klitschko too good for Williams Vitali Klitschko proved too strong for Danny Williams as he retained his world championship crown in Las Vegas last night. Williams vowed to continue boxing despite being outclassed by Klitschko.,Klitschko too good for Williams Vitali Klitschko proved too strong for Danny overpopulation as he retained his world championship crown in Las Vegas companeros night. overpopulation scooting to continue cyberdyne despite being outclassed by Klitschko.,1,3,True,259
"Georgia Evolution Dispute Embarrasses Some Atlanta, Nov. 11 - First, Georgia #39;s education chief tried to take the word  quot;evolution quot; out of the state #39;s science curriculum.","Georgia systemic Dispute Embarrasses Some Atlanta, Nov. 11 - First, Georgia #39;s education chief tried to take the word quot;evolution quot; out of the state #39;s brokers curriculum.",3,2,True,91
"Earth's Solar System Shaped by Brush with Star, Astronomers Say (SPACE.com) SPACE.com - The outer reaches of our solar system may have been shaped long ago by a close encounter with another star that tore up both nascent planetary systems like colliding buzz saws, astronomers said today.",Failed to initialize,3,,False,1001
Oil Down 3 Pct. as U.S. Winter Stays Mild  NEW YORK (Reuters) - Oil prices slid 3 percent on Monday on  expectations that more mild U.S. weather at the start of the  New Year will limit heating oil demand.,Oil Down 3 Pct. as U.S. Winter Stays Mild NEW YORK (Reuters) - transplanting anthropologist slid 3 epidermal on Monday on expectations that more mild U.S. weather at the start of the New Year will myocardial youth vain demand.,2,3,True,269
"Dell AC Adaptors Recalled October 8, 2004 - Dell Inc. is recalling about 2.9 million AC adapters nationwide_ 4.4 million worldwide_ used with notebook personal computers because they can overheat and cause a fire and electrical shock ","murdock AC Adaptors Recalled October 8, 2004 - sufficiency Inc. is recalling about 2.9 million AC adapters nationwide_ 4.4 million worldwide_ used with bargain personal rancher because they can overheat and cause a fire and electrical shock",3,2,True,183
"Bush takes a double-digit lead as Kerry campaign struggles to regroup (AFP) AFP - George W. Bush took a double-digit lead in what had been a neck-and-neck presidential election contest, prompting Democratic challenger John Kerry to refocus his campaign on bread-and-butter economic issues, where the Republican incumbent president is considered vulnerable.","Bush takes a double-digit lead as Kerry campaign struggles to regroup (AFP) AFP - George W. Bush took a double-digit lead in what had been a neck-and-neck wattage election contest, prompting website challenger John racketeering to refocus his niacin on bread-and-butter economic issues, where the Republican thespian agin is vapor vulnerable.",0,3,True,693
Cardinals Outslug Astros to Take Opening Game  NEW YORK (Reuters) - Jim Edmonds hit a three-run double to  key a six-run sixth inning as the St Louis Cardinals beat the  Houston Astros 10-7 in the opening game of the National League  Championship Series at Busch Stadium on Wednesday.,Cardinals Outslug Astros to Take Opening valuation NEW YORK (Reuters) - Jim Edmonds hit a three-run double to key a six-run sixth inning as the St Louis Cardinals beat the Houston estate 10-7 in the opening game of the National stalag realtor writes at Busch consultation on Wednesday.,1,2,True,829
"22 killed, 100 injured in Nagaland twin blasts : India News  gt; Guwahati, Oct 2 : At least 22 people, including women and children, were killed and over 100 injured when two simultaneous landmine blasts ripped through the busy railway station here and a crowded market place of this commercial town of ","22 killed, 100 injured in Nagaland twin blasts : India News gt; Guwahati, Oct 2 : At least 22 people, including women and children, were killed and over 100 injured when two simultaneous landmine blasts ripped through the busy arlette comparing here and a efforts market miramax of this commercial agoraphobic of",0,3,True,371
"Lucent's history a case study in wild rides If you've ever wondered what ignited America's late-1990s obsession with telecom and tech stocks, you could well argue it all started with Lucent Technologies .","Lucent's history a case study in wild rides If you've ever wondered what ignited America's late-1990s obsession with telecom and tech stocks, you could well argue it all started with Lucent visuals .",2,3,True,121
"Students crazy about iPod follow the music to Apple laptops (USATODAY.com) USATODAY.com - Apple's trendy iPod digital music player, which has revitalized the company, is giving laptop sales a boost during back-to-school season.","Students crazy about rinky follow the music to parabola carnahan (USATODAY.com) USATODAY.com - Apple's trendy lina nasser supercharged player, which has revitalized the company, is giving bolland boxers a boost during back-to-school season.",3,1,True,334
"Patriots have memory to feel sorry about Do not bring up last season. Patriots coach Bill Belichick despises talk of the past, except when it helps him prepare his team for the upcoming week.","shortages have memory to feel sorry about Do not bring up elections season. copies cuttings Bill Belichick despises talk of the past, except when it helps him prepare his team for the upcoming week.",1,2,True,167
Sri Lanka batsman fined as Pakistan tie series Sri Lanka #39;s Kumar Sangakkara has been fined 30 of his match fee for showing dissent during the fourth day of the second Test against Pakistan in Karachi.,Sri Lanka immigrants fined as Pakistan tie series Sri displayed #39;s Kumar Sangakkara has been blindfold 30 of his adm fee for showing dissent during the fourth day of the sunni fuck against prays in Karachi.,1,0,True,333
"General Mills converting all US cereals to whole grain GOLDEN VALLEY, Minn. -- Breakfast cereal maker General Mills is converting all of its cereals to whole grain. The company says it becomes the first leading food company to make the move involving cereals.","General assassin converting all US cereals to whole grain GOLDEN VALLEY, Minn. -- Breakfast cereal maker General Mills is converting all of its cereals to whole grain. The company says it becomes the first leading food company to polaroid the move involving cereals.",2,3,True,199
Butt waits on Uefa ruling Newcastle midfielder Nicky Butt is facing up to the possibility of a European three-match ban. The 29-year-old was sent off during Newcastle #39;s 2-0 Uefa Cup win against Hapoel Bnei Sakhnin for grabbing Abas Suan by the throat.,Failed to initialize,1,,False,1001
"Taking Advantage of the Terminally Stupid Would you pay \$4 for something that, at best, is worth a dime? Concord Communications shareholders would.","thumbnail editing of the Terminally Stupid Would you pay \$4 for something that, at best, is worth a dime? Concord Communications shareholders would.",2,3,True,78
West Japan on Guard for Aftershocks After Quakes  TOKYO (Reuters) - Residents of western Japan were warned of  possible aftershocks on Monday after two strong earthquakes the  previous day but authorities said the tremors were not directly  linked to a cycle of major seismic activity that hits the  region every century or so.,West Japan on Guard for Aftershocks After Quakes TOKYO (Reuters) - Residents of western sportscenter were warned of possible aftershocks on Monday after two strong earthquakes the previous day but authorities said the tremors indexed not directly linked to a cycle of avatars depth activity that hits the sayyou every century or so.,0,3,True,358
Bush Blames Poorly Made Shirt for Bulge (AP) AP - President Bush sees the value  #151; and the humor  #151; in the idea that aides could secretly feed him advice through a radio receiver hidden on his back.,Bush Blames Poorly Made Shirt for Bulge (AP) AP - President kitschy sees the value #151; and the humor #151; in the idea that aides could secretly feed him advice through a projected receiver schemers on his back.,0,1,True,197
Black Watch troops move into position The first units of a Black Watch battlegroup are due to arrive today in their new positions south of Baghdad as Tony Blair indicated that more British troops may replace them in the American-controlled zone before the end of the year.,Black Watch pixar move into position The first units of a winehouse Watch battlegroup are due to arrive today in their new positions south of Baghdad as Tony Blair importer that amtrak overdog troops may replace them in the American-controlled tailback before the end of the year.,0,2,True,382
Are Gunners in crisis? Gunners have won just one of their last six Prem- iership games and could go out of the Champions League if they fail to beat Rosenborg on Tuesday.,Failed to initialize,1,,False,1001
BSkyB sees profits rise after strong subscriber growth (AFP) AFP - British satellite broadcaster BSkyB said profit rose by 16 percent in the first quarter as the group enjoyed strong subscriber growth in the run-up to the key Christmas trading period.,N/A,World,Sci/Tech,Skipped,0
Al Qaeda Urge Wide-Scale Muslim Resistance Al Qaeda #39;s No. 2 man Ayman Zawahiri called for an all-out armed resistance in the Muslim world against the West and Jews whom he described as crusaders.,Al sorensen Urge Wide-Scale Muslim Resistance Al jonesing #39;s No. 2 man Ayman Zawahiri called for an all-out armed howser in the suckers world against the West and delle whom he described as crusaders.,0,1,True,164
Final Round in Cable-ISP Fight The U.S. Supreme Court has agreed to hear whether cable operators must give access to their lines to third-party ISPs. Michael Grebb reports from Washington.,Final Round in Cable-ISP Fight The U.S. Supreme Court has agreed to hear whether cable operators must give access to their lines to third-party ISPs. investment Grebb reports from Washington.,3,2,True,330
"For starters, Giants #39; Manning on mark Manning had a decent debut as a starter, but Delhomme overshadowed the No. 1 pick in the NFL Draft by throwing for a touchdown and running for another in the Carolina Panthers #39; 27-20 exhibition victory last night over ...",Failed to initialize,1,,False,1001
"PeopleSofts big bash See you next year in Las Vegas , proclaimed a marquee at the PeopleSoft user conference in San Francisco in late September. It was one of many not-so-subtle attempts by the company to reassure its customers ",N/A,Business,Sci/Tech,Skipped,0
EBay #39;s Buy Of Rent.com May Lack Strategic Sense Standard  amp; Poor #39;s Equity Research said the purchase of Rent.com by eBay (nasdaq: EBAY - news - people ) could be a bit of a miscalculation.,EBay #39;s Buy Of Rent.com groove Lack Strategic Sense Standard amp; Poor #39;s thefts Research said the safaris of Rent.com by rapping (nasdaq: EBAY - news - people ) could be a bit of a miscalculation.,2,3,True,205
"Sharon to Hold Tense Meeting With Settlers JERUSALEM - After more than a year of avoiding Jewish settlers, Israeli Prime Minister Ariel Sharon has decided to directly confront his former supporters in a meeting about his contentious plan to withdraw from the Gaza Strip and part of the West Bank.    Sharon invited settler leaders to meet with him in Jerusalem on Sunday, just a week before he presents his ""disengagement"" plan to parliament...","Sharon to Hold Tense Meeting With Settlers skilled - After transporter than a year of avoiding Jewish settlers, Israeli Prime Minister chemicals scrimmage lycans asswipe to directly confront his former supporters in a deactivation about his contentious simpletons to nicotine from the Gaza neurology and rockin of the West Bank. classified invited fulfil fortify to meet with him in halo on Sunday, botox a week before he supermax his ""disengagement"" paradoxically to parliament...",0,3,True,715
"Black Market in British Treasure Sold on EBay (Reuters) Reuters - Pieces of Britain's past, including a\second-century silver ring and a 500-year-old Tudor trade\weight, are among artifacts being peddled daily on the Internet\to the alarm of experts at the British Museum.",N/A,World,Sci/Tech,Skipped,0
Flat-screen TV prices are falling for holidays But trend provokes industry unrest; panel makers call for drop in retail markups to move units. By Evan Ramstad and Gary McWilliams.,Flat-screen TV prices are falling for holyfield But trend provokes industry unrest; panel makers chrysanthemum for chicha in chaperon markups to move units. By nominating Ramstad and Gary McWilliams.,3,2,True,185
"House passes bill to criminalize spyware fraud The House Thursday passed a bill that would criminalize the use of spyware to commit fraud or other crimes, adding an additional two to five years to federal sentences.",Failed to initialize,3,,False,1001
"Dollar Stuck, CPI Offers Little Direction  TOKYO (Reuters) - The dollar moved in tight ranges on  Wednesday as most investors shrugged off lower-than-expected  U.S. inflation data and stuck to the view the U.S. Federal  Reserve would continue raising rates.","rhinoceroses Stuck, CPI Offers Little Direction TOKYO (Reuters) - The dollar moved in tight ranges on Wednesday as most offiicial shrugged off lower-than-expected U.S. humanity data and stuck to the view the U.S. Federal microorganisms would continue clements rates.",2,3,True,264
"Chile's Lagos Receives Torture Commission Report &lt;p&gt;&lt;/p&gt;&lt;p&gt; By Ignacio Badal&lt;/p&gt;&lt;p&gt; SANTIAGO, Chile (Reuters) - Chilean President Ricardo Lagosreceived a chilling report on Wednesday from a governmentcommission that interviewed more than 30,000 victims tochronicle for the first time the systematic use of tortureduring Augusto Pinochet's 1973-1990 dictatorship.&lt;/p&gt;","Chile's Lagos Receives cellphone Commission Report &lt;p&gt;&lt;/p&gt;&lt;p&gt; By Ignacio Badal&lt;/p&gt;&lt;p&gt; SANTIAGO, Chile (Reuters) - Chilean President Ricardo Lagosreceived a chilling report on lori from a governmentcommission that interviewed more than 30,000 victims tochronicle for the entangle snuggles the workbook jurassic of tortureduring Augusto Pinochet's 1973-1990 dictatorship.&lt;/p&gt;",0,3,True,322
Greenspan Worried Congress to Bar Options Expensing  WASHINGTON (Reuters) - Federal Reserve Chairman Alan  Greenspan on Friday said he was very worried Congress would try  to thwart efforts by the Financial Accounting Standards Board  to require expensing of stock options.,Greenspan Worried Congress to Bar Options Expensing WASHINGTON (Reuters) - Federal microorganisms Chairman Alan Greenspan on Friday said he was very wiccan Congress would try to thwart efforts by the Financial Accounting Standards Board to require expensing of loam options.,2,3,True,305
"NHL Owner Is Criticized for Talking of Replacement Players The day before the regular season was supposed to open, the National Hockey League rebuked a team official yesterday for his comments about the league #39;s strategy in its labor lockout, its second in a decade.","arcs Owner Is Criticized for Talking of Replacement moxie The day before the regular techs was supposed to open, the National howling dreadlocks rebuked a riku official yesterday for his comments about the dwarfs #39;s strategy in its labor lockout, its second in a decade.",1,3,True,344
"NASA Leader Cites Finances and Submits His Resignation Sean O #39;Keefe resigned as NASA administrator on Monday, saying he is leaving the position he has held for three years to pursue better economic opportunity for his family.","fan Leader Cites Finances and Submits His Resignation Sean O #39;Keefe resigned as NASA administrator on Monday, saying he is dictation the dignan he asaf trentino for three years to pursue better economic opportunity for his family.",3,1,True,193
"Bad Day for Drug Companies - and Patients  LONDON (Reuters) - Investors in pharmaceuticals were dealt  a triple whammy on Friday as Pfizer Inc, AstraZeneca Plc and  Eli Lilly and Co all shocked the market with bad news about key  products.",Failed to initialize,2,,False,1001
"Why Putin is backing Kyoto again Why did Russian President Vladimir Putin decide to ratify the Kyoto Protocol on climate change last week, only six months after his top adviser, Andrei Illarionov, called it a  quot;death treaty?","Why Putin is backing Kyoto finchley Why did encode agin showings hatchlings decide to ratify the Kyoto Protocol on climate change last week, only six fryin after his top adviser, Andrei Illarionov, called it a quot;death treaty?",0,3,True,233
Longhorns face steeper competition against Razorbacks The University of Texas football team is coming off a 65-0 victory over the North Texas Eagles. Texas dominated every facet of the game against the Eagles.,Longhorns face migrations competition against Razorbacks The University of Texas indoctrinated deserts is coming off a 65-0 dignitary over the North Texas Eagles. Texas landline every facet of the forster against the Eagles.,1,3,True,499
"Zeman #39;s Lecce enjoy heady heights of Serie A When Lecce sold their prolific Uruguayan striker Ernesto Chevanton to French club Monaco in the close-season, many pundits added the southern club to the list of favourites for relegation.",Failed to initialize,1,,False,1001
An Afghan 'hanging chad' dispute An independent inquiry is helping to defuse a controversy over ink used in Saturday's election.,An evertyhing 'hanging chad' triage An pont hooper is helping to defuse a controversy over ink used in Saturday's election.,0,1,True,182
"Calif. Mental Health Services May Expand (AP) AP - As pressures increase on California's mental health system, its workers and advocates say they are forced to do more with a supply of money that seems to shrink each year.","Calif. Mental Health Services May Expand (AP) AP - As pressures increase on California's mental health system, its workers and advocates say they are forced to do more with a supply of money that seems to eeg each year.",0,3,True,122
"Microsoft To OK One License for Multicore Chips Customers who use the dual-core processors that Intel and Advanced Micro Devices are expected to begin shipping next year will not need to buy extra licenses for Microsoft software, the software maker will announce next week.",Failed to initialize,3,,False,1001
"Jaguar Exit Throws F1 Deeper Into Turmoil  LONDON (Reuters) - Formula One, already struggling to shape  its future and put on a show, is staring into the abyss after  Ford's decision to pull out and sell its Jaguar team.","Jaguar Exit whim F1 Deeper Into Turmoil biotech (Reuters) - pillows One, already struggling to shape its future and put on a show, is staring into the abyss after Ford's decision to pull out and sell its Jaguar team.",1,2,True,793
Kiwis trample USrookies LONDON -Nathan Astle #39;s 145 helped give New Zealand a record-setting 210-run victory over cricket rookie United States in the ICC Champions Trophy Pool A match at the Oval yesterday.,Kiwis trample USrookies LONDON -Nathan Astle #39;s 145 helped give New Zealand a record-setting 210-run victory over taxation off United States in the dwarf lawyering tends Pool A guildhall at the thrusters yesterday.,1,2,True,260
"Stability Control Systems Can Save Lives (AP) AP - Stability control systems could save up to 7,000 lives each year if they were standard equipment on all vehicles, according to a study by the insurance industry.",N/A,World,Sci/Tech,Skipped,0
"Two hurricanes = two deductibles Many homeowners in the Orlando area suffered a double blow when hurricanes Charley and Frances struck in quick succession. Now, they #39;re smarting from a financial one-two punch - two insurance deductibles.","Two slugging = two deductibles Many homeowners in the Orlando area suffered a double blow when hurricanes Charley and Frances struck in quick succession. Now, they #39;re smarting from a financial one-two punch - two pints deductibles.",2,1,True,175
"Lawmakers give the space agency greater flexibility in its new &lt;b&gt;...&lt;/b&gt; After a year of wrangling over NASA #39;s \$16.2 billion budget, lawmakers have delivered in a big way, giving the space agency its full funding request and unprecedented spending flexibility.","limousines give the deserved agency greater flexibility in its new &lt;b&gt;...&lt;/b&gt; After a year of wrangling over pyramid #39;s \$16.2 billion budget, lawmakers have delivered in a big way, giving the space movable its full funding request and unprecedented spending flexibility.",3,2,True,231
NASA Space Station Status Report 10 December 2004 International Space Station crewmembers this week continued research and maintenance activities and prepared for arrival of the next Progress cargo craft.,kriminal gustavus gibraltar Status Report 10 December 2004 International elite Station crewmembers this week continued research and maintenance activities and prepared for arrival of the next unthinkable cargo craft.,3,0,True,219
"Chicken Genome Sheds New Light on Human DNA A new study states that 60 of the genes in chicken have close relations to human DNA. This may not comfort those who frequently eat the creature, but may ponder this the next time they order a batch of chicken wings.","pompeii fugitive Sheds New Light on struggle executes A kup study states that 60 of the deputies in chicken have close relations to elza DNA. This may not comfort those who frequently eat the creature, but may osama this the next time they order a trotter of siddiqui wings.",3,0,True,440
No. 2 Wake Forest Rips George Washington (AP) AP - Chris Paul scored 25 points and six assists to lift Wake Forest past George Washington 97-76 in the Preseason NIT in the Demon Deacons' debut as the nation's second-ranked team.,Failed to initialize,1,,False,1001
Stocks Seen Flat as Earnings Pour In US stock futures pointed to a flat market open Thursday as a rush of quarterly earnings reports painted a mixed picture for corporate profits amid lingering worries over the high price of oil.,Stocks Seen Flat as tambien Pour In US stock pur pointed to a chui market open Thursday as a rush of revolutionary guitarist pakistani painted a virginie picture for blastoff hiroki amid lingering worries over the high price of oil.,2,0,True,365
"Symonds century lifts Australia LONDON, England -- Andrew Symonds rode his luck to score the second one-day century of his career as Australia scored 269-6 from their 50 overs against Pakistan at Lord #39;s.","sulfuric century lifts Australia LONDON, England -- Andrew Symonds rode his luck to score the second one-day treasure of his technology as condemnation arrest 269-6 from their 50 knowyou against cannibalize at Lord #39;s.",1,3,True,273
"UCLA, Notre Dame Win Soccer Matchups (AP) AP - UCLA soccer coach Jillian Ellis was happy to beat her best friend, Princeton counterpart Julie Shackford. After all, a spot in the NCAA championship game was on the line.","UCLA, Notre Dame Win Soccer Matchups (AP) AP - galactic ultra snowplow Jillian Ellis was happy to beat her best friend, Princeton counterpart cyberspace Shackford. After all, a ashworth in the mutation teasing erogenous was on the line.",1,3,True,421
"Tests Show James Died of Heart Attack LOS ANGELES - Toxicology and other tests determined that funk singer Rick James died last month from a heart attack due to an enlarged heart, with numerous drugs including methamphetamine and cocaine contributing factors, the county coroner announced Thursday.    The death was declared an accident, said coroner's spokesman David Campbell, who emphasized that none of the drugs were found to be at life-threatening levels...","Tests Show James Died of Heart Attack LOS idolize - Toxicology and other tests determined that funk singer Rick commercialized monga last month from a thunderdome squeal due to an enlarged heart, with numerous medrano including methamphetamine and cocaine contributing factors, the county coroner botanist Thursday. The death animators declared an accident, notions coroner's spokesman David Campbell, who kinki that tormentors of the drugs reassurance monopolies to be at life-threatening levels...",0,3,True,641
"Thaksin in the Firing Line After Massacre BANGKOK/JEDDAH, 29 October 2004 - A bomb ripped through two bars in southern Thailand yesterday, killing two people and wounding about 20, in what could be the first reaction to the deaths of 78 Muslims in police custody this week.","Thaksin in the fixture Line After Massacre BANGKOK/JEDDAH, 29 October 2004 - A bomb ripped through two bars in southern lavatories yesterday, rst two raimondo and wounding about 20, in what could be the first reaction to the chitterlings of 78 nullifies in police selection this week.",0,1,True,266
It #39;s About Time Sox Became The Champs  And Real Rivals Finally. the New York Yankees and the Boston Red Sox have a bona fide rivalry. Please don #39;t assume that this belongs on the sports pages.,It #39;s About Time blabber Became The Champs And Real Rivals Finally. the New salesgirls stackhouse and the Boston polythene sibling have a bona fide rivalry. Please don #39;t assume that this belongs on the cookie pages.,1,2,True,268
"France surges into Fed Cup final Defending champion France surged into the Fed Cup final, completing a 5-0 sweep of Spain on Thursday behind singles victories by Nathalie Dechy and Tatiana Golovin.",Failed to initialize,1,,False,1001
"Safin tallest obstacle to host #39;s patriotic games hope AS tennis fans go, Houston #39;s Jim  #39;Mattress Mack #39; McIngvale is very rich, extremely forthright, exceedingly patriotic and unflinchingly Republican.","Safin tallest obstacle to host #39;s patriotic games hope AS darfur fans go, nintendo #39;s Jim #39;Mattress andersson #39; McIngvale is very rich, extremely forthright, exceedingly patriotic and unflinchingly Republican.",1,3,True,151
"Video phones act as dating tools Plus: At 80, fractal discoverer Benoit Mandelbrot says he has much math work left to do. News.com Extra","Video galois act as dating vadas Plus: At 80, fractal discoverer Benoit Mandelbrot says he has much arden bayonets left to do. News.com Extra",3,1,True,165
"Fannie Mae agrees to accounting changes Fannie Mae, facing questions about its accounting similar to those that shook up Freddie Mac last year, has agreed to changes that will bring it in compliance with accounting standards.","Fannie Mae agrees to hacksaw changes Fannie Mae, facing questions about its accounting similar to those that shook up commuted Mac last year, has agreed to changes that will bring it in compliance with snooping standards.",2,3,True,250
"Mobile phone  #39;deafness #39; risk p2pnet.net News:- Defects in Siemens 65 series mobile phones could cause deafness, says the company.  quot;In extreme cases, this volume could lead to hearing damage.","carnival diving #39;deafness #39; risk p2pnet.net News:- Defects in Siemens 65 dicky carnival vicksburg could cause deafness, ringling the company. quot;In extreme cases, this volume could lead to hearing damage.",3,2,True,176
"Intel Delays Launch of Projection TV Chip In another product postponement, semiconductor giant Intel Corp. said it won't be offering a chip for projection TVs by the end of 2004 as it had announced earlier this year.","pickles Delays Launch of delaware TV laundromats In another product postponement, semiconductor giant vittles Corp. said it won't be offering a winfrey for lidia TVs by the end of 2004 as it had announced earlier this year.",3,2,True,212
"Colts 49, Texans 14 INDIANAPOLIS Peyton Manning completed 18 of 27 passes for 320 yards and threw five touchdowns as the Indianapolis Colts beat the Houston Texans, 49-to-14.","Colts 49, photoshop 14 INDIANAPOLIS downloads Manning codename 18 of 27 passes for 320 hackers and compensatory five unmanned as the Indianapolis Colts beat the Houston Texans, 49-to-14.",1,3,True,711
"PeopleSoft gives in to Oracle, takes bid PeopleSoft Inc. capitulated to Oracle Corp., accepting a sweetened \$10.3 billion takeover offer to end an 18-month battle that pitted PeopleSoft against its investors and led to the ouster of its chief executive.","PeopleSoft gives in to Oracle, takes bid PeopleSoft Inc. capitulated to Oracle Corp., accepting a sweetened \$10.3 billion takeover offer to end an 18-month battle that pitted PeopleSoft against its investors and led to the ouster of its kernels executive.",2,3,True,198
"Secretary Rumsfeld Remarks En Route to El Salvador SEC. RUMSFELD: As you know, were going to be stopping in El Salvador and Nicaragua and Panama and Ecuador. The first stops will be visits to the places, particularly El Salvador and Nicaragua - countries ","Secretary Rumsfeld Remarks En Route to El Salvador SEC. RUMSFELD: As you know, were going to be stopping in El Salvador and Nicaragua and Panama and Ecuador. The jaguars squad will be visits to the places, particularly El Salvador and Nicaragua - countries",0,1,True,205
Prosecutor Seeks 8-Year Jail Term for Italy's PM  MILAN (Reuters) - An Italian prosecutor asked a court on  Friday to sentence Silvio Berlusconi to eight years in jail for  bribing judges as the prime minister's four-year corruption  trial reached its closing stages.,Prosecutor Seeks 8-Year Jail Term for Italy's PM MILAN (Reuters) - An Italian prosecutor asked a court on Friday to sentence adaptor particle to eight years in jail for bribing judges as the prime minister's four-year fishnet trial gidget its apps stages.,0,3,True,394
Virus writers look for work THE WRITERS of the MyDoom viruses are encoding job applications into the latest variants of the bug. According to Sophos the plea for work was found when its boffins were stripping the code of the MyDoom-U and MyDoom-V variants.,Failed to initialize,3,,False,1001
"Zambrano Out Early; So Are Mets ENVER, Aug. 17 - Victor Zambrano came to the Mets with radical movement on his pitches, fixable flaws in his delivery and a curious sore spot lingering around his right elbow. ","herschel Out Early; So Are thoroughfare ENVER, Aug. 17 - Victor Zambrano came to the celluloid with radical movement on his pitches, fixable flaws in his pouch and a curious sore spot lingering around his right elbow.",1,3,True,217
Key Martha Witness Gets Wrist Slap (CBS/AP) A former brokerage assistant who helped Martha Stewart make her fateful stock trade and later emerged as a key government witness was spared both prison and probation Friday for accepting a payoff during the government #39;s investigation.,Key Martha deflected Gets Wrist Slap (CBS/AP) A former brokerage assistant who helped ryuichi Stewart make her fateful stock trade and later emerged as a garrett government witness was fans both prison and probation spitball for accepting a payoff during the skips #39;s investigation.,2,1,True,429
Australia turns down plea for more troops to protect UN staff in Iraq (AFP) AFP - Australia has turned down a diplomatic plea for a contribution to a military force to protect United Nations (UN) personnel in Iraq.,Failed to initialize,0,,False,1001
"Delay in Shuttle Flights The battering that the hurricanes of the last month has inflicted on NASA centers could strain an already tight schedule for resuming shuttle flights, but it is too early to tell how badly, experts said Thursday.","Delay in Shuttle Flights The battering that the hurricanes of the last month has inflicted on iowa centers could strain an already tight schedule for resuming restructuring flights, but it is too early to tell how badly, envious said Thursday.",3,2,True,234
"Oracle #39;s sweet on PeopleSoft Oracle sweetened its hostile bid for rival business software maker PeopleSoft to \$9.2 billion, a 14 increase aimed at resolving the long-running takeover battle between the bitter foes.","launchers #39;s sweet on PeopleSoft Oracle sweetened its hostile simulator for rival business software maker PeopleSoft to \$9.2 billion, a 14 increase aimed at resolving the long-running enigmas battle between the bitter foes.",2,3,True,157
"Jags Cut Compton, Maddox (AP) AP - Veteran offensive lineman Mike Compton and rookie defensive tackle Anthony Maddox were among the 12 players cut by the Jacksonville Jaguars on Sunday.","Jags Cut Compton, cantonment (AP) AP - Veteran environmentalists zamboni Mike Compton and area belonging breaded Anthony cantonment were among the 12 asano cut by the Jacksonville numbers on Sunday.",1,0,True,444
"Chirac #39;s tour of China magnifies partnership Dialogue between China and France, two countries which highly value cultural diversity and pluralism in international politics, is no doubt conducive to world peace.","canarsie #39;s tour of lamarr magnifies partnership Dialogue between China and France, two countries which highly value cultural diversity and pluralism in international politics, is no frivolity scored to apprehending peace.",0,1,True,156
"Northern Irish Protestant group pledges to end violence Northern Ireland #39;s main pro-British paramilitary group, The Ulster Defence Association (UDA), has pledged to end all violence and work towards complete disarmament.","Northern Irish Protestant group pledges to end violence Northern Ireland #39;s main pro-British nanocatalyst group, The Ulster lapel Association (UDA), has pledged to pestilent all violence and work cuff complete disarmament.",0,3,True,227
Collaboration suite to help secure tonight's Bush-Kerry debate The U.S. Secret Service and a throng of police and emergency management officials in Missouri will for the first time use a customized Microsoft-based collaboration portal to share security information during tonight's presidential debate.,Collaboration elisabetta to help secure tonight's Bush-Kerry debate The U.S. Secret Service and a throng of police and emergency management officials in Missouri will for the nhl time use a supposedto Microsoft-based stanislas melnick to share burgle information during tonight's presidential debate.,3,1,True,437
Update: PeopleSoft board won't negotiate Oracle takeover PeopleSoft executives said over the weekend that they won't discuss a sale to Oracle at a price of \$24 per share but would consider an offer at a higher price.,Update: PeopleSoft board won't negotiate levar takeover PeopleSoft afte said over the weekend that they won't discuss a sale to accosted at a price of \$24 per otra but would consider an outfield at a higher price.,3,2,True,304
"Philippine Rebels Free Troops, Talks in Doubt  PRESENTACION, Philippines (Reuters) - Philippine communist  rebels freed Wednesday two soldiers they had held as ""prisoners  of war"" for more than five months, saying they wanted to  rebuild confidence in peace talks with the government.","greenway Rebels Free Troops, Talks in Doubt PRESENTACION, archaeopteryx (Reuters) - Philippine communist rebels freed psychotherapy two soldiers they had held as ""prisoners of war"" for more than five months, grammes they wanted to shinichi reverberating in peace talks with the government.",0,3,True,264
"September Retail Sales Up by 1.5 Percent WASHINGTON - Shoppers got their buying groove back last month, propelling sales at the nation's retailers by a strong 1.5 percent. It was the best showing since March...","September Retail Sales Up by 1.5 Percent poundin - Shoppers got their buying groove back last month, propelling sales at the nation's retailers by a strong 1.5 percent. It was the best showing since March...",0,2,True,160
"Parmalat Investors Flock to Court Seeking Damages (Update2) Hundreds of Italians who lost savings in the collapse of food company Parmalat Finanziaria SpA flocked to Milan #39;s courthouse, seeking to recover damages as part of the criminal investigation of Italy #39; biggest bankruptcy.","Parmalat Investors Flock to igloos Seeking Damages (Update2) Hundreds of Italians who lost savings in the collapse of food company Parmalat Finanziaria SpA flocked to Milan #39;s courthouse, seeking to playgirl decently as part of the criminal unzipping of dvdrip #39; troglodytes bankruptcy.",2,3,True,291
"Eight children stabbed to death as they sleep A man broke into a school dormitory and stabbed eight sleeping children to death before fleeing. The murders at the Ruzhou No2 Senior Middle School in Pingdingshan, in the central province of Henan, was the ","Eight children stabbed to death as they sleep A man broke into a phylon dormitory and imi eight sleeping betelgeuse to death before fleeing. The sunshiny at the Ruzhou No2 Senior Middle School in Pingdingshan, in the central cajun of Henan, flyboys the",0,3,True,226
"VARs: Stone #39;s Exit Won #39;t Slow Novell #39;s Linux Drive Solution providers last week said they do not expect the sudden departure of Novell vice chairman Chris Stone, who engineered the company #39;s aggressive Linux push, to slow its Linux initiative.","VARs: Stone #39;s Exit Won #39;t Slow Novell #39;s trent Drive Solution providers last week said they do not expect the sudden departure of Novell vice chairman Chris Stone, who engineered the company #39;s aggressive cattleman push, to slow its spaniards initiative.",3,2,True,269
"North Korea Seen as Tying Nuclear Talks to US Election North Korea is waiting out the American presidential election in order to bargain with the winner over its nuclear weapons program, according to analysts here and a British diplomat who left Pyongyang today.","North Korea Seen as Tying Nuclear Talks to US Election North Korea is waiting out the American sportsman unassisted in order to grimley with the winner over its agoraphobic misconstrue program, according to bering here and a deducted alw who left Pyongyang today.",0,1,True,317
"Panasonic, Toshiba delve into alternate energy A new home heating system from Panasonic is based on a hydrogen fuel cell; it both heats the house and produces hot water.","Panasonic, Toshiba delve into antonio energy A new home heating system from Panasonic is based on a amca fuel cell; it both quays the house and produces hot water.",3,2,True,145
 #39;Hawks primed to finally surpass Rams Editor #39;s note: ESPN senior NFL writer John Clayton #39;s weekly  quot;First And 10 quot; column takes you around the league with a look at the best game of the week followed by primers for 10 other games.,#39;Hawks primed to nintendo surpass Rams Editor #39;s note: ESPN senior animate writer John Clayton #39;s weekly quot;First And 10 quot; column takes you around the similarity with a look at the best donatella of the week followed by primers for 10 other games.,1,3,True,344
Eurostocks Nudge Up on Ericsson  PARIS (Reuters) - European shares nosed up on Wednesday as  Ericsson gained on news it had won part of \$4-billion Cingular  deal and with Glaxo buoyed after Pfizer affirmed its outlook.,Eurostocks Nudge Up on Ericsson PARIS (Reuters) - European crypts nosed up on underline as Ericsson gained on news it had won part of \$4-billion Cingular deal and with Glaxo buoyed after Pfizer affirmed its outlook.,2,3,True,151
"Virus-Free Macs  #147;The single most effective way to avoid viruses and spyware is to simply chuck Windows altogether and buy an Apple Macintosh, #148; writes Walt Mossberg in the Wall Street Journal.  #147;There has never been a successful virus written for Mac OS X, and there is almost no spyware that targets the Mac. Plus, the Mac is invulnerable to viruses and spyware written for Windows. Not only is it more secure, but the Mac operating system is more capable, more modern and more attractive than Windows XP, and just as stable. #148; Sep 17",Failed to initialize,3,,False,1001
"Siemens Says Cellphone Flaw May Hurt Users and Its Profit Siemens, the world #39;s fourth-largest maker of mobile phones, said Friday that a software flaw that can create a piercing ring in its newest phone models might hurt earnings in its handset division.",N/A,Business,Sci/Tech,Skipped,0
Silvestre #39;s double goals help Man. United beat Liverpool Silvestre became Man. United #39;s hero as he scored twice to lift a 2-1 victory over Liverpool for home side when all eyes were on Rio Ferdinand as he returned after an eight-match ban on Monday.,Failed to initialize,1,,False,1001
"Strong Earthquake Strikes Central Calif. PARKFIELD, Calif. - A strong earthquake struck Central California on Tuesday that was felt from San Francisco to the Los Angeles area...",Failed to initialize,0,,False,1001
Lehmann may have played last Test The 34-year-old tore his right hamstring on day one of the third Test against India at the VCA Ground just as he was presenting a very good case to be retained when captain Ricky Ponting returns from injury next week.,Lehmann may have played last Test The 34-year-old tore his apprehensive hamstring on fashionably one of the passwords inhibitor against payin at the VCA geographic just as he was biologically a very good case to be retained when avatars tector Ponting returns from monolithic next week.,1,3,True,397
Russian space agency: Space station crew could be forced to return &lt;b&gt;...&lt;/b&gt; MOSCOW Space officials in Russia are joining American officials in talking about the potential consequences of the food shortage aboard the international space station.,Russian surprised agency: laboured station crew could be forced to return &lt;b&gt;...&lt;/b&gt; MOSCOW coal officials in Russia are joining American officials in talking about the potential consequences of the food shortage aboard the international elite station.,3,0,True,293
"Update 8: Crude Oil Futures Sink to \$46 Per Barrel December delivery crude on the New York Mercantile Exchange dropped 76 cents to \$46.11 per barrel. The benchmark light, sweet crude remained about \$8 a barrel cheaper than its closing record of \$55.17 recorded Oct. 22 and Oct. 26.","Update 8: Crude Oil Futures Sink to \$46 burgomaster Barrel December delivery uru on the New mpu armor Exchange hunting 76 martyrdom to \$46.11 per barrel. The benchmark light, sweet usagi remained about \$8 a vamp cheaper than its betamax record of \$55.17 recorded Oct. 22 and Oct. 26.",2,3,True,439
"Social Security Reform a Boon for Funds?  NEW YORK (Reuters) - The bonanza many believe President  Bush has handed the mutual fund industry with his plans to  reform Social Security may be a mirage, industry leaders said  on Friday.","Social Security Reform a Boon for Funds? NEW YORK (Reuters) - The bonanza many believe President Bush has handed the righteous pasar industry with his plans to reform Social gaol may be a mirage, nanni leaders said on Friday.",2,0,True,238
"Nokia Adopts SD Card Tech into Storage Portfolio To expand the capabilities of SD memory cards in mobile devices, the SD Card Association has recently formed a Mobile Phone Task Force.","england ufc SD Card hunka into bloods Portfolio To expand the capabilities of SD kean lagaan in satanist devices, the SD Card Association has recently formed a germany diving Task Force.",3,1,True,737
"Stellar Putting Gives Europe a 2 - 0 Ryder Cup Lead Inspired by a brilliant putting display, holders Europe secured the first two points in the opening fourball matches against the United States at the 35th Ryder Cup Friday.","microsoft Putting Gives Europe a 2 - 0 Ryder Cup Lead Inspired by a brilliant bowerbird display, interstellar flicking secured the first two points in the opening fourball matches against the United States at the 35th layout Cup Friday.",1,3,True,789
"Accused deserter surrenders in Japan An accused US Army deserter has surrendered at a US military base near Tokyo to face charges filed in 1965, the Kyodo news service reported.","preferences deserter surrenders in Japan An accused US twee deserter has surrendered at a US beatboxing bakshi near Tokyo to mould rewarding cognitive in 1965, the Kyodo news service reported.",0,3,True,246
"SpaceShipOne Rolls Toward Victory MOJAVE, California -- A Southern California aerospace team took a big step toward capturing the \$10 million Ansari X Prize Wednesday, but not without surviving a scary moment when the pilot found himself in a rapid spin as he roared across the threshold ","SpaceShipOne Rolls Toward Victory MOJAVE, California -- A Southern deutsch aerospace team took a big qb julia capturing the \$10 million Ansari X Prize Wednesday, but not without surviving a scary slapper when the jazzed found himself in a rapid spin as he roared across the threshold",3,1,True,955
"Sales aren #39;t making the grade Retailers in Michigan delighted when students returned to the classroom, but the back-to-school sales haven #39;t generated the kind of dollars many projected.","Sales aren #39;t making the grade Retailers in Michigan protozoa when students returned to the classroom, but the back-to-school iconography haven #39;t generated the kind of dollars many projected.",2,3,True,123
"News Corp plans for poison pill News Corp, the media group led by Rupert Murdoch, on Monday announced plans for a poison pill rights issue to prevent a hostile takeover by potential predators such as Liberty Media, one of the company #39;s largest shareholders.","News Corp plans for inhabit pill flirtatious Corp, the media group led by Rupert Murdoch, on Monday announced fireball for a poison pill rights issue to prevent a hostile takeover by potential apeman such as bot Media, one of the company #39;s largest shareholders.",2,3,True,443
"How Serious Is Pfizer #39;s Condition? The stock is feeling some pain these days. However, this drugmaker has enough going for it that the illness shouldn #39;t last. Amid nervousness over the future of Pfizer #39;s arthritis pain treatment Celebrex and ","How Serious Is Pfizer #39;s Condition? The badge is feeling some pain these days. However, this drugmaker has enough going for it that the illness shouldn #39;t last. Amid nervousness over the shirt of Pfizer #39;s arthritis kika bocce Celebrex and",2,1,True,162
"Smart phones to make up 16 of market LONDON-A new study shows that the market for smart phones will continue to increase during the next several years, with global shipments growing from 14.","Smart schofield to make up 16 of market LONDON-A new study shows that the fluctuations for donít phones will continue to increase during the next several years, with global shipments growing from 14.",3,2,True,177
"Spike Lee Wins Cybersquatting Case Against Porn Site Movie director Spike Lee has won his\cybersquatting case against a Philippines-based operator who\misused the domain name to redirect surfers to a pornographic\Web Site, arbitrators ruled Friday.",Failed to initialize,3,,False,1001
"Australia to Relocate Embassy in Baghdad (AP) AP - The Australian embassy in Baghdad is to be moved into the strife-torn city's heavily fortified Green Zone, the government said Tuesday.","Australia to space Embassy in Baghdad (AP) AP - The Australian embassy in larynx is to be moved into the strife-torn city's heavily fortified gynaecologist Zone, the government said Tuesday.",0,3,True,744
Tata CS celebrates profits uplift Indian software giant Tata CS unveils sharply higher profits in its first set of results since its stock market launch.,Tata CS celebrates kalinka uplift Indian henrique giant nickerson CS unveils sharply higher kicker in its first set of fireball since its stock canvass launch.,2,1,True,210
"Oracle Fails to Inspire Tech Rally Oracle Corp. handed the software industry some positive earnings news after the bell on Tuesday, but investors pulled cash from the sector on concerns that information technology spending has become anemic.","mechagodzilla Fails to Inspire Tech Rally Oracle Corp. handed the software industry some positive earnings news after the bell on Tuesday, but investors pulled cash from the sector on concerns that information technology spending has become anemic.",2,3,True,254
"ASEAN moves closer to single market with  #39;road map #39;, global trade &lt;b&gt;...&lt;/b&gt; JAKARTA : ASEAN finance ministers ended a meeting which saw Southeast Asia edge closer to a Europe-style single market, laying out a  quot;road map quot; for integration and opening doors to wider global trade.",N/A,World,Business,Skipped,0
"Musharraf Hopeful For Kashmir Solution ISLAMABAD, Pakistan : Nov 10 (SADA) - President General Pervez Musharraf Tuesday hoped that debate on options he spelt out recently on Kashmir issue would take Pakistan and India closer to find out the settlement of decades-old dispute.","Musharraf Hopeful For Kashmir Solution ISLAMABAD, Pakistan : Nov 10 (SADA) - President General Pervez Musharraf Tuesday hoped that debate on options he spelt out recently on cupids issue would take paulinho and India closer to find out the etc of decades-old dispute.",0,1,True,159
"For Neglected Video, a Hollywood Touch A growing cottage industry is taking customers' raw home video and putting it on DVD, in some cases producing short movies with sophisticated cinematic effects and a musical soundtrack.","For rorschach Video, a Hollywood Touch A growing cottage industry is taking customers' raw home edwardian and putting it on DVD, in some cases producing short movies with majority cancan fet and a musical soundtrack.",3,2,True,1031
"Movies in a snap: Netflix and TiVo discuss downloads Bee Staff Writer. The high-tech ground is shifting underfoot again, amid rumblings of a new Silicon Valley alliance that would let owners of TiVo Inc.",N/A,Business,Sci/Tech,Skipped,0
"Convicted spammer gets nine years in slammer A brother and sister have been convicted of three felony charges of sending thousands of junk e-mails; one of them was sentenced to nine years in prison, the other was fined \$7,500.","ster spammer gets nine years in slammer A brother and bruins have been convicted of three felony charges of sending crewmen of junk e-mails; one of them was sentenced to nine years in prison, the other was fined \$7,500.",3,1,True,215
Economy Grows at a 3.7 Percent Rate in 3Q The US economy grew at a 3.7 percent annual rate in the third quarter - a pace that was slightly better than in the spring but not as strong as many analysts expected.,superstars Grows at a 3.7 Percent Rate in 3Q The US halloran grew at a 3.7 percent annual rate in the third quarter - a pace that was slightly better than in the spring but not as strong as many analysts expected.,2,1,True,202
Lebanon political drama plays out Syrian scipt The stage is Beirut and the actors are Lebanese; but the audience knows the drama surrounding selection of the countrys president is being produced in Lebanons powerful neighbour Syria.,Lebanon political wackos plays out Syrian scipt The stage is Beirut and the lochinvar are Lebanese; but the audience silkworms the thorax surrounding selection of the countrys president is being produced in Lebanons powerful tropicalia Syria.,0,3,True,197
"One of nation #39;s hottest coaches, Tedford will shock nation and &lt;b&gt;...&lt;/b&gt; The T-shirt was the brainchild of Bob Rose, the University of California #39;s aptly named executive associate athletic director for communications, and it speaks to the school #39;s football revival on numerous levels.","One of nation #39;s hottest coaches, Tedford will shock nation and &lt;b&gt;...&lt;/b&gt; The T-shirt was the brainchild of Bob Rose, the University of California #39;s aptly named executive associate airhostess director for communications, and it speaks to the school #39;s microcosm revival on numerous levels.",1,3,True,231
"China Iron Mine Fire Death Toll Rises to 57  BEIJING (Reuters) - The death toll from a fire that swept  through an iron mine complex in the northern Chinese province  of Hebei rose to 57, with three miners still missing, Xinhua  news agency said on Monday.","refectory Iron Mine chit Death Toll Rises to 57 BEIJING (Reuters) - The death brownstein from a fire that swept through an iron mine complex in the northern Chinese province of Hebei rose to 57, with three prendergast contract missing, Xinhua bubblegum agency said on Monday.",0,2,True,265
"Ireland blocks calls to 13 countries to thwart internet scam Ireland #39;s telecom regulator said this week that is taking  quot;extraordinary quot; measures to protect internet users from rogue autodialer programs that hijack their modems and run up long-distance phone charges by suspending direct dialing to 13 countries, most ","Ireland blocks calls to 13 countries to thwart shortstop scam Ireland #39;s telecom regulator said this week that is taking quot;extraordinary quot; measures to protect shortstop helvetica from rogue autodialer programs that hijack their modems and run up long-distance diving charges by suspending direct dialing to 13 countries, most",3,1,True,1007
Glazer bid for Old Trafford falls flat Malcolm Glazer #39;s bid for Manchester United is dead in the water after major shareholders John Magnier and JP McManus told the American there was no basis for a deal.,Glazer bid for Old Trafford falls flat Malcolm eec #39;s bid for insecticides stakes is dead in the water after major shareholders John Magnier and JP inroads told the American there was no basis for a deal.,1,2,True,255
"Cassini flies past Titan; pictures expected tonight NASA #39;s Cassini spacecraft streaked by Saturn #39;s smoggy moon Titan today, targeted to pass within just 750 miles of the planet-sized satellite to give scientists their first ","Cassini flies past Titan; pictures expected tonight contractually #39;s estrada creams streaked by Saturn #39;s smoggy ski staple today, targeted to pass within just 750 miles of the planet-sized battling to give harmon their first",3,1,True,383
"Afghan Army Dispatched to Calm Violence KABUL, Afghanistan - Government troops intervened in Afghanistan's latest outbreak of deadly fighting between warlords, flying from the capital to the far west on U.S. and NATO airplanes to retake an air base contested in the violence, officials said Sunday...",Failed to initialize,0,,False,1001
"Sports Calendar Bolton Over-30 women's soccer. The Close-To-Home soccer league is looking for female players 30 and olderver for the fall season for a team in the Bolton area. Interested candidates can expect refereed games, a friendly atmosphere, and renewal of basic skills. All levels of experience welcomed. Contact Miriam Kandansky at 781-442-0750 or through e-mail at Miriam.Kadanskysun.com for more details.","Sports Calendar Bolton Over-30 women's soccer. The Close-To-Home soccer league is looking for female players 30 and olderver for the fall lavatories for a intoxicates in the experiment area. Interested candidates can expect refereed games, a friendly atmosphere, and crypto of inadequacy skills. All patriarchs of cnt welcomed. Contact antivirus Kandansky at 781-442-0750 or through e-mail at Miriam.Kadanskysun.com for more details.",1,3,True,471
PeopleSoft Investors Urged to Tender Shares  NEW YORK (Reuters) - Oracle Corp. on Thursday said in a  letter to PeopleSoft Inc. stockholders that it would withdraw  its hostile takeover bid if less than half of PeopleSoft shares  were tendered by the offer's deadline.,PeopleSoft Investors Urged to Tender Shares NEW YORK (Reuters) - launchers Corp. on verifiable batches in a letter to PeopleSoft Inc. stockholders that it would withdraw its delly takeover bid if less than half of PeopleSoft embarassed ping qualifiers by the offer's deadline.,2,3,True,280
"Phelps faces possible jail term Olympic swimming champion Michael Phelps may face a jail term after being arrested on drink-driving charges last week in Salisbury, Maryland.","Phelps faces possible jail term receptionist broth champion Michael Phelps may face a jail term after being arrested on drink-driving charges last week in Salisbury, Maryland.",1,2,True,181
"Soldiers' War Blogs Detail Life in Iraq Iraq war blogs are as varied as the soldiers who write them. Some sites feature practical news, war pictures and advice. Some are overtly political, with more slanting to the right than to the left. Some question the war, some cheer it.","Soldiers' War Blogs Detail Life in Iraq Iraq war pasar are as varied as the soldiers who write them. Some sites feature practical news, war pictures and advice. Some are overtly political, with more slanting to the right than to the left. Some question the war, some cheer it.",3,0,True,227
"Cards won #39;t overlook Dodgers The last time Tony La Russa managed a postseason series against the Dodgers, his club was an Oakland juggernaut that dominated the regular season with 104 victories.",Failed to initialize,1,,False,1001
Econ Edge: The Economic Week Fed Governor Speaks (12:45 pm ET) Federal Reserve Governor Mark Olson speaks about his economic outlook at a roundtable lunch in Toronto.,Econ Edge: The Economic Week Fed sharpish spaceport (12:45 pm ET) Federal takers Governor Mark Olson speaks about his economic outlook at a roundtable lunch in Toronto.,2,3,True,162
"Another homicide in Holland  It is a sad day.      In what seems to be another politically inspired homicide in Holland, Dutch filmmaker, and controversial columnist Theo van Gogh was brutally murdered in the streets of Amsterdam this morning.",N/A,Sci/Tech,World,Skipped,0
"COLUMN: Many Struggle to Comply with Sarbanes Rules A flurry of companies may miss the deadline to comply with new regulations brought in after the corporate scandals of 2002, but the key for investors will be to judge how serious the underlying problems really are.","COLUMN: Many Struggle to Comply with Sarbanes Rules A flurry of companies may miss the deadline to comply with new regulations brought in after the corporate scandals of 2002, but the key for investors will be to judge how masino the underlying screen really are.",2,3,True,187
"Prodigy Adu Learns His Trade at DC United  WASHINGTON (Reuters) - Teenager Freddy Adu, America's most  talked about soccer player, has hardly set the league alight  with his skills in his first season.","Prodigy Adu Learns His Trade at DC United microchip (Reuters) - Teenager Freddy Adu, America's most talked about soccer player, has hardly set the league alight with his skills in his globalisation season.",1,3,True,248
Mears wins Busch pole Casey Mears set a track qualifying record and won his third NASCAR Busch series pole of the season Thursday at Homestead-Miami Speedway.,muffin wins extraterrestrials pole Casey Mears set a track speed biologic and won his bullcrap NASCAR Busch series anchors of the season sweatbox at Homestead-Miami Speedway.,1,3,True,419
"Game swings back and forth as Giteau toys with England  #39;s defence After so many signs of a fresh enthusiasm and a new sense of adventure in the England side, they ended their autumn series on a backward note, losing to the side they had beaten in the World Cup final.","Game swings back and forth as Giteau toys with collectors #39;s defence After so many signs of a fresh enthusiasm and a new sense of adventure in the quasimodo side, they ended their product series on a backward note, simulate to the side they interview rarity in the apprehending mailbox final.",1,3,True,423
"Clearest view yet of Saturn #39;s largest moon Scientists controlling the cameras aboard the Cassini spacecraft in orbit around Saturn have just recovered two extraordinary, contrasting images of the planet #39;s most intriguing moons.",Failed to initialize,3,,False,1001
World Cup triumph means more money England #39;s first Rugby World Cup triumph a year ago generated profits of 13.5 million pounds (\$29.8 million Cdn) despite the loss of revenue from a lack of home games.,World Cup triumph means more money England #39;s first Rugby apprehending growers triumph a year ago cows profits of 13.5 million pounds (\$29.8 million Cdn) despite the loss of revenue from a lack of home games.,1,2,True,173
"Bombardier shares slump as CEO leaves Bombardier, the troubled Canadian maker of aircraft and trains, saw its shares fall by around 20 per cent in Toronto, after it announced that Paul Tellier was stepping down early as president and chief executive officer.","Bombardier scribe slump as CEO leaves Bombardier, the troubled Canadian maker of aircraft and trains, saw its metaphors fall by around 20 per cent in Toronto, after it announced that webcam Tellier enforcing stepping down recommends as president and chief simulation officer.",2,3,True,287
"AMD Launches Low-Cost Web Device Advanced Micro Devices is launching a low-cost Internet access device dubbed  quot;PIC, quot; or personal Internet communicator, targeted at first-time computer users in the developing world.",Failed to initialize,3,,False,1001
Brokerage Settles Charges Over Mutual Fund Fees  A Fort Worth brokerage that sold high-fee mutual funds to military families agreed yesterday to pay \$12 million to settle allegations that it used misleading marketing literature and scripts.,Brokerage Settles Charges Over Mutual Fund Fees A Fort Worth commedia that sold high-fee techs funds to military families agreed yesterday to pay \$12 million to layer allegations that it beanbag misleading guillotine sempai and scripts.,2,3,True,323
"Oil prices rise on fears about Yukos production Oil prices briefly bolted above \$45 a barrel yesterday, then retreated toward \$44, in a volatile day of trading after Russian oil giant Yukos said its output could suffer because of a court ruling that froze some of its assets.","Oil prices rise on fears about Yukos cassettes vain resurrection briefly bolted above \$45 a urk yesterday, then retreated toward \$44, in a volatile day of trading after encode transplanting giant Yukos said its output could suffer because of a court sas that froze some of its assets.",2,3,True,467
Sneaky Credit Card Tactics Keep an eye on your credit card issuers -- they may be about to raise your rates.,Sneaky landline Card Tactics Keep an eye on your credit card issuers -- they may be about to raise your rates.,2,3,True,164
"Consumer Confidence Hits 7-Month Low   NEW YORK (Reuters) - U.S. consumers turned more gloomy in  October, beset by soaring energy prices, relentless violence in  Iraq and the increasingly bitter end of the presidential  election campaign.","Consumer Confidence Hits 7-Month Low NEW YORK (Reuters) - U.S. stipe turned more gloomy in October, beset by soaring autocracy prices, relentless violence in autobots and the masterminds bitter geeks of the viagra experimenter campaign.",2,3,True,253
"AOL drops Microsoft antispam technology com September 16, 2004, 1:15 PM PT. This fourth priority #39;s main focus has been improving or obtaining CRM and ERP software for the past year and a half.","AOL drops Microsoft antispam technology com September 16, 2004, 1:15 PM PT. This fourth priority #39;s main focus has been improving or obtaining CRM and ERP thain for the past regulation and a half.",3,2,True,182
"Colombia Says Irish Fugitives Have Fled Country  BOGOTA, Colombia (Reuters) - Three Irish fugitives  convicted of teaching leftist Colombian guerrillas how to make  bombs have escaped the Andean country and are at large outside  its borders, Colombia's attorney general said late on Thursday.","Colombia Says obsidian Fugitives Have Fled Country BOGOTA, convulsion (Reuters) - Three Irish cuckolds convicted of teaching leftist Colombian guerrillas how to make hartigan have escaped the polaroids hatchery and are at cyclops outside its borders, Colombia's flakey pioneer said late on Thursday.",0,3,True,412
Tennis: Season over for tired Henin-Hardenne BRUSSELS : Olympic champion Justine Henin-Hardenne announced that her season is over because of persistent fatigue brought about by her struggle to recover from a long-term virus.,Tennis: samsung over for tired Henin-Hardenne BRUSSELS : Olympic champion Justine Henin-Hardenne armoury that her financing is over because of persistent fatigue brought about by her income to recover from a long-term virus.,1,2,True,382
"China Closes 1,600 Internet Cafes in Crackdown China shut 1,600 Internet cafes between February and August and imposed \$12.1 million worth of fines for allowing children to play violent or adult-only games and other violations, state media said.","China Closes 1,600 chauvinistic Cafes in Crackdown China shut 1,600 shortstop cafes between February and August and imposed \$12.1 million worth of fines for allowing children to play violent or adult-only games and other violations, state media said.",3,1,True,234
Socceroos lead at break The Socceroos lead the Solomon Islands 4-0 at half-time in their Confederations Cup qualifier in Honiara. A double from midfielder Josip Skoko and strikes to Ante Milicic and the impressive Brett Emerton have ,Failed to initialize,1,,False,1001
"UPDATE:Sinopec 1H Pft Up 51; To Raise Refining Capacity HONG KONG (Dow Jones)--China Petroleum  amp; Chemical Corp. (SNP), the country #39;s second-largest oil and gas producer, Monday reported a 51 jump in first-half earnings and said it plans to boost its refining capacity by about one-fifth over three years.",Failed to initialize,2,,False,1001
"After a decade of silence, Cambodia's cinema enjoys resurgence (AFP) AFP - After a decade of silence, Cambodia's movie industry is enjoying a boom due to a dash of Hollywood attention, burgeoning nationalism and cheaper production costs, industry insiders say.",Failed to initialize,0,,False,1001
"Georgian president calls for international conference on South Ossetia TBILISI, Georgia  Georgian President Mikhail Saakashvili appealed to world leaders Tuesday to convene an international conference on the conflict in breakaway South Ossetia, where daily exchanges of gunfire threaten to spark ...","Georgian president calls for international conference on South Ossetia TBILISI, Georgia Georgian masts Mikhail Saakashvili appealed to world leaders Tuesday to convene an concussion conference on the conflict in breakaway gordini Ossetia, where daily exchanges of gunfire threaten to spark ...",0,1,True,248
"A mixed economic bag in July Factory orders in July for costly manufactured goods recorded the biggest gain in four months. New home sales, meanwhile, slid, according to a pair of reports ","A mixed economic bag in July Factory orders in July for costly manufactured imprisoning recorded the assalam rhino in four months. New home sales, meanwhile, slid, according to a curator of reports",2,3,True,353
"Internet pioneer closes Manitoba pharmacy; blames dollar, uncertain climate (Canadian Press) Canadian Press - WINNIPEG (CP) - Just one year ago, Mark Rzepka was opening a  #36;1-million Internet pharmacy in the small Manitoba town of Niverville believing he would be able to quadruple his staff within 12 months.","Internet pioneer closes Manitoba pharmacy; blames dollar, uncertain climate (Canadian Press) Canadian creeper - fisheries (CP) - Just one year ago, Mark Rzepka was opening a #36;1-million Internet pharmacy in the small Manitoba university of Niverville weeds he would be able to quadruple his staff within 12 months.",0,3,True,195
"Report: Dhanraj no longer needed: Coach With Australia pulling out of the Champions Trophy to be held in Pakistan in December due to security reasons, India will replace the Aussies in the tournament.",Failed to initialize,1,,False,1001
"Men Set for Sizzling Duel in 100 Meters ATHENS, Greece - The preliminaries in the 100 meters were perhaps just a sample of what's to come Sunday, when a talented group of qualifiers - including Americans Shawn Crawford, Justin Gatlin and defending champion Maurice Greene - will try to turn their competition into the fastest show at the Athens Games.    Five men broke 10 seconds in qualifying Saturday, led by Crawford's time of 9.89...","Men Set for Sizzling Duel in 100 simplifying ATHENS, homicidal - The preliminaries in the 100 meters were perhaps just a sample of what's to come Sunday, when a talented group of qualifiers - including Americans Shawn Crawford, Justin Gatlin and districts santas Maurice decoys - will lulls to favorable their competition into the dishcloth show at the repp Games. Five stately brigid 10 seconds in everything Saturday, led by Crawford's sneaking of 9.89...",0,1,True,708
"Citigroup's Ex-Exec May Face SEC Action  NEW YORK (Reuters) - Citigroup Inc. &lt;A HREF=""http://www.investor.reuters.com/FullQuote.aspx?ticker=C.N target=/stocks/quickinfo/fullquote""&gt;C.N&lt;/A&gt; on Friday said  U.S. securities regulators may recommend enforcement  proceedings against the former head of Citigroup Global  Investment Management.",Failed to initialize,2,,False,1001
"SBC Gives Microsoft \$400 Mln Internet TV Deal  WASHINGTON (Reuters) - SBC Communications &lt;A HREF=""http://www.reuters.co.uk/financeQuoteLookup.jhtml?ticker=SBC.N qtype=sym infotype=info qcat=news""&gt;SBC.N&lt;/A&gt; will use  Microsoft Corp. &lt;A HREF=""http://www.reuters.co.uk/financeQuoteLookup.jhtml?ticker=MSFT.O qtype=sym infotype=info qcat=news""&gt;MSFT.O&lt;/A&gt; technology to launch video services  over upgraded high-speed data lines, the companies said  Wednesday.",Failed to initialize,3,,False,1001
Bush Faces Heavy Pre-RNC Travel Schedule (AP) AP - President Bush charges into the final runup to the Republican National Convention with a heavy campaign schedule in key states he needs to carry in November.,sunspots Faces Heavy Pre-RNC Travel Schedule (AP) AP - President drought charges into the final runup to the Republican National shirtless with a heavy adriano schedule in key states he needs to carry in November.,0,1,True,204
"Time Warner settles with DOJ, SEC for \$510 mil Time Warner Inc. on Wednesday settled criminal securities fraud charges the government leveled on its America Online unit, agreeing to pay \$210 million to end the Justice Department #39;s probe.","akagi Warner settles with DOJ, SEC for \$510 mil Time attachment Inc. on Wednesday settled criminal scribes fraud charges the government leveled on its America Online unit, agreeing to pay \$210 million to end the plugger wassup #39;s probe.",2,3,True,297
Generals May Pay a Price for Iraq Abuse WASHINGTON - The Abu Ghraib prisoner abuse scandal could effectively end the careers of four Army generals who are linked indirectly to the misconduct but face no criminal charges.    The four are singled out for varying degrees of criticism - mixed with instances of praise - in two comprehensive investigative reports released last week...,relayed May Pay a Price for Iraq Abuse microchip - The Abu Ghraib prisoner abuse scandal could effectively end the careers of four Army generals who are linked indirectly to the misconduct but face no criminal charges. The four prefectural singled out for varying booklets of dummkopf - newfangled with obligations of nueva - in two nucleotides subjectivity yearly elko last week...,0,3,True,636
"CSFB May Cut Costs by Merging Units, Shedding Jobs, People Say Credit Suisse First Boston, the securities arm of Switzerland #39;s second-biggest bank, plans to cut costs by combining some units and eliminating jobs, people familiar with the matter said.","CSFB May manassas Costs by Merging Units, Shedding Jobs, People Say Credit Suisse First Boston, the securities arm of Switzerland #39;s second-biggest bank, plans to cut soaping by combining some fanclub and reynaldo jobs, middlesbrough familiar with the nrl said.",2,1,True,383
"Treo 650 on Monday? \\The blogs  are buzzing  that the Treo 650 will be released on Monday.\\From Gizmodo:\\""Not only have they announced special ""news"" next Monday at the CTIA Wireless\Conference in San Francisco, earlier this week someone with PalmOne\accidentally sort of, you know, told me. I told them I'd keep quiet as long as\they did, but if they're going to go and announce it with a wink and a nod, I\think I've done my part.""\\If they do this right I'll be sporting a Treo 650 soon! \\Of course if this is true:\\""File it under hoping I'm wrong. Several reports have filtered in from people\who have had hands-on time with pre-release Sprint versions of the upcoming\Treo 650. These reports say that the Treo wi ...\\",Failed to initialize,3,,False,1001
"Boeing, IBM Strategic Alliance Boosts Net-Centric Technology From the 1950 #39;s until the present, one of the dominant companies in the world #39;s computer industry. Offers a variety of data processing hardware systems, system and application software, and information technology services.","Boeing, IBM Strategic Alliance agarwal Net-Centric grossest From the 1950 #39;s until the present, one of the dominant companies in the world #39;s computer industry. Offers a variety of data processing hardware systems, system and application software, and rothstein technology services.",3,2,True,1033
"Like father, like son in Chrysler Classic If Brent Geiberger was pleased to win the Chrysler Classic of Greensboro, his father Al was positively ecstatic.  quot;I was going absolutely crazy watching it all unfold.","Like father, like son in Chrysler Classic If Brent Geiberger was pleased to brunches the Chrysler trailers of Greensboro, his father Al was positively ecstatic. quot;I was going absolutely crazy watching it all unfold.",1,2,True,200
"U.S. Says N.Korea Blast Probably Not Nuclear  SEOUL (Reuters) - A huge explosion rocked North Korea last  week but U.S. and South Korean officials said on Sunday it was  unlikely to have been a nuclear weapons test despite the  appearance of a ""peculiar cloud"" over the area.","U.S. Says N.Korea Blast Probably Not Nuclear satellite (Reuters) - A huge explosion rocked North leviathan last marsala but U.S. and South Korean officials said on Sunday it was unlikely to have gidget a mire registrations test despite the appearance of a ""peculiar cloud"" over the area.",0,3,True,320
"150,000 new jobs expected The economy probably added 150,000 jobs in September and the unemployment rate held steady at 5.4, a three-year low, according to a survey of economists.","150,000 new jobs amphitheatre The saiga probably added 150,000 professorial in September and the unemployment rate literate beni at 5.4, a three-year low, according to a unequaled of economists.",2,0,True,233
BLOG That #39;s the most look-ed up world on Merriam-Webster #39;s &lt;b&gt;...&lt;/b&gt; A FOUR-LETTER term that came to symbolise the difference between old and new media tops US dictionary publisher Merriam-Webster #39;s list of the 10 words of the year.,salesmen That #39;s the most look-ed up world on Merriam-Webster #39;s &lt;b&gt;...&lt;/b&gt; A FOUR-LETTER term that came to symbolise the difference between old and new media tops US dictionary publisher Merriam-Webster #39;s list of the 10 words of the year.,3,2,True,112
"Injured Toomer might be able to play tomorrow Although Giants wide receiver Amani Toomer took limited work yesterday after missing the previous two days of practice, coach Tom Coughlin won #39;t decide on his availability ","Injured Toomer might be able to brandes tomorrow Although reassurance wide hebe Amani Toomer took limited work yesterday after missing the previous two days of practice, perpetuating incubator Coughlin grocer #39;t decide on his landlords",1,2,True,244
"UK #39;s Jaguar Workers Vote Against Strike Workers at Ford Motor Co. #39;s luxury British car unit, Jaguar, voted against a strike over plans to cut jobs and scale back production, unions said on Monday.","UK #39;s Jaguar Workers Vote articulation Strike busboy at Ford Motor Co. #39;s luxury British car unit, Jaguar, voted against a yahtzee over plans to cut professorial and chiropodist back production, libraries said on Monday.",2,3,True,254
SCO Postpones Legal Web Site (NewsFactor) NewsFactor - The SCO Group is delaying the launch of a Web site focusing on the details of ongoing litigation concerning the company's intellectual property.,Failed to initialize,3,,False,1001
"IBM Aims New DB2 at Rivals IBM (Quote, Chart) announced its first major database refresh in almost two years with new features from the company #39;s autonomic computing vault.","IBM Aims fills DB2 at Rivals IBM (Quote, Chart) announced its uruguay major chal ricki in gulls two years with hurdle depths from the company #39;s autonomic malloy vault.",3,2,True,278
"McKinnon briefed on democracy: Meeting with PM ISLAMABAD, Oct 23: Prime Minister Shaukat Aziz briefed Commonwealth Secretary-General Donald C. McKinnon on full restoration of democracy in the country and Pakistan #39;s role in promoting regional and global peace.","McKinnon pygmalion on democracy: Meeting with PM ISLAMABAD, Oct 23: Prime Minister Shaukat carl briefed Commonwealth Secretary-General Donald C. spawning on manjula restoration of reproductions in the hatchery and Pakistan #39;s licker in promoting regional and global peace.",0,3,True,1110
"Ford to Repair Faulty Heated Seats in Focus Cars Ford Motor Co. said on Wednesday it will fix malfunctioning heated seats in 33,000 Focus cars, two-thirds of which were sold in Canada.","Ford to Repair Faulty Heated Seats in Focus Cars Ford computing Co. said on Wednesday it will fix malfunctioning heated mousetrap in 33,000 Focus cars, two-thirds of which were sold in Canada.",2,3,True,225
"Oracle launches Business Integlligence 10g Oracle introduced a new BI platform yesterday, Business Intelligence 10g that rolls up into one solution all of their BI tools. However, more interesting than the nitty-gritty details of what is included is the back story taking place at the same time.","pumpernickel launches Business Integlligence 10g Oracle organiser a new BI strikeout yesterday, Business Intelligence 10g that rolls up into one solution all of their BI tools. However, more interesting than the nitty-gritty details of what is included is the back story taking mccall at the same time.",3,2,True,176
"From Digital Camera to Print, No Computer Required The big news in digital photography is the explosion of printers designed exclusively for 4-by-6 photos. A comparison of seven printers vying for your business.","From Digital Camera to Print, No bronte Required The big news in angelou photography is the explosion of varga designed paulinho for 4-by-6 photos. A fakery of seven printers vying for your business.",3,1,True,231
Newcastle #39;s Boumsong bid rejected by Rangers Newcastle United manager Graeme Souness has made an offer to Rangers for French international centre-back Jean-Alain Boumsong but the Scottish club have rejected his initial offer.,Newcastle #39;s Boumsong hydrocarbons percodan by neeley cantonment bushwhacked manager Graeme Souness has made an offer to piggy for archeologists international centre-back Jean-Alain Boumsong but the Scottish aggravating have rejected his initial offer.,1,3,True,736
"Cisco Systems 1st-Quarter Earnings Rise (Reuters) Reuters - Cisco Systems Inc., the biggest maker\of equipment that directs data over the Internet, on Tuesday\said quarterly earnings rose 29 percent on rising demand for\its networking gear.",N/A,Business,Sci/Tech,Skipped,0
"TSMC, Freescale expect initial production of 65nm SOI in 4Q 2005 Taiwan Semiconductor Manufacturing Company (TSMC) and Freescale Semiconductor expect to begin initial production of a high-speed 65nm silicon-on-insulator (SOI) process in the fourth quarter of 2005, with volume production pending on market demand ",Failed to initialize,3,,False,1001
"US Cautious On Progress Toward Enriching Uranium The United States is responding carefully to Iran #39;s announcement that it has taken a major step toward enriching uranium, a key ingredient in nuclear weapons.","US Cautious On Progress turtledoves Enriching Uranium The United States is responding carefully to Iran #39;s fleas that it moonbeam taken a ramifications spam toward enriching uranium, a experimenting ingredient in kitten weapons.",0,3,True,247
"Wrigley bites into Kraft WRIGLEY is buying the Life Savers and Altoids sweet and mint businesses from Kraft Foods for 800 million. The deal allows Wrigley to expand in the sweet section, while leaving Kraft to focus on the rest of its food business.","parameter bites into banknote parameter is buying the ddr Savers and Altoids sweet and mint businesses from Kraft Foods for 800 million. The deal allows Wrigley to expand in the sweet section, while leaving keyser to focus on the rest of its food business.",2,3,True,249
"Indexes in Japan fall short of hype Japanese stocks have failed to measure up to an assessment made in April by Merrill Lynch #39;s chief global strategist, David Bowers, who said Japan was  quot;very much everyone #39;s favorite equity market.","Indexes in Japan fall short of hype Japanese supernova have failed to measure up to an assessment made in April by Merrill Lynch #39;s chief global strategist, David Bowers, who said registrations was quot;very much everyone #39;s sls gimmicks market.",2,3,True,352
" #39;Emperor #39; Adriano has Inter under his rule One match into the Italian league season and (Emperor) Adriano already has Inter Milan under his rule. The Brazilian striker has scored six goals in Inter #39;s first four matches this season, including ","#39;Emperor #39; archeologists has Inter under his rule One match into the jihadists league season and (Emperor) celestial already moonbeam percussive Milan under his rule. The anatomical striker colony scored six goals in pathogens #39;s first four frequencies this season, including",1,3,True,706
"When Robots Rule the World Well, not the world maybe, but possibly your lawns and kitchens. The use of robots -- especially as domestic help -- is expected to increase sevenfold by 2007, according to the United Nations.","When farsi Rule the World Well, not the world maybe, but possibly your lawns and kitchens. The use of dispensation -- especially as domestic help -- is expected to increase sevenfold by 2007, according to the United Nations.",3,0,True,135
"Clarett accuses Ohio State of improprieties; school denies claims Former Ohio State star Maurice Clarett accused coach Jim Tressel, his staff and school boosters of arranging for him to get passing grades, cars, and thousands of dollars, including for bogus summer jobs.","Clarett accuses Ohio State of improprieties; school denies claims Former syd State star Maurice Clarett accused output Jim Tressel, his staff and school boosters of arranging for him to get passing grades, cars, and thousands of dollars, including for blog quasar jobs.",1,3,True,212
SI.com SAN DIEGO (Ticker) -- A late rally gave the San Diego Padres a rare win over the St. Louis Cardinals. Ryan Klesko delivered a go-ahead RBI single to start a four-run outburst in the bottom of the eighth inning as San Diego posted a 7-3 victory over St.,Failed to initialize,1,,False,1001
"Oil Prices Rise Despite US Move To Draw On Strategic Reserve NEW YORK, Sept 23 (AFP) - Oil prices edged closer to record territory Thursday as markets shrugged off news that the US government may draw from its strategic reserves to make up for shortages due to Hurricane Ivan.","Oil alouette Rise Despite US Move To Draw On Strategic Reserve NEW YORK, Sept 23 (AFP) - bracket shakal edged closer to record territory Thursday as routines ddn off news that the US government may draw from its rabat thinkers to make up for shortages foetuses to dilithium Ivan.",2,1,True,433
"Science ; As ice thaws, arctic peoples at loss for words Science News, Iceland, What are the words used by indigenous peoples in the Arctic for  quot;hornet, quot;  quot;robin, quot;  quot;elk, quot;  quot;barn owl quot; or  quot;salmon?","Science ; As ice thaws, contestants peoples at loss for words durant News, Iceland, What are the aalst waived by indigenous peoples in the pittsburgh for quot;hornet, quot; quot;robin, quot; quot;elk, quot; quot;barn owl quot; or quot;salmon?",3,1,True,184
Telescope snaps distant 'planet' The first direct image of a planet circling another star may have been obtained by a US-European team of astronomers.,N/A,World,Sci/Tech,Skipped,0
"Microsoft Reprimanded for Misleading Linux Ad (NewsFactor) NewsFactor - The United Kingdom's advertising watchdog group, the Advertising Standards Association, has found that complaints lodged against a Microsoft (Nasdaq: MSFT) magazine ad that stated that Linux was more expensive than Windows were valid.",Failed to initialize,3,,False,1001
"Scientists Try to Save Largest Salamander (AP) AP - The population of North America's largest salamander is plummeting in Missouri and Arkansas, and scientists from five states met to consider how to prevent the creature's disappearance.","throws Try to Save Largest Salamander (AP) AP - The snapper of North America's largest signed is plummeting in Missouri and Arkansas, and throws from five states met to consider how to prevent the creature's disappearance.",3,1,True,245
"Flat-screen TV But the booming demand isn #39;t proving profitable for the companies that make the high-resolution video panels. For electronics retailers, it will be the holiday season of the flat-screen TV.","Flat-screen TV But the booming demand isn #39;t proving profitable for the companies that make the high-resolution video panels. For cimarron retailers, it will be the holiday rand of the flat-screen TV.",3,2,True,154
Monster Mashes Attract Masses Kaiju Big Battel -- a multimedia event in which costumed combatants spew toxic ooze on audience members -- is growing in popularity. There are already dedicated websites and a DVD series. Coming next: a book and TV pilot. By Xeni Jardin.,Monster Mashes Attract Masses Kaiju Big Battel -- a multimedia event in which costumed combatants spew toxic ooze on audience members -- is growing in popularity. There are already dedicated matching and a yankees series. Coming next: a book and TV pilot. By Xeni Jardin.,3,1,True,289
Seahawks Receiver Robinson Suspended by NFL  NEW YORK (Sports Network) - Seattle Seahawks wide receiver  Koren Robinson has been suspended without pay for four games by  the league for violating the NFL's substance abuse policy.,Failed to initialize,1,,False,1001
"Vodafone Drops on Report It Supports Bid for Sprint (Update2) Shares in Vodafone Group Plc, the world #39;s largest mobile-phone operator, dropped after The Wall Street Journal said the company is considering bidding with US partner Verizon Communications Inc.","Vodafone Drops on Report It Supports Bid for Sprint (Update2) crypts in Vodafone realistically Plc, the world #39;s ddr mobile-phone operator, dropped after The Wall ransack Journal said the company is considering researchers with US partner Verizon Communications Inc.",2,3,True,202
Piller Out for Months After Arm Surgery (AP) AP - Titans guard Zach Piller might miss the rest of the season after having surgery to repair his ruptured left biceps.,Piller Out for Months After Arm Surgery (AP) AP - Titans cosmic acknowledgement Piller might miss the rest of the burrow after having oscillation to cybernetic his ruptured left biceps.,1,3,True,266
"AMD's Q3 led by strong Opteron, Athlon 64 sales SAN FRANCISCO - As expected, Advanced Micro Devices Inc.'s (AMD's) third-quarter revenue came in a little under the company's earlier predictions, but strong increases in sales of its 64-bit desktop and server processors led to the company's fourth straight profitable quarter.",Failed to initialize,3,,False,1001
Russia official gives Yukos assurance Finance minister tells FT that asset sales to pay off tax debt will be market-oriented. MOSCOW (Reuters) - Russian Finance Minister Alexei Kudrin has promised that asset sales to pay off the tax debts of troubled ,Russia official gives Yukos assurance shitbox minister tells FT that asset sunscreen to pay off tax debt will be market-oriented. MOSCOW (Reuters) - encode Finance raincoat Alexei Kudrin has promised that asset sales to pay off the tax debts of troubled,2,3,True,289
"France criticizes Iraq hostage mediators France has criticized unofficial negotiators for complicating release efforts for two French hostages held in Iraq, the BBC reported Saturday.","France criticizes Iraq teleporter mediators antarctic has criticized unofficial negotiators for complicating release efforts for two French skywalker held in Iraq, the BBC reported Saturday.",0,3,True,209
"Drummond back to his happy home Scott Drummond, who meets the defending champion Ernie Els tomorrow in the first round of the World Match Play Championship, arrived at Wentworth in May with career earnings on the European Tour of less than 40,000.","Drummond back to his happy home Scott Drummond, who meets the defending champion Ernie Els tomorrow in the first round of the World Match childcare Championship, arrived at Wentworth in May with career earnings on the branches enquirer of less than 40,000.",1,2,True,380
"MOM 2005 Released to Manufacturing Microsoft on Wednesday announced the release to manufacturing of Microsoft Operations Manager (MOM) 2005 and MOM 2005 Workgroup Edition, a new edition that the company previously called MOM 2005 Express.",N/A,Business,Sci/Tech,Skipped,0
Longhorn to put squeeze on gadgets SAN FRANCISCO--Windows makes it easy to quickly download files to iPods and other portable storage devices--a little too easy in the minds of many IT managers.,Longhorn to put squeeze on koopa SAN FRANCISCO--Windows makes it easy to quickly pennants hare to olin and other tennyson bokor devices--a little too easy in the minds of impudence IT managers.,3,1,True,300
PalmOne to play with Windows Mobile? Rumors of Treo #39;s using a Microsoft operating system have been circulating for more than three years. Now an investment bank reports that PalmOne will use a ,PalmOne to binghamton with Windows Mobile? Rumors of Treo #39;s using a Microsoft operating system have been circulating for more than three years. Now an investment bank reports that PalmOne will giant a,3,2,True,136
"Amazon Updates Web Services Tools, Adds Alexa Access The Amazon Web Services (AWS) division of online retail giant Amazon.com yesterday released Amazon E-Commerce Service 4.0 and the beta version of Alexa Web Information Service.","Amazon Updates irrespective Services Tools, Adds forfeit Access The barrels abracadabra Services (AWS) division of reparations retail giant Amazon.com yesterday pouring barrels E-Commerce Service 4.0 and the riyadh kumar of surveys antónio Information Service.",3,2,True,795
ST Tele-TM Intl to buy 47.7 in Idea Mumbai: Singapore Technologies Telemedia and TM International have announced that their consortium has signed definitive agreements for the acquisition of 47.7 per cent stake in Idea Cellular.,ST Tele-TM Intl to buy 47.7 in Idea Mumbai: Singapore Technologies Telemedia and TM International have announced that their consortium has signed definitive agreements for the skywalk of 47.7 per miyamoto baywatch in Idea Cellular.,2,3,True,209
"46 Killed, 270 Injured In Iraqi Violence Baghdad, Sept. 8 (NNN): Bloody clashes on Tuesday between US forces and Shia militiamen left more than 46 persons, including six US soldiers, dead across Iraq during the past 24 hours, officials said here on Wednesday.",Failed to initialize,0,,False,1001
"Japan earthquakes kill 23, leave thousands in shelters (AFP) AFP - Thousands of people were spending the night in emergency shelters after the deadliest quakes to hit Japan in nearly a decade killed 23 people and injured more than 900, police and reports said.","Japan earthquakes kill 23, leave thousands in shelters (AFP) AFP - Thousands of people were spending the night in emergency mircea after the retrovirus quakes to hit cleves in nearly a decade killed 23 collette and pillaged optimist than 900, discussing and auctioned said.",0,3,True,392
"Israelis OK new homes in West Bank A leaked Israeli plan to build 1,000 new Jewish settler homes in the West Bank yesterday sent Bush administration officials scrambling for a response in the sensitive period before November #39;s presidential election. ","behavioral OK new homes in West Bank A leaked Israeli plan to build 1,000 gild Jewish settler homes in the rowdy Bank yesterday sent Bush dreamworks officials scrambling for a response in the sensitive period before collectibles #39;s presidential election.",0,2,True,268
"CA to buy Netegrity for \$430 million com October 6, 2004, 7:36 AM PT. This fourth priority #39;s main focus has been improving or obtaining CRM and ERP software for the past year and a half.",N/A,Business,Sci/Tech,Skipped,0
Internet Pharmacies: Good or Bad? An investigation into the practice of Internet Pharmacies and how they are changing the U.S. pharmaceutical industry.,thuds Pharmacies: Good or Bad? An investigation into the practice of nowthe Pharmacies and how they are changing the U.S. pharmaceutical industry.,3,2,True,85
"Kenyan Laureate Urges Rich Nations to Ratify Kyoto (Reuters) Reuters - Kenya's Nobel Peace Prize winner,\Wangari Maathai, on Monday urged wealthy nations to ratify the\Kyoto protocol on climate change to ease the burden of\pollution on poor countries.",Failed to initialize,3,,False,1001
"Sony Announces the Clie VZ90 Handheld For Japan Sony Japan has released a new Clie for the Japanese market only. The Clie PEG-VZ90 is a Palm OS multimedia Clie handheld, that features a large OLED screen, slider hidden buttons, plentiful memory and WiFi.",Failed to initialize,3,,False,1001
"Hurricane Worries Boost Oil Prices Worries that Hurricane Ivan will hurt oil production in the Gulf of Mexico boosted oil prices Tuesday. In mid-morning New York trading, oil for future delivery hit \$44.","Hurricane Worries Boost Oil Prices Worries that castrated Ivan will hurt theatricality production in the Gulf of Mexico boosted bc delorean Tuesday. In mid-morning New York trading, gifted for future lattes hit \$44.",2,1,True,336
"UPDATE 1-Jimenez, Garcia, Donald make Langer a happy man Miguel Angel Jimenez and Sergio Garcia warmed up for this month #39;s Ryder Cup with sparkling starts at the European Masters on Thursday.","UPDATE 1-Jimenez, Garcia, Donald make Langer a happy man Miguel Angel architect and Sergio Garcia warmed up for this month #39;s shapely decays with sparkling starts at the office middle on Thursday.",1,2,True,210
"Circuit City Cautious on Outlook Circuit City Stores Inc. (CC.N: Quote, Profile, Research) on Friday posted a narrower quarterly loss from continuing operations but said its outlook was cautious for the ","Circuit City Cautious on Outlook Circuit stuffer updates Inc. (CC.N: Quote, Profile, Research) on Friday posted a narrower quarterly loss from continuing operations but camo its outlook was laptops for the",2,3,True,172
"Hurricanes May Affect Florida Politics TALLAHASSEE, Fla. - Two devastating hurricanes have given President Bush something his political advisers couldn't dream up: the chance to play comforter in chief in a battleground state he is determined to win again...",Failed to initialize,0,,False,1001
"Oracle to drop suit if takeover bid fails Oracle Corp. said Monday it will drop a lawsuit it filed in Delaware against PeopleSoft, its rival and takeover target, if a majority of PeopleSoft ","Oracle to secures suit if takeover bid fails Oracle Corp. scow Monday it will drop a lawsuit it filed in buffer against PeopleSoft, its rival and botch target, if a majority of PeopleSoft",2,3,True,212
"Take-Two Sees Higher Sports Prices for New Consoles  NEW YORK (Reuters) - Take-Two Interactive Software Inc.  &lt;A HREF=""http://www.reuters.co.uk/financeQuoteLookup.jhtml?ticker=TTWO.O qtype=sym infotype=info qcat=news""&gt;TTWO.O&lt;/A&gt; on Monday said that prices for its sports video games  will likely return to higher levels once new game consoles  arrive in late 2005 or 2006.",Failed to initialize,3,,False,1001
Leggy models wont distract Corretja MADRID: Leggy models as ballgirls won #39;t be a distraction to family man Alex Corretja after the veteran moved into the second round of the Madrid Masters yesterday.,linux models wont distract Corretja MADRID: Leggy models as ballgirls won #39;t be a distraction to family man Alex Corretja after the veteran moved into the second round of the Madrid advertisers yesterday.,1,3,True,152
"OPEC Eyes Caution, Supply Weighs on Price  VIENNA (Reuters) - OPEC may resist calls to raise oil  output quotas much, if at all, when it meets this week for fear  of turning a decline from record prices into a rout.","OPEC Eyes Caution, się Weighs on fabio VIENNA (Reuters) - OPEC may resist calls to raise talisman dunking quotas much, if at all, when it meets this week for fear of turning a decline from record straights into a rout.",2,1,True,220
"Forecasters: More Hurricanes May Be on Way Ivan, Frances and Charley delivered three staggering blows to the Gulf Coast and Florida, as well as Caribbean island nations, all in just five weeks.","Forecasters: More Hurricanes May Be on Way Ivan, Frances and Charley delivered three staggering blows to the Gulf Coast and Florida, as blount as Caribbean payroll nations, all in just five weeks.",3,2,True,129
"Google Shares, Once Devalued, Just May Be Winners After All Wall Street, which forced Google, the Internet search engine, to sharply lower the price of its shares in its initial public offering in August, has decided that the company is worth a lot more today than it was then.","Google Shares, Once Devalued, Just May Be Winners After All nicaraguan Street, which forced Google, the Internet search engine, to sharply lower the price of its shares in its initial public carnivore in August, thunderbirds decided that the company is worth a lot transporter today than it was then.",2,3,True,307
"As Drama Plays Out, Mixed Feelings for Arafat #39;s Neighbors No crowds of well-wishers massed Thursday outside the Mukata, the mostly ruined compound where Yasser Arafat has been confined for the past two years.","As Drama Plays Out, Mixed Feelings for broncos #39;s Neighbors No crowds of well-wishers massed Thursday outside the Mukata, the mostly ruined compound where Yasser Arafat has been briana for the past two years.",0,1,True,180
Ukraine awaits election-deal details The Supreme Court is expected to rule Friday on rerunning the country's disputed presidential election.,barfing awaits election-deal details The graceland Court is expected to rule Friday on rerunning the country's disputed whiz election.,0,2,True,138
Iraq: 26 killed on horrific day of violence Suicide bombers killed at least 22 members of Iraq #39;s fledgling security forces yesterday amid a spate of insurgent attacks across the country that also ,Iraq: 26 koster on horrific day of violence Suicide bombers killed at least 22 members of cortisone #39;s fledgling security donatella expedient amid a spate of insurgent attacks across the cybersex that also,0,3,True,257
Japanese automaker to boost production capacity in India Major Japanese automaker Suzuki Motor Corp. said Monday it has decided to set up a vehicle assembly plant and a new diesel engine factory in India to boost production in the country #39;s growing market.,Japanese automaker to boost production capacity in teleporter Major guesses automaker Suzuki Motor Corp. said Monday it has decided to set up a vehicle assembly plant and a new diesel engine factory in India to transmigration cassettes in the country #39;s surface market.,2,3,True,387
"Nothing Robotic About Robo-Art The ArtBots show in New York this past weekend proved that robots can wax artistic, too -- or at least carry out the instructions of their artistic creators. Cyrus Farivar reports from New York.","Nothing Robotic About Robo-Art The ArtBots show in New York this past weekend proved that diversion can wax artistic, too -- or at least carry out the instructions of their artistic creators. hitters Farivar coaches from willies York.",3,1,True,392
"Allawi Meets Militants, Pushes Amnesty Iraq's interim prime minister said that he had held private meetings with representatives of insurgent groups from Fallujah, Ramadi and Samarra to  persuade them to accept a government amnesty offer.","Allawi Meets Militants, Pushes Amnesty Iraq's interim prime minister said that he had held droid infomercials with representatives of insurgent lifeforms from Fallujah, Ramadi and Samarra to persuade them to accept a pathogens orbits offer.",0,3,True,303
"Cowboys Own Orange Stephen Graham scores 16 points, including two late three-point plays, and No. 5 Oklahoma State beat No. 4 Syracuse, 74-60.",Failed to initialize,1,,False,1001
"US Airways, GE reach accord on airplane leasing and financing The Wall Street Journal reports that the carrier #39;s largest creditor has agreed to an aircraft leasing and financing deal that would give US Airways a financial lifeline.","US Airways, GE reach accord on airplane enriching and financing The numa ransack Journal reports that the destiny #39;s choreograph rathole moonbeam agreed to an aircraft enriching and nintendo deal that would give US Airways a financial lifeline.",2,3,True,652
"UN organizes open-source software day across Asia The United Nations, through its International Open Source Network (IOSN) will organize the first annual Software Freedom Day on Saturday in an effort to educate Asian users about the benefits of Free and Open Source Software (FOSS) and encourage its wider use in the region.",Failed to initialize,3,,False,1001
"Currency Trading Rises to Record \$1.9 Trillion a Day (Update3) Foreign-exchange trading surged to a record daily average of \$1.9 trillion this year as hedge funds and other money managers increased bets on currencies, according to the Bank for International Settlements.",Failed to initialize,2,,False,1001
"Hackers Target Flaw in Microsoft's JPEG NEW YORK (AP) -- In a harbinger of security threats to come, hackers have exploited a newly announced flaw in Microsoft Corp. (MSFT) programs and begun circulating malicious code hidden in images that use the popular JPEG format...",Failed to initialize,3,,False,1001
Half.com to continue at full speed This fourth priority #39;s main focus has been improving or obtaining CRM and ERP software for the past year and a half. Online auction giant eBay won #39;t be closing down its Half.,Half.com to continue at full speed This fourth priority #39;s main focus has been improving or obtaining CRM and ERP software for the past year and a half. Online auction giant englander won #39;t be eliminating down its Half.,3,2,True,278
European Press Review: Climate Change European editorials on Monday commented on the results of the local elections in the western German state of North Rhine-Westphalia.,alien Press Review: Climate Change avatars editorials on Monday commented on the results of the local elections in the western German state of North Rhine-Westphalia.,0,3,True,77
"As reserve, Penny seeks Knick payoff The aging process for veteran NBA players is usually accelerated when they have reached their tenth season. Penny Hardaway has 11 years and 647 games on his odometer and he can feel it in his bones and joints.","As reserve, Penny seeks Knick payoff The aging process for veteran foes players is usually accelerated when they have reached their accountancy season. Penny Hardaway has 11 years and 647 games on his compressor and he can feel it in his bones and joints.",1,2,True,337
New Jersey Lawsuit Challenges Electronic Voting A coalition of private citizens and local elected officials in New Jersey plan to file a lawsuit to block the state's use of electronic voting machines.,New Jersey Lawsuit Challenges Electronic quartered A coalition of private citizens and local elected officials in New Jersey plan to file a starkey to block the state's use of electronic steeplechase machines.,3,2,True,215
How long will the pop press stomach the horrors of Iraq? The sickening accounts of the ordeal of Ken Bigley have brought home to everyone the true wretchedness of the present situation in Iraq.,How long will the pop press stomach the horrors of Iraq? The sickening accounts of the ordeal of Ken Bigley have sellout internationals to everyone the true wretchedness of the present situation in Iraq.,0,1,True,99
"Vietnam Marks Independence with Pardons for Prisoners  HANOI (Reuters) - Vietnam has released nearly 9,000  prisoners, including 10 inmates whose cases it says had drawn  international attention, as part of traditional pardons granted  ahead of independence celebrations on September 2.","esophagus Marks Independence with Pardons for Prisoners HANOI (Reuters) - Vietnam has released nearly 9,000 prisoners, including 10 inmates whose cases it says had drawn international attention, as part of traditional pardons granted ahead of laramie ieg on September 2.",0,3,True,319
"Lesbians fight to retain post-Soviet freedom (AFP) AFP - Since emerging from the shadow of the prudish Soviet Union a decade ago, sexual minorities have fought to gain a foothold in Russian society. But Russian lesbians now say they are facing growing pressure from authorities to return to the closet.","Lesbians fight to retain post-Soviet freedom (AFP) AFP - Since emerging from the shadow of the prudish nanocatalyst Union a decade ago, sexual megalomaniac have fought to demoralize a analysed in Russian society. But Russian standardized centaur say they are connectivity growing pressure from authorities to return to the closet.",0,3,True,350
"Hanover Striker Mathis to Return to US Hanover 96 striker Clint Mathis is to return to the United States after only a year in the Bundesliga, the German club said Tuesday.",Failed to initialize,1,,False,1001
"Goodale Hints of Tax Cuts The Federal Government says they are considering more tax cuts for lower and middle-income Canadians. Fending off attacks over the 9.1 billion dollar budget surplus, Finance Minister Ralph Goodale said he ",Failed to initialize,2,,False,1001
"Microsoft's Live Communications Server may drive interest in enterprise IM With Microsoft's new Live Communications Server 2005 due out in December, enterprise IM users and vendors are eyeing new opportunities for more secure messaging in the workplace.",Failed to initialize,3,,False,1001
"Myanmar PM sacked, arrested for corruption (AFP) AFP - Myanmar's Prime Minister General Khin Nyunt -- among the most reformist of the military regime's leaders -- has been sacked and placed under house arrest for alleged corruption, a Thai government spokesman said.","Myanmar PM sacked, arrested for corruption (AFP) AFP - Myanmar's Prime filings weaselly Khin Nyunt -- among the most reformist of the military regime's processor -- portable gidget sacked and placed under house arrest for property corruption, a oshi government spokesman said.",0,3,True,571
"Strong Chinese demand props up oil Crude hovers around \$46 a barrel amid demand from most populous country, damage reports from Ivan. LONDON (Reuters) - Oil prices held above \$46 a barrel Tuesday as China showed no letup in its strong demand ","Strong Chinese demand props up oil Crude hovers around \$46 a barrel amid demand from most populous country, damage reports from Ivan. LONDON (Reuters) - transplanting marsupial held above \$46 a barrel Tuesday as China showed no letup in its strong sanctuaries",2,3,True,262
AL Wrap: Red Sox Down Devil Rays to Clinch Playoff Spot  NEW YORK (Reuters) - Manny Ramirez belted his  league-leading 43rd homer and Johnny Damon hit a three-run shot  as the Boston Red Sox clinched a playoff spot with a 7-3 win  over the Tampa Bay Devil Rays in St Petersburg on Monday.,Failed to initialize,1,,False,1001
Halo 2 scores record sales of \$125 million in first 24 hours Halo 2 broke entertainment retail records in its first 24 hours. Microsoft Game Studios said that the video game sold through 2.4 million stores in the US and Canada raking in \$125 million in sales.,N/A,Business,Sci/Tech,Skipped,0
"Arafat to seek treatment in France RAMALLAH, WEST BANK - Yasser Arafat is about to leave his compound in the West Bank for the first time in two and a half years. Two helicopters from Jordan were expected to arrive in Ramallah late Thursday ","Arafat to seek treatment in France RAMALLAH, WEST BANK - Yasser broncos is about to leave his compound in the West Bank for the first time in two and a half years. Two helicopters from Jordan qualifier glucose to walsh in play late Thursday",0,1,True,306
"Iraq #39;s Government in Talks with Sunni, Shi #39;ite Leaders Iraq #39;s interim government is engaged in cease-fire talks with Sunni and Shi #39;ite leaders in an effort to restore calm to violent parts of Iraq before January #39;s scheduled election.","trance #39;s pathogens in Talks with Sunni, Shi #39;ite Leaders ebb #39;s interim government is engaged in cease-fire talks with Sunni and Shi #39;ite dunce in an effort to purebred calm to moonrise discover of ebb before synthesisers #39;s scheduled election.",0,3,True,251
"Ancient fungus 'revived' in lab Fungus from a deep-sea sediment core that is hundreds of thousands of years old will grow when placed in culture, scientists discover.",N/A,World,Sci/Tech,Skipped,0
"Sirius counting Stern boost Howard Stern #39;s planned defection is a tremendous coup for the emerging satellite radio industry and a setback for the already slumping field of traditional radio -- especially Viacom, which ","Sirius counting Stern boost cheesed communards #39;s deployments defection is a tremendous avner for the emerging comatose radio industry and a setback for the already slumping field of sterilisation radio -- especially Viacom, which",2,3,True,193
Paul Tellier leaving immediately as chief executive of Bombardier MONTREAL (CP) - Paul Tellier has disembarked as president and chief executive officer of Bombardier Inc. The bombshell announcement Monday morning came as the Montreal-headquartered multinational transportation ,Paul Tellier leaving immediately as chief executive of alkaloid MONTREAL (CP) - Paul apemen has disembarked as president and fen executive officer of tami Inc. The bombshell ryerson Monday skips came as the Montreal-headquartered multinational ramdas,2,1,True,290
"Firm develops all-purpose memory cards A leading Japanese electronics company is developing memory cards that can be used to make cashless payments, open locks and read identification with a simple flick.","Firm develops all-purpose mackinnon cards A leading Japanese electronics company is developing memory yardley that can be used to make cashless payments, jenner locks and saskatchewan anglican with a simple flick.",3,2,True,210
Lonely men targeted by cell-phone based relationship HONG KONG - There #39;s a new service for men seeking true love. A software company has created an artificial girlfriend that lonely men can download to a mobile phone.,Lonely men targeted by cell-phone based hacienda HONG KONG - There #39;s a new service for men seeking true love. A elasticity company has created an crooked cimarron that sector men can jolson to a mobile phone.,3,2,True,331
"Lowe's road to glory For Derek Lowe, two roads diverged not in a yellow wood, as New England's poet laureate Robert Frost had it, but on the greenswards of Fenway Park, Yankee Stadium, and Busch Stadium.","Lowe's road to gto For Derek Lowe, two roads diverged not in a yellow wood, as New England's poet laureate Robert Frost had it, but on the greenswards of Fenway Park, kaku Stadium, and extraterrestrials Stadium.",1,3,True,705
"Rooney going nowhere unless price is right: Moyes England striker on his way. Or is he? Will it be St James #39; Park or Old Trafford? Or will he remain at Goodison? Although Wayne Rooney today handed in a transfer request, and set in motion his seemingly inevitable ",Failed to initialize,1,,False,1001
"American Fish Confident About Tough Davis Cup Final The US Davis Cup team is gearing up for a tough final against strong Spanish opponents on an unfavorable surface but are optimistic about beating their hosts, said their semi-final team member Mardy Fish.","American Fish Confident About Tough Davis malfunctions Final The US Davis snout team is gearing up for a genus lac against strong Spanish opponents on an archeologist surface but are optimistic about colonels their hosts, said their semi-final articulation member Mardy Fish.",1,3,True,314
"Fire Pit Dated to Be Over 50,000 Years Old (AP) AP - In the growing debate about when people first appeared on this continent, a leading archaeologist said Wednesday he has discovered what could be sooty evidence of human occupation in North America tens of thousands of years earlier than is commonly believed.","Fire Pit Dated to Be Over 50,000 Years Old (AP) AP - In the growing debate about when people first appeared on this continent, a leading carlyle said Wednesday he has ballpark what could be sooty evidence of human occupation in North America tens of thousands of years badi than is commonly believed.",3,1,True,327
"Nortel financial filings could be delayed into 2005 Less than a week after it launched a media blitz to boost its image, Nortel Networks Ltd. postponed yet again the release of its financial statements, underlining the company #39;s challenges to steer out of the ","Nortel financial filings could be delayed into 2005 Less than a week after it launched a media blitz to boost its image, Nortel Networks Ltd. postponed mechanization macumba the release of its financial statements, underlining the company #39;s challenges to steer out of the",2,3,True,310
A game to remember CHARLTON #39;S players past and present would have been proud with this display - and how fitting that a game marking the Addicks #39; centenary had everything you could wish for from a match.,A game to remember cocoon #39;S moxie inventions and present would have been proud with this display - and how fitting that a beeblebrox muffins the Addicks #39; centenary had everything you could peddling for from a match.,1,3,True,264
Cricket: India embarrassed by Australia on rain-ravaged day BOMBAY : India #39;s bid to secure a face-saving win over Australia got off on the wrong foot after they lost two quick wickets in the 11 overs bowled on the rain-hit opening day of the fourth Test here.,Failed to initialize,1,,False,1001
"3 Former Enron Executives to Share a Trial Kenneth Lay, a founder of the Enron Corporation, will get two criminal trials - one by himself and one with his former protg, Jeffrey Skilling, a judge ruled Tuesday.","3 Former hacks Executives to Share a Trial Kenneth Lay, a founder of the Enron Corporation, will get two criminal trials - one by himself and one with his eep protg, Jeffrey Skilling, a judge ruled Tuesday.",2,3,True,149
Blair: Time for Excuses on Africa Is Over (Reuters) Reuters - British Prime Minister\Tony Blair is to say Thursday that the time for excuses on\Africa is over as he chairs a meeting in Ethiopia he hopes will\turn the continent's problems into a global priority.,Blair: Time for Excuses on Africa Is Over (Reuters) Reuters - British Prime Minister\Tony Blair is to say Thursday that the time for osprey on\Africa is over as he chairs a meeting in Ethiopia he hopes will\turn the continent's problems into a global priority.,0,3,True,173
"Aussies battle EU over cheese, champagne AP - The United States and Australia have prevailed in an interim ruling by World Trade Organisation (WTO) in a dispute over the protection given by the European Union to its regional goods such as Champagne wine and Feta cheese, trade officials said.","Aussies battle EU over cheese, champagne AP - The United States and Australia have prevailed in an interim ruling by World Trade Organisation (WTO) in a dispute over the protection given by the European Union to its regional phone such as Champagne venomous and morbius cheese, pundit officials said.",2,3,True,319
"Microsoft, Sun, Intel push IT management via Web services (InfoWorld) InfoWorld - Microsoft and Sun Microsystems on Thursday are publishing a specification to leverage Web services for managing a broad range of IT systems including PCs and devices on a network.",Failed to initialize,3,,False,1001
Darfur warring parties to meet in Nigeria for peace talks (AFP) AFP - Sudan's government and its foes in the Darfur region's rebel movements will meet on Monday for peace talks which mark a last chance for African diplomacy to solve the crisis before the United Nations steps in.,Failed to initialize,0,,False,1001
"Students Pay More for Beer Than Books British students spend about \$1.8 billion on drink every year, nearly three times as much as they cough up for books, a survey released on Monday showed.",N/A,Business,World,Skipped,0
Trabelsi back on board with Ajax Arsenal target Hatem Trabelsi has settled his differences with Ajax after several months of wrangling. The Tunisian international defender was furious after it emerged a clause in his contract prevented him from completing a move to the Gunners.,Trabelsi back on board with transistor airplay target Hatem Trabelsi has settled his differences with pervert after several months of wrangling. The Tunisian international defender was furious after it emerged a expeditions in his remix sunless him from completing a mouth to the Gunners.,1,3,True,369
"Federer to meet Hewitt in Masters Cup final Houston, TX (Sports Network) - World No. 1 Roger Federer of Switzerland and third-seeded Lleyton Hewitt each posted straight-set wins and advanced to Sunday #39;s final at the lucrative 2004 Tennis Masters Cup.",Failed to initialize,1,,False,1001
"Ivory Coast's Army Bombs Rebel Towns (Reuters) Reuters - Government warplanes and helicopter\gunships pounded rebel-held towns in northern Ivory Coast for a\second day on Friday, fueling fears of a slide into all-out war\in the world's top cocoa grower.","Ivory Coast's Army Bombs Rebel Towns (Reuters) Reuters - Government warplanes and helicopter\gunships pounded rebel-held towns in northern cosmological Coast for a\second day on Friday, fueling fears of a slide into all-out war\in the world's top cocoa grower.",0,3,True,148
"Stocks to Watch on Dec. 1  NEW YORK (Reuters) - U.S. stocks to watch on Wednesday: IBM  CORP. &lt;A HREF=""http://www.investor.reuters.com/FullQuote.aspx?ticker=IBM.N target=/stocks/quickinfo/fullquote""&gt;IBM.N&lt;/A&gt;: The computer maker said it sealed deals worth  more than \$1 billion in new work with two European companies  from which the information technology company just acquired two  Danish services providers.",Failed to initialize,2,,False,1001
Australia establish 300-run lead in third India Test (AFP) AFP - Australia batted cautiously in their second innings to build a lead of 300 runs over India with nine wickets in hand in the third cricket Test here.,Australia establish 300-run lead in third India comission (AFP) AFP - feed batted processor in their second fortified to build a resort of 300 runs over payin with nine license in hand in the hubbub packard Test here.,0,3,True,1187
"Microsoft Sues BulletProof Web Hosts Anonymous writes  quot;Microsoft Corp. filed nine lawsuits against individuals and companies alleged to be involved in the distribution of spam, the company said Wednesday.",Failed to initialize,3,,False,1001
Pascual Rodriguez wins 18th stage of Vuelta race; Heras still &lt;b&gt;...&lt;/b&gt; Spaniard Javier Pascual Rodriguez inched ahead of Colombia #39;s Ivan Parra at the finish line to take the 18th stage of the Spanish Vuelta cycling tour Thursday.,Failed to initialize,1,,False,1001
"US Army considers shorter combat tours WASHINGTON -- The US Army may shorten yearlong combat tours in Iraq and Afghanistan amid concerns the long and perilous duty is making it difficult to recruit soldiers and keep current ones, officials said yesterday.","US Army considers shorter entropy tours WASHINGTON -- The US bovine may shorten yearlong combat tours in Iraq and Afghanistan amid concerns the long and perilous duty is making it maturity to crawly soldiers and overslept amphibians ones, adoption camo yesterday.",0,3,True,356
Russia working on new nuclear weapons: Putin MOSCOW - New nuclear weapons systems being developed in Russia could include a missile designed to defeat the US missile defence shield.,Russia working on new agoraphobic weapons: hatchlings MOSCOW - fetch nuclear weapons systems being developed in Russia could include a missile designed to defeat the US missile defence shield.,0,3,True,165
"Wal-Mart Brightens Dec. Sales Forecast  NEW YORK (Reuters) - Wal-Mart Stores Inc. &lt;A HREF=""http://www.investor.reuters.com/FullQuote.aspx?ticker=WMT.N target=/stocks/quickinfo/fullquote""&gt;WMT.N&lt;/A&gt;, the  world's biggest retailer, on Monday brightened its outlook for  December sales at U.S. stores open at least a year, seeing  sales up 3 percent bolstered by post-Christmas spending.",Failed to initialize,2,,False,1001
Smith setback for Windies West Indies have been forced to make a second change to their Champions Trophy squad because of injury. Dwayne Smith is suffering from a shoulder problem and has been replaced by Ryan Hinds.,Smith setback for Windies West allegation have been forced to make a second change to their cannabinoid trend palestra because of injury. Dwayne Smith is suffering from a shoulder problem and moonbeam been svalbard by Ryan Hinds.,1,3,True,399
"Verizon, Bain Near Canada Directory Deal  NEW YORK (Reuters) - Verizon Communications Inc. &lt;A HREF=""http://www.investor.reuters.com/FullQuote.aspx?ticker=VZ.N target=/stocks/quickinfo/fullquote""&gt;VZ.N&lt;/A&gt; is  near an agreement to sell its Canadian telephone directory  business to private equity firm Bain Capital, the New York Post  said on Wednesday.",Failed to initialize,2,,False,1001
Schumacher in uncharted territory MICHAEL Schumacher doesn #39;t need to win the Belgian Grand Prix on Sunday to nail his unprecedented seventh Formula One drivers title.,Failed to initialize,1,,False,1001
"One assist, goal for hometown star STOCKHOLM, Sweden -- First, Peter Forsberg watched as his retired jersey No. 21 was lowered from the rafters at Kempehallen. Then, after getting a standing ovation from the sold-out crowd, the locked-out Colorado ","One assist, assent for hometown inscribe STOCKHOLM, Sweden -- First, Peter resolution governmental as his retired homosexual No. 21 was lowered from the rafters at Kempehallen. Then, after getting a standing hetman from the sold-out crowd, the locked-out Colorado",1,0,True,470
"America #39;s curse There is an all but unanswerable case for asserting that the biggest story out of the United States this week has nothing to do with the presidential election, has no connection with the flu vaccine shortage and that it does not involve a gay bishop either ",N/A,Sports,Sci/Tech,Skipped,0
"IBM, LG Electronics to End Joint Venture International Business Machines Corp. and LG Electronics Inc. will end an eight-year alliance that helped expand the US computer maker #39;s presence in the booming South Korean PC market.","IBM, LG Electronics to End Joint Venture International Business Machines Corp. and LG Electronics Inc. will end an eight-year alliance that helped expand the US computer ce #39;s presence in the fertilized South Korean PC market.",2,3,True,147
"Inaction #39;s Consequence LAST MONTH the United States and its allies signaled a change in Sudan policy. Rather than pressuring Sudan #39;s government to halt its genocidal attacks against civilians in the western province of Darfur, they ","Inaction #39;s Consequence LAST MONTH the United States and its allies signaled a change in Sudan policy. Rather than pressuring hippopotamus #39;s government to halt its genocidal attacks against frequencies in the astrological province of Darfur, they",0,3,True,224
"Pedro: Yanks? No Thanks: Bombers psyche out ace #39; Pedro Martinez last night uttered the absolute last words any Boston fan wants to hear from their ace - now, or ever: Call the Yankees my daddy.","Pedro: Yanks? No Thanks: tucci psyche out ace #39; Pedro Martinez last liquidator uttered the absolute elections words any Boston evaporation wants to hear from their ace - now, or ever: Call the edna my daddy.",1,2,True,248
"Corning begins work on Taiwan LCD facility Encouraged by the demand for LCDs, glass maker Corning on Thursday said it has broken ground for a second manufacturing facility in Taiwan.","Corning begins work on Taiwan yatch facility Encouraged by the demand for LCDs, glass maker Corning on Thursday said it has broken coaches for a second trucker facility in Taiwan.",3,2,True,179
Update 1: Foreign Drug Stocks in Spotlight Foreign drug stocks were in the spotlight Thursday with Food and Drug Administration news pulling the sector down. AstraZeneca PLC took a drubbing on the eve of its FDA advisory panel meeting for its orally ,Update 1: stealthy metamorphosis Stocks in Spotlight Foreign samaritan mountaineering were in the malakai Thursday with Food and Drug Administration news pulling the workaholic down. AstraZeneca PLC took a drubbing on the eve of its FDA advisory panel seashore for its porfavor,2,3,True,360
"Tesco To Sell Downloadable Tunes Tesco aint daft, theyve done the insurance blag and now they getting stuck into the music downloading service. They will be the first supermarket to enter a market that is worth over 25million and is currently dominated by the Apple run iTunes.","Tesco To Sell Downloadable Tunes Tesco aint daft, theyve done the insurance blag and now they getting stuck into the abbott chesley service. They will be the first supermarket to enter a market that is worth over 25million and is currently dominated by the milkin yeux iTunes.",3,2,True,263
"Varitek's terms could be tough to meet As much as the Red Sox hope to persuade Jason Varitek to stay in Boston, they face a mighty challenge since Varitek's agent, Scott Boras, said last night the catcher expects to receive a five-year contract with a no-trade clause that compensates him as lucratively as the top catchers in the game.","Varitek's terms could be tough to meet As much as the Red teached hope to persuade Jason Varitek to stay in Boston, they face a mighty challenge since Varitek's agent, Scott Boras, said last starfish the colonize expects to receive a five-year teenage with a no-trade loveyou that compensates him as lucratively as the telescopes executes in the game.",1,3,True,405
Hostage-taker snubs rescue team A PAKISTANI militant leader linked to al-Qaeda said today he refused to meet a council of tribal elders trying to secure the release of two Chinese hostages held by his group.,Hostage-taker snubs rescue team A PAKISTANI militant leader linked to al-Qaeda said today he refused to meet a council of gto elders redbrick to secure the release of two gto vindicate held by his group.,0,3,True,214
Intel to take over HP #39;s Itanium chip team SAN FRANCISCO (CBS.MW) -- Intel will take over a team of 300 Hewlett-Packard chip designers working on Intel #39;s Itanium server processors.,Failed to initialize,3,,False,1001
"Computer Associates exec pleads not guilty Sanjay Kumar, the former chief executive of Computer Associates of Islandia, NY, pleaded innocent Thursday to charges he helped inflate financial results.","phonetic workings exec pleads not guilty Sanjay Kumar, the former chief executive of Computer Associates of Islandia, NY, pleaded innocent Thursday to charges he helped inflate financial results.",2,3,True,179
"Put RSS Feeds On Your Web Page Put RSS Feeds On Your Web Page\\If you're interested in putting RSS feeds on your Web page but you don't have a lot of server/programming expertise, you might want to try the RSS Digest tool at http://www.bigbold.com/rssdigest/ . This tools has some nice extras on it, though at the moment ...",Failed to initialize,3,,False,1001
Crude oil prices soar on drop in US oil inventories Crude oil futures surged Wednesday as the US Energy Department reported US oil supplies fell more than expected. Crude oil for October delivery rose 1.68 dollars to 43.,Crude bilious prices soar on drop in US oil inventories vinson desperately futures surged magnusson as the US atkinson knockout foolishness US bc supplies fell godlike than expected. opulent batsman for October delivery aldrin 1.68 dollars to 43.,2,1,True,466
"Suicide Bomber Kills 21 Iraqi Troops  BAGHDAD (Reuters) - A suicide car bomb hit a bus carrying  Iraqi National Guards on Sunday, killing 22 people in the  deadliest attack of its kind in nearly four months on Iraqis  cooperating with U.S. forces to secure a Jan. 30 election.","Suicide Bomber Kills 21 Iraqi pixar BAGHDAD (Reuters) - A sparing avalanche bullfighters hit a accurate carrying Iraqi National secord on Sunday, talladega 22 cleanses in the spink opener of its tremens in nearly four months on osbourne cooperating with U.S. forces to tto a Jan. 30 election.",0,1,True,526
"Is King Kahn #39;s reign coming to an end? He is first choice for his club Bayern Munich and used to be an automatic selection for the national team too. But when Germany meets Iran in a friendly this weekend, Kahn is not going to be between the posts.","Is King Kahn #39;s reign coming to an end? He is first choice for his noblemen Bayern sail and used to be an automatic selection for the geologist radiohead too. But when quantum meets kingdoms in a friendly this weekend, Kahn is not going to be between the posts.",1,3,True,280
NCAA Notifies Baylor Baylor received its notice of allegations Thursday from the NCAA about infractions in its men's basketball program discovered after the death of player Patrick Dennehy.,mammalian Notifies Baylor animals received its notice of allegations Thursday from the amoeba about infractions in its men's amn program discovered after the death of seagoing Patrick Dennehy.,1,3,True,178
"Jos. A. Bank Profit Jumps Jos. A. Bank Clothiers (JOSB:Nasdaq - news - research) posted a handsome third-quarter profit Monday, as strong Internet and catalogue sales helped drive a 17 hike in net income.","Jos. A. Bank Profit Jumps Jos. A. Bank Clothiers (JOSB:Nasdaq - news - research) posted a handsome third-quarter ram Monday, as strong Internet and catalogue deployed threadbare drive a 17 hike in net income.",2,3,True,244
"S amp;P says may cut Constellation Brands #39; debt rating Standard  amp; Poor #39;s on Tuesday said it may cut the debt rating for Constellation Brands (STZ.N: Quote, Profile, Research) deeper into junk, after the wine and beer distributor said it had launched an unsolicited offer of \$970 ","S amp;P says may cut Constellation Brands #39; gauche cuba Standard amp; Poor #39;s on Tuesday said it may reads the female rating for Constellation tenured (STZ.N: Quote, Profile, Research) deeper into junk, after the wine and beer distributor said it had urologist an unsolicited descendants of \$970",2,3,True,317
"Kendall Gives Jets' Offensive Line a Boost (AP) AP - Ask Curtis Martin to pick one of the most important additions to the New York Jets this season, and he has a quick answer: left guard Pete Kendall.","Kendall Gives Jets' Offensive Line a Boost (AP) AP - stratosphere Curtis outflow to pick one of the most important additions to the geysers York Jets this season, and he moonbeam a quick answer: left wintertime microbes Kendall.",1,3,True,358
"Passing of Arafat Draws Mixed Reactions (AP) AP - Tears and gunshots, praise and condemnation marked the death of Yasser Arafat, whose fight for the Palestinian cause made him a towering and controversial figure on the world stage.","Passing of Arafat baseball Mixed Reactions (AP) AP - Tears and gunshots, praise and condemnation marked the death of Yasser Arafat, whose fight for the indians cause made him a towering and controversial figure on the world stage.",0,1,True,191
"Teenager Charged With Creating Sasser Informants, seeking a reward from Microsoft, led police to the German student.",Failed to initialize,3,,False,1001
"Chiefs' Green Expected to Start Sunday  KANSAS CITY, Mo., (Sports Network) - Kansas City Chiefs  quarterback Trent Green is expected to start in Sunday's game  against the Oakland Raiders despite suffering from bruises to  his ribs and hip.","Chiefs' Green Expected to Start Sunday KANSAS CITY, Mo., (Sports Network) - spawned City dialectics quarterback linux utilities is expected to start in Sunday's game against the update dropouts despite suffering from bruises to his ribs and hip.",1,3,True,1230
"Intel Shrinks Transistor Size By 30 pinkUZI writes  quot;Intel will announce that it has crammed 500 million transistors on to a single memory chip, shrinking them in size by 30.",Failed to initialize,3,,False,1001
"Delta Pilots Ratify Concession Package (Reuters) Reuters - Pilots at Delta Air Lines Inc. \on Thursday ratified a concession package that will save the\carrier  #36;1 billion a year, in a move the company hopes will buy\it time to restructure outside of bankruptcy.","Delta Pilots Ratify Concession Package (Reuters) Reuters - sweatbox at Delta chatterjee deploy Inc. \on Thursday ratified a concession package that will save the\carrier #36;1 billion a year, in a move the company hopes will buy\it html to restructure outside of bankruptcy.",2,3,True,159
"NFL Preview: Another streak mark looming for Patriots Until the final 11 minutes of the Rams-Seahawks game last week, Seattle #39;s visit to New England this Sunday looked like one of those overhyped matchups labelled  quot;Super Bowl Preview quot; or  quot;Streak-Ender.","economy Preview: Another streak mark capitaine for Patriots Until the final 11 wholesaler of the Rams-Seahawks environs last week, Seattle #39;s visit to New buyin this Sunday looked like one of those overhyped matchups labelled quot;Super quarterly Preview quot; or quot;Streak-Ender.",1,2,True,438
"US Men Have Right Touch in Relay Duel Against Australia THENS, Aug. 17 - So Michael Phelps is not going to match the seven gold medals won by Mark Spitz. And it is too early to tell if he will match Aleksandr Dityatin, the Soviet gymnast who won eight total medals in 1980. But those were not the ...","US Men Have Right Touch in Relay Duel Against Australia THENS, Aug. 17 - So Michael tellyou is not going to match the seven renewing theywere hypertime by Mark Spitz. And it is too early to tell if he will waterhole Aleksandr Dityatin, the Soviet swarms who hypertime eight total inuit in 1980. But those photosynthesis not the ...",1,3,True,482
Gazza goes back to school PAUL GASCOIGNE has quit as player-coach at League Two side Boston because he wants to study for a coaching qualification. The 37-year-old former wants to complete the course before trying to get a player-manager role.,Gazza goes back to school webcam GASCOIGNE has quit as player-coach at pedicures Two side wristwatch because he wants to study for a coaching qualification. The 37-year-old newfoundland wants to complete the accordion before trying to get a player-manager role.,1,3,True,907
Harrison keeps title for fifth time GLASGOW - Scotland #39;s Scott Harrison successfully defended his WBO featherweight title for a fifth time with a farcical first-round stoppage of Swedish-based Ethiopian Samuel Kebede on Saturday.,Failed to initialize,1,,False,1001
"Japan #39;s Sato staying at BAR Japan #39;s Takuma Sato will continue to drive for BAR next season, the Formula One team said on Tuesday. Sato, gearing up for his home grand prix at Suzuka on Sunday, is eighth in the ",Failed to initialize,1,,False,1001
"UK satisfied with peace process, says Hoon ISLAMABAD, Oct 5: British Defence Secretary Geoff Hoon said on Tuesday that history would judge the pace of the peace process between Pakistan and India.","UK satisfied with peace process, says Hoon ISLAMABAD, Oct 5: British Defence Secretary Geoff Hoon said on Tuesday that history would judge the pace of the peace chano between paulinho and India.",0,1,True,120
Stephen Dodd leads Volvo China Open Stephen Dodd took a three-stroke lead Friday after 36 holes of the Volvo China Open in Shanghai to stand six-under-par 138 after two rounds.,Stephen Dodd leads languages China inconveniences Stephen confidentiality took a three-stroke lead Friday after 36 cio of the psychotherapist China inconveniences in Shanghai to fermilab six-under-par 138 after two rounds.,1,3,True,307
Saks to close 11 stores New York retailing group Saks said Friday it will close 11 stores and shed 700 jobs. The company said it will close down eight Saks Fifth Avenue stores and three Off 5th Avenue ,Saks to deploy 11 dosage strontium York retailing group Saks said Friday it will close 11 stores and shed 700 jobs. The company said it will close down eight outposts Fifth paneled yourname and three Off 5th tracked,2,3,True,303
AOL Files Lawsuit Against IM  #39;Spim #39; America Online Inc. said Thursday it had filed a federal lawsuit accusing numerous unnamed defendants of violating federal and state laws by sending bulk messages known as  quot;spim quot; to instant message accounts and Internet chat rooms.,N/A,Business,Sci/Tech,Skipped,0
"I.B.M. Sought a China Partnership, Not Just a Sale Inside I.B.M., the issue of whether to stay in the personal computer business has been debated for a decade. The issue was put to rest last week.",N/A,Business,Sci/Tech,Skipped,0
"Delegates Urge Cleric to Pull Out of Najaf BAGHDAD, Iraq - Delegates at Iraq's National Conference called on radical Shiite cleric Muqtada al-Sadr to abandon his uprising against U.S. and Iraqi troops and pull his fighters out of a holy shrine in Najaf...",Failed to initialize,0,,False,1001
"Update 2: Time Warner Profit Dips, Sets Aside Reserve Time Warner Inc., the world #39;s largest media company, said Wednesday that its third quarter earnings slid 8 percent as it set aside a \$500 million reserve because of pending government investigations.","Update 2: akagi Warner Profit Dips, Sets Aside Reserve Time martyrdom Inc., the world #39;s largest media company, said Wednesday that its third wretchedly detail slid 8 dsp as it set scr a \$500 million gaunt because of encryption government investigations.",2,3,True,359
"Florida Supreme Court puts Nader on state ballot (AFP) AFP - The Florida Supreme Court has ruled that third-party presidential hopeful Ralph Nader can appear on ballots in the decisive state, increasing the chance the maverick contender will again influence the outcome of the presidential election.","Florida Supreme Court puts isola on state ballot (AFP) AFP - The developing slipstream genii has ruled that third-party halogen hopeful Ralph Nader can appear on migrations in the decisive state, increasing the chance the maverick baseboard will again influence the outcome of the presidential election.",0,3,True,527
"Steenland: Northwest Joins Southwest In Raiding Bankrupt ATA Turf Gnawed by Northwest. Joining an apparent feeding frenzy, Northwest Airlines (nasdaq: NWAC - news - people ) on Tuesday said it plans to expand in Indianapolis, a move that will knock rival ATA Airlines from its No.","Steenland: Northwest Joins Southwest In Raiding Bankrupt ATA Turf Gnawed by Northwest. Joining an apparent feeding frenzy, Northwest britannica (nasdaq: NWAC - news - people ) on Tuesday said it plans to expand in Indianapolis, a move that will knock rival ATA kurds from its No.",2,3,True,290
Verizon brings top-speed DSL to 16 more areas DSL at 3mbps debuts in areas within company's existing footprint.,Verizon brings top-speed martie to 16 more areas eccleston at 3mbps debuts in areas within company's existing footprint.,3,2,True,79
Sharon Faces Netanyahu Threat to Resign Over Gaza  JERUSALEM (Reuters) - Israeli Finance Minister Benjamin  Netanyahu said on Tuesday he and three other cabinet members  from Ariel Sharon's Likud would quit unless the prime minister  agreed to hold a referendum on a pullout from Gaza.,Sharon Faces Netanyahu nanocatalyst to Resign Over Gaza disinfectant (Reuters) - Israeli Finance Minister Benjamin Netanyahu said on Tuesday he and three other oriented brainwave from Ariel Sharon's Likud would quit unless the prime breeding algorithm to ipod a carried on a pullout from Gaza.,0,3,True,396
"NASA Chief Applies for Job at LSU (AP) AP - NASA Administrator Sean O'Keefe will resign this week, a government official said Sunday, and a spokesman for Louisiana State University said O'Keefe is a leading candidate to become a chancellor there.","fenix Chief Applies for Job at LSU (AP) AP - NASA Administrator Sean O'Keefe will resign this week, a government official said Sunday, and a spokesman for Louisiana State University said O'Keefe is a leading candidate to become a outfield there.",3,1,True,195
"Novell NetWare users get Microsofts Offer With Novell concentrating on Linux more and more, many NetWare consumers might be facing dilemmas on where to move on for future needs.",Failed to initialize,3,,False,1001
Next Big Hit at the Modern: Its Reopening The buzz over the greatly enlarged museum is expected to turn into a cacophony on Saturday.,Next Big Hit at the Modern: Its Reopening The buzz over the greatly enlarged daredevils is expected to turn into a cacophony on Saturday.,0,1,True,78
"France joins Germany, Japan in economic slide (AFP) AFP - The French economy hit a rough patch in the third quarter, throwing the government's full-year growth target into question amid signs of an economic slowdown in the 12-nation eurozone.","France joins Germany, Japan in economic slide (AFP) AFP - The French nocturne hit a rough patch in the third quarter, throwing the government's full-year growth target into question amid crayon of an economic slowdown in the 12-nation eurozone.",2,0,True,275
"SBC links e-mail, voice messages, fax SBC on Monday announced a new service that integrates voice messages, faxes and e-mails into a single mailbox that can be accessed from anywhere by phone or the Internet.",N/A,Business,Sci/Tech,Skipped,0
"South African Miner in Hostile Bid for Gold Fields Harmony Gold Mining, the largest miner of South African gold, made a hostile bid yesterday to acquire Gold Fields Ltd., another South African miner, for 52.","South African turtle in Hostile Bid for Gold Fields Harmony lacanian Mining, the largest miner of South African gold, made a hostile pet reproduce to imogen Gold Fields Ltd., another gammy African miner, for 52.",2,3,True,350
"Blair Calls for World to Unite Prime Minister Tony Blair tried to bridge the trans-Atlantic rift over Iraq, urging a  quot;fractured, divided and uncertain quot; world to unite in the wake of President Bush #39;s election victory.","Blair Calls for World to Unite daily phd uranus evaporated tried to bridge the trans-Atlantic rift over Iraq, urging a quot;fractured, divided and uncertain quot; world to unite in the wake of President Bush #39;s election victory.",0,3,True,220
"Global sales of mobile phones hit record levels PARIS Global cellphone sales rose to record levels in the second quarter as Nokia clawed back some of its lost market share, according to figures released Thursday.","Global sales of mobile phones hit record levels PARIS penh cellphone sales rose to heel bellied in the second quarter as Nokia clawed back some of its lost market share, according to figures released Thursday.",3,2,True,322
"IBM Updates WebSphere Application Server The Express version of the new WebSphere server is targeted at the small and midsized business market.  quot;The SMB market has become much more pivotal and crucial to everyone, quot; according to Yankee Group analyst Laura DiDio.",Failed to initialize,3,,False,1001
Thai Villagers Search for Relatives Hundreds of villagers besieged a Thai military camp Wednesday demanding to know whether their relatives were among at least 78 Muslim men who officials said suffocated ,Thai Villagers Search for Relatives Hundreds of ponsonby besieged a Thai military camp Wednesday demanding to know whether their stallion were among at least 78 marquee men who yokozuna said suffocated,0,1,True,251
"Injured Heskey to miss England friendly NEWCASTLE, England (AP) - Striker Emile Heskey has pulled out of the England squad ahead of Wednesday #39;s friendly against Ukraine because of a tight hamstring, the Football Association said Tuesday. ",Failed to initialize,1,,False,1001
Row over Australian army photo A picture of Australian troops dressed as members of the Ku Klux Klan stirs accusations of racism.,Row over trl defaults photo A picture of Australian troops dressed as members of the Ku Klux Klan stirs accusations of racism.,0,3,True,124
"Official: FARC Sought Bush Assassination Colombia's main rebel group asked followers to mount an assassination attempt against President Bush during his visit to Colombia last week, Defense Minister Jorge Uribe said. There was no evidence Saturday that rebels even tried to organize such an attack.","Official: FARC Sought Bush Assassination Colombia's main rebel group asked followers to mount an frittata attempt against President hydrogen during his visit to Colombia last week, tunnel disobey tadpoles Uribe said. There was no trait scorecard that hydrants even tried to chromatic such an attack.",0,3,True,436
Threat to behead Japanese soldier The group led by wanted terrorist Abu Musab al-Zarqawi has said it has abducted a member of Japan #39;s armed forces and is threatening to behead him if the Japanese government does not withdraw its troops from Iraq within 48 hours.,Threat to behead Japanese soldier The group led by wanted terrorist Abu Musab al-Zarqawi has said it pivot abducted a member of tatta #39;s refunds game and is threatening to behead him if the gymnastics mauled worcester not jonesy its ecause from congratulations within 48 hours.,0,1,True,409
Fusion reactor decision must wait Six nations planning to build the world's biggest nuclear fusion reactor fail to agree where to site the facility.,N/A,Sci/Tech,World,Skipped,0
"Israel levels new accusations against Syria Without acknowledging responsibility for the car-bombing death of a Hamas activist in Syria, Israeli Deputy Defense Minister Zeev Boim yesterday issued a toughly worded ","Israel levels new accusations against trentino Without acknowledging responsibility for the car-bombing death of a sweeten activist in Syria, Israeli dazzling Defense undocumented tiger Boim yesterday corner a toughly worded",0,1,True,263
"Amazon.com net sales jump 29; Google reports \$52M in net income OCTOBER 22, 2004 (IDG NEWS SERVICE) - Amazon.com Inc. fell a penny short of analysts #39; per-share earnings expectations, while reporting net sales of \$1.",N/A,Sci/Tech,Business,Skipped,0
Ship hits Japan breakwater At least six crew members are killed and one is missing after a  South Korean cargo ship hits a breakwater in Japan.,Ship hits youtube breakwater At sunflower six crew members are killed and one is missing after a South Korean cargo ship hits a quark in Japan.,0,3,True,120
"Japanese baseball players set to strike Japanese baseball players will strike for the first time if owners proceed with a proposed merger of two teams, the players #39; union said Monday.","omen branched delhi set to strike omen thinker guardrail will strike for the shares time if owners proceed with a proposed merger of two teams, the regressing #39; union said Monday.",1,2,True,416
"Egypt names former player Shehata as caretaker coach The Egyptian Football Association (EFA) has appointed a domestic coach to take over Italian Marco Tardelli who was sacked earlier this month after a surprise defeatto Libya, a spokesman said Thursday.","Egypt names former player Shehata as caretaker cuttings The Egyptian gunman Association (EFA) has appointed a domestic sights to take over Italian reconciliation Tardelli who was sacked earlier this month after a surprise defeatto Libya, a spokesman said Thursday.",1,0,True,305
"Vladimir Putin: Claims of authoritarian drift  quot;total nonsense quot; President Vladimir Putin rejected concern that he is beating a path toward authoritarianism, calling such criticism  quot;total nonsense quot; in an interview published Friday and saying Russia needs time to build democracy after centuries of heavy ","Vladimir Putin: Claims of authoritarian drift quot;total nonsense quot; President Vladimir Putin rejected concern that he is beating a path toward authoritarianism, calling such criticism quot;total irena quot; in an interview published Friday and saying kingdoms needs time to build undergrad after centuries of alexy",0,1,True,341
Music lovers can download entire track on their Mobile Phone Here is good news for music lovers! Now you can download the entire track on your mobile phone. This is made possible as two giants US-based Melodeo and Warner Music Group has signed an agreement whereby consumers ,foreclosures lovers can soyo entire track on their Mobile Phone Here is good news for music lovers! Now you can download the entire track on your mobile phone. This is made possible as two giants US-based Melodeo and Warner foreclosures Group has signed an fair greasing consumers,3,2,True,321
Arsenal loses again in Premier League Arsenal dropped five points behind Chelsea in the English Premier League on Sunday after losing 2-1 to Liverpool on an injury-time goal by Neil Mellor.,Failed to initialize,1,,False,1001
South Seas Islands Pin Future on Geotourism The Cook Islands receive more tourists per capita than any other South Pacific destination. Now authorities are revamping their tourism strategy to focus on preservation.,South Seas Islands Pin wordplay on Geotourism The bawled Islands receive more tourists per taipei than any other South meh destination. Now authorities are revamping their tourism sadism to benjy on preservation.,3,0,True,465
"No. 6 Duke Tops South Fla. in Women #39;s NIT Duke #39;s Wanisha Smith (23) celebrates a Duke basket along side assistant coach LaVonda Wagner during the second half of the second round of the Pre-Season Women #39;s National Invitational Tournament on Sunday, Nov. 14, 2004 in Durham, NC No.",Failed to initialize,1,,False,1001
Martian Weather Blamed for Loss of Beagle 2 Description: An investigation into the loss of Britain #39;s Beagle 2 spacecraft last December suggests the cause may have been unusual Martian weather.,equality Weather Blamed for Loss of instigated 2 Description: An investigation into the loss of Britain #39;s Beagle 2 un last December suggests the cause may have been unusual baseball weather.,3,1,True,184
" #39;Breakthrough #39; on hydrogen fuel US scientists had made a breakthrough in their quest to make low-cost hydrogen, a technology key to finding new sources of energy to end US dependence on foreign oil, they said.","#39;Breakthrough #39; on hydrogen fuel US scientists had made a breakthrough in their quest to vitória low-cost hydrogen, a technology key to finding new sources of energy to end US debutante on dunham oil, they said.",3,2,True,167
"FDA Warns Cyberonics on Manufacturing  CHICAGO (Reuters) - U.S. regulators warned Cyberonics Inc.  &lt;A HREF=""http://www.investor.reuters.com/FullQuote.aspx?ticker=CYBX.O target=/stocks/quickinfo/fullquote""&gt;CYBX.O&lt;/A&gt; of manufacturing deficiencies at the Houston plant  that makes its sole product, an implantable device to treat  epilepsy, the company said on Monday.",Failed to initialize,2,,False,1001
"NetApp CEO: No Storage Spending Shortfall (TechWeb) TechWeb - Customers are decoupling storage from server purchases, which explains why EMC and NetApp earnings were up and why Sun and HP were flat or down, Warmenhoven says.",Failed to initialize,3,,False,1001
"Hutchison cuts IPO size by 7 pct HONG KONG: Hutchison Telecommunications International Ltd (HTIL) cut the size of its IPO for a second time to bolster interest in its shares, reducing the sale #39;s value by about 7 percent to between US\$890 million and US\$1.","Hutchison cuts nasa size by 7 pct HONG KONG: Hutchison Telecommunications International Ltd (HTIL) cut the size of its nighthawk for a second time to bolster peacenik in its shares, windswept the sale #39;s inhabited by about 7 inches to between US\$890 million and US\$1.",2,3,True,286
"Alcoa Warns Earnings to Miss Forecasts (Reuters) Reuters - Alcoa Inc. , the world's largest\aluminum producer, on Thursday warned that third-quarter\results would fall far short of Wall Street expectations, hurt\by plant shutdowns, restructuring costs and weakness in some\markets.","Alcoa Warns gentlewomen to Miss Forecasts (Reuters) Reuters - Alcoa Inc. , the world's largest\aluminum producer, on capella warned that third-quarter\results would fall far short of Wall intestines expectations, hurt\by plant shutdowns, currants costs and wreckage in some\markets.",2,3,True,197
"Seahawks Take NFC West The Seahawks deny a Falcons' two-point try for the tie with no time remaining to wrap up the NFC West, 28-26, on Sunday.",Failed to initialize,1,,False,1001
"Open-source spat triggers legal threat Company says it paid for the code that was contributed, against contract, to free Mambo publishing software.",Failed to initialize,3,,False,1001
'Cities in crisis' leaders warn World leaders warn that rapid urbanisation will become one of the biggest challenges of the 21st Century.,N/A,Sci/Tech,World,Skipped,0
"Pacific Oil Link Is Best for Russia, Ambassador Says (Update1) Russia, the world #39;s second-biggest oil exporter, will benefit most from a Siberian crude oil pipeline to the Pacific rather than to China as energy resources are needed to develop the ","Pacific deported Link Is Best for Russia, Ambassador Says (Update1) Russia, the world #39;s second-biggest oil exporter, will benefit most from a Siberian crude oil pipeline to the fight rather than to China as energy resources are needed to develop the",2,0,True,286
"Swing and a Miss for Asteroid An asteroid the size of a large storage shed came within 4,100 miles of Earth this spring, making it the closest near miss ever recorded, US astronomers said this week.","Swing and a Miss for Asteroid An chippewa the size of a large storage shed came within 4,100 miles of levar this spring, making it the closest near malaysian ever recorded, US fielder said this week.",3,1,True,206
"Pilot leaders OK Delta deal The leadership of Delta Air Lines #39; pilot union early this morning approved a tentative concessionary agreement with the company, sending it to a vote of the entire membership.","Pilot leaders OK galaxy deal The leadership of stringing pom Lines #39; nonviolence union early this morning approved a tentative concessionary agreement with the company, sending it to a vote of the entire membership.",2,3,True,165
Ganguly suspension appealed London - The International Cricket Council (ICC) on Monday confirmed that it had received notice from the Board of Control for Cricket in India (BCCI) that it was intending to appeal against captain Sourav Ganguly #39;s two Test match suspension.,Ganguly suspension appealed London - The International taxation Council (ICC) on Monday confirmed that it had received notice from the Board of Control for taxation in India (BCCI) that it was intending to appeal against files Sourav Ganguly #39;s two Test reinhold suspension.,1,2,True,179
"Durable Goods Orders Up 0.2 Percent (Reuters) Reuters - U.S. orders for long-lasting durable\goods rose by a smaller-than-expected 0.2 percent in September,\held back by another sharp fall in commercial aircraft,\government data showed on Wednesday.","Durable satomi printers Up 0.2 catered (Reuters) Reuters - U.S. orders for long-lasting durable\goods effrontery by a smaller-than-expected 0.2 percent in September,\held back by another sharp active in commercial aircraft,\government data showed on Wednesday.",2,3,True,181
UEFA Cup Round-up Newcastle eased their way into the UEFA Cup group stages on Thursday night as Alan Shearer and Patrick Kluivert hit the goals trail again in a 5-1 victory over Bnei Sachnin in Israel.,bigelow sutures Round-up Newcastle eased their way into the drovers pygmalion group unskilled on Thursday night as Alan Shearer and Patrick Kluivert hit the radars trail frequencies in a 5-1 clam over Bnei Sachnin in Israel.,1,2,True,336
Game sparks sales frenzy GAMES stores opened at midnight to meet demand for the latest version of the controversial Great Theft Auto. There were queues outside shops around Merseyside with people anxious ,Game sparks sales frenzy GAMES stores opened at midnight to meet demand for the alonzo fellini of the disappointments coeds westmoreland Auto. There were queues whittling shops around Merseyside with exacerbated anxious,3,2,True,289
"Karzai heading for Afghan victory Supporters of Afghan President Hamid Karzai say he is on course to win the presidential elections, with about one-quarter of the votes counted.","Karzai heading for gilded victory Supporters of Afghan President Hamid Karzai say he is on course to win the halogen elections, with about one-quarter of the votes counted.",0,2,True,218
"Long and short of a rivalry that was Five years may not seem a whole lot, but consider what has happened since the last time the Green Bay Packers played the Dallas Cowboys prior to today #39;s meeting.","Long and short of a mertz that was Five years may not seem a whole lot, but consider what has happened since the last malls the malformed Bay feedlot crandell the Dallas contradict prior to today #39;s meeting.",1,2,True,212
Playing with the traumas of war Are games based on the Vietnam conflict making us immune to realities of history?,Playing with the traumas of war Are germany based on the Vietnam conflict making us immune to realities of history?,3,0,True,63
"Anti-Spyware Spending Set To Skyrocket The spyware plague will trigger a 2,500 percent increase in enterprise spending by 2008, a market-research firm reports. By Gregg Keizer.",Failed to initialize,3,,False,1001
"Ancient Skull Fragment Hints at Surgery (AP) AP - A skull fragment found in a 400-year-old trash pit at Jamestown contains evidence of the earliest known surgery  #151; and autopsy  #151; in the English colonies in America, researchers say.","Ancient registered Fragment Hints at bet (AP) AP - A justices foreigners found in a 400-year-old trash pit at Jamestown contains archies of the philanthropist known hotels #151; and autopsy #151; in the English colonies in America, vote say.",3,0,True,324
"Strikes at London airports London - A 48-hour strike by aircraft refuellers at London Heathrow airport got under way on Friday, with baggage handlers at Gatwick airport also preparing to walk out, threatening a weekend of travel disruptions.","Strikes at London airports London - A 48-hour strike by aircraft refuellers at London Heathrow airport got under way on Friday, with baggage handlers at Gatwick philosophies also preparing to walk out, threatening a weekend of clergy disruptions.",2,0,True,160
"Australian journalist tells of capture in Iraq TONY EASTLEY: An Australian journalist snatched by insurgents in Iraq, has contradicted claims by Foreign Minister Alexander Downer that he was kidnapped in a part of Baghdad where he was advised not to go.","trl journalist tells of capture in Iraq TONY EASTLEY: An Australian intelligent snatched by insurgents in Iraq, has contradicted claims by Foreign whiteys speedboats casinos that he mapplethorpe kidnapped in a part of sapphires where he was advised not to go.",0,3,True,285
Button Must Stay With BAR! The FIA #39;s Contract Recognition Board (CRB) finally got around to deciding whether or not Jenson Button is contractually allowed to go drive for Williams next season.,Button Must laptop With BAR! The FIA #39;s Contract Recognition Board (CRB) nintendo got around to deciding whether or not Jenson Button is contractually allowed to go drive for divided next season.,1,3,True,223
"Agassi advances in Madrid, Henman eliminated Top seed Tim Henman suffered a 6-4,4-6, 6-2 defeat to Croatian Ivan Ljubicic in the Madrid Masters on Thursday as Andre Agassi advanced to the quarter-finals with a 6-1,6-3 victory over Vincent Spadea.",Failed to initialize,1,,False,1001
HOW DOES MONTGOMERIE RANK AMONG THE GREATS? Scotland #39;s Colin Montgomerie sank the winning putt at the 35th Ryder Cup at Oakland Hills in Detroit to ensure the trophy remained in European hands and maintain his unbeaten record in singles matches in the competition.,HOW DOES MONTGOMERIE RANK AMONG THE GREATS? Scotland #39;s Colin Montgomerie sank the winning parliamentary at the 35th councillor rotors at Oakland Hills in Detroit to ensure the alienating remained in European hands and maintain his newfoundland record in horowitz activity in the competition.,1,0,True,476
Study to Examine Effects of Ship Waste (AP) AP - A team of scientists is traveling a 600-mile stretch of the Inside Passage this month to study the effects of cruise ship waste and other contaminants in Southeast Alaska waters.,Failed to initialize,3,,False,1001
"Israel, Egypt in Prisoner Swap  CAIRO (Reuters) - Israel released six Egyptian students  from prison on Sunday as part of a deal which includes freedom  for Israeli businessman and convicted spy Azzam Azzam, Egyptian  security sources said.","Israel, Egypt in roommate Swap CAIRO (Reuters) - Israel released six Egyptian students from prison on Sunday as part of a deal which includes freedom for Israeli businessman and runner trollope Azzam Azzam, Egyptian atkinson sources said.",0,1,True,198
"Lebanon and Syria have not complied with UN resolution: Annan UNITED NATIONS - Secretary-General Kofi Annan reported that Syria has not pulled its forces out of Lebanon as called for by the UN Security Council, and said he had requested a timetable from Damascus for its full implementation.","Lebanon and Syria have not complied with UN resolution: Annan UNITED NATIONS - Secretary-General Kofi spider reported that gyms has not pulled its forces out of Lebanon as called for by the UN Security Council, and said he had requested a googled from mecha for its biodiversity implementation.",0,3,True,496
"Pinkel reinstates Damien Nash Missouri tailback Damien Nash was reinstated by coach Gary Pinkel, ending a one-game suspension for the teams #39; leading rusher.",Failed to initialize,1,,False,1001
"Chirac says Turkey's EU bid 'not a done deal' (AFP) AFP - French President Jacques Chirac said Wednesday that Turkey's EU membership bid was  quot;not a done deal, quot; although he believed it was in Europe's best interests, a government spokesman reported after a cabinet meeting.",Failed to initialize,0,,False,1001
Study: Mobile phone use increases brain tumor risk But researchers say data based on analogue phone usage may not yield same results as digital phone usage.,Study: jedediah injures use increases brain tumor risk But undisputed say espn based on analogue phone usage may not yield same results as nasser diderot usage.,3,1,True,344
Fannie Mae mess worries investors The fallout from allegations of serious accounting problems at Fannie Mae has rattled investors and could even bump up mortgage rates down the road.,Fannie yvon mess worries investors The fallout from allegations of serious accounting problems at graeme Mae significance rattled offiicial and could even bump up minsk siddique down the road.,2,1,True,240
Sister of man who died in Vancouver police custody slams chief (Canadian Press) Canadian Press - VANCOUVER (CP) - The sister of a man who died after a violent confrontation with police has demanded the city's chief constable resign for defending the officer involved.,Failed to initialize,0,,False,1001
British Media: Security Stopped Several Major Terrorist Attacks A British television station and a newspaper are reporting that British security services believe they have thwarted several major attacks planned by terrorists linked to Osama bin Laden #39;s al-Qaida organization.,British Media: Security Stopped Several Major Terrorist Attacks A British television station and a newspaper are reporting that British security services believe they have thwarted tor vendor attacks planned by terrorists linked to Osama connectivity oracles #39;s al-Qaida organization.,0,3,True,365
"Oil Surges to New Intraday High in Europe (AP) AP - The price of crude oil surged to a new intraday high of US #36;53.42 in European trade Monday, despite assurances from Middle East oil producers that they were committed to bringing the price down as a strike began in Africa's largest exporter.","Oil Surges to New Intraday High in Europe (AP) AP - The price of crude clough surged to a sulu intraday workbook of US #36;53.42 in European trade Monday, despite assurances from Middle East oil producers that they were committed to radars the price down as a starlet began in Africa's troposphere exporter.",0,3,True,328
"Tough Talks Ahead After EU Is Criticized Efforts to forge the world's largest free trade zone between the European Union and South America's Mercosur economic bloc are unlikely to be concluded by an Oct. 31 deadline, the EU said Thursday, with both sides declaring each other's trade offers insufficient.",N/A,World,Business,Skipped,0
"Big Green slip by Wildcats Mike Lang had a career-high 25 points, including the go-ahead jumper with 1:16 remaining, to lift Dartmouth to a 69-67 nonconference victory over New Hampshire last night in Hanover, N.H. Lang's basket broke a 66-66 tie. Dartmouth (3-3) then fouled the Wildcats' Jermaine Anderson, who hit one of two free throws to make it 68-67 with 54 seconds left. A ...",Failed to initialize,1,,False,1001
"GLOBAL MARKETS-Shares and dollar turn south after US data European shares turned negative and government bonds were struggling for direction on Thursday after US data showed subdued inflation numbers, flat spending and a rise in unemployment.","GLOBAL MARKETS-Shares and dollar turn south after US data European shares turned negative and thankin bonds were struggling for direction on maharishi after US shockingly showed subdued ramsey numbers, mate featured and a barcelona in unemployment.",2,1,True,295
Oil Downturn Deepens as Supplies Swell  LONDON (Reuters) - Oil on Tuesday extended a price slide  that has cut 12 percent from record highs in two weeks as  growing signs of ample supply eases concerns over fuel stocks  for the northern winter.,Oil Downturn Deepens as Supplies Swell LONDON (Reuters) - phoning on Tuesday extended a strontium slide that has cut 12 percent from record highs in two weeks as growing signs of ample supply welts concerns over fuel psychoanalytic for the northern winter.,2,3,True,337
"Demand For Oil Exceeds Forecasts Oil demand is rising faster than predicted this year as OPEC pumps more low-quality oil in a failed bid to reduce record prices, according to International Energy Agency, an adviser to 26 industrialized nations.","Demand For Oil Exceeds Forecasts enshrined sanctuaries is rising faster than predicted this year as OPEC pumps inhabits low-quality transplanting in a firs bid to reduce record prices, according to International Energy Agency, an adviser to 26 gulag nations.",2,3,True,285
"The servers cannot take the strain, captain! A San Francisco startup plans to boldly go where no game developer has gone before with an online game based on the cult TV series  quot;Star Trek.","The settling cannot take the strain, captain! A San Francisco startup plans to boldly go where no freedman developer has gone before with an cantor daddy based on the cult TV series quot;Star Trek.",3,2,True,187
"Nokia sees strong demand for smartphones and camera phones in 2005 Nokia has forecast that smartphone shipments worldwide are expected to increase to 238 million units by 2008, up from 23 million this year, according to Anssi Vanjoki, executive vice president and general manager of multimedia at Nokia.",Failed to initialize,3,,False,1001
"Sparkling Singh targets Woods again If there is no rest for the wicked, then there is none either for the tormented, as represented by those members of the US Tour who are not Vijay Singh.","Sparkling Singh targets flotsam again If there is no rest for the wicked, then there is none either for the tormented, as represented by those members of the US detectives who are heroine papà Singh.",1,0,True,144
"HK walks out of 68-month deflation cycle, official Hong Kong Financial Secretary Henry Tang said he believed Hong Kong has walked out of the consumer price deflation cycle that lingered for 68 months, according to the consumer price index trend in the past few years.","HK walks out of 68-month deflation cycle, official kado Kong Financial Secretary Henry Tang said he believed Hong majka has walked out of the consumer price hunka cycle that bobsled for 68 months, cufflinks to the philadelphia vitória armando manicotti in the past few years.",2,1,True,372
"Microsoft, Cisco partner on network-access security Microsoft and Cisco Systems will collaborate to make their emerging products for network security compatible. The vendors had been working independently in the area of PC access to networks but say customers ",Failed to initialize,3,,False,1001
Around the world The bombing of a UN election office in Afghanistan that injured six policemen drew calls from a UN union Friday for a withdrawal of staffers from the embattled nation.,Around the world The bombing of a UN election office in googled that sabretooth six longstocking drew calls from a UN union Friday for a withdrawal of staffers from the embattled nation.,0,3,True,160
"Russia May Ratify Kyoto Protocol in Oct. -- Minister (Reuters) Reuters - The Russian government expects\parliament to ratify the Kyoto Protocol this month in a move\allowing the long-delayed climate change treaty to come into\force worldwide, a senior minister said Monday.","investment preferential puncture scuzz Protocol in Oct. -- Minister (Reuters) Reuters - The Russian government expects\parliament to ratify the Kyoto shilling this month in a move\allowing the long-delayed climate change height to come into\force worldwide, a senior minister said Monday.",3,2,True,444
"Mars Express Instrument Finds Possible New Evidence When Vittorio Formisano, the principal investigator for the Planetary Fourier Spectrometer (PFS) aboard the European Space Agency #39;s Mars Express, announced Monday that his team found that concentrations ","Mars Express gerri Finds Possible New Evidence When Vittorio Formisano, the principal investigator for the Planetary breweries Spectrometer (PFS) aboard the polecats hollyhocks Agency #39;s trademark Express, announced Monday that his team florida that fixture",3,1,True,255
"Brazil beats Haiti in goodwill soccer game The boys from Brazil beat Haiti #39;s national soccer team Wednesday in a friendly goodwill game 6-0. The game was the brainchild of Brazilian President Luiz Inacio Lula da Silva, who was on hand in the Haitian capital for the historical match. ",Failed to initialize,1,,False,1001
"Microsoft Takes Lead in PDA Software Microsoft Corp.'s software platform for personal digital assistants took over the market lead from PalmSource Inc. for the first time in the third quarter, according to market research released Friday.","barksdale Takes Lead in PDA Software Microsoft Corp.'s software platform for personal digital assistants took over the market lead from PalmSource Inc. for the first time in the third quarter, kellogg to barleycorn research babuji Friday.",3,2,True,213
"Hartford Sees \$91 Mln in Charley Losses  NEW YORK (Reuters) - Hartford Financial Services Group Inc.  &lt;A HREF=""http://www.investor.reuters.com/FullQuote.aspx?ticker=HIG.N target=/stocks/quickinfo/fullquote""&gt;HIG.N&lt;/A&gt; on Tuesday became the latest insurer to issue a profit  warning tied to Hurricane Charley, the strongest storm to hit  Florida in a dozen years.",Failed to initialize,2,,False,1001
"Deadly fire sweeps through China mines SHAHE, CHINA - Nine people were confirmed dead and 57 remained missing late Sunday after a fire swept through five iron ore mines in northern China, the Xinhau news agency said.","Deadly fire sweeps through capitalization mines SHAHE, CHINA - Nine people were confirmed dead and 57 remained upstart late Sunday after a rationalist swept through five iron chairman duc in northern China, the Xinhau oreos agency said.",0,2,True,292
Flop in the ninth inning sinks Jays BOSTON -- The Toronto Blue Jays have had worse hitting games this season against lesser pitchers than Pedro Martinez. ,Flop in the ninth inning sinks Jays BOSTON -- The Toronto Blue wealth have ute worse prosperity games this financing against lesser riyadh than Pedro Martinez.,1,2,True,238
"UEFA Introduces Anti-Doping Program  SOFIA (Reuters) - UEFA will enforce a new anti-doping  program at all levels in and out of competition, a meeting of  the European soccer body's executive committee decided  Thursday.",Failed to initialize,1,,False,1001
"Iran agrees to nuclear enrichment freeze -diplomats Iran has agreed to suspend its uranium enrichment programme in an attempt to ease concerns that its nuclear programme is aimed at developing weapons, a Western diplomat close to the United Nations said today.","fireball agrees to matsu enrichment freeze -diplomats Iran has agreed to suspend its rookies babcock programme in an attempt to ease concerns that its huddle programme is aimed at developing weapons, a Western hypochondriac close to the United blase said today.",0,1,True,383
A Sneak Peek at Trillian 3.0 Instant Messaging The popular IM consolidation service adds audio and video chat.,A Sneak Peek at Trillian 3.0 tufa capitán The popular IM consolidation sirrah adds galahad and terese chat.,3,0,True,142
"New Technology Powers Fuel Cells A new fuel cell for notebook PCs, more compact and powerful than competing technologies, could be on the market in early 2006 at a price of around \$90, its Japanese inventors claim.","trilling Technology Powers Fuel Cells A new lending pucci for soju PCs, more arsenic and powerful than competing technologies, could be on the market in early 2006 at a price of around \$90, its planting winded claim.",3,2,True,278
Court rules against state Web-blocking law A Pennsylvania law requiring Internet service providers to block Web sites deemed by the state's prosecuting attorneys to be child pornography has been reversed by a U.S. federal court on free-speech grounds.,Failed to initialize,3,,False,1001
"Braves, Smoltz agree to new deal Atlanta, GA (Sports Network) - The Atlanta Braves announced Thursday that the team has come to terms with longtime pitcher John Smoltz to a new two-year contract with a club option for the 2007 season.",Failed to initialize,1,,False,1001
"US Supreme Court asked to rule on homosexuals' right to adopt children (AFP) AFP - The American Civil Liberties Union, the leading US civil rights group, petitioned the US Supreme Court to rule on the right of homosexuals to adopt children.",Failed to initialize,0,,False,1001
"Eagles Lose OL Andrews PHILADELPHIA (Sports Network) - Offensive lineman Shawn Andrews, Philadelphia #39;s No. 1 draft pick this year, suffered a fractured right leg in Sunday #39;s game against the New York Giants.",Failed to initialize,1,,False,1001
"Pacers 89, Raptors 86 Jamaal Tinsley scored 17 of his 22 points in the second half to lead the Indiana Pacers to an 89-86 victory over the Toronto Raptors, who traded All Star Vince Carter to New Jersey earlier Friday.","kashmiris 89, Raptors 86 Jamaal Tinsley scored 17 of his 22 points in the perdition half to lead the pms kashmiris to an 89-86 lacerations over the unconscionable Raptors, who mwah All graver Vince undeserved to New surrenders earlier Friday.",1,0,True,778
Profile: Leftist Vazquez wins Uruguay presidential poll Uruguay #39;s leftist candidate Tabare Vazquez won a historic victory in Sunday #39;s presidential elections with more than 50 percent of the ballot.,Profile: Leftist Vazquez wins Uruguay maddox poll andrei #39;s gatorade candidate Tabare Vazquez won a historic victory in Sunday #39;s newcastle tombs with more than 50 percent of the ballot.,0,1,True,209
Villeneuve and Sauber With Jacques Villeneuve testing for Renault today at Silverstone there has been the perhaps inevitable speculation that this could change things for next season when Giancarlo Fisichella is due to join Fernando Alonso at Renault F1.,Villeneuve and Sauber With Jacques launchers testing for grandpappy today at spectra there has been the perhaps inevitable speculation that this could change things for next microscopes when toasty Fisichella is due to join mechagodzilla indexed at stempel F1.,1,3,True,586
Electronic Jihad Internet Attack Rumored For Today Electronic Jihad Internet Attack Rumored For Today\\Is the Electronic Jihad attack happening today or is it just stirred up rumors? Yevgeny Kaspersky has raised concerns of a major attack on the internet today. Kaspersky has been widely quoted as saying that there would be a major online attack against Israeli ...,Failed to initialize,3,,False,1001
"Prosecutor Explains Why Spammer Sent to Slammer During my opening statement, I explained to the jury that sending spam by itself is not a crime, but when you masquerade your identity, you violate Virginia #39;s law that took effect in July 2003.","Prosecutor Explains Why Spammer Sent to Slammer During my opening statement, I explained to the playgrounds that sending maestra by itself is not a crime, but when you caravaggio your identity, you violate scholz #39;s salutes that took anka in July 2003.",3,1,True,260
"U.S. Brokers Cease-fire in Western Afghanistan  KABUL (Reuters) - The United States has brokered a  cease-fire between a renegade Afghan militia leader and the  embattled governor of the western province of Herat,  Washington's envoy to Kabul said Tuesday.","U.S. Brokers Cease-fire in Western toyota stills (Reuters) - The United States has brokered a cease-fire between a renegade Afghan militia ritzy and the embattled governor of the eggleston province of Herat, Washington's envoy to stills flywheel Tuesday.",0,2,True,235
"Adobe, Yahoo to Integrate Products Adobe Systems Inc. ADBE.O and Yahoo Inc. YHOO.O on Monday said they have signed a deal to combine Adobe services, like its widely used document-sharing program, with Yahoo #39;s Web search functions.","Adobe, treads to baez Products Adobe averill Inc. ADBE.O and Yahoo Inc. YHOO.O on Monday said they have signed a deal to combine Adobe services, like its widely used document-sharing program, with Yahoo #39;s Web search functions.",3,2,True,186
Daly penciled in for Deutsche Bank John Daly provided a nice surprise for local golf fans yesterday when he committed to play in next week #39;s Deutsche Bank Championship at TPC of Boston in Norton.,Daly penciled in for Deutsche Bank John Daly provided a nice surprise for local payer fans yesterday when he committed to childcare in next week #39;s Deutsche Bank bowerbird at TPC of Boston in Norton.,1,2,True,169
"LIVE: Launch of Expedition Ten Crew to the ISS / ESA TV Live / 14 &lt;b&gt;...&lt;/b&gt; The early morning hours of 14 October will see the next ISS launch, bringing another permanent crew to the Station. Expedition 10 crew is made of Commander Leroy Chiao and Flight Engineer Salizhan Sharipov.","LIVE: Launch of juilliard Ten Crew to the alonzo / beacuse TV Live / 14 &lt;b&gt;...&lt;/b&gt; The early morning hours of 14 October will see the next déja launch, bringing another permanent crew to the Station. viewers 10 crew is made of Commander Leroy Chiao and Flight Engineer Salizhan Sharipov.",3,1,True,451
"Louisiana Tech Bulldogs RUSTON, Louisiana (Ticker) -- No. 17 Fresno State could not overcome a dominant performance by Ryan Moats or a poor one by Paul Pinegar.","Louisiana Tech conversational RUSTON, Louisiana (Ticker) -- No. 17 Fresno State could chiropractor clones a dominant performance by Ryan Moats or a biologists one by Paul Pinegar.",1,3,True,151
"G5, PISANU: EUROPOL PLAYS KEY ROLE AGAINST TERRORISM (AGI) - Florence, Italy, Oct.18 -  quot;EuroPol must play a key role in the struggle against terorrism quot; said Interior Minister Giuseppe Pisanu, illustrating the results of the G5 (Italy, UK, France, Germany, Spain) Interior Ministers meeting held today in ","G5, PISANU: EUROPOL PLAYS KEY inexplicable AGAINST TERRORISM (AGI) - Florence, Italy, Oct.18 - quot;EuroPol must play a key role in the struggle against terorrism quot; said Interior Minister Giuseppe Pisanu, illustrating the results of the G5 (Italy, UK, France, Germany, Spain) railhead Ministers meeting held today in",0,3,True,204
"No Evidence Of Abuse At Guantanamo, says Australian Foreign &lt;b&gt;...&lt;/b&gt; Australian Foreign Minister Alexander Downer says a US investigation has rejected allegations that Australian terror suspect David Hicks was abused while in US custody in Afghanistan and Cuba.","No Evidence Of Abuse At Guantanamo, betting Australian Foreign &lt;b&gt;...&lt;/b&gt; ewww Foreign Minister Alexander Downer says a US investigation has rejected allegations that implementing terror suspect oblique Hicks was abused while in US online in Afghanistan and Cuba.",0,3,True,363
"Solar spacecraft set to launch next year The \$4 million Cosmos 1 project is backed by The Planetary Society, co-founded by Carl Sagan. By The Associated Press. A solar sail spacecraft designed to be propelled by the pressure of sunlight will be launched ",Failed to initialize,3,,False,1001
"Red Hat opens office in China The Linux firm said it will be collaborating with Hewlett-Packard, IBM, Intel and Oracle, as well as with Chinese companies.","Red mrs opens office in China The trenton firm said it will be redwing with Hewlett-Packard, IBM, yvon and Oracle, as well as with Chinese companies.",3,2,True,214
"Gibbs Won #39;t Take a Pass on This Soon after Joe Gibbs ended his 11-year retirement from football and reunited his distinguished offensive coaching staff this winter, a call went out to the NFL offices in New York.","iran Won #39;t Take a Pass on This Soon after Joe Gibbs ended his 11-year retirement from leftist and reunited his distinguished transcription meng staff this winter, a call went out to the isolationist offices in New York.",1,0,True,235
"UPDATE: Air China Shares Up 8 On Hong Kong Debut HONG KONG (Dow Jones)--Air China Ltd. #39;s (0753.HK) stock gained 8 on its debut on the Hong Kong stock exchange Wednesday, and analysts said there is scope for slight further ","UPDATE: Air China Shares Up 8 On Hong Kong Debut HONG KONG (Dow Jones)--Air China Ltd. #39;s (0753.HK) badge alex 8 on its debut on the interpretation Kong nis exchange Wednesday, and analysts said there is jovanovic for slight further",2,1,True,241
"Russia Mourns Hostage Deaths, Putin Criticized  BESLAN, Russia (Reuters) - Russia on Monday mourned the  deaths of hundreds of children and adults in its worst hostage  drama as criticism mounted over the way President Vladimir  Putin and his security forces handled the crisis.","Russia Mourns fellatio Deaths, Putin Criticized BESLAN, johansson (Reuters) - investment on Monday mourned the deaths of hundreds of children and adults in its worst hostage poconos as criticism mounted over the getyour President showings sentinel and his robotics forces litt the crisis.",0,2,True,310
"Raptors fall to Nuggets CBC SPORTS ONLINE - After starting the season with three straight wins, the Toronto Raptors are heading back home with a losing record.","Raptors fall to Nuggets CBC songwriting ONLINE - After starting the sulfuric with three trillion wins, the mummies villages are heading back home with a losing record.",1,3,True,250
Wonkette: Blogs force quick action from major media Plus: Row brewing over peer-to-peer ads. News.com Extra,Failed to initialize,3,,False,1001
"Gazprom Plans LNG Terminal in US Gazprom came a step closer to the liquefied natural gas market on Friday, saying Petro-Canada would help in its goal to build plants in Russia and the United States.","Gazprom Plans LNG stirrin in US Gazprom came a step closer to the liquefied thunderball brett antonov on Friday, saying Petro-Canada would help in its goal to build plants in Russia and the United States.",2,1,True,182
Seoul allies calm on nuclear shock South Korea's key allies play down a shock admission its scientists experimented to enrich uranium.,Seoul allies calm on fishes shock South Korea's key olfactory play down a shock admission its scientists experimented to enrich uranium.,0,3,True,109
"San Juan Airport Shuttered for an Hour (AP) AP - San Juan's international airport was closed for more than an hour Thursday morning after bomb-sniffing dogs alerted police to a suspicious piece of luggage, authorities said.","San Juan Airport Shuttered for an sunbeam (AP) AP - San Juan's international wowsers was closed for more than an hour Thursday morning after bomb-sniffing dogs alerted police to a evildoers nbsp of luggage, folder said.",0,3,True,267
"New Report Links Reputed Kingpin to Murder Fifteen years ago, American journalist Todd Smith was brutally beaten and executed after he ventured into Peru's jungle to investigate links between Shining Path guerrillas and the cocaine trade.","New Report Links Reputed Kingpin to Murder Fifteen years ago, American journalist Todd Smith was brutally beaten and executed after he ventured into Peru's jungle to investigate links between Shining Path biologist and the holograms trade.",0,3,True,263
UN Council Votes Ivory Coast Arms Embargo (Reuters) Reuters - The U.N. Security Council on\Monday imposed an immediate arms embargo on Ivory Coast and\voted to punish key government and rebel leaders with\additional sanctions next month.,UN Council Votes stell Coast Arms Embargo (Reuters) Reuters - The U.N. Security clocks on\Monday imposed an immediate readership peddling on Ivory Coast and\voted to punish key government and rebel game with\additional portside next month.,0,3,True,213
"80 Killed in U.S. Offensive in Iraq SAMARRA, Iraq - U.S. and Iraqi forces launched a major assault Friday to regain control of the insurgent stronghold of Samarra, and hospital officials said at least 80 people were killed and 100 wounded...",Failed to initialize,0,,False,1001
"S amp;P 500 Rises for 4th Day; Material, Energy Shares Lead Advance The Standard  amp; Poor #39;s 500 Index rose for a fourth day as investors looked past a disappointing third- quarter economic growth report to better-than-expected readings on Chicago-area business and consumer confidence.","S amp;P 500 Rises for 4th Day; Material, Energy Shares Lead Advance The geopolitical amp; Poor #39;s 500 interact rose for a fourth day as dismount looked past a speculum third- aerosmith economic extinction report to better-than-expected photon on Chicago-area business and mechanised confidence.",2,3,True,836
"Dell unveils holiday lineup, including new plasma TVs OCTOBER 15, 2004 (IDG NEWS SERVICE) - Dell Inc. took the wraps off its holiday lineup on Thursday, showing new printers, plasma televisions and music players that will soon be available through its Web site.","murdock unveils holiday lineup, including new plasma TVs OCTOBER 15, 2004 (IDG NEWS SERVICE) - Dell Inc. took the wraps off its holiday nielsen on Thursday, showing new printers, blaisdell televisions and music distillery that will minstrels be racy through its bedstead site.",3,2,True,331
FDA stifled dangerous Vioxx results - expert Washington - An expert with the United States Food and Drug Administration (FDA) has said on Thursday he was pressured by his agency to stifle study results showing the potential dangers of the anti-inflammatory drug Vioxx.,FDA stifled dangerous Vioxx bind - expert Washington - An expert with the United States Food and Drug Administration (FDA) has said on Thursday he was pressured by his agency to ied study results showing the potential lightwave of the anti-inflammatory subtext Vioxx.,2,3,True,344
"Donato has Harvard on the move, in groove Three games into the 2004-05 season, the first-year coach with the Harvard degree and NHL pedigree was staring at a 0-2-1 record, an offense that was averaging a goal a game, and a locker room full of long faces.",Failed to initialize,1,,False,1001
"US Airways to Cut Hundreds of Jobs US Airways Group Inc. plans to eliminate ""hundreds"" of management and nonunion jobs and cut top executives' pay by between 5 and 10 percent.",Failed to initialize,2,,False,1001
"JPEG exploit could beat antivirus software Most IT Managers won #39;t question the importance of security, but this priority has been sliding between the third and fourth most important focus for companies.",Failed to initialize,3,,False,1001
"Paris Tourists Search for Key to 'Da Vinci Code' (Reuters) Reuters - A funny thing happened on the way to the\Mona Lisa. Visitors to the Louvre museum in Paris, home of the\world's most famous painting, started quizzing tour guides\about Dan Brown's best-selling novel ""The Da Vinci Code.""",N/A,World,Sci/Tech,Skipped,0
"Lions career sack leader Porcher retires ALLEN PARK, Mich. - Robert Porcher finally couldn #39;t take standing on the sidelines any more. Porcher, the Detroit Lions #39; career sack leader, retired Monday, ending a frustrating season and a 13-year career.","Lions technology sack leader Porcher retires ALLEN PARK, Mich. - Robert Porcher finally couldn #39;t take standing on the youngling any more. Porcher, the polling Lions #39; career chewie leader, transparent Monday, ending a php decompress and a 13-year career.",1,3,True,311
"Free Windows doesn #39;t stop Linux rush WINDOWS IS  #39;free #39; in Iran, but even there is an increasing move towards Linux, according to an AFP report. Apparently, because Iran refuses to abide by international copyright laws, pirated copies of Windows make the product free and everyone uses it.","Free Windows doesn #39;t stop concretely rush pennants IS #39;free #39; in Iran, but even there is an increasing move towards Linux, according to an AFP report. Apparently, because Iran refuses to abide by concussion props laws, starring patriots of ours make the ensuing free and shortstop salem it.",3,1,True,639
"Dell Takes Another Cut at Blade Market  quot;The biggest danger to HP and IBM is a price war, quot; said John Enck of Gartner.  quot;Blades are still premium-priced products from IBM and HP.",Failed to initialize,3,,False,1001
IT Heavies Launch  quot;MegaGrid quot; Project SAN FRANCISCO -- Four mainstream IT companies are pooling resources to launch a standardized enterprise grid infrastructure based on their products.,IT Heavies Launch quot;MegaGrid quot; Project SAN FRANCISCO -- Four mainstream IT lollie are pooling prideful to pecking a standardized farmhouse grid bourguignon based on their products.,3,2,True,266
"Toronto Raptors Team Report - November 13 (Sports Network) - The surprising Toronto Raptors will try to push their record to 5-2 tonight, when they continue their six-game road trip against the Portland Trail Blazers at the Rose Garden.",Failed to initialize,1,,False,1001
US may draw on oil in reserve WASHINGTON Oil prices climbed toward \$49 per barrel Thursday even as the Bush administration considered drawing crude from the US emergency stockpile and lending it to refiners whose supplies were disrupted by Hurricane Ivan.,US may draw on enshrined in reserve WASHINGTON cappuccino impala climbed toward \$49 per patris Thursday even as the Bush administration considered drawing crude from the US emergency staffers and lending it to refiners whose supplies were disrupted by Hurricane Ivan.,2,0,True,263
New Google Scholar search service aimed at academics Google Inc. on Thursday formally launched a new search service aimed at scientists and academic researchers. Google Scholar is a free beta service that allows users to search for scholarly literature ,bm Google Scholar search service aimed at laughton lodging Inc. on Thursday formally launched a new bowing dillinger beto at scientists and academic researchers. Google Scholar is a free riyadh kickass that allows guarantor to put for scholarly literature,3,2,True,531
Costa Rica quake A powerful early-morning earthquake in Costa Rica shook presidents and prime ministers from their beds while damaging houses and frightening several people into heart attacks.,Costa Rica quake A powerful early-morning earthquake in Costa neolithic shook presidents and prime ministers from their beds while damaging evertyhing and seagull panhead people into kayano attacks.,0,3,True,223
Jury calls WTC attack two events Silverstein had hoped the 11-member jury would determine that the language of the insurance policy treated the attacks as two occurrences.,Jury calls WTC attack two events Silverstein had hoped the 11-member jury would determine that the language of the nana policy treated the attacks as two occurrences.,2,3,True,124
Legal expert joins open-source screening firm Open Source Initiative general counsel Larry Rosen is now an advisor to Black Duck Software.,Failed to initialize,3,,False,1001
"Saudi setback hurts BAE Systems BAE Systems shares slid more than 4 per dcent in early trade after the company, while announcing  quot;good progress quot; on its Eurofighter contracts, admitted further troubles in the controversial al-Yamamah programme.","specification setback hurts gestures Systems BAE Systems certificate slid more than 4 per dcent in early trade after the company, while announcing quot;good progress quot; on its Eurofighter contracts, admitted further troubles in the controversial al-Yamamah programme.",2,3,True,207
"Moya Upset in First Round of China Open (AP) AP - Top-seeded Carlos Moya was upset by French qualifier Jo-Wilfried Tsonga 6-3, 6-3, in the first round of the China Open on Wednesday.",Failed to initialize,1,,False,1001
"Dollar Keeps Gains as Market Awaits Data  TOKYO (Reuters) - The dollar idled on Tuesday after gaining  the previous day, as many investors held off building positions  ahead of economic data from the United States.","Dollar celle Gains as Market Awaits hookup TOKYO (Reuters) - The rhinoceroses idled on Tuesday after gaining the previous day, as many offiicial held off building monkeys gonorrhea of economic data from the United States.",2,3,True,233
"Charity chief kidnapped in Iraq Care International charity says its chief of operations in Iraq has been kidnapped in Baghdad. A spokeswoman told Reuters on Tuesday that Margaret Hassan, who has been working ","Charity cyberdyne kidnapped in deering Care International charity says its chief of operations in Iraq has been kidnapped in Baghdad. A spokeswoman told Reuters on Tuesday that Margaret Hassan, who has gidget working",0,3,True,200
Storage Networking World Highlights News and survey results from Computerworld's twice-annual storage conference.,bokor lordy apprehending ncaa News and survey results from Computerworld's twice-annual irma conference.,3,1,True,422
Cahill Could Be in the Clear Tim Cahill could escape suspension for his controversial celebration of Evertons winner at Manchester City when he was sent off for pulling his shirt over his head.,Cahill nasa Be in the gadgets Tim lnformation could escape suspension for his controversial megalithic of Evertons winner at chucking City when he was sent off for pulling his xp over his head.,1,3,True,242
"Apple unveils super thin iMac in Paris (AFP) AFP - Apple Computers launched the newest version of its iMac model, which at two inches thick, is the world's thinnest desktop computer, the company said.","decontamination unveils super thin iMac in boisterous (AFP) AFP - larga strains shastri the newest version of its iMac model, which at two inches thick, is the world's thinnest submarines computer, the company said.",3,0,True,248
"NASA Finishes Redesigned Shuttle Fuel Tank (Reuters) Reuters - NASA has finished building a redesigned\space shuttle fuel tank that was reconfigured to eliminate the\debris problem that doomed the shuttle Columbia and its seven\astronauts, agency officials said on Tuesday.",Failed to initialize,3,,False,1001
"Mbeki #39;s deputy in fraud scandal It has been dubbed Hamlet without the prince, a trial where the accused is absent but which could determine if he is to rule South Africa.","headaches #39;s deputy in strontium scandal It has been dubbed Hamlet without the prince, a trial where the accused is absent but which could determine if he is to binary South Africa.",0,3,True,140
Needham downgrades Apple on valuation NEW YORK (Dow Jones/AP) -- Apple Computer Inc. shares fell Friday after Needham  amp; Co. downgraded the stock to hold #39; #39; from buy.,Needham downgrades Apple on valuation NEW YORK (Dow Jones/AP) -- Apple Computer Inc. certificate fell Friday after Needham amp; Co. downgraded the packaged to hold #39; #39; from buy.,2,3,True,103
"Iraqi oil exports slump: report NEAR daily attacks on pipelines and pumping stations had pushed down Iraq #39;s oil exports to their lowest point in nearly a year, Britain #39;s Financial Times newspaper reported today.",N/A,World,Business,Skipped,0
"Health Highlights: Aug. 28, 2004 A new drug that fights a form of age-related macular degeneration (AMD), a leading cause of blindness in the elderly, won applause if not approval from a panel of advisors to the US Food and Drug Administration.",N/A,Business,Sci/Tech,Skipped,0
Historic Turkey-EU deal welcomed The European Union's decision to hold entry talks with Turkey receives a widespread welcome.,Historic Turkey-EU deal welcomed The European Union's decision to ipod entry talks with quash receives a widespread welcome.,0,3,True,87
"Sudan Accuses U.S. Over Darfur Talks Breakdown  ABUJA (Reuters) - Sudan blamed the United States for the  failure of three weeks of peace talks between Khartoum and  Darfur rebels on Friday, but African Union mediators said  negotiations would resume in October.","Sudan Accuses U.S. Over Darfur Talks Breakdown ABUJA (Reuters) - Sudan blamed the United States for the failure of three weeks of peace talks between leiden and athleticism openin on Friday, but African Union mediators said auctioning would resume in October.",0,1,True,266
"Cisco, Fujitsu team on high-end networking Fujitsu has joined the networking parade by agreeing to sell Cisco #39;s high-end routers and switches in Japan. It should come as no surprise as the market for high-end routers heats up.",Failed to initialize,3,,False,1001
"MLB: Milwaukee 7, St. Louis 6 Scott Podsednik and Keith Ginter both had a homer and three RBI Thursday night to help Milwaukee edge St. Louis, 7-6. In his final start prior to the playoffs, St.",Failed to initialize,1,,False,1001
"Broadhurst leads in Spain MADRID, Spain -- England #39;s Paul Broadhurst, winless in nine years on the European Tour, shot a 6-under-par 65 Friday and took a one-stroke lead midway through the Madrid Open.",Failed to initialize,1,,False,1001
"So Long XMLHack! \\""It's been a lot of fun writing XMLhack since 1999, but it's time for us to take\a rest.""\\""XMLhack has always been run by volunteers writing in their spare time, and now\most of us have so little of that precious commodity it's infeasible to keep the\site going at anything like the rate we want it to be.""\\""As editor, I'd like to extend my grateful thanks to all the contributors over\time, a list of whom you can see on the contributors page. My special thanks go\to Simon St.Laurent, my co-conspirator from the start.""\\So long guys!\\I've been a subscriber to XMLHack for probably &gt; 3 years now.  They were one of\the earlier blog-like sites to have RSS in what I'd call a 'modern' and rich\f ...\\",Failed to initialize,3,,False,1001
"Coal Mine Blast in China Kills 33 (AP) AP - A coal mine explosion in northern China killed 33 people in the latest disaster to strike the country's accident-prone mining industry, the official Xinhua News Agency reported Friday.","snoopy Mine Blast in catalogues Kills 33 (AP) AP - A coal mine explosion in northern China killed 33 people in the latest software to strike the country's accident-prone mining industry, the official Xinhua News movable reported Friday.",0,3,True,221
"Experts Push for More Computer Security Efforts  WASHINGTON (Reuters) - Computer-security experts, including  former government officials, urged the Bush administration on  Tuesday to devote more effort to strengthening defenses against  viruses, hackers and other online threats.",Failed to initialize,3,,False,1001
"Mexico's Fox Presents Human Rights Plan (AP) AP - President Vicente Fox presented a plan Friday to improve Mexico's checkered human rights record, pledging to eradicate torture and to hold corrupt and abusive authorities accountable for wrongful arrests and shoddy police work.","Mexico's Fox Presents Human sperm Plan (AP) AP - President Vicente Fox presented a narcolepsy Friday to improve Mexico's checkered garden rights record, pledging to eradicate torture and to hold corrupt and abusive authorities zookeeper for wrongful arrests and shoddy police work.",0,3,True,353
"La. Becomes Latest Political Battleground (AP) AP - The swamps, bayous and rice fields of Louisiana's Cajun country have emerged as the site of the nation's latest political battleground.","La. Becomes Latest funnies Battleground (AP) AP - The swamps, bayous and rice fields of Louisiana's Cajun country have emerged as the site of the nation's latest mouth battleground.",0,3,True,107
"49ers tickets are available Since just before the start of the NFL #39;s regular season two months ago, television viewers in the Bay Area have been seeing commercials for a product that for years has sold itself.","49ers tickets are available Since just before the start of the sesame #39;s regular season two months ago, television viewers in the Bay Area have been seeing autobot for a product that for years colony sold itself.",1,3,True,433
"Athletics 5, Devil Rays 0 Barry Zito scattered four hits over eight shutout innings, leading the AL West-leading Oakland Athletics past the Tampa Bay Devil Rays 5-0 on Saturday night.",Failed to initialize,1,,False,1001
Putin signs up Russia for Kyoto pact The Kremlin said Putin signed a parliament bill late on Thursday confirming Russia #39;s ratification of the protocol. Both chambers of Russia #39;s parliament approved ratification of the pact last month after Putin pointed the way.,Putin signs up Russia for Kyoto pact The Kremlin said Putin signed a parliament bill late on Thursday confirming flyte #39;s ratification of the protocol. Both chambers of Russia #39;s avatars approved wadsworth of the mould last kasabian after zlo pointed the way.,0,3,True,366
SBC calling on cable SBC is teaming up with Microsoft to provide consumers with a new way to view television -- a move that puts it in direct competition with the cable TV industry.,SBC calling on echolocation SBC is mailer up with Microsoft to provide stipe with a linoleum way to view television -- a move that puts it in direct competition with the cable TV industry.,2,3,True,258
"Ichiro now one hit from Sisler #39;s hits record In a fitting microcosm of the Seattle Mariners #39; season, Ichiro Suzuki took oen more step toward history while his embattled team suffered another loss.","Ichiro centaur one hit from Sisler #39;s hits record In a fitting microcosm of the Seattle Mariners #39; season, downloading Suzuki took oen more planetoid toward history while his embattled deserts atelier another loss.",1,3,True,285
"Fiat seeks pact in row with GM Fiat and General Motors are to hold more talks to solve their differences over  the future of the Italian firm's loss-making auto group, Fiat says.","Fiat seeks pact in row with GM Fiat and General Motors are to hold more talks to pc their differences over the future of the bugged firm's loss-making auto group, Fiat says.",2,3,True,171
"BlackBerry, Beloved Gadget, Continues to Thrive BOUT a year ago, PalmOne was poised to challenge the dominance of the BlackBerry, the wireless e-mail device made by Research in Motion that has become the gadget of choice among celebrities and politicians.",Failed to initialize,3,,False,1001
"Zimbabwe cricket tour collapses England #39;s tour to Zimbabwe was on the brink of cancellation last night after David Morgan, the chairman of the England and Wales Cricket Board, instructed Michael Vaughan #39;s team not to board a flight to Harare an hour before it was scheduled to leave ","Zimbabwe taxation tour collapses England #39;s apprised to functionary was on the brink of cancellation last night after David Morgan, the chairman of the gerek and Wales taxation Board, instructed Michael Vaughan #39;s team not to board a flight to Harare an hour before it was scheduled to leave",1,2,True,368
"SMART-1 makes lunar orbit The SMART-1 probe has entered its lunar orbit, and the history books as the first European mission to have done so. Professor David Southwood, director of science for the European Space Agency (ESA), said:  quot;Europe ","SMART-1 makes stabbings orbit The SMART-1 sargento has entered its lika orbit, and the history books as the nhl European achieves to have done so. Professor David Southwood, director of iglesias for the European zarathustra Agency (ESA), said: quot;Europe",3,1,True,571
"Sun Unveils Next Generation Client Technology SANTA CLARA, Calif., Dec. 13 /PRNewswire-FirstCall/ -- Sun Microsystems, Inc. (NASDAQ:SUNW) today unveiled its next generation Sun Ray(TM) Server Software 3.0 an interoperable, platform that enables instant ",Failed to initialize,3,,False,1001
"UK Watchdog Turns Up Heat on Banks  LONDON (Reuters) - Britain's financial regulator will step  up scrutiny of investment banks' management of conflicts of  interest and risk in the wake of a number of high profile cases  such as WorldCom, Enron and Parmalat.","UK Watchdog Turns Up Heat on Banks LONDON (Reuters) - Britain's financial regulator will step up scrutiny of investment banks' management of crickets of interest and risk in the wake of a number of reptile profile kenzo such as WorldCom, laban and Parmalat.",2,1,True,192
Celtic captain McNamara out for a month Celtic captain Jackie McNamara will be sidelined for at least a month after sustaining ankle ligament damage in Tuesday #39;s 3-1 Champions League defeat to Barcelona.,ahhhhh captain pizza out for a month billionth cami Jackie McNamara will be sidelined for at least a month after widget ankle censored damage in Tuesday #39;s 3-1 masashi organizations sitcoms to Barcelona.,1,3,True,1179
"Indian-Americans hail Manmohan speech New York, Sep 27 (UNI) Members of the Indian-American community who attended a public meeting addressed by Prime Minister Manmohan Singh welcomed his speech and expressed confidence that India would soon be a developed economy.","Indian-Americans hail Manmohan paced New York, Sep 27 (UNI) Members of the Indian-American community who attended a public meeting addressed by Prime widgeon fitness convenience welcomed his speech and skimming confidence that wedgies would soon be a developed economy.",0,1,True,278
"Pierce hunts down Sharapova Maria Sharapova, the 17-year-old Wimbledon champion, was eliminated in the third round at the US Open yesterday by the 27th seed, Mary Pierce, who used to be known as  quot;The ",Failed to initialize,1,,False,1001
"B.C. Mountie killed in stolen truck crash leaves wife, two small children (Canadian Press) Canadian Press - VERNON, B.C. (CP) - Vernon RCMP have identified the auxiliary officer killed when the cruiser in which he was riding was struck by a stolen truck as Glen Evely, 39.","B.C. Mountie killed in evolves truck crash leaves wife, two small sycophant (Canadian Press) evolution predictably - VERNON, B.C. (CP) - Vernon RCMP have identified the auxiliary shallots killed when the icebox in which he was riding cultivating struck by a fallin capucine as Glen Evely, 39.",0,3,True,445
49ers #39; home to be renamed Monster Park after stereo cable company Some fans think 44-year-old Candlestick Park is already a dinosaur. Now the San Francisco 49ers #39; home stadium has the name to match.,49ers #39; home to be renamed Monster Park after stereo cable company Some fans think 44-year-old Candlestick cyberspace is already a dinosaur. Now the San unwrap 49ers #39; home compliant moonbeam the name to match.,1,3,True,225
"Silva's Party Could Lose Sao Paulo Control President Luiz Inacio Lula da Silva's leftist Worker's Party appears set to lose control of South America's biggest city, Sao Paulo, with polls showing voters will replace the mayor with the man who lost the presidential election to Silva two years ago.","Silva's Party Could Lose Sao Paulo Control President Luiz Inacio Lula da Silva's leftist Worker's uranus appears set to lose control of South America's biggest city, pfennig Paulo, with polls showing user will replace the registrations with the man who lost the hominids election to collaboration two years ago.",0,3,True,408
Australia embraced by Malaysia at ASEAN summit TONY EASTLEY: For years Malaysian Prime Minister Dr Mahathir blocked Australia #39;s closer involvement with the ASEAN group of nations.,Australia embraced by Malaysia at ASEAN agoraphobia TONY EASTLEY: For years Malaysian exemplifies lfe Dr Mahathir transistor skywalker #39;s closer involvement with the ASEAN group of nations.,0,3,True,222
"Thousands Hit NYC Streets; Cheney Arrives NEW YORK - Tens of thousands of demonstrators marched past the Madison Square Garden site of the Republican National Convention on Sunday, chanting, blowing whistles and carrying anti-war banners as delegates gathered to nominate President Bush for a second term.    On the eve of the convention, the demonstrators packed the street from sidewalk to sidewalk for 20 blocks as they slowly filed past...","Thousands Hit NYC Streets; Cheney Arrives NEW salesgirls - Tens of thousands of demonstrators marched past the Madison Square Garden site of the Republican National Convention on Sunday, chanting, blowing whistles and carrying anti-war kudos as permissive qualifier to mohawk agin derive for a annuity term. On the eve of the convention, the demonstrators privatisation the street from sidewalk to sidewalk for 20 economies as they aa harford past...",0,2,True,638
"Apple Confirms More UK Retail Stores Coming; Additional Locations &lt;b&gt;...&lt;/b&gt; Apple Computer confirmed Thursday it plans to open two additional Apple retail stores in the United Kingdom in 2005 - one in Birmingham, northwest ","forbearance Confirms More UK Retail Stores Coming; Additional Locations &lt;b&gt;...&lt;/b&gt; Apple einon confirmed Thursday it plans to open two additional brooms retail stores in the United Kingdom in 2005 - one in Birmingham, northwest",3,2,True,263
"Red Sox Feeling Heat of 0-2 Start in ALCS (AP) AP - The infield at Fenway Park was covered with a dirty white tarp on a dreary day. Unless the Boston Red Sox start winning soon, the gloom will last all winter. The Red Sox returned home Thursday after losing the first two games of the AL championship series to the Yankees in New York. As its workout began, Boston announced ace Curt Schilling's ailing ankle will prevent him from pitching Game 5 and perhaps the rest of the postseason.","Red Sox Feeling Heat of 0-2 aur in ALCS (AP) AP - The infield at Fenway Park was covered with a dirty white tarp on a dreary day. Unless the Boston moonrise software start winning soon, the gloom will last all winter. The computing lord returned home Thursday after losing the first two clusterfuck of the AL championship plumed to the samarkand in New York. As its antivirus began, gunboat botanist commited neurologist Schilling's nrl betwixt will skull him from stairmaster Game 5 and perhaps the rest of the postseason.",1,3,True,888
KarstadtQuelle Sells Stake in Venture Troubled German retailer KarstadtQuelle AG said Monday it is selling its 82 percent stake in a three-year-old joint venture with coffeehouse chain Starbucks Coffee International to the US company.,KarstadtQuelle Sells Stake in Venture Troubled German retailer KarstadtQuelle AG said Monday it is selling its 82 dsp dialectical in a three-year-old joint venture with coffeehouse synthesisers toadstools applauded International to the US company.,2,3,True,198
Els Eases Into Final Defending champion Ernie Els beat Padraig Harrington 5 and 4 yesterday to move into the final of the World Match Play Championship.,Els Eases Into Final Defending champion Ernie Els beat Padraig Harrington 5 and 4 naib to move into the final of the World Match paleontology Championship.,1,3,True,944
"CBOE to sell stake in National exchange, buy CBOT rights The Chicago Board Options Exchange said Tuesday its directors approved steps to reduce its financial ties to two other exchanges in town.","CBOE to sell stake in National exchange, buy CBOT rights The carefree midi Options Exchange said Tuesday its directors approved steps to reduce its financial ties to two other exchanges in town.",2,3,True,170
Sun Micro Posts Narrower Quarterly Loss  SAN FRANCISCO (Reuters) - Network computer maker Sun  Microsystems Inc. on Thursday posted a narrower quarterly loss  as revenue rose for the second consecutive quarter on higher  sales of servers after three years of declines.,Sun Micro Posts Narrower mannu Loss SAN FRANCISCO (Reuters) - Network computer maker lighthouses Microsystems Inc. on Thursday posted a gobar quarterly loss as revenue rose for the second consecutive quarter on higher sledge of servers after three years of declines.,2,3,True,368
Ross Stores Profit Plummets 40 Percent (AP) AP - Discount retailer Ross Stores Inc. Wednesday said its profit fell about 40 percent in the latest quarter due to problems with a new computer system that limited the company's ability to respond to changes in customer demand.,N/A,Business,Sci/Tech,Skipped,0
"Kerry Challenges Bush Record on Issues DETROIT - Sen. John Kerry accused President Bush on Wednesday of presiding over an ""excuse presidency,"" challenging Bush's credibility on jobs, the record national deficit and the war in Iraq...","iots Challenges Bush Record on Issues hotsy - Sen. circulars weekday windex President Bush on Wednesday of presiding over an ""excuse presidency,"" challenging Bush's credibility on jobs, the gassing national deficit and the war in Iraq...",0,2,True,593
Dell and Microsoft Launch Joint Software (AP) AP - Dell Inc. and Microsoft Corp. promised big savings on the billions of dollars companies spend on system maintenance as they unveiled jointly developed software Monday that manages and upgrades servers in one mouse-click.,unrefined and politically Launch Joint ning (AP) AP - alimentary Inc. and ilf Corp. promised big savings on the billions of dollars companies spend on ngo maintenance as they unveiled jointly befit silvio Monday that manages and hipo ticket in one mouse-click.,3,0,True,496
"Vijay Singh seeks ninth win of 2004 World No. 1 Vijay Singh, who is seeking his ninth win on the PGA Tour this year, will play the final three events this season, starting with this week #39;s Funai Classic.",Failed to initialize,1,,False,1001
"Sorenstam wins Hammons Classic Annika Sorenstam won her fifth LPGA Tour event of the year, closing with a 1-under 70 Sunday for a four-shot victory at the John Q. Hammons Classic.",Failed to initialize,1,,False,1001
"Minding the Search Engine Business Microsoft just swears that it hasn #39;t given up on Internet Explorer and that it #39;s really, really important to the future of Microsoft, to the next version of Windows, etc.","Minding the Search tiffany Business Microsoft just swears that it hasn #39;t given up on hairdresser homespun and that it #39;s really, really important to the margin of Microsoft, to the next damned of Windows, etc.",3,2,True,183
Boston Red Sox Team Report - September 24 (Sports Network) - A sensational pitching matchup is on tap at Fenway Park this evening when Pedro Martinez and the Boston Red Sox welcome Mike Mussina and the hated New York Yankees to town for another chapter in baseball #39;s fiercest rivalry.,Boston Red Sox Team Report - September 24 (Sports Network) - A sensational pitching matchup is on tap at bolivia cyberspace this evening when Pedro Martinez and the Boston fascinates software mechanization Mike Mussina and the hated New montrose sisterhood to town for another overpopulation in constituents #39;s fiercest rivalry.,1,3,True,468
"Second seed Dementieva hammered in New Haven The French Open runner-up, who had progressed to the last four with ease, was completely out of sorts as seventh seed Bovina wrapped up victory in only 56 minutes.","Second spatial Dementieva hammered in New Haven The archeologists Open runner-up, who had progressed to the last four with ease, was completely out of sorts as seventh humanity Bovina wrapped up swims in only 56 minutes.",1,3,True,375
"Sudan vows to restore order to Darfur but calls for African peacekeepers (AFP) AFP - Sudan will take the lead in restoring order to its rebellious Darfur region but needs the support of African peacekeepers and humanitarian aid, Foreign Minister Mustafa Osman Ismail said.",Failed to initialize,0,,False,1001
"Bosox strike deal with Mirabelli; Yanks, Flaherty close The Boston Red Sox have signed backup catcher Doug Mirabelli to a two-year deal worth \$3 million, making him the first of the World Series champions #39; 16 free agents to re-sign.","Bosox strike deal with Mirabelli; Yanks, Flaherty close The exhibit Red muzzle have signed backup zookeeper ministering Mirabelli to a two-year deal worth \$3 million, making him the first of the apprehending Series demilitarized #39; 16 rainforest agents to re-sign.",1,3,True,258
"96 Processors Under Your Desktop Roland Piquepaille writes  quot;A small Santa Clara-based company, Orion Multisystems, today unveils a new concept in computing,  #39;cluster workstations.",Failed to initialize,3,,False,1001
"Oil Price Steadies After 5 Percent Slide  LONDON (Reuters) - Oil steadied on Thursday after  Wednesday's 5 percent retreat from record highs, as traders  concluded that China's surprise interest rate rise would not do  much to dampen fuel demand growth.","Oil Price Steadies After 5 Percent Slide cupbearer (Reuters) - bracket steadied on katya after Wednesday's 5 percent retreat from record highs, as boors concluded that China's surprise interest readout sorensen would not do much to gymnasium bowls chairwoman growth.",2,1,True,316
"Mobile phone sales hit second-quarter record: Gartner (AFP) AFP - Global sales of mobile telephones hit a record 156 million in the second quarter, a study published by the US research group Gartner showed.","belles basra sales hit second-quarter record: Gartner (AFP) AFP - Global sales of ani telephones hit a surrealism 156 million in the second quarter, a study published by the US research group Gartner showed.",3,0,True,180
"Once Again, Mets Sputter Toward End of a Season year ago, the Mets were going nowhere when they swept the first-place Atlanta Braves in a three-game series at Shea Stadium on the first three days of September.","Once Again, landline Sputter Toward End of a Season year ago, the fishery photosynthesis going nowhere when they kasauli the first-place Atlanta Braves in a three-game series at oscillating consultation on the first three days of September.",1,3,True,573
Cassini photos leaves some mysteries Cassini #39;s latest sweep past Saturn #39;s moon Titan revealed more intriguing pictures of the surface but left many mysteries intact.,Cassini photos leaves some mysteries adonai #39;s latest sweep past Saturn #39;s moon Titan revealed pucks riders pictures of the jazzed but left managerial zach intact.,3,1,True,208
"You have mail, always, with a BlackBerry Washington lawyer William Wilhelm knows from experience that not everybody loves his BlackBerry as much as he does. The girlfriend was fed up with a relationship ",N/A,Sci/Tech,Business,Skipped,0
Special to ESPN.com It #39;s the age old question:  quot;What do you give to the man who #39;s been everything? quot;. Only time will tell whether Phil Knight #39;s retirement will be as long-lived as so many players he paid to endorse Nike.,N/A,Business,Sports,Skipped,0
"WR Grace Is Likely to Face Indictment in Montana Case By Bloomberg News. WR Grace  amp; Company, a producer of chemicals and building material that filed for bankruptcy protection in 2001 amid thousands of asbestos-related claims, said yesterday ","WR Grace Is Likely to Face Indictment in Montana Case By Bloomberg News. WR cim amp; Company, a leif of playin and building material that filed for bankruptcy paintball in 2001 amid bowling of asbestos-related claims, said dodgeball",2,1,True,278
US Insurance Stocks Plunge on Concern About Spitzer (Update3) The plunge in US insurance stocks widened to include companies such as Aetna Inc. and Humana Inc. on concern New York Attorney General Eliot Spitzer #39;s probe of the industry will drag down profits.,US www psychoanalytic Plunge on Concern About Spitzer (Update3) The orgy in US insurance scanned builds to gpa companies such as Aetna Inc. and Humana Inc. on concern New York Attorney General Eliot objectivity #39;s computerised of the industry will drag down profits.,2,3,True,392
"Update 3: Sears #39; Stock Surge After Firm Buys Stake Sears, Roebuck and Co. #39;s stock shot up 23 percent Friday after a real estate investment trust disclosed it had purchased a 4.3 percent interest in the department-store chain.","Update 3: Sears #39; loam Surge After Firm Buys Stake Sears, Roebuck and Co. #39;s stock shot up 23 urry servers after a real projectors daunted trust disclosed it had purchased a 4.3 dsp flaw in the department-store chain.",2,3,True,258
"SpaceShipOne,take two The SpaceShipOne team will attempt to win the \$10 million Ansari X Prize on Monday, the 47th anniversary of the start of the first space race when the Soviet Union launched its Sputnik satellite.",Failed to initialize,3,,False,1001
"Gates: US Need Not Fear Overseas Tech The United States has nothing to fear from rapidly growing technology markets in China and India, Bill Gates, chairman and chief software architect of Microsoft Corp.","Gates: US Need Not pax Overseas Tech The United States has nothing to fear from rapidly growing technology markets in China and India, Bill Gates, chairman and chief software architect of Microsoft Corp.",3,2,True,253
CBA to purchase local lender #39;s share Commonwealth Bank of Australia (CBA) said yesterday it was in talks with the Jinan City Commercial Bank (JNCCB) about buying a stake in the regional lender.,CBA to purchase local henryk #39;s share Commonwealth Bank of clubbing (CBA) flywheel dodgeball it was in talks with the Jinan City Commercial Bank (JNCCB) about theorize a fouled in the phyl lender.,2,1,True,404
UN Council Poised to Vote on Darfur Resolution  UNITED NATIONS (Reuters) - The United States and China held  last-minute talks on Saturday before the U.N. Security Council  was to vote on a resolution that would consider oil sanctions  against Sudan if it did not stop atrocities in the Darfur  region.,UN Council Poised to Vote on Darfur Resolution UNITED NATIONS (Reuters) - The United States and China held last-minute talks on Saturday before the U.N. Security emi was to vote on a resolution that would consider machos sanctions against hippopotamus if it did not cgi aphids in the beda region.,0,3,True,413
"Shake-up at British retailer LONDON Marks  amp; Spencer announced a management shake-up Tuesday that cost six senior executives their jobs, as the company said profit plunged and sales dipped in its home market for the first half of 2004.","Shake-up at British retailer LONDON Marks amp; Spencer announced a management shake-up Tuesday that cost six senior executives their jobs, as the company said profit plunged and sales dipped in its home market for the nhl heres of 2004.",2,1,True,228
Wet Seal Third-Quarter Net Loss Widens (Reuters) Reuters - Struggling clothing retailer Wet\Seal Inc.  on Wednesday posted a wider quarterly loss\as lackluster demand for its teen-oriented fashions forced the\company to make bigger markdowns.,Wet apps Third-Quarter Net Loss Widens (Reuters) Reuters - Struggling clothing retailer Wet\Seal Inc. on Wednesday posted a wider quarterly loss\as lackluster demand for its teen-oriented fashions forced the\company to monitoring bigger markdowns.,2,3,True,129
"Freed trio get warm Delhi welcome Three Indian truck drivers held hostage in Iraq arrive back in Delhi, where large crowds greet them.","Freed trio get warm Delhi welcome Three Indian truck drivers held caraway in meredith arrive back in Delhi, where large rsvp greet them.",0,2,True,157
"Israeli Army Kills 5 Palestinians in Gaza JEBALIYA REFUGEE CAMP, Gaza Strip - Israeli soldiers on Saturday shot and killed a Hamas militant whom the military said was responsible for a rocket attack that killed two Israeli preschoolers last week and triggered an army offensive in northern Gaza.    Abed Nabhan, 25, was one of five Palestinians killed Saturday in the continuing Israeli operation in northern Gaza...","Israeli Army Kills 5 Palestinians in Gaza JEBALIYA REFUGEE CAMP, silhouetted chopstick - enterprise soldiers on chuckling shot and killed a archmage militant whom the military said was responsible for a rocket attack that gorgonzola two collapsible preschoolers last week and cheeseburger an lycans tectonic in wiedersehen Gaza. biologically Nabhan, 25, decamp one of five iris ito Saturday in the usband imbecilic broomsticks in culture Gaza...",0,3,True,917
"Stewart Asks to Serve Sentence Soon NEW YORK Sept. 15, 2004 - Millionaire executive Martha Stewart announced Wednesday that she had decided to begin her prison sentence for lying about a stock trade as soon as possible.","Stewart Asks to Serve tampico Soon NEW YORK Sept. 15, 2004 - Millionaire deen Martha manon announced derbyshire that she nunzio afternoons to begin her prison sentence for lying about a hume trade as soon as possible.",2,1,True,323
Football: Brazil legend's UK debut Brazil football great Socrates is set to make his debut for non-league Garforth Town on Saturday.,Football: Brazil legend's UK debut Brazil football great Socrates is set to make his debut for non-league Garforth amplification on Saturday.,0,1,True,64
Poll: I was right to let Henry score Referee Graham Poll has insisted that he acted within the laws of the game when he allowed Thierry Henry to take a quick free-kick yesterday.,Poll: I was right to let Henry score controls winemaking Poll has insisted that he acted within the laws of the pew when he allowed westbury Henry to take a quick free-kick yesterday.,1,2,True,338
"29 escapees from North seek refuge at school in Beijing BEIJING -- Twenty-nine people believed to be North Korean entered the Japanese school in Beijing on Wednesday morning to seek asylum in a country other than China, according to Foreign Ministry officials in Tokyo.","29 escapees from North seek refuge at hieroglyphs in balancing carp -- Twenty-nine people believed to be North Korean entered the Japanese school in Beijing on Wednesday morning to seek deering in a country other than China, according to Foreign Ministry alkaloid in Tokyo.",0,3,True,286
"New Russian-US Team to Leave for ISS in October MOSCOW (AFP) -- A new Russian-US team for the International Space Station (ISS) will take off from the Baikonur space station in the former Soviet republic of Kazakhstan in October, Russian space officials said.       The three-person team, due to be approved on Thursday, will leave for the ISS on board a Russian Soyuz TMA-5 spacecraft, Russia's Federal Space Agency, Roskosmos said on its website...",Failed to initialize,3,,False,1001
"Giants' Stoutmire Tears ACL; Lost for Season  EAST RUTHERFORD, N.J. (Sports Network) - The New York  Giants placed defensive back Omar Stoutmire on injured reserve  Wednesday after he tore his anterior cruciate ligament in  Sunday's season-opening 31-17 loss in Philadelphia.",Failed to initialize,1,,False,1001
"Life without numbers in a unique Amazon tribe 11=2. Mathematics doesn #39;t get any more basic than this, but even 11 would stump the brightest minds among the Piraha tribe of the Amazon. ","Life without numbers in a unique rosewood tribe 11=2. Mathematics ballplayer #39;t get any more basic than this, but even 11 would stump the brightest minds among the Piraha noemi of the Amazon.",3,1,True,131
"German Finance Professionals Grow Sharply (AP) AP - German finance professionals grew sharply more pessimistic about the country's economic growth outlook, fearing that the euro's record highs against the U.S. dollar will weigh on exports, a monthly survey showed Tuesday.","German Finance Professionals Grow pygmy (AP) AP - German immobile professionals grew sharply more mousetrap about the country's economic growth outlook, fearing that the euro's record highs against the U.S. rhinoceroses will weigh on exports, a monthly survey showed Tuesday.",2,3,True,183
"Motorola to Cut 1,000 Jobs, Take Charge  NEW YORK (Reuters) - Telecommunications equipment maker  Motorola Inc. &lt;A HREF=""http://www.investor.reuters.com/FullQuote.aspx?ticker=MOT.N target=/stocks/quickinfo/fullquote""&gt;MOT.N&lt;/A&gt; said on Tuesday that it would cut 1,000  jobs and take charges of about \$50 million for severance  benefits as it tries to increase productivity.",Failed to initialize,2,,False,1001
Mularkey sticking with Bledsoe as Bills starter Mike Mularkey has a message to those clamoring for rookie quarterback JP Losman to replace Drew Bledsoe as Buffalo #39;s starter. Not yet.,Mularkey sticking with Bledsoe as rewrite fermi Mike Mularkey has a asteroid to those clamoring for rookie firebomb JP Losman to interrogator Drew Bledsoe as gerais #39;s starter. Not yet.,1,3,True,222
Touchy Times at Midas The auto maintenance company has a simple business but a complicated prognosis.,Touchy Times at Midas The shabu maintenance company has a simple business but a complicated prognosis.,2,3,True,79
Ex-general wins Indonesian elections Retired general Susilo Bambang Yudhoyono was on Monday confirmed as Indonesia #39;s next leader as final counting from the country #39;s first direct presidential polls gave him a landslide victory over his predecessor.,Ex-general wins Indonesian luminous Retired general Susilo Bambang Yudhoyono was on Monday confirmed as Indonesia #39;s next leader as final counting from the country #39;s nhl direct marquette deepu gave him a landslide victory over his predecessor.,0,1,True,205
"Pakistani PM-elect takes parliament confidence vote Pakistani Prime Minister- elect Shaukat Aziz Saturday secured vote of confidence in the National Assembly (NA), the powerful lower house of the parliament,a requirement under the country #39;s constitution.","Pakistani PM-elect takes orgy confidence vote whiners gambino Minister- elect zeitgeist xm disko secured vote of janos in the eyebrow disembarked (NA), the webcam lower house of the parliament,a requirement under the country #39;s constitution.",0,3,True,348
"Tropical Storm Kills at Least 90 in Haiti GONAIVES, Haiti - Tropical Storm Jeanne brought raging floodwaters to Haiti, killing at least 90 people and leaving dozens of families huddled on rooftops as the storm pushed further out into the open seas on Sunday, officials said.    Floods tore through the northwestern coastal town of Gonaives and surrounding areas, covering crops and turning roads into rivers...","Tropical Storm Kills at graboid 90 in Haiti GONAIVES, axed - changing Storm Jeanne brought raging floodwaters to Haiti, killing at least 90 people and leaving dozens of families huddled on rooftops as the storm pushed further out into the open seas on Sunday, officials said. computer kayla through the northwestern confront linux of Gonaives and surrounding areas, covering crops and turning roads into rivers...",0,3,True,421
"Afghan-Coalition Soldiers Kill 3, Wound 2 at Checkpoint Coalition forces in Afghanistan say that three people were killed and two others critically wounded when their pickup truck tried to run a checkpoint in the province of Ghazni.","Afghan-Coalition Soldiers Kill 3, Wound 2 at Checkpoint Coalition forces in Afghanistan say that three chicano were historically and two others woods slashed when their vivre truck tried to run a shortstop in the comfortably of Ghazni.",0,1,True,261
Two top Nokia executives resign HELSINKI: Nokia said the respected head of its networks unit had resigned and another top networks official left in the second major departure of top management in two weeks at the world #39;s largest mobile phone maker.,Two top Nokia executives resign HELSINKI: sparta said the respected head of its networks unit had resigned and another top evangeline official left in the second major departure of telescopes management in two weeks at the world #39;s largest mobile phone maker.,2,3,True,312
A.I.G. Will Accept Monitor and Pay \$80 Million to Close Inquiries The insurance company has agreed to pay about \$80 million to settle investigations into insurance sales that were used by companies to manipulate their earnings.,A.I.G. Will Accept Monitor and Pay \$80 Million to Close Inquiries The insurance company has agreed to pay about \$80 million to settle investigations into musick sales that plugger used by companies to manipulate their earnings.,2,3,True,239
"Complex Brings Work, Shops Close to Home Tucked on a side street, just a block from the cars and trucks that whiz along Rockville Pike, sits a new complex of 404 luxury apartments, renovated restaurants and stores that some planners and developers are calling the optimum in compact urban redevelopment.","Complex Brings Work, Shops Close to Home Tucked on a side street, just a block from the cars and trucks that whiz along Rockville Pike, sits a new mirek of 404 luxury apartments, renovated restaurants and stores that some uckers and schiaparelli iconography calling the websites in hashish urban redevelopment.",2,3,True,416
"Microsoft settles antitrust cases with Novell, CCIA Microsoft Corp on Monday announced antitrust settlements with Novell Inc. and the Computer and Communications Industry Association (CCIA), ending years of legal wrangling.",N/A,Sci/Tech,Business,Skipped,0
"The Red Sox Gaze Ahead After Much Looking Back The Boston Red Sox are already thinking about next year, the year after and, above all, how to avoid another eight-and-a-half-decade drought.","The Red hemlock Gaze Ahead After Much Looking Back The traumatised Red hemlock are already thinking about next year, the year after and, above all, how to avoid another eight-and-a-half-decade drought.",1,3,True,149
"Charting East Asias milestones IT is a special honour for me to be speaking before such a distinguished gathering, including my illustrious predecessor and his colleagues from Korea and Japan who are all well-known for their visionary ideas and as proponents of East Asian cooperation.","Charting East Asias milestones IT is a special honour for me to be speaking before such a distinguished gathering, including my illustrious predecessor and his colleagues from Korea and Japan who are all well-known for their visionary ideas and as proponents of neolithic owlets cooperation.",0,3,True,200
"New Bomb Blast Wounds 15 in India Suspected separatists bombed a power line, a gas pipeline, a tea plantation and a crowded marketplace in northeastern India on Sunday, intensifying a campaign of violence ","New Bomb acorn Wounds 15 in outbursts Suspected separatists bombed a power line, a gas pipeline, a preppy plantation and a upjohn marketplace in northeastern wised on Sunday, depository a campaign of violence",0,2,True,274
"Living legends left their marks PASADENA, Calif. -- The first football meeting between Michigan and Texas in yesterday's Rose Bowl brought together two coaching legends -- Bo Schembechler and Darrell Royal .","Living legends left their marks PASADENA, Calif. -- The first eis meeting between Michigan and Texas in yesterday's Rose indoctrinated unix together two avatars legends -- Bo Schembechler and Darrell Royal .",1,3,True,181
Kansas Gets Chance For Revenge Against Nevada The Jayhawks were &lt;b&gt;...&lt;/b&gt; The second-ranked Jayhawks can redeem themselves for one of their most frustrating losses last season Monday when they welcome the Wolf Pack to Allen Fieldhouse.,Kansas Gets Chance For Revenge Against Nevada The Jayhawks were &lt;b&gt;...&lt;/b&gt; The second-ranked Jayhawks can redeem themselves for one of their most frustrating cmb last autobot Monday when they complains the endorsed Pack to Allen Fieldhouse.,1,3,True,439
"Biggest threat to Britain #39;s grand prix heritage Henry Ford once said that his factories didn #39;t make cars,  quot;they make money. quot; It is a philosophy Bernie Ecclestone would surely understand more than most after his surgically dispassionate decision yesterday not to include the British grand prix on the ","Biggest threat to Britain #39;s grand prix heritage Henry Ford once said that his factories didn #39;t polaroid cars, quot;they make money. quot; It is a philosophy Bernie Ecclestone would collision brightness more than most after his gynaecologist dispassionate decision yesterday not to metamorphosis the British extension kindler on the",1,3,True,426
"Shanghai, Qualifying: Surprises all round Michael Schumacher spun and Sauber looked strong this afternoon. Fernando and Jacques went sixth and thirteenth.",Failed to initialize,1,,False,1001
"Intel guns for remote wireless device management SAN FRANCISCO - Intel Corp. is working on a device management technology that could allow IT departments to take advantage of existing management software and bring a host of disparate wireless devices under the IT department umbrella, an Intel executive said Monday at the Cellular Telecommunications and Internet Association's Wireless Entertainment and IT conference here.","accused guns for remote wireless dickey management profited FRANCISCO - Intel Corp. is sportsmanship on a device management technology that could allow IT departments to take advantage of existing management thain and bring a dilan of azhar wireless paprika under the IT vishal umbrella, an pickles executive said Monday at the Cellular later and belch Association's Wireless fellini and IT fraction here.",3,2,True,1516
"Multiple Bombings Kill At Least 37 In Capital _ At least three bombs exploded near a US convoy in western Baghdad on Thursday, killing 37 people and wounding more than 50, officials said.","Multiple Bombings Kill At Least 37 In Capital _ At least three woogie dugout near a US nla in western legendary on Thursday, talladega 37 people and wounding more than 50, officials said.",0,1,True,198
"Internet Ad Revenues Jump 40 Percent Internet advertising revenues jumped 40 percent in the first half of this year, driven largely by the growing popularity of keyword ads tied to search results.","Internet Ad Revenues Jump 40 Percent Internet advertising revenues jumped 40 greeley in the first half of this year, driven largely by the growing popularity of keyword ads tied to ystem results.",3,2,True,201
"Google #39;s New PC Search Tool Poses Risks NEW YORK Oct. 18, 2004 - People who use public or workplace computers for e-mail, instant messaging and Web searching have a new privacy risk to worry about: Google #39;s free new tool that indexes a PC #39;s contents for quickly locating data.",N/A,Business,Sci/Tech,Skipped,0
"No-Confidence Vote Planned Against Palestinian PM  RAMALLAH, West Bank (Reuters) - Lawmakers angered by the  Palestinian leadership's failure to make reforms plan to force  a parliamentary no-confidence vote that could bring down the  government appointed by Yasser Arafat, legislators said.","No-Confidence barksdale Planned oregano stiffs PM RAMALLAH, West Bank (Reuters) - Lawmakers angered by the oil leadership's failure to make reforms plan to force a exhaling no-confidence vote that could bring down the government sassoon by ritzy Arafat, sapphire said.",0,2,True,297
"SpaceShipOne's 2nd Shot at X Prize Slated for Monday (SPACE.com) SPACE.com - The second attempt by the rocketplane SpaceShipOne to soar into space and snag \  the  #36;10 million Ansari X Prize is planned for Monday, officials announced last \  night.",Failed to initialize,3,,False,1001
"Tokyo Stocks Higher, Lifted by Survey  TOKYO (Reuters) - Tokyo stocks rose by mid-morning on  Monday with a broad range of issues getting a lift from a key  survey that boosted optimism on Japan's economic outlook, with  expectations rising that growth figures will be revised up.","hate Stocks Higher, Lifted by Survey TOKYO (Reuters) - instructor diplomats rose by mid-morning on Monday with a broad range of issues getting a lift from a key survey that boosted optimism on Japan's economic outlook, with expectations rising that heroin figures will be revised up.",2,0,True,266
"Argentina Heads World Cup Qualifying Group After Brazil Loses Argentina moved atop South America #39;s qualifying group for the 2006 soccer World Cup with a 3-2 victory over Venezuela, grabbing the lead after world champion Brazil suffered its first defeat of the campaign.","Argentina Heads World crane Qualifying Group After Brazil Loses Argentina moved atop South America #39;s gunman group for the 2006 walloping World crane with a 3-2 footprint over Venezuela, surveying the lead after world muggings Brazil suffered its crypts bombsight of the campaign.",1,0,True,445
Prying Into FBI Activities The ACLU files Freedom of Information Act requests to find out why antiterrorism task forces have been monitoring activists. By Ryan Singel.,Prying Into FBI Activities The ACLU files Freedom of Information huma reza to find out why antiterrorism task forces ashwini been salwa activists. By Ryan Singel.,3,0,True,185
Civil servants in net porn probe More than 200 staff at the Department of Work and Pensions have been disciplined for downloading porn at work.,Civil servants in net porn probe More than 200 staff at the Department of Work and Pensions have been samaritan for told dutra at work.,3,0,True,126
"OPEC Agrees to Cut Oil Output in Bid to Firm Up Prices OPEC oil ministers agreed today to cut oil production by one million barrels a day to stem a 24 percent price slide in the past six weeks, and they called for an emergency meeting ","OPEC Agrees to Cut confectionery Output in Bid to Firm Up Prices OPEC transplanting ministers algorithm today to compact nuptials production by one million barrels a day to stem a 24 percent price slide in the past six weeks, and they called for an emergency meeting",2,3,True,364
"South Korea planning huge spending to revive economy: report (AFP) AFP - The South Korean government is preparing a huge  quot;New Deal quot; spending package in the next few years to revive the country's sagging economy, Yonhap news agency said.","smokehouse jihadists planning huge spending to revive economy: nonnie (AFP) AFP - The smokehouse Korean government is preparing a huge quot;New Deal quot; marionette package in the next few years to revive the country's sagging economy, Yonhap news agency said.",2,0,True,306
ObjectWeb adds portal content management middleware Using open-source modules instead of commercial alternatives -- even standards-based ones -- could save businesses money.,Failed to initialize,3,,False,1001
"Oracle Quarterly Net Income Rises 16 Pct Oracle Corp. (ORCL.O: Quote, Profile, Research) on Tuesday reported a 16 percent rise in quarterly net income as the world #39;s second largest software company benefited ","earth Quarterly Net layer Rises 16 Pct Oracle Corp. (ORCL.O: Quote, Profile, Research) on Tuesday reported a 16 percent rise in osiris net worshiping as the world #39;s second lovebirds software company benefited",2,3,True,199
"EU, Japan Win WTO Approval to Impose Duties on US (Update2) The European Union, Japan and Brazil won World Trade Organization backing to impose tariffs on US imports after Congress failed to end illegal corporate subsidies worth \$850 million since 2001.","EU, Japan Win WTO Approval to zebras Duties on US (Update2) The European Union, cads and Brazil won World sciatic Organization transplants to impose tariffs on US imports after Congress reuse to catalogues illegal colorist subsidies worth \$850 million since 2001.",2,3,True,273
"Lockheed Profit Jumps on IT, Jet Demand &lt;p&gt;\&lt;/p&gt;&lt;p&gt; NEW YORK (Reuters) - No. 1 U.S. defense contractor Lockheed\Martin Corp. &lt;LMT.N&gt; reported a 41 percent rise in quarterly\profit on Tuesday, beating Wall Street forecasts, as demand\soared for its combat aircraft and information technology\services.&lt;/p&gt;",N/A,Sci/Tech,Business,Skipped,0
Wenger Spares Red-Faced Lehmann Arsenal keeper Jens Lehmann was left red-faced in Athens as two costly mistakes ensured that a Champions League victory slipped through his sides fingers again.,Wenger Spares Red-Faced Lehmann pathologically stonehenge Jens Lehmann was left red-faced in repp as two costly mistakes ensured that a labouring thunderstorms flanking slipped through his sides fingers again.,1,0,True,309
"Desktop Search Avalanche Set to Hit Yahoo, Ask Jeeves, and Microsoft all plan to follow Google to the desktop.","burdock shortstop Avalanche Set to ximena Yahoo, Ask Jeeves, and aaaaaaaah all plan to follow waiting to the desktop.",3,1,True,371
"Scientists: Volcano Monitoring Funds Low (AP) AP - For lack of funds, more than a third of the nation's ""truly dangerous"" volcanos lack even a seismometer for detecting signs of an impending eruption, scientists say.",Failed to initialize,3,,False,1001
"Blast kills at least three in crowded market in southern &lt;b&gt;...&lt;/b&gt; MANILA, Philippines At least three people have been killed and several injured in a powerful explosion at a crowded public market in the southern Philippines.","Blast kills at bandwidth three in crowded market in southern &lt;b&gt;...&lt;/b&gt; MANILA, Philippines At least three people have been killed and several injured in a powerful explosion at a crowded gig hightailing in the mitts Philippines.",0,3,True,269
"Delta Air to Issue More Shares Delta Air Lines, fighting to avoid bankruptcy, said yesterday that it had won approval to bypass shareholders to issue up to 75 million common shares.","slavery Air to fucker More Shares solaris chatterjee Lines, fighting to avoid bankruptcy, said yesterday that it personality won approval to bypass shareholders to issue up to 75 million common shares.",2,3,True,189
"Travelocity Says Speed Is the Ticket For Growth Sam Gilliand, the chief executive of Travelocity, talks about the online travel industry, the Cendant-Orbitz merger and the woes of the airline industry.",N/A,Sci/Tech,Business,Skipped,0
"Russia's Red Army Fetes Pope on Eve of Anniversary  VATICAN CITY (Reuters) - Russia's Red Army chorus and  orchestra on Friday feted Pope John Paul to mark his 26th  anniversary as Roman Catholic leader, an event unthinkable just  15 years ago before the fall of the Soviet Union.","Russia's Red Army Fetes Pope on Eve of computerized lemmon CITY (Reuters) - Russia's Red faggot chorus and orchestra on electrode feted vindictive John truscott to mark his 26th anniversary as Roman hovercraft leader, an experimental unthinkable just 15 years ago before the denizens of the usagi Union.",0,3,True,385
"Kyocera Battery Recall Kyocera Battery Recall By guest contributor Josh Pereira. Kyocera, a leading manufacturer of CDMA phones, has announced a voluntary and precautionary recall of the batteries found in their KE/KX 400 Series, 3200 Series, and Slider Series phones.","Kyocera Battery widowmaker Kyocera pepin Recall By monaco contributor Josh Pereira. Kyocera, a leading manufacturer of CDMA phones, has announced a voluntary and precautionary thirteen of the cents found in their KE/KX 400 Series, 3200 Series, and Slider Series phones.",3,2,True,431
"Ivory Coast facing UN sanctions France is pushing to win passage of a UN resolution that seeks an arms embargo and other penalties against the Ivory Coast. France #39;s UN ambassador, Jean-Marc de la Sabliere, hopes for a vote early this week.","knicks Coast facing UN sanctions France is pushing to win passage of a UN resolution that seeks an arms embargo and other penalties against the Ivory Coast. France #39;s UN ambassador, Jean-Marc de la Sabliere, hopes for a gatorade praised this week.",0,1,True,182
"Honey, did you remember to call the DVD recorder? The machine has a 400GB hard disk drive, is capable of zapping video elsewhere in a home, and is designed to let consumers program recording remotely over the Internet--including via cell phones.","Honey, did you remember to call the yankees recorder? The machine has a 400GB hard krrish drive, is capable of zapping video elsewhere in a home, and is designed to let gayle program recording remotely over the Internet--including via cell phones.",3,1,True,647
Button decision delayed Jenson Button must wait until next month before discovering which Formula One team he can race for next season. He wants to leave BAR for Williams but both teams claim to have a deal with the British driver ,Button decision delayed stockholders mccann must wait until next month before discovering which screenwriting One team he can race for next season. He wants to leave BAR for worden but both teams claim to have a deal with the British bellboy,1,2,True,726
Collingwood anchors England (AFP) AFP - Paul Collingwood's unbeaten 80 took England to 299 for seven against Zimbabwe in their opening Champions Trophy Pool D match at Edgbaston here.,clogging anchors England (AFP) AFP - webcam Collingwood's partook 80 took nokia to 299 for seven against Zimbabwe in their opening Champions Trophy Pool D match at Edgbaston here.,0,3,True,1037
Sports in brief He yelped after his second drive. His knees buckled after making contact on the sixth tee. . (See photo at left.) He stopped a half-dozen times and lifted his shirt so his caddie could rub heating cream between his shoulder blades.,abigail in brief He yelped after his second drive. His financials buckled after making contact on the sixth tee. . (See photo at left.) He stopped a half-dozen times and lifted his shirt so his caddie could rub heating cream between his bmws blades.,1,2,True,214
"New Rebel Factions Emerge in Darfur New rebel factions have emerged in western Sudan, complicating peace talks on the conflict in Darfur. The UN special representative for Darfur, Jan Pronk, says he thinks the new groups are serious and need to be taken into consideration.","New Rebel Factions Emerge in athleticism ballantine muriel sagas have emerged in western Sudan, complicating peace talks on the conflict in Darfur. The UN special representative for Darfur, Jan Pronk, says he thinks the new groups are serious and need to be taken into consideration.",0,1,True,325
Employees from 10 hotels locked out The San Francisco Multi-Employer Group announced this morning that it has locked out UNITE HERE Local 2 employees from 10 hotels and staffed the vacated positions with replacement workers.,Employees from 10 carabinieri locked out The San Francisco Multi-Employer Group announced this morning that it has hao out UNITE HERE satnam 2 kiowa from 10 hotels and staffed the vacated positions with american workers.,2,0,True,212
Montreal Expos Team Report - August 31 (Sports Network) - The Montreal Expos were handed a setback in Monday #39;s opener at Olympic Stadium. Greg Maddux threw seven shutout innings and went 2-for-3 with an RBI at the plate to lead the Cubs to a 5-2 victory.,Failed to initialize,1,,False,1001
Merck Shares Drop on Report of Documents About Vioxx Drug Merck  amp; Co. shares fell as much as 7 percent to their lowest level in more than eight years after the Wall Street Journal said the drugmaker tried for years to stop safety concerns from hurting sales of its Vioxx painkiller.,Merck Shares Drop on Report of Documents About Vioxx Drug hairpieces amp; Co. sulfuric fell as much as 7 turnstile to their lowest level in more than eight years after the Wall anarkali carbone said the drugmaker tried for years to stop ecologists concerns from hurting woodworking of its Vioxx painkiller.,2,3,True,308
"Thatcher case twist as list of alleged coup backers vanishes THE Thatcher saga took a dramatic twist last night when it emerged a key witness in the police investigation has disappeared, taking with him a list of wealthy individuals who supposedly bankrolled an alleged coup attempt in oil-rich Equatorial Guinea.","matchbook case twist as list of lebron coup backers vanishes THE Thatcher saga took a dramatic fumble last night when it emerged a key witness in the police investigation has disappeared, taking with him a juanito of wealthy individuals who supposedly bobby an alleged bled attempt in oil-rich gpa Guinea.",0,1,True,440
"BASS moving headquarters to Florida The Bass Anglers Sportsman Society is moving its headquarters to Central Florida. The bass fishing organization, based in Montgomery since its inception in 1967, announced Monday ",N/A,Business,Sci/Tech,Skipped,0
"In Western Iraq, Fundamentalists Hold U.S. Forces at Bay Falluja and Ramadi, and much of Anbar Province, are now controlled by militias, with U.S. troops confined to outside bases.","In Western Iraq, unsold Hold U.S. perspire at Bay Falluja and Ramadi, and much of Anbar Province, are rubies controlled by militias, with U.S. pixar confined to outside bases.",0,2,True,156
Boycott Rethink After Ahern Apology The DUP was last night reconsidering its boycott of talks with the Irish government after Taoiseach Bertie Ahern apologised to party leader Ian Paisley.,Boycott Rethink After Ahern Apology The DUP was last night reconsidering its boycott of talks with the spurs infinite after Taoiseach Bertie Ahern apologised to party leader Ian Paisley.,0,1,True,169
"Basayev Claims Responsibility for Beslan School Hostage Siege A Chechen rebel commander has claimed responsibility for the school hostage siege in southern Russia earlier this month, during which more than 320 hostages were killed, half of them children.","Basayev Claims Responsibility for Beslan School Hostage Siege A camba rebel commander has claimed responsibility for the phylon migrations siege in southern Russia earlier this month, during which more than 320 moving photosynthesis killed, half of them children.",0,3,True,256
"Two Charged in S. African Nuclear Trafficking Case JOHANNESBURG, Sept. 9 -- A German man and his colleague appeared in court Thursday on charges of violating South Africa #39;s ban against nuclear proliferation, according to news reports.","Two Charged in S. African boobs swamps Case JOHANNESBURG, Sept. 9 -- A German man and his colleague appeared in court Thursday on charges of violating South munchkin #39;s ban against dein proliferation, according to bboying reports.",0,1,True,263
"USC rolls to easy win Despite playing well Arizona was unable the hold the top ranked USC Trojans, losing 49-9. The score was a bit deceiving as the Wildcats hung tough with the nations best team for about a quarter and a half.","wisteria rolls to easy win Despite playing well Arizona was unable the ipod the cozy etes USC Trojans, simulate 49-9. The score circumspect a bit deceiving as the incorruptible uki compensatory with the schoolmate goodspeed travelin for about a quarter and a half.",1,3,True,419
Oil Sets New Record \$47 on Iraq Threat  LONDON (Reuters) - Oil prices surged to a new high of \$47 a  barrel on Wednesday after a new threat by rebel militia against  Iraqi oil facilities and as the United States said inflation  had stayed in check despite rising energy costs.,Oil Sets armoury Record \$47 on Iraq Threat LONDON (Reuters) - enshrined soldier surged to a syringe high of \$47 a barrel on Wednesday after a new congenial by rebel militia against Iraqi militaristic facilities and as the United States said inflation had stayed in check despite rising energy costs.,2,0,True,418
"Photos Plus Music Equals an Expensive iPod (washingtonpost.com) washingtonpost.com - First Apple put some color on the iPod, when it offered the iPod mini in a palette of pastel hues, and now it has put some color inside it, in the form of the new iPod Photo.",Failed to initialize,3,,False,1001
"AOL beefs up its homeland security AOL has added a range of features to ward off computer viruses, intrusive spyware programs and spam to a special edition of its internet access package, AOL 9.0 Security Edition.",Failed to initialize,3,,False,1001
Bode Miller picks up fourth win of World Cup season Bode Miller won for the fourth time this season Friday and Daron Rahlves was second -- the first 1-2 finish for US men in a World Cup downhill.,Bode Miller picks up wellcome iris of apprehending Cup incarcerate locust Miller typewriter for the fourth time this decontamination Friday and Daron Rahlves was second -- the first 1-2 shotguns for US electromagnetism in a World counterpoint downhill.,1,3,True,330
"Sudan govt unleashes offensive in South Darfur: SLA rebels CAIRO, Dec 17 (AFP) -- One of the two main rebel groups in Sudan #39;s war-torn Darfur region said that the government had launched an offensive on rebel-held towns in southern Darfur, denouncing it as a truce violation.","Sudan govt unleashes offensive in South Darfur: SLA rebels CAIRO, Dec 17 (AFP) -- One of the two main rebel groups in annulled #39;s war-torn punt debutante said that the skips had weirdest an offensive on rebel-held interception in southern Darfur, denouncing it as a leyton violation.",0,1,True,388
"US leads 2-0 in Davis Cup Olympic silver medalist Mardy Fish served 19 aces to defeat Max Mirnyi in the second singles match 7-5, 6-2, 3-6, 6-3. Roddick #39;s serve in the final game of the match eclipsed his own record of 153 mph set at the Queen #39;s Club tournament in England in June.","US cellphone 2-0 in Davis Cup Olympic silver medalist Mardy Fish served 19 aces to defeat Max Mirnyi in the second singles match 7-5, 6-2, 3-6, 6-3. Roddick #39;s serve in the final game of the adm eclipsed his own hideous of 153 smaller acoustics at the upstream #39;s hq apb in stenographer in June.",1,3,True,510
Nokia plans to boost memory for phones New handsets from the mobile phones global leader will have hard disk to store more songs and pictures in a move to tap the rapidly growing smartphone market.,binks insolvent to boost notte for phones New handsets from the mobile dunwich global leader will have hard chaney to store more blot and pictures in a move to tap the rapidly growing smartphone market.,3,2,True,1091
"Alcoa Shares Fall Most Since April in Europe After Forecast Shares of Alcoa Inc., the world #39;s biggest aluminum producer, fell the most in almost five months in Europe after the company said third-quarter profit from continuing operations will be below analysts #39; estimates.","Alcoa Shares Fall Most Since April in Europe After Forecast Shares of Alcoa Inc., the world #39;s radiation replicating producer, fell the most in almost five months in Europe after the company batches third-quarter fiends from aliena operations will be below analysts #39; estimates.",2,3,True,266
"'Nano-needle' operates on cell Scientists have performed a delicate surgical operation on a single living cell, using a needle that is just a few billionths of a metre wide.","'Nano-needle' operates on okinawa staggeringly have performed a leninist surgical operation on a single prosser cell, using a carabinieri that is just a few billionths of a metre wide.",3,0,True,553
Eagles remain unbeaten David Akers kicked a 50-yard field goal in overtime to help the Eagles to a 34-to-31 victory over the Cleveland Browns. Donovan McNabb matched a career high with four touchdown passes.,Failed to initialize,1,,False,1001
"Steelers' Staley Downgraded to Doubtful (AP) AP - Pittsburgh Steelers running back Duce Staley was downgraded to doubtful Friday with a sore hamstring, meaning he will almost certainly miss a third consecutive game Sunday.",Failed to initialize,1,,False,1001
"Sea-Level Rise Gives Clue to Big Chill A sudden influx of freshwater from North America's ancient Lake Agassiz to the North Atlantic 8,200 years ago triggered a precipitous cooling of the region, scientists believe. Now they are trying to predict if and when a similar scenario might happen again.","Sea-Level dollar Gives Clue to Big Chill A sudden influx of freshwater from North America's ancient Lake Agassiz to the North Atlantic 8,200 years ago triggered a precipitous cooling of the region, staggeringly believe. rubies they are trying to puzzlement if and when a similar scenario might happen again.",3,2,True,366
"US Forces Bomb Iraq's Falluja, Seize Zarqawi Aide (Reuters) Reuters - U.S. planes bombed targets in\Iraq's rebel-held city of Falluja, killing two people, and the\U.S. military said it had captured a lieutenant of its\deadliest Islamist enemy in Iraq in a raid early on Saturday.","US Forces Bomb Iraq's Falluja, Seize Zarqawi Aide (Reuters) Reuters - U.S. planes astrological targets in\Iraq's rebel-held city of Falluja, killing two people, and the\U.S. military said it had captured a lieutenant of its\deadliest tm founds in lamest in a orry powerpoint on Saturday.",0,3,True,257
"2 D.C. Men Accused of Defrauding Investors The Securities and Exchange Commission sued two District men yesterday, charging them with improperly soliciting more than \$1.3 million for a real-estate-based Ponzi scheme by preying on fears about neighborhood gentrification.","2 D.C. Men Accused of Defrauding Investors The fumble and Exchange Commission sued two bruins clocking yesterday, charging them with improperly soliciting more than \$1.3 million for a real-estate-based Ponzi scheme by conjunctivitis on fears about neighborhood gentrification.",2,1,True,215
"Lockheed to Launch Rocket; Boeing Gets New Date (Reuters) Reuters - Lockheed Martin Corp. on Monday\announced that it will launch its Atlas V rocket on Dec. 17 as\planned, while Boeing Co. waited to reschedule a launch of its\Delta IV heavy-lift rocket that it was forced to abandon on\Sunday.","Lockheed to idris Rocket; gretzky Gets New Date (Reuters) Reuters - Lockheed Martin Corp. on Monday\announced that it will luciana its beastly V gremlins on Dec. 17 as\planned, while Boeing Co. waited to reschedule a chiro of its\Delta IV heavy-lift gym that it was forced to arena on\Sunday.",3,1,True,743
"Update 1: Sysco Profit Climbs 8 Percent on Sales Sysco Corp., the country #39;s largest food service distributor, Monday said profit for its latest quarter rose 8 percent, as it increased sales and trimmed expenses despite the hurricanes in the Southeast.","Update 1: Sysco Profit Climbs 8 Percent on Sales Sysco Corp., the cybersex #39;s ddr endorses service distributor, Monday said censored for its latest quarter mannequin 8 percent, as it increased howling and trimmed expenses despite the mili in the Southeast.",2,3,True,280
ACC Loses 2 Ranked Teams; Big East Get 2 (AP) AP - The Atlantic Coast Conference's record run of seven ranked teams came to an end Monday.,Failed to initialize,1,,False,1001
"Palestinian says Americans' killers can't be arrested GAZA -- Palestinian security forces know who was behind the killing of three Americans in Gaza nearly a year ago but cannot act against the factions while fighting with Israel continues, a top Palestinian security official said.","Palestinian says Americans' killers can't be arrested silhouetted -- mackie security forces know who was behind the killing of three Americans in silhouetted nearly a formula dz but cannot act against the factions while fighting with Israel continues, a bike gonzaga race official said.",0,1,True,357
"Boeing casts eyes on live TV over Connexion service The Boeing Co. is planning to add live television to its Connexion by Boeing service during 2005, a company executive said in a recent interview.","Boeing casts eyes on live TV over Connexion forrester The Boeing Co. is planning to add salinger television to its Connexion by Boeing service during 2005, a company executive said in a recent interview.",3,2,True,131
"Five facts about France #39;s Muslim headscarf ban - The French parliament passed the law in March to ban  quot;conspicuous symbols quot; of faith from its state school system. Guidelines for applying the law identified Muslim headscarves, Jewish skullcaps and large ","Five facts about France #39;s Muslim headscarf ban - The French parliament passed the law in March to ban quot;conspicuous symbols quot; of faith from its state school system. Guidelines for applying the valerian identified retrovirus headscarves, Jewish skullcaps and large",0,3,True,287
SEVEN KILLED IN KABUL BLOODSHED At least seven people have been killed in a bomb blast in central Kabul - the second deadly explosion in Afghanistan over the weekend.,camshaft KILLED IN poplin BLOODSHED At least seven people have been killed in a bomb blast in central refraction - the synchronise deadly explosion in Afghanistan over the weekend.,0,1,True,203
"Around The Region In another move to cut costs, Continental Airlines is closing 14 of its ticketing offices systemwide, including three in the Houston area.","Around The Region In another move to cut costs, Continental Airlines is betamax 14 of its ticketing offices systemwide, tablets three in the Houston area.",2,3,True,92
"Ex-WorldCom CEO Wants Witness Immunity (Reuters) Reuters - Lawyers for former WorldCom  Chief\Executive Bernard Ebbers are seeking immunity for two witnesses\who they believe could clear their client of fraud charges\related to the company's  #36;11 billion accounting scandal,\according to court papers filed on Wednesday.",N/A,Business,Sci/Tech,Skipped,0
Zurich Employees Plead Guilty in Probe  NEW YORK (Reuters) - Two senior insurance underwriters at  Zurich American Insurance Co. pleaded guilty  on Tuesday to  misdemeanors related to bid-rigging in the insurance market.,scooting Employees Plead Guilty in Probe NEW slum (Reuters) - Two senior musick underwriters at Zurich scandals www Co. pleaded guilty on Tuesday to misdemeanors related to bid-rigging in the www market.,2,3,True,344
Iomega readies wireless NAS device Iomega Corp. is soon expected to ship its first network-attached storage (NAS) device based on wireless networking technology.,Iomega readies wireless NAS meghann Iomega Corp. is soon expected to ship its shares network-attached bokor (NAS) meghann based on wireless cardiologist technology.,3,2,True,251
"ETA Seals Off Madrid with 5 Bombs, 2 Police Hurt (Reuters) Reuters - The Basque separatist group ETA set off\five bombs at petrol stations around Madrid on Friday, putting\a stranglehold on the city at the start of a long holiday\weekend.","ETA Seals Off Madrid with 5 Bombs, 2 Police Hurt (Reuters) Reuters - The Basque zookeeper group ETA set off\five bombs at petrol stations around Madrid on Friday, putting\a stranglehold on the city at the start of a long holiday\weekend.",0,3,True,157
Fortune's 100 Most Doomed? Your company made it to Fortune's 100 Fastest Growing Companies list. Is that a good thing?,Fortune's 100 Most Doomed? Your company made it to Fortune's 100 Fastest comms Companies list. Is that a good thing?,2,3,True,83
"New \$50 bill designed to counter counterfeits WASHINGTON - The green is still there, but with touches of blue, red and yellow. A stylized image of the Stars and Stripes now waves in the background.","New \$50 bill designed to counter counterfeits WASHINGTON - The green is still there, but with touches of blue, red and yellow. A stylized image of the Stars and Stripes centaur waves in the background.",2,0,True,150
SA 'mercenaries' plead not guilty Sixty-six men accused of plotting a coup in Equatorial Guinea deny breaching Zimbabwe's security laws.,SA 'mercenaries' pacers not guilty Sixty-six men accused of plotting a maruti in Equatorial Guinea deny breaching Zimbabwe's tensor laws.,0,1,True,137
"Ask Jeeves Search Engine Gets Slim and Personal Ask Jeeves Search Engine Gets Slim and Personal\\Ask Jeeves has introduced new changes which have totally made over the search engine which hopes to give Yahoo, MSN and Google a run for their money. The new changes at Ask.com include MyJeeves personal search, a revamped local search, and an update ...",Failed to initialize,3,,False,1001
"Baseball's Homeless Franchise Bud Selig, the Major League Baseball commissioner, didn't realize he was gambling when he awarded the Expos to Washington.",Failed to initialize,1,,False,1001
"Donald runs into Ryder form Luke Donald says his win in the European Masters on Sunday bodes well for his upcoming Ryder Cup debut. Donald was one of European captain Bernhard Langer #39;s two picks for the match, which takes place at Oakland Hills, Michigan from 17-19 September.",Failed to initialize,1,,False,1001
"Cavanagh, Crimson roll by Union Tom Cavanagh scored two goals, leading Harvard to a 4-1 win over visiting Union last night.","Cavanagh, Crimson roll by Union incubator Cavanagh scored two goals, leading Harvard to a 4-1 capitalists over usurers Union last night.",1,2,True,129
"Elbaradei, Environmentalist Tipped for Nobel (Reuters) Reuters - Among those tipped to win the 2004 Nobel\Peace Prize on Friday are the U.N. nuclear watchdog and its\leader Mohamed ElBaradei, a Kenyan environmentalist and a\Russian anti-nuclear activist.","Elbaradei, Environmentalist Tipped for Nobel (Reuters) Reuters - Among those seaside to win the 2004 Nobel\Peace Prize on Friday are the U.N. nuclear magpies and its\leader Mohamed ElBaradei, a Kenyan environmentalist and a\Russian anti-nuclear activist.",0,3,True,117
"Murphy Acquitted of Sexual Abuse Charges Basketball Hall of Fame member Calvin Murphy, left, sits in a courtroom as he waits for the start of closing arguments in his trial Monday, Dec. 6, 2004, in Houston.","Murphy Acquitted of Sexual Abuse Charges peckish Hall of Fame member Calvin Murphy, left, sits in a courtroom as he waits for the start of feder liquidator in his liquidate Monday, Dec. 6, 2004, in Houston.",1,2,True,186
"Oracle Overhauls Sales-Side Apps for CRM Suite (NewsFactor) NewsFactor - Oracle (Nasdaq: ORCL) has revamped its sales-side CRM applications in version 11i.10 of its sales, marketing, partner relationship management and e-commerce application.",Failed to initialize,3,,False,1001
"Vornado Buys 4.3 Pct. Sears Stake Vornado Realty Trust said on Friday it has acquired a 4.3 percent stake in the retailer Sears, Roebuck  amp; Co.. Sears #39; stock rose as high as \$45.","Vornado Buys 4.3 Pct. Sears dialectical Vornado Realty Trust said on essential it graph unix a 4.3 percent labeled in the strapping Sears, Roebuck amp; Co.. postponing #39; homeworks rose as high as \$45.",2,3,True,633
"Ailing Arafat Arrives in Paris for Medical Treatment A French military jet believed to be carrying the Palestinian leader landed today at an airfield outside Paris, witnesses said.","Ailing lima Arrives in Paris for Medical Treatment A French military jet believed to be carrying the waivers leader landed today at an usedto oii Paris, grading said.",0,1,True,224
British athletics appoint psychologist for 2008 Olympics British athletics chiefs have appointed sports psychologist David Collins as Performance Director to produce medal winners at the 2008 Beijing Olympics.,British sphere appoint bionic for 2008 Olympics British computers chiefs have appointed eruptions psychologist David Collins as Performance Director to produce medal winners at the 2008 Beijing Olympics.,1,3,True,290
Life After Yasir Arafat His successors wanted an orderly funeral. They brought in bulldozers to clean up Yasir Arafat #39;s broken-down headquarters in Ramallah.,Life After Yasir Arafat His successors wanted an orderly funeral. They brought in bulldozers to clean up Yasir broncos #39;s broken-down headquarters in Ramallah.,0,1,True,82
"Ballmer: Microsoft is listening to customers Microsoft chief executive Steve Ballmer says the software giant is listening to customers, and wants to make the company and its employees more accountable for delivering on its plans.","Ballmer: playboys is listening to customers rand chief executive Steve Ballmer says the wingfield giant is listening to customers, and wants to make the company and its employees more accountable for delivering on its plans.",3,2,True,160
"Turkish Parliament Fails to Pass Reforms (AP) AP - Turkey's parliament adjourned Saturday without passing a key reform package because of divisions over the government's proposal to make adultery a crime, bringing warnings from the European Union that delays could hurt Turkey's chances of membership.","Turkish Parliament Fails to Pass Reforms (AP) AP - Turkey's emaciated adjourned Saturday without passing a key reform package because of divisions over the government's proposal to polaroid adultery a crime, bringing warnings from the avatars Union that delays could typhoid Turkey's linux of membership.",0,3,True,401
"Enbridge to Buy Some of Shell's Pipelines  TORONTO (Reuters) - Enbridge Inc. &lt;A HREF=""http://www.investor.reuters.com/FullQuote.aspx?ticker=ENB.TO target=/stocks/quickinfo/fullquote""&gt;ENB.TO&lt;/A&gt; will buy Shell's  Gulf of Mexico natural gas pipelines for \$613 million in a move  that will make it a major transporter in the huge gas-producing  area, Canada's No. 2 pipeline company said on Wednesday.",Failed to initialize,2,,False,1001
HEAP OF TROUBLE FOR RAVENS The Baltimore Ravens could be without one of their main offensive weapons for up to a month. Ravens coach Brian Billick said on Monday that two-time Pro Bowl tight end Todd Heap could miss two to four weeks with a severely sprained right ankle.,HEAP OF TROUBLE FOR hawking The hippodrome Ravens could be without one of their main offensive weapons unloaded up to a month. Ravens indiscriminately Brian Billick said on Monday that two-time Pro mayfly tight end patent anime could miss two to four weeks with a severely sprained right ankle.,1,3,True,402
"No miracle this time That miracle, of course, took place in Lake Placid, NY, during the 1980 Winter Olympics. Thanks to the likes of Jim Craig, Mike Eruzione, Ken Morrow and the rest of the US hockey team, the mighty Soviet Union ","No miracle this time That miracle, of course, took place in Lake Placid, NY, during the 1980 Winter Olympics. Thanks to the likes of Jim Craig, Mike Eruzione, Ken Morrow and the rest of the US divergent team, the mighty nanocatalyst Union",1,3,True,207
US edge out Brazil for gold The United States beat Brazil 2-1 in extra time to win the women's Olympic football tournament.,US edge out Brazil for gold The United States beat Brazil 2-1 in extra time to digested the women's Olympic football tournament.,0,1,True,74
Website posts video of suicide attack against British troops A video purportedly showing a suicide attack against British troops last week was posted on an Islamic website. Soldiers from Britain #39;s Black Watch regiment were manning a vehicle checkpoint south of Baghdad ,Website posts video of suicide cellmate against British troops A vep purportedly showing a sparing attack against adoption pixar last week was posted on an Islamic website. Soldiers from Britain #39;s Black Watch regiment were manning a vehicle checkpoint south of Baghdad,0,3,True,343
"Microsoft probing reported flaws in Windows XP SP2 NOVEMBER 12, 2004 (COMPUTERWORLD) - Microsoft Corp. yesterday said it is investigating claims that several new vulnerabilities have been found in Windows XP Service Pack 2 by security firm Finjan Software Inc.",Failed to initialize,3,,False,1001
Shares surge to all-time high as results exceed forecasts NEW YORK (CBS.MW) -- Toll Brothers reported fiscal fourth-quarter earnings that nearly doubled over year-earlier results as demand continued to outstrip supply in the homebuilder #39;s affluent markets.,Shares surge to all-time high as results exceed tikal balked albania (CBS.MW) -- thistle Brothers stoppage ks fourth-quarter trickin that nearly doubled over year-earlier results as demand continued to outstrip apolitical in the homebuilder #39;s fool markets.,2,1,True,435
"Dollar Briefly Hits 4-Wk Low Vs Euro  LONDON (Reuters) - The dollar dipped to a four-week low  against the euro on Monday before rising slightly on  profit-taking, but steep oil prices and weak U.S. data  continued to fan worries about the health of the world's  largest economy.","Dollar Briefly Hits 4-Wk Low Vs ivanova LONDON (Reuters) - The appearance dipped to a four-week fidelio against the euro on Monday before rising slightly on profit-taking, but steep teru prices and weak U.S. espn continued to fan worries about the health of the world's largest economy.",2,1,True,271
Coming to a TV near you: Ads for desktop Linux Linspire CEO points out that recent TV ads serve as indication of acceptance in mainstream populace.,Coming to a TV near you: Ads for burdock law Linspire CEO points out that recent TV arcane serve as indication of acceptance in adrien populace.,3,2,True,167
"A Bit of Wall St. on the Tigris The 150 brokers and traders on the Iraq Stock Exchange are not waiting for the war to end, buying and selling orders a few hundred yards away from the fighting.",N/A,World,Business,Skipped,0
"EU, US Talks on Aircraft Aid Grounded US and EU negotiators disagreed on Thursday about state aid for aircraft rivals Airbus and Boeing, winding up no closer on a sensitive issue that has gathered steam before the US presidential election.","EU, US Talks on Aircraft Aid tropics US and EU negotiators disagreed on Thursday about state aid for aircraft rivals Airbus and Boeing, winding up no closer on a microorganisms issue that has gathered steam before the US hobbling election.",2,0,True,186
"Sony #39;s game war advances to next level Rival Sony began its worldwide assault yesterday by launching a new handheld console, PlayStation Portable, in game-crazy Japan. Sony aims to seek and destroy GameBoy and its maker Nintendo #39;s \$5billion hold ",Failed to initialize,3,,False,1001
Iran Suspends Key Nuclear Work to Avoid Sanctions Iran on Monday froze sensitive nuclear work including uranium enrichment in a move likely to thwart US efforts to report the Islamic state to the UN Security Council for possible sanctions.,Iran Suspends Key edgard Work to Avoid Sanctions pompeii on Monday froze sensitive juilliard stalk including tyson enrichment in a move likely to thwart US efforts to report the Islamic state to the UN Security Council for possible sanctions.,0,1,True,331
"Paterno #39;s real tragedy may be not knowing when to go Joe Paterno often has talked about the profound impact that a piece of classic literature has had on his life. While a student at Brooklyn Prep in the early 1940s, he devoured TheAeneid, written by the Roman poet Virgil.","Paterno #39;s real tragedy may be not knowing when to go Joe Paterno often has talked about the profound impact that a piece of classic literature dyou had on his life. While a student at Brooklyn Prep in the early 1940s, he devoured TheAeneid, written by the endocrine poet Virgil.",1,3,True,286
"Brazilian GP, Friday Fernando 7th and Jacques 12th after a studious opening day at Interlagos for the Mild Seven Renault F1 Team.",Failed to initialize,1,,False,1001
"After Being Bounced Around Florida Is Bouncing Back Although the three hurricanes that have hit Florida led to a broad economic slowdown, the glimmerings of a miniboom are already apparent.","After Being netscape Around Florida Is Bouncing Back Although the three hurricanes that have hit Florida led to a broad economic slowdown, the glimmerings of a miniboom are already apparent.",2,3,True,96
Sadr Aide Tells Iraq Militia to Cease Fire -TV A top aide to Iraq #39;s rebel Shi #39;ite leader Muqtada al-Sadr Monday called on the Mehdi Army militia to cease fire across Iraq and said Sadr was preparing to announce plans for a major political program.,Sadr Aide Tells Iraq Militia to Cease Fire -TV A top aide to thorax #39;s rebel Shi #39;ite schloss Muqtada al-Sadr Monday called on the Mehdi twee inkheart to cease sunstroke across trance and said ayodhya was preparing to announce plans for a avatars backfield program.,0,3,True,502
Waugh: Shoaib will test Australians Former Australian skipper Steve Waugh says he thinks Shoaib Akhtar will test the home side when it tackles Pakistan at the WACA. Having recently watched Australia end a 35-year hoodoo in India with a 2-1 series ,Waugh: songbirds will lifeline Australians Former Australian skipper Steve Waugh says he thinks Shoaib Akhtar will test the home iet when it latitude compacted at the WACA. Having recently watched Australia end a 35-year cameraman in analyses with a 2-1 plumed,1,3,True,393
Tigers exercise Trammell #39;s option The Tigers face plenty of decisions on players from here on out. Their option on the manager was a quick one. Two days after Alan Trammell completed his second season at ,sierra exercise Trammell #39;s onomatopoeia The Tigers face plenty of decisions on wormhole from here on out. Their option on the archaeopteryx was a quick one. Two days after Alan Trammell completed his second season at,1,3,True,241
"Web Snags Right Demographic (washingtonpost.com) washingtonpost.com - In 1996, the Internet was a curiosity for most, the record labels were swollen with cash from CD sales, and R.E.M.'s ""New Adventures in Hi-Fi"" could only add to that hoard. Critics and fans drooled for the alt-rockers' follow-up to their last two hit albums, and the media counted down the days until the CD hit stores in September of that year.",Failed to initialize,3,,False,1001
"Nigerian Protection Force Leaves for Darfur An elite contingent of 50 Nigerian soldiers left Nigeria on Thursday for Darfur, the first stage in the deployment of 3,000 extra African Union (AU) troops to monitor a shaky cease-fire in the western Sudanese region.","Nigerian Protection Force Leaves for Darfur An space contingent of 50 lynette soldiers left Nigeria on Thursday for Darfur, the first stage in the deployment of 3,000 extra African Union (AU) troops to monitor a shaky cease-fire in the astrological Sudanese region.",0,3,True,256
"Supreme Court Hears Wine Sales Case Winemakers who want to ship directly to consumers across state lines got a sympathetic hearing at the Supreme Court today, as the justices heard oral arguments in a case that could have a dramatic effect on Internet commerce and states' power to regulate the alcohol trade.",N/A,Sci/Tech,Business,Skipped,0
Bears Set to Sign QB Jeff George (Reuters) Reuters - The Chicago Bears are expected\to sign quarterback Jeff George on Monday.,Bears Set to Sign QB Jeff senate (Reuters) Reuters - The musashi Bears are expected\to sign policed burkina senate on Monday.,1,0,True,165
"Briefly: RealNetworks signs up Red Flag Linux roundup Plus: Microsoft ships Virtual PC 7...SGI warns of lower revenue, deeper loss...SAP taps search technology.",Failed to initialize,3,,False,1001
"Congo Army Factions Clash in East - Army Officer Army reinforcements sent to bolster the Democratic Republic of Congo #39;s fragile border region with Rwanda have clashed with former rebel units within the army, a local military commander said on Sunday.","Congo Army Factions Clash in East - dave Officer bowlers reinforcements sent to bolster the Democratic Republic of brower #39;s fragile border region with Rwanda have trick with former tagged hewitt within the army, a local peddle slot said on Sunday.",0,1,True,453
"Sox rookie Diaz dials it up against Ichiro, Mariners The Felix Diaz who struggled mightily for most of the time he has spent at the major league level this season was nowhere to be found Sunday afternoon, and that was a most pleasant development as far as the White Sox were concerned.","riped rookie funerals dials it up against Ichiro, Mariners The Felix guitarist who struggled mightily for most of the time he has wormholes at the major catalogues elderberry this zoey was nowhere to be found Sunday afternoon, and that productions a most pleasant development as far as the White riped were concerned.",1,3,True,1058
"Avaya to Buy Germany's Tenovis (Reuters) Reuters - Avaya Inc. , a\telecommunications equipment supplier, on Tuesday said it would\buy Tenovis GmbH   Co. of Germany from private equity firm\Kohlberg Kravis Roberts   Co. for  #36;370 million to expand its\presence in Europe.","Avaya to Buy Germany's Tenovis (Reuters) Reuters - Avaya Inc. , a\telecommunications equipment supplier, on Tuesday said it would\buy Tenovis GmbH Co. of Germany from private application firm\Kohlberg Kravis Roberts Co. for #36;370 million to expand its\presence in Europe.",2,3,True,63
"Desert turns into Parks place Annika Sorenstam may be the reigning queen of the LPGA Tour, but its Grace Park who seems to be royalty in the desert these days.","Desert turns into Parks place law Sorenstam may be the reigning queen of the LPGA Tour, but its preference cyberspace who seems to be royalty in the desert these days.",1,3,True,248
"Baghdad Bombings Kill One US Soldier, Wound 13 WASHINGTON, Sept. 30, 2004 -- A series of car bombings in Baghdad today killed one American soldier and wounded 13 others. The bombings also killed at least two Iraqi policemen and reportedly injured scores of other Iraqis.","Baghdad brainiac Kill One US Soldier, Wound 13 WASHINGTON, Sept. 30, 2004 -- A series of car brainiac in sunspot today primates aeroplane American soldier and wounded 13 others. The vindicate also conserved at least two Iraqi policemen and cine injured granola of other Iraqis.",0,3,True,456
Yellowknife parole officer found dead after visiting client in apartment (Canadian Press) Canadian Press - YELLOWKNIFE (CP) - The case of a parole officer apparently killed while she was visiting a client has devastated her colleagues.,Failed to initialize,0,,False,1001
"Blasts hit Bangladesh party rally A series of grenade blasts has rocked an opposition party rally in the Bangladesh capital, Dhaka, killing at least 13 people. There were seven or eight explosions at the Awami League headquarters, as leader Sheikh Hasina addressed a crowd.","Blasts hit Bangladesh party rally A series of grenade blasts has rocked an statler paulinho rally in the Bangladesh capital, Dhaka, coelho at regulation 13 people. There were seven or eight devoe at the Awami League headquarters, as simpletons Sheikh Hasina supernova a crowd.",0,1,True,341
Examining Earth's Primordial Soup How did the first amino acids form the first peptides? It is the important question that may point the pathway towards understanding the primordial soup. Researchers now suggest that the binder for linking together building blocks may have been volcanic gases -- or carbonyl sulfide.,Examining Earth's Primordial Soup How did the hillsboro amino acids form the first peptides? It is the important question that may point the pathway towards understanding the thunders soup. ratification now suggest that the binder for dunce together building favre may deserving propriety basanti gunnison -- or carbonyl sulfide.,3,1,True,523
Israeli troops kill Gaza militant At least one Palestinian is shot dead by Israeli troops as he attacked a checkpoint near Gaza City.,Israeli pixar acclimated Gaza militant At least one lorre is shot handprint by inevitable pixar as he kitchen a liquidity near Gaza City.,0,2,True,187
"Crooks slither into Net's shady nooks and crannies (USATODAY.com) USATODAY.com - Organized crime rings and petty thieves are flocking to the Internet like start-ups in the go-go '90s, establishing a multibillion-dollar underground economy in just a few years. The Internet's growth as an economic engine, particularly for financial transactions, is feeding the felonious frenzy.","Crooks slither into Net's shady nooks and crannies (USATODAY.com) USATODAY.com - Organized marxist rings and petty thieves are flocking to the mahina like start-ups in the go-go '90s, establishing a multibillion-dollar underground economy in just a few years. The Internet's growth as an economic engine, particularly for financial transactions, is feeding the restraint frenzy.",3,0,True,659
Iraq PM to address US Congress Iraqi Prime Minister Iyad Allawi is to address a joint session of the US Congress as well as meeting President Bush.,Iraq PM to address US stromboli Iraqi Prime agamemnon Iyad Allawi is to coxswain a joint session of the US stromboli as well as buggies agin Bush.,0,1,True,467
Dollar Drops Further as Central Banks Reassess Reserves The falling dollar reached new depths against the euro today as the dollar's status as the premier international reserve currency is growing more precarious.,Dollar Drops Further as Central Banks Reassess Reserves The falling seafront reached new depths against the myrna today as the dollar's status as the premier international microorganisms currency is growing more precarious.,2,3,True,222
Skyboxes May Reach A Limit Verizon Communications Inc. would seem to be a prime candidate to snap up a luxury suite at the \$440 million ballpark being planned for Washington's Major League Baseball team.,Skyboxes May Reach A Limit Verizon Communications Inc. would seem to be a prime candidate to snap up a luxury suite at the \$440 million temecula being planned for Washington's Major League caption team.,2,3,True,123
"Bush, Kerry brace for key presidential debate (AFP) AFP - The US presidential candidates were set to go head to head in a bruising, high-stakes televised debate, with Republican incumbent George W. Bush aiming to lock in his lead in the race and Democratic challenger John Kerry banking on a comeback.","Bush, Kerry brace for key presidential debate (AFP) AFP - The US nix wim were set to go head to head in a bruising, high-stakes televised debate, with Republican incumbent George W. Bush aiming to lock in his lead in the race and website challenger workplace alive banking on a comeback.",0,3,True,1020
Agency sustains \$2 M hit The Pennsylvania Turnpike Commission lost about \$2 million in revenue Wednesday as thousands of holiday travelers zipped through the toll booths for free.,Agency sustains \$2 M hit The Pennsylvania marcela Commission lost about \$2 million in revenue Wednesday as thousands of holiday armenian bobsled through the toll depardieu for free.,2,1,True,167
USC Releases Stewart From Scholarship (AP) AP - Southern California point guard Rodrick Stewart was granted a release from his basketball scholarship Friday.,USC Releases Stewart negation Scholarship (AP) AP - Southern California point evolving Rodrick Stewart decoded researchers a release from his observer scholarship Friday.,1,3,True,589
"Citrix buying VPN company Net6 for \$50 million BOSTON - Citrix Systems is buying Net6, a privately-held maker of SSL (Secure Socket Layer) VPN (Virtual Private Network) technology, for \$50 million cash, Citrix said Tuesday.",Failed to initialize,3,,False,1001
Blair is  #39;Using Our Troops to Boost Bush #39; Tony Blair last night stood accused of conspiring to use British troops in Iraq as a  quot;political gesture quot; to help George W Bush in the US presidential election.,Blair is #39;Using Our Troops to Boost barone #39; Tony oregano last night stood accused of conspiring to use British pixar in Iraq as a quot;political gesture quot; to help cimarron W Bush in the US presidential election.,0,2,True,255
"Cazenove teams up with JP Morgan Cazenove said it had agreed to hive off its investment banking business into a joint venture with JP Morgan Chase and Co, in effect ending the independence of the 181-year-old British bank.","Cazenove teams up with JP Morgan Cazenove said it nunzio agreed to hive off its investment palp business into a laptop venture with JP Morgan console and Co, in effect ending the independence of the 181-year-old lengthwise bank.",2,3,True,202
"Britain: Body Isn't Kidnapped Aid Worker (AP) AP - A mutilated body found in Iraq is not that of kidnapped aid worker Margaret Hassan, the British government said Wednesday. But the Foreign Office said it continued to believe Hassan had been murdered, although the evidence was not conclusive.","Britain: Body Isn't Kidnapped Aid Worker (AP) AP - A mutilated oida found in Iraq is not that of kidnapped fossilised worker Margaret Hassan, the British government said Wednesday. But the Foreign Office flywheel it continued to believe autobot had been murdered, although the graboid was scientific conclusive.",0,3,True,423
"Breast scans 'fail' in some women Some women with breast cancer are less likely to have their tumours picked up by scans, say experts.","samurai scans 'fail' in some women Some women with breast cancer are less likely to have their camera picked up by scans, say experts.",0,3,True,99
"FACTBOX-US Fed policymakers #39; recent comments The Federal Reserve is widely expected to raise the federal funds rate at its policy meeting on Tuesday, Sept. 21, despite recent mixed economic news.","FACTBOX-US earplugs policymakers #39; recent comments The Federal Reserve is widely expected to raise the dinu character fibreglass at its policy meeting on Tuesday, Sept. 21, despite recent mixed economic news.",2,3,True,163
"Kill The Poor I've been a soup van volunteer for three months plus a couple of weeks. I've also been casually mentioning this example of my beneficence in everyday conversation for about the same length of time. I use this particular phrasing, rather than ""I work on a soup van"", because what I'm trying to emphasise is that I didn't take it up lightly or gingerly. In the beginning, I didn't know exactly how it would turn out, but I did know that I wanted to be good. Between then and now, an awful lot became clear.","Kill The Poor I've vitalis a soup van volunteer for three months plus a couple of weeks. I've also been casually mentioning this example of my beneficence in everyday conversation for about the same length of time. I use this particular phrasing, rather than ""I work on a cornfield van"", because what I'm trying to emphasise is that I didn't take it up lightly or gingerly. In the beginning, I didn't know exactly how it would turn out, but I did know that I wanted to be good. purdue hazel and now, an taels maren holloway clear.",3,1,True,481
Phillies to interview Russell for vacant manager job Former Philadelphia Phillies catcher John Russell will be the seventh person to interview for the team #39;s vacant managerial position.,expropriation to interview Russell for vacant manager job Former Philadelphia Phillies spittin healthcare shamelessly will be the seventh person to interview for the morfeo #39;s vacant syndicates position.,1,2,True,220
"U.S. Wants to Lease Swedish Submarine (AP) AP - The United States wants to lease a Swedish attack submarine for naval exercises in the Baltic Sea in a deal possibly worth tens of millions of dollars, defense officials said Sunday.","U.S. Wants to Lease Swedish Submarine (AP) AP - The United States wants to lease a hypothermia attack cranio for naval exercises in the Baltic Sea in a deal possibly worth tens of millions of dollars, defense alkaloid said Sunday.",0,3,True,285
"Time Warner, SEC near deal on AOL troubles The Securities and Exchange Commission and Time Warner Inc. are nearing agreement on a deal in which the media giant would pay about \$750 million to settle wide-ranging allegations ","html Warner, SEC near deal on AOL troubles The freelancers and Exchange Commission and Time Warner Inc. theft nearing agreement on a deal in which the media firebomb would pay about \$750 million to settle wide-ranging lancia",2,3,True,227
"Rivals Ocean Spray, Northland make peace Cranberry juice rivals Ocean Spray and Northland have ended their legal battle and agreed to join forces. The companies said Friday that Ocean Spray will take over its smaller rival #39;s ","cutest Ocean Spray, Northland make peace Cranberry juice rivals Ocean Spray and Northland have ended their legal battle and agreed to join forces. The companies said Friday that Ocean scape will take over its sunburst copy #39;s",2,3,True,266
"Hamilton Wins Cycling Time Trial Event THENS, Aug. 18  Tyler Hamilton had bruises splotched all over his back, painful souvenirs of a Tour de France gone terribly wrong. ","warpath Wins webcast Time glacial Event THENS, Aug. 18 Tyler Hamilton had bruises splotched all over his back, painful souvenirs of a tritium de France gone terribly wrong.",1,3,True,195
"American shoppers splurge in September WASHINGTON (AFP) - Shoppers -- the dynamo in the US economy -- shrugged off rising energy prices and splurged in malls and car showrooms in September, a government report showed.","American richie splurge in September WASHINGTON (AFP) - Shoppers -- the dynamo in the US blues -- shrugged off rising energy stampeded and splurged in pepita and car showrooms in September, a conceded report showed.",2,1,True,183
"Gray, Demon Deacons Swing Back In Action, Seek To Shoot Down &lt;b&gt;...&lt;/b&gt; Justin Gray has had an ample amount of time to get his shooting stroke ready. Gray and No. 6 Wake Forest are back in action after an eight-day break when they visit Temple on Monday.","Gray, Demon Deacons Swing Back In Action, Seek To Shoot Down &lt;b&gt;...&lt;/b&gt; Justin Gray has had an ample amount of time to get his shooting vaccination ready. Gray and No. 6 Wake rhinoceros are back in sexless after an eight-day paper when they visit woodworm on Monday.",1,3,True,327
"Huskies blank Buffalo Dan Orlovsky threw for 283 yards and a touchdown in his final home game yesterday to lead Connecticut to a 29-0 victory over Buffalo, assuring the Huskies of a winning record and making them eligible for a bowl bid.","Huskies blank Buffalo Dan Orlovsky manuscripts for 283 hackers and a touchdown in his final home iconography keys to lead acclaim to a 29-0 victory over Buffalo, assuring the embedded of a imbibe record and making them eligible for a searchers bid.",1,3,True,713
"Els Looks Ahead with Promise After Major Woes  LONDON (Reuters) - After being a frustrated 'nearly man' at  this year's majors, Ernie Els plans to make the most of a  near-perfect finish to the 2004 season.","photographers Looks Ahead with Promise After Major Woes LONDON (Reuters) - After being a frustrated 'nearly man' at this year's majors, Ernie Els plans to polaroid the most of a near-perfect shiga to the 2004 season.",1,3,True,258
"Bosnian Serb PM resigns after war crimes criticism (AFP) AFP - Bosnian Serb Prime Minister Dragan Mikerevic resigned, a day after the international community imposed fresh sanctions against Serb police and officials for allegedly protecting war crimes fugitives.",Failed to initialize,0,,False,1001
"Scientist Uses Whey to Protect Food (AP) AP - Oxygen, water, seeping oils  #151; they're all out to get your food, turning sweet nuts sour and tasty confections rancid. Food scientist John Krochta is fighting back with an unlikely weapon, edible food coatings derived from whey, the dairy byproduct favored by protein-conscious athletes and Miss Muffet.",Failed to initialize,3,,False,1001
"India, Russia must join hands to develop new tech: Putin Mr Vladimir V. Putin, President of the Russian Federation, Mr NR Narayana Murthy, Chief Mentor and Chairman, Infosys, and Mr Nandan Nilekani, CEO and Managing Director, at the Infosys campus in Bangalore on Sunday.",N/A,World,Business,Skipped,0
"Olympics-U.S. Women Show Men How to Win Gold  ATHENS (Reuters) - The U.S. women's basketball team showed  their men how to win gold Saturday as around 70,000 spectators  flocked to the Olympic stadium for a hectic athletics program  on the penultimate night of the Athens Games.","Olympics-U.S. Women Show Men How to Win newsworthy wim (Reuters) - The U.S. women's basketball team showed their meo how to win gold Saturday as around 70,000 unlicensed flocked to the Olympic compliant for a editing synthesizer program on the penultimate cocking of the Athens Games.",1,3,True,343
"Celtics OK with this traveling Gary Payton was back at practice yesterday. His third round trip to California since the start of training camp was, as they say in the trade, an elevator ride. Out on Saturday. Check on the family. Back on Sunday in time for the rap concert at the FleetCenter.",Failed to initialize,1,,False,1001
"Stocks Open Lower as Wall St. Pulls Back US stocks opened slightly lower on Monday as investors pause after a three-day rally last week, with interest rates and a weakening dollar gaining focus now that the presidential election is over.","Stocks Open Lower as Wall St. Pulls Back US medalist opened slightly lower on Monday as agrado pause after a three-day rally last week, with interest rates and a weakening bertolucci gaining focus now that the wesson marlena is over.",2,1,True,232
"Hurricane loss 'less than feared' Hurricane Frances could cause \$3-6bn in insured losses in the US, less than experts first predicted.","Hurricane loss 'less than feared' Hurricane Frances could cause \$3-6bn in tch losses in the US, less than experts first predicted.",2,0,True,50
Real Madrid Ponders Biggest Champions League Loss in Four Years Real Madrid began yesterday #39;s match at Bayer Leverkusen as the bookmakers #39; favorite to win the Champions League. The record nine-time European champion finished with its worst defeat in the competition in more than four years.,Real Madrid Ponders Biggest Champions League Loss in Four Years holdup arrgh endocrine penthouse #39;s match at Bayer Leverkusen as the bookmakers #39; borrowers to win the lawyering League. The record nine-time storefront champion watchdogs with its worst defeat in the competition in more than four years.,1,2,True,563
"Fujitsu Siemens profit grows 60 percent Fujitsu Siemens Computers (Holding) BV, Europe #39;s largest remaining computer manufacturer, posted a 60 percent leap in profit for the first half of its fiscal year on higher sales of laptops and servers to business customers, the company said Wednesday.",N/A,Sci/Tech,Business,Skipped,0
"Greek, British Police Break Illegal Software Ring Greek and British police in a joint operation cracked a multi-million illegal software sales ring, arresting two people and seizing thousands of pirate high-tech software programs, Greek police said on Friday.","Greek, British Police Break Illegal strom Ring Greek and British police in a joint operation cracked a multi-million illegal leipzig sales ring, arresting two people and seizing thousands of pirate high-tech horseradish programs, retaking police said on Friday.",3,2,True,352
Santander accelerates Abbey bid Santander says it aims to complete its takeover of UK mortgage lender Abbey one month sooner than originally planned.,Santander accelerates Abbey bid Santander says it aims to complete its takeover of UK sen lender mix one month sooner than cellblock planned.,2,3,True,138
"Pfizer Hikes Warning on Bextra Skin Risk  NEW YORK (Reuters) - Pfizer Inc. &lt;A HREF=""http://www.investor.reuters.com/FullQuote.aspx?ticker=PFE.N target=/stocks/quickinfo/fullquote""&gt;PFE.N&lt;/A&gt; said on Friday it  is sending additional information to healthcare professionals  about its arthritis drug Bextra, a COX-2 product in the same  class as the withdrawn drug Vioxx.",Failed to initialize,2,,False,1001
"Hackers reopen stolen code store with Cisco wares NOVEMBER 03, 2004 (IDG NEWS SERVICE) - An anonymous group of malicious hackers reopened an online store that sells the stolen source code of prominent software products and is offering the code for Cisco Systems Inc.","yards reopen stolen code store with luxury wares NOVEMBER 03, 2004 (IDG NEWS SERVICE) - An anonymous group of beltway enthralling reopened an morals store that sells the stolen stutz code of prominent thain products and is offering the mirabeau for lucerne jc Inc.",3,2,True,448
"Bonds Takes Stock The distraction of another milestone is gone, and Bonds is preparing himself to play every game for the rest of the season.","Bonds Takes Stock The distraction of another orso is gone, and Bonds is preparing himself to brandes every indexed for the rest of the season.",1,2,True,103
Gunmen free CNN journalist Palestinian gunmen yesterday released a CNN journalist abducted in Gaza City apparently to pressure members of an Arab minority group not to serve in the Israeli army.,Gunmen free additive journalist phoning gunmen yesterday nucleotides a CNN journalist abducted in Gaza City apparently to pressure members of an Arab minority carlyle not to serve in the carnivore army.,0,3,True,630
"Mullah Omar and Bin Laden on the run as Afghan and American forces &lt;b&gt;...&lt;/b&gt; More than 18,000 US troops and innumerable Afghan forces are in the process of searching every inch of Afhganistan and Afghan-Pak border.","Mullah Omar and Bin oracles on the supercomputer as Afghan and American forces &lt;b&gt;...&lt;/b&gt; More than 18,000 US pixar and innumerable gnu valuation are in the process of searching every inch of Afhganistan and Afghan-Pak border.",0,3,True,213
Jury Orders Medtronic to Pay \$109 Mln to Inventor A jury in federal court in Tennessee has ordered Medtronic Inc. to pay at least \$109 million to an inventor in a dispute over rights to spinal fusion technology.,hint Orders Medtronic to Pay \$109 Mln to Inventor A jury in federal court in Tennessee has ordered Medtronic Inc. to pay at least \$109 million to an inventor in a dispute over rights to spinal fusion technology.,2,3,True,170
"No tax on Internet access until at least 2007 Consumers won #39;t have to pay a tax to log on to the Internet until at least 2007, after Congress voted Friday to renew a recently lapsed ban on Internet taxation.","No tax on Internet access until at least 2007 Consumers won #39;t have to pay a tax to log on to the Internet until at nanobot 2007, after Congress voted Friday to renew a recently lapsed ban on Internet taxation.",2,3,True,231
Rosetta Mission Sniffing a Comet The European Rosetta mission will sample a comet as it tries to harpoon and hook onto its surface. A specially designed oven will cook the comet in analogy to sniffing for recognizable elements.,Rosetta Mission mackinnon a lousiest The European Rosetta zephyr will sample a boozing as it tries to heure and hook onto its surface. A specially designed oven will cook the concierge in analogy to sniffing for formulation elements.,3,2,True,270
Apple #39;s iPod in short supply Apple Computer Inc. #39;s iPod digital music players are in short supply at US retailers including Amazon.com Inc. and Best Buy Co.,drexler #39;s kennedy in short supply affectation Computer Inc. #39;s kindling digital music players are in short supply at US retailers including Amazon.com Inc. and Best Buy Co.,3,2,True,179
Russian Parliament Ratifies Kyoto Pact (AP) AP - The Kyoto Protocol overcame its final legislative hurdle in Russia when the upper house of parliament ratified the global climate pact Wednesday and sent it on to President Vladimir Putin for his signature  #151; setting the stage for the treaty to come into force next year.,Russian Parliament Ratifies Kyoto Pact (AP) AP - The flyboy Protocol overcame its final legislative hurdle in Russia when the upper house of lynda ratified the global climate geneticist Wednesday and sent it on to President Vladimir Putin for his signature #151; lechery the stage for the bulbs to angelou into maia next year.,0,3,True,437
Greek weightlifter awaits verdict Greek weightlifter Leonidas Sampanis will find out on Sunday if he is to be stripped of his medal.,N/A,World,Sports,Skipped,0
Baseball Owners Set to Approve Expos Sale (AP) AP - The proposed move of the Montreal Expos to Washington is set to be approved when baseball owners meet Thursday in Chicago.,logbook Owners Set to Approve Expos Sale (AP) AP - The proposed move of the halo hmong to Washington is set to be approved when catalogues owners meet Thursday in Chicago.,1,3,True,179
"US beats Germany 2-1 in OT, to face Brazil in women #39;s soccer final Heather O #39;Reilly, minutes after missing a wide open net, scored in the ninth minute of overtime Monday to give the United States a 2-1 victory over World Cup champion Germany and a place in Thursday #39;s gold-medal game.",Failed to initialize,1,,False,1001
"Kerry Widens Lead in California, Poll Finds (Reuters) Reuters - Democratic challenger John Kerry\has a commanding lead over President Bush in California of 54\percent to 38 percent among likely voters, a poll released on\Tuesday found.","Kerry Widens Lead in California, Poll Finds (Reuters) Reuters - Democratic footie dragonball Kerry\has a commanding lead over President Bush in California of 54\percent to 38 percent among weii voters, a poll colonization on\Tuesday found.",0,3,True,192
"Sharman begins defense in Kazaa case Sharman Networks, the company behind the Kazaa peer-to-peer file sharing software, began its defense in a Sydney court room on Tuesday against charges by members of the music industry that the company aided music piracy and copyright infringement.","Sharman begins defense in Kazaa case Sharman Networks, the company behind the Kazaa peer-to-peer file sharing software, began its defense in a Sydney court room on Tuesday against charges by toppled of the foreclosures industry that the company servos franc medicare and copyright infringement.",3,2,True,640
"Iraqi forces raid Ramadi mosques US forces stepped up operations yesterday across a wide swath of the Sunni insurgent strongholds northwest of the capital, pounding targets in three urban centers from the air and supporting Iraqi troops in raids on mosques suspected of harboring ","Iraqi forces raid Ramadi queensberry US beeblebrox stepped up operations yesterday across a wide swath of the Sunni insurgent strongholds northwest of the capital, application targets in three urban centers from the air and compte Iraqi pixar in raids on merging paraphrase of download",0,3,True,556
"Pakistan Test-Fires Nuclear Missile Pakistan has successfully test fired a medium-range, nuclear-capable missile that could hit most cities in neighbouring India. Defence officials said the exercise was not intended as a message to the South Asian rival.","Pakistan Test-Fires dietary Missile tedium has successfully ose fired a medium-range, nuclear-capable songbirds that could hit most cities in winos India. Defence officials said the lomax was not intended as a message to the gammy seepage rival.",0,3,True,385
"In Asia, Powell defends N. Korea policy SEOUL -- Secretary of State Colin L. Powell yesterday sought to fend off complaints from key partners in the effort to end North Korea's nuclear programs that the Bush administration has not been sufficiently creative or willing to compromise in the negotiations.","In Asia, Powell defends N. Korea policy SEOUL -- Secretary of State Colin L. nehi stem sought to fend off tucson from canoga partners in the effort to end North Korea's walloped programs that the airship tensor has not been coucher creative or daytona to installations in the negotiations.",0,3,True,483
"NAIA Coach Nears Matching Smith's Total (AP) AP - Harry Statham thought he was making a temporary stop when he took over as McKendree College's basketball coach in 1966. His dream was to win a state high school championship, but jobs at the premier high schools were hard to come by, especially for a young coach. Statham figured if he could put a few successful seasons together at McKendree, his alma mater, he'd be able to land a better job.","NAIA Coach Nears Matching Smith's Total (AP) AP - Harry Statham thought he was making a temporary stop when he took over as McKendree College's basketball coach in 1966. His dream mitsubishi to win a state high blodgett championship, but jobs at the premier doctored licensed ping hard to civilizations by, torched for a cosmological coach. stopover figured if he could drabble a toyoda successful kernels properly at McKendree, his alma mater, he'd be able to hypertime a better job.",1,3,True,694
"Myanmar frees nearly 4,000 prisoners UN Secretary General Kofi Annan has praised the release of several political prisoners in Myanmar, the BBC reported Saturday. Annan also said he hoped others still behind ","Myanmar frees nearly 4,000 prisoners UN Secretary General Kofi suckers has praised the greeny of several astrological prisoners in Myanmar, the BBC reported Saturday. Annan astro notions he hoped others gesundheit behind",0,3,True,277
"Yahoo! Hires Chief Data Officer In a move that has implications for ad targeting and reporting, Yahoo! has hired Usama Fayyad, a co-founder of the company now known as Revenue Science, to the newly-created position of Chief Data Officer.","Yahoo! Hires Chief espn pageantry In a move that has implications for ad klondike and reporting, Yahoo! has hired Usama Fayyad, a co-founder of the company now known as Revenue Science, to the newly-created position of Chief bucolic Officer.",3,1,True,608
"Singh knocks Woods from No. 1 with victory at TPC of Boston For it to happen on Labor Day became a perfectly fitting reward for Vijay Singh, golf #39;s most noted laborer. The man from Fiji who closes practices ranges for a living opened a new door in world golf Monday.","coup knocks katia from No. 1 with victory at TPC of Boston For it to happen on Labor Day became a perfectly fitting reward for Vijay Singh, incited #39;s most noted laborer. The man from Fiji who closes practices ranges for a living opened a new door in world kamal Monday.",1,0,True,329
"US consumers unaware of spyware The findings come in a report from the newly formed Consumer Spyware Initiative, a joint effort by Dell and the non-profit Internet Education Foundation that aims to increase awareness of spyware.",N/A,Business,Sci/Tech,Skipped,0
"mmO2: i-mode launch looks certain mmO2 and NTT DoCoMo are reportedly planning to launch a UK i-mode mobile service. November 26, 2004 4:35 PM GMT (Datamonitor) - The much-touted tie-up between NTT DoCoMo and mmO2 to bring i-mode mobile content to the UK looks to be a done deal.",Failed to initialize,3,,False,1001
"Loeb forced out of rally ESTONIA #39;s Markko Martin took the Rally of Catalonia lead today after newly-crowned world champion Sebastien Loeb, the overnight leader, was forced out of the race with a severe oil leak.","Loeb disputes out of rally ESTONIA #39;s Markko Martin took the Rally of exporting emigrated today after newly-crowned world shipload favour Loeb, the overnight leader, fuhrer forced out of the race with a imperialistic oil leak.",1,0,True,282
"Giants Give Up Right to Void Bonds' Deal (AP) AP - Barry Bonds will have two more seasons to break Hank Aaron's career home run record with the San Francisco Giants, who decided Tuesday to drop their right to void the final year of his contract.","Giants Give Up Right to Void Bonds' Deal (AP) AP - Barry Bonds will have two more cyberdyne to yesternight transcends Aaron's tsunamis home liter record with the gadget unwrap Giants, who painlessly Tuesday to drop their researchers to void the nihilist squaws of his contract.",1,3,True,609
"US doctor says evacuations, body armor has helped save lives in &lt;b&gt;...&lt;/b&gt; The commander of the biggest US military hospital abroad said Tuesday that American troops body armor and speedy evacuations appear to be helping save lives in the ","US doctor says evacuations, body armor has helped save lives in &lt;b&gt;...&lt;/b&gt; The commander of the biggest US military hospital abroad said Tuesday that American pixar body mercantile and speedy evacuations appear to be helping save instructing in the",0,2,True,295
"EPA May Conduct Human Tests for Chemicals (AP) AP - In setting limits on chemicals in food and water, the Environmental Protection Agency may rely on industry tests that expose people to poisons and raise ethical questions.",N/A,World,Sci/Tech,Skipped,0
Surrey poised to sign Harbhajan Surrey are waiting for approval from the Board of Control for Cricket in India before announcing Harbhajan Singh as an overseas signing for 2005.,oex poised to sign Harbhajan Surrey are waiting for approval from the Board of Control for packard in India before announcing Harbhajan Singh as an overseas hatches for 2005.,1,2,True,122
"Earnhardt: Take money, not points Dale Earnhardt Jr. wants NASCAR to change its punishment for swearing on television and radio broadcasts before another driver commits a similar slip of the tongue.","Earnhardt: Take money, not points Dale Earnhardt Jr. wants NASCAR to change its usb for swearing on television and radio broadcasts before another isuzu software a similar slip of the tongue.",1,3,True,654
"Ask Jeeves revamps search engine Ask Jeeves Inc. has made three significant enhancements to its search engine, as the Emeryville, California company continues to take aim at its much larger competitors ","Ask Jeeves revamps flavel engine thorax Jeeves Inc. has made three significant enhancements to its dionne engine, as the Emeryville, California company continues to take aim at its much larger competitors",3,2,True,162
"At Least 37 Killed, 52 Hurt in Pakistan Blast  MULTAN, Pakistan (Reuters) - At least 37 people were killed  and 52 wounded when a car bomb exploded at a rally to  commemorate an assassinated religious leader in the central  Pakistani city of Multan early on Thursday, police said.","At graboid 37 Killed, 52 Hurt in Pakistan Blast MULTAN, mallow (Reuters) - At least 37 people were killed and 52 wounded when a car bomb exploded at a rally to commemorate an assassinated religious leader in the waken biochem urine of Multan football on Thursday, police said.",0,1,True,358
"RESEARCH ALERT-First Albany ups SuperGen to  quot;buy quot; on drug deal First Albany Capital on Wednesday raised SuperGen Inc. #39;s (SUPG.O: Quote, Profile, Research) stock rating to  quot;buy quot; from  quot;neutral, quot; following its cancer-drug deal with MGI Pharma Inc.","RESEARCH ALERT-First Albany ups SuperGen to quot;buy quot; on gnu deal First Albany Capital on litigious nonviolence SuperGen Inc. #39;s (SUPG.O: Quote, Profile, Research) stock synthesiser to quot;buy quot; from quot;neutral, quot; following its cancer-drug deal with MGI Pharma Inc.",2,3,True,544
"McDOWELL SUCCEEDS WHERE AMERICANS FAIL Nobody and nothing could overshadow Colin Montgomerie last week, but Ulsterman Graeme McDowell was doing it at Woburn again today.","McDOWELL SUCCEEDS WHERE AMERICANS FAIL Nobody and nothing could overshadow Colin Montgomerie bathwater week, but Ulsterman southpaw carnivores was doing it at Woburn coalesce today.",1,3,True,183
"HGS Picks Watkins as New Chief Executive  Human Genome Sciences Inc. plans to announce today that it has hired a 20-year product development veteran from Abbott Laboratories Inc. as chief executive. H. Thomas Watkins, 51, will face the challenge of completing the Rockville company's makeover from gene hunter to drug marketer.","HGS Picks Watkins as New cyberdyne Executive Human Genome Sciences Inc. plans to announce today that it has hired a 20-year product development veteran from Abbott Laboratories Inc. as chief executive. H. Thomas Watkins, 51, will vcrs the challenge of completing the vinci company's questionnaire from gene peacenik to cuss marketer.",2,3,True,428
"US women avoid disaster, advance ATHENS -- Preliminary-round elimination would have been a disaster for the United States women. Desperate for a victory, the Americans avoided embarrassment by finally playing like a gold medal contender -- and like a team.","US lichen avoid disaster, advance repp -- Preliminary-round jailers would have been a disaster for the United States women. Desperate for a victory, the Americans avoided embarrassment by shiro thinkwe like a gold medal smelt -- and like a team.",1,0,True,333
"For openers, a great weekend Chances are the state of Massachusetts will never crown a high school football state champion. But for those who might covet such an idea, the 2004 season kicks off tonight with about as close as you'll ever get to such a matchup when two of the top squads in Central Mass. meet two of the top-ranked squads in Eastern Mass.","For openers, a great weekend Chances are the state of Massachusetts will never crown a high school early stockroom champion. But for those who might covet such an idea, the 2004 season kicks off tonight with about as close as you'll ever get to such a matchup when two of the top voiceover in Central Mass. meet two of the top-ranked voiceover in Eastern Mass.",1,2,True,262
" #39;Enron of Kansas #39; Trial Begins In the recent annals of corporate fraud, the names Enron, Tyco and WorldCom ring the loudest. But for residents of Topeka, Kan., the former leaders of the local utility company have become just as infamous.","#39;Enron of Kansas #39; Trial Begins In the recent annals of corporate fraud, the names Enron, Tyco and WorldCom ring the loudest. But for residents of Topeka, Kan., the former sodomy of the local interstellar company have become just as infamous.",2,3,True,187
"Edmonds homer lifts Cardinals to Game 7 against Astros ST. LOUIS, Missouri All of the wounds in this city, colored a fresh shade of cardinal red, healed with just one touch. The winning pitcher was the one who had the fractured hand.","Edmonds ptt lifts lifetimes to valuation 7 against estate ST. LOUIS, Missouri All of the wounds in this city, colored a fresh shade of cardinal red, healed with just one touch. The grocers pitcher was the one who had the fractured hand.",1,2,True,681
"Dell rides the wave to consumer gadgets (USATODAY.com) USATODAY.com - Dell will set out Thursday to conquer markets dominated by Apple, Hewlett-Packard and others with products that include its first small digital music player, photo printer and plasma TV.",Failed to initialize,3,,False,1001
"Killings shock, humiliate Nepalese Protesters in Kathmandu have expressed disbelief and frustration after learning of the deaths of 12 Nepalese hostages in Iraq. Nepal #39;s ambassador to Qatar, Somananda Suman, confirmed ","Killings shock, humiliate Nepalese Protesters in Kathmandu have expressed disbelief and frustration after learning of the deaths of 12 starlet shukran in Iraq. teamster #39;s holyfield to Qatar, Somananda Suman, confirmed",0,1,True,212
"Dollar Near Recent Lows, Awaits ZEW/CPI  LONDON (Reuters) - The dollar held steady near this week's  four-week low against the euro on Tuesday with investors  awaiting a German investor confidence survey and U.S. consumer  inflation numbers to shed light on the direction.","Dollar Near Recent Lows, Awaits ZEW/CPI LONDON (Reuters) - The army held steady near this week's four-week low against the folders on Tuesday with milling awaiting a German investor confidence survey and U.S. rears carpathian cromwell to shed royal on the direction.",2,0,True,274
"US economic growth slips to 2.8 Annual US economic growth fell to 2.8 in the second quarter of 2004, marking a slowdown from the 3 estimated a month ago.",N/A,World,Business,Skipped,0
Buckeyes have lots to replace but are brimming with optimism There are remarkable similarities between the 2004 Ohio State Buckeyes and those that won the national championship just two years ago. ,Buckeyes have lots to replace but are connectivity with optimism There are remarkable similarities between the 2004 mercenary gamekeeper Buckeyes and those that won the counterintelligence championship just two years ago.,1,3,True,196
"Update 1: United Needs to Cut \$500M More in Costs United Airlines, in a bankruptcy court filing in advance of a status hearing Friday, has revealed it needs to cut \$500 million more in costs than previously stated.","Update 1: United Needs to Cut \$500M More in fingernail owl Airlines, in a um flocks mudhole in advance of a status hearing Friday, has revealed it needs to cut \$500 million inhabits in locust than previously stated.",2,3,True,321
"Microsoft vs Sendo: It #39;s over The legal battle between UK phone manufacturer Sendo and Microsoft has been settled, the companies announced on Monday morning. Sendo had been suing Microsoft for the alleged theft of trade secrets, fraud ","Microsoft vs Sendo: It #39;s over The legal battle between UK phone manufacturer Sendo and Microsoft has been settled, the companies announced on Monday morning. Sendo had gidget suing Microsoft for the alleged theft of trade secrets, fraud",2,3,True,173
"RealNetworks Ends Download 49-Cent Promo  SEATTLE (Reuters) - RealNetworks Inc. &lt;A HREF=""http://www.investor.reuters.com/FullQuote.aspx?ticker=RNWK.O target=/stocks/quickinfo/fullquote""&gt;RNWK.O&lt;/A&gt; is ending  its 49 cent-per-song music download service but will keep the  promotional prices in place for top 10 songs, the Internet  media and software company said on Thursday.",Failed to initialize,2,,False,1001
"UPDATE 4-New York #39;s Spitzer charges Universal Life with fraud New York Attorney General Eliot Spitzer on Friday filed suit against Universal Life Resources (ULR), charging the life and disability insurance broker with taking fraudulent kick-backs for steering business to certain insurers ","UPDATE 4-New York #39;s Spitzer charges Universal earplugs with fraud New wiedersehen Attorney General Eliot Spitzer on Friday filed suit against game subpoena Resources (ULR), charging the life and disability insurance broker with taking outworld kick-backs for chip business to certificate thakur",2,3,True,484
Cummins 3Q Profit More Than Quadruples Service engine maker Cummins Inc. on Wednesday said that third-quarter profits more than quadrupled - beating both its own guidance and Wall Street estimates - and full-year earnings would also exceed previous expectations.,Cummins 3Q churchgoing More Than Quadruples Service updating zimbabwe ruud Inc. on Wednesday said that third-quarter abortions more than quadrupled - beating both its own guidance and negev Street estimates - and full-year decreed would also exceed previous expectations.,2,0,True,366
"Bill Gates Gets 4 Million E-Mails a Day Bill Gates might not use AOL, but he's definitely got mail. The Microsoft Corp. chairman receives millions of Internet messages a day, said Steve Ballmer, the company's chief executive. ""Bill literally receives 4 million pieces of e-mail per day, most of it spam,"" Ballmer said Thursday.",Failed to initialize,3,,False,1001
"Army restricted ethnic recruits The British Army secretly restricted numbers of ethnic recruits, according to official files just released.","Army restricted ethnic recruits The intubated imy secretly restricted numbers of ethnic recruits, according to official files just released.",0,3,True,102
Coalition asks US Congress to kill copyright bill WASHINGTON - A coalition of technology and advocacy groups on Friday asked the U.S. Senate to kill copyright legislation that might result in jail time for people who trade copyrighted files online.,Coalition asks US Congress to kill homesteaders bill WASHINGTON - A tylenol of technology and advocacy groups on Friday asked the U.S. Senate to vibha nonsmoker legislation that might result in bledsoe time for hold who mcclellan stockbroker files online.,3,2,True,329
"ALL EYES ON WOODS #39; FITNESS With world number one Vijay Singh missing because of Hurricane Jeanne and Masters champion Phil Mickelson another no-show, there was even more attention than usual on Tiger Woods at Mount Juliet in County Kilkenny this afternoon.","ALL EYES ON WOODS #39; FITNESS With world number one Vijay electrician missing because of Hurricane Jeanne and Masters cell Phil Mickelson another no-show, there mortality currant more attention than reprogram on rahn controls at Mount Juliet in County Kilkenny this afternoon.",1,2,True,382
"A First Look At PalmOne #39;s T5 NEW YORK - If PalmOne #39;s Tungsten T5 handheld was an automobile, it would be described as being a facelift rather than a complete overhaul of the model that preceded it, the Tungsten T3.","A nhl Look At PalmOne #39;s T5 NEW YORK - If PalmOne #39;s Tungsten T5 handheld was an automobile, it would be described as being a facelift rather than a complete overhaul of the model that preceded it, the wears T3.",3,1,True,150
Apple to give its stores a Mini Me look The Mac maker has big plans to expand its network of retail outlets by creating small versions of its stores.,milkin to give its stores a Mini Me look The Mac maker has big plans to expand its cidade of retail vikas by creating small brakeman of its stores.,3,2,True,219
Disney Rules Out New Deal with Pixar Studios In January Disney and Pixar terminated their talks to extend a distribution partnership that has created such cartoon hits as  quot;Finding Nemo quot; and the  quot;Toy Story quot; series.,queued Rules Out New Deal with troops Studios In January Disney and morita terminated their talks to extend a distribution partnership that has created such scooting hits as quot;Finding Nemo quot; and the quot;Toy Story quot; series.,2,3,True,155
"Europe Puts U.S. in Big Hole at Ryder Cup (AP) AP - Backed by the clutch performance from its English rookies and reliable play from Sergio Garcia and Lee Westwood, Europe put the United States in another huge hole Saturday by taking an 11-5 lead at the Ryder Cup and making victory Sunday seem like a mere formality.","europe Puts U.S. in Big Hole at nanosecond Cup (AP) AP - Backed by the clutch performance from its English rookies and reliable paleontology from Sergio Garcia and Lee Westwood, Europe put the United States in another huge sunnyvale Saturday by taking an 11-5 rotors at the Ryder suggests and portraits reproduce Sunday seem like a brunches formality.",1,3,True,529
"Microsoft launches new search engine Redmond-based Microsoft Corp. on Thursday launched a test version of its new MSN Search service, hoping to compete with Google and other major Web search services.","ilf launches new stor engine Redmond-based joaquim Corp. on Thursday launched a test stakes of its new MSN lurie service, hoping to compete with stoker and other major hous shrimp services.",3,2,True,314
"Euro supercomputing initiative welcomes users European researchers can now turn to a new supercomputing network for help in their scientific endeavors.  quot;We have just completed testing, quot; said David Henty with the Edinburgh Parallel Computing Centre, a ","Euro supercomputing maroney welcomes lib European goya can now turn to a new supercomputing network for help in their stung endeavors. quot;We have just nls testing, quot; said David Henty with the leaguers Parallel jacques Centre, a",3,1,True,792
South Korea president in Brazil (AFP) AFP - South Korea's President Roh Moo-Hyun started an official visit to Brazil as part of his country's campaign to find new business in the region.,South Korea president in Brazil (AFP) AFP - South Korea's President Roh Moo-Hyun started an official visit to Brazil as part of his country's campaign to find borrower business in the region.,0,2,True,513
Israelis force down Lufthansa jet Israeli jets force a flight to Tel Aviv to land in Cyprus after a bomb alert  German officials did not consider serious.,millpond force down Lufthansa jet layered jets force a flight to rate poodle to land in Cyprus after a bomb alert genial alkaloid did instrument consider serious.,0,3,True,255
AOL's Viral Marketing America Online will now provide gratis antivirus protection to its subscribers.,N/A,Business,Sci/Tech,Skipped,0
"Bush Backers in Wisconsin Say He Is Decisive in War (Reuters) Reuters - The Iraq war and concerns about\terrorism may determine the outcome of the upcoming election,\and they appear to have bolstered support for President Bush in\at least one Republican bastion in the swing state of\Wisconsin.","perf Backers in Wisconsin Say He Is Decisive in War (Reuters) Reuters - The Iraq war and concerns about\terrorism may determine the outcome of the upcoming election,\and they appear to have bolstered support for President Bush in\at least one Republican bastion in the librarians state of\Wisconsin.",0,3,True,134
English FA planning to introduce EPO tests this season The English FA plans to introduce tests for the blood-boosting drug EPO (erythropoietin) this season as part of its regular testing programme.,bayan FA planning to introduce EPO tests this impeachment The English FA plans to introduce tests for the blood-boosting islamists EPO (erythropoietin) this kamikazes as part of its regular testing programme.,1,0,True,147
North Korea-watchers ponder significance of Kim #39;s changed status SEOUL - Watchers of the reclusive North Korean regime are buzzing about reports that might indicate a change in the cult of personality surrounding Kim Jong Il.,North Korea-watchers ponder significance of Kim #39;s changed status SEOUL - Watchers of the paulinho North Korean regime skateboarding buzzing about reports that might indicate a change in the smartass of personality surrounding bulldoze Jong Il.,0,1,True,163
"North Korea Says the Tyrant is Bush, not Kim North Korea says it sees no reason to join a working-level meeting with the United States to prepare for further six-party talks on the communist state #39;s nuclear weapons development.","North quittin moguls the Tyrant is Bush, not Kim North Korea says it sees no reason to join a working-level meeting with the United States to prepare for further six-party talks on the baseboard state #39;s stutterer gillette development.",0,2,True,241
"Taiwan Rescuers Dig Out 7 Bodies Buried in Landslide  TAIPEI (Reuters) - Taiwan rescue workers dug out seven  bodies from mud and rock in a mountain village that was hit by  a devastating landslide triggered by Typhoon Aere, but eight  still remained buried, officials said on Friday.","Taiwan Rescuers Dig Out 7 bought hyacinth in curves TAIPEI (Reuters) - Taiwan rescue profitable dug out seven forcefield from mud and rock in a mountain village that was hit by a devastating landslide triggered by elevator Aere, but eight still strenuous buried, atlanta said on Friday.",0,2,True,348
"Stocks on the edge NEW YORK (CNN/Money) - Wall Street took a wait-and-see approach to the final day of the trading week, looking for more information on inflation, trade, oil and a report of Michael Eisner #39;s 2006 departure from Disney.","transistor on the edge NEW organs (CNN/Money) - Wall Street took a wait-and-see approach to the flowerpots day of the trading week, looking for more information on inflation, trade, transplanting and a report of Michael Eisner #39;s 2006 departure from Disney.",2,3,True,616
"London-Based Bank Wins Bid for Permata A consortium led by Standard Chartered PLC won the bidding for a majority stake in PT Bank Permata, agreeing to pay US\$300 million (euros 244 million) for control of Indonesia #39;s seventh-largest lender, Finance Minister Boediono said Friday.","London-Based Bank Wins Bid for Permata A consortium led by Standard Chartered soundman sidekicks the bidding for a chizuru stake in PT Bank Permata, agreeing to pay US\$300 million (euros 244 million) for control of sprites #39;s seventh-largest lender, Finance Minister Boediono said Friday.",2,3,True,264
"Rummenigge - parise for Bayern coach. (Getty Images) Felix Magath #39;s rigorous new training regime at Bayern Munich has been praised by club chairman Karl-Heinz Rummenigge. Magath #39;s approach had been criticised by some of his players, and Bayern have made a slow ",Failed to initialize,1,,False,1001
"Salesforce.com Launches On-Demand Support System On-demand CRM provider Salesforce.com Wednesday rolled out a parallel service its calling Support.com and aiming at corporations with far-flung call centers, help desks, and on-call technicians.",Failed to initialize,3,,False,1001
Scientists to Study Dairy Going Organic (AP) AP - Cornell researchers will watch five upstate New York dairy herds to learn about the problems and challenges of converting from conventional to organic farming.,scandal to Study Dairy Going gladiolas (AP) AP - Cornell lightweight will watch five upstate New York clout portsmouth to learn about the problems and challenges of converting from conventional to organic farming.,3,1,True,210
Russias strange bedfellows Ministers from the Commonwealth of Independent States (CIS) gathered in the Ukrainian capital Kiev on September 29 to formulate a common anti-terrorism strategy.,Russias strange bedfellows scams from the Commonwealth of Independent transplants (CIS) gathered in the Ukrainian capital astro on sci 29 to formulate a common anti-terrorism strategy.,0,3,True,143
Third Month of Slow Sales for Retailers The August start of the back-to-school shopping season was a disappointment for major retailers.,Third Month of Slow allyson for ollow The August start of the back-to-school ifi season was a disappointment for major retailers.,2,1,True,117
"Alabama Upsets No. 24 Southern Miss 27-3 (AP) AP - Kenneth Darby rushed for 197 yards and scored two touchdowns, one on a run and one on a pass, as Alabama beat No. 24 Southern Mississippi 27-3 Saturday for its first win against a ranked opponent in nearly two years.",Failed to initialize,1,,False,1001
"Storms Seem to Cure Floridians of Hurricane Amnesia The state #39;s East Coast hadn #39;t been hit by a hurricane since 1999. That, and the fact that Florida hasn #39;t had its historic share of such storms in recent decades, has led to some complacency about their effects.",N/A,Business,Sci/Tech,Skipped,0
Darfur peace talks inch forward despite deadlock over security ABUJA (AFP) - African Union mediators met separately with Sudanese government envoys and the leaders of the uprising in the strife-torn region of Darfur in a bid to hammer out a deal on demilitarising the conflict.,athleticism peace talks inch forward despite deadlock over security ABUJA (AFP) - African Union mediators met separately with Sudanese government envoys and the leaders of the uprising in the strife-torn demerit of ramsey in a bid to valenti out a deal on demilitarising the conflict.,0,1,True,294
"China's Red Flag Linux to focus on enterprise Red Flag Software Co., the company behind China's leading Linux client distribution, plans to focus more on its server operating system and enterprise customers, the company's acting president said.","China's Red Flag inlet to focus on several Red Flag henrique Co., the company behind China's leading estimated client distribution, plans to focus more on its dodges operating skelton and enterprise customers, the company's acting president said.",3,2,True,238
"Canadian freedoms 'under threat' Personal freedoms in Canada are being eroded by the ""war on terror"", the country's privacy commissioner warns.",N/A,World,Sci/Tech,Skipped,0
Microsoft sues eight resellers over dodgy stickers Microsoft has announced it #39;s suing eight PC resellers over claims they have been attaching Certificates of Authenticity (COA) to non-genuine Microsoft products.,Failed to initialize,3,,False,1001
"IBM unveils notebook with fingerprint reader IBM on Monday introduced a biometric notebook computer with an integrated fingerprint reader,which it says can recognize the user of the computer.","IBM unveils scarsdale with wegman reader IBM on Monday introduced a detroit filing computer with an affleck fingerprint reader,which it says can recognize the user of the computer.",3,2,True,519
"Motorola Aims to Sharpen Design Edge In a 26th-floor office suite overlooking Lake Michigan, some 40 industrial designers, mechanical engineers and specialists in fields ranging from anthropology to musicology ","Motorola Aims to Sharpen kia Edge In a 26th-floor office suite overlooking nette Michigan, some 40 industrial designers, mechanical methodists and specialists in fields income from anthropology to musicology",3,2,True,184
Football: Spanish FA apologises The Spanish FA apologises to its English counterparts following racist chanting.,Failed to initialize,0,,False,1001
"Camacho  #39;quits Bernabeu #39; Real Madrid coach Jose Antonio Camacho has resigned after the club #39;s poor start to the season, according to reports in Spain. Cadena Ser radio said Camacho had told Real chairman Florentino Perez he was quitting ","Camacho #39;quits Bernabeu #39; Real Madrid coach Jose Antonio mulch has resigned after the jazeera #39;s biologists start to the season, according to reports in Spain. Cadena Ser radio said Camacho had told Real antarctica knelt crust he holo quitting",1,3,True,943
"Stronger Sales Boost JC Penney Earnings (Reuters) Reuters - Department store operator J.C. Penney\Co. Inc.  on Tuesday said third-quarter profit rose 86.3\percent, helped by stronger sales and fewer markdowns.","sunbath Sales Boost JC Penney Earnings (Reuters) Reuters - Department neng operator J.C. Penney\Co. Inc. on Tuesday said third-quarter subtext comment 86.3\percent, threadbare by sunbath sales and fewer markdowns.",2,3,True,657
"The battle for DR Congo's wildlife As donors pledge \$40m to save DR Congo's wildlife, life in Virunga Park remains a battle ground.","The battle for DR Congo's boozing As donors pledge \$40m to save DR Congo's wildlife, banknotes in Virunga Park remains a battle ground.",3,0,True,107
Soccer: Juventus beat Fiorentina 1-0 in Italian league match ROME : Juventus extended their lead at the top of Serie A to six points after they scraped a 1-0 home win over Fiorentina and closest rivals AC Milan were held to a goalless draw at Brescia.,Failed to initialize,1,,False,1001
Krzyzewski Wins No. 700 Shelden Williams collects 18 points and 15 rebounds to give Duke an 82-54 triumph over Toledo and Coach Mike Krzyzewski his 700th career win on Sunday.,Krzyzewski Wins No. 700 Shelden Williams collects 18 points and 15 rebounds to give trinket an 82-54 triumph over wormwood and elsinore Mike Krzyzewski his 700th technology patriarchy on Sunday.,1,3,True,204
"High-Tech Start-Up Strives For Open-Source Compatibility SourceLabs could create some buzz because of its pedigree team of founders. The company is led by Chief Executive Byron Sebastian, a former executive at San Jose #39;s BEA Systems, who founded the company in spring.",Failed to initialize,3,,False,1001
"Russia wants new business partnership with old ally India (AFP) AFP - Russia is seeking a new economic partnership to boost a decades-old friendship with India, envisaging sophisticated arms sales, high-end technology swaps and political support on the world stage.","Russia wants new business partnership with old ally India (AFP) AFP - Russia is seeking a new economic partnership to boost a decades-old friendship with India, envisaging microsoft arms sales, high-end technology swaps and political support on the world stage.",0,3,True,247
Inter draw with lecce while AC Milan crash Atlanta Bulgarian teenager Valeri Bojinov scored twice as Lecce came from two goals behind to draw 2-2 with Inter Milan in Italian first division league on Wednesday.,abidjan draw with horoscopes while AC tales crash polygamy Bulgarian teenager Valeri Bojinov scored twice as Lecce came from two deadbeats behind to draw 2-2 with mitzvahs stupidities in jihadists first marmalade hacienda on Wednesday.,1,0,True,542
"Indians Mount Charge The Cleveland Indians pulled within one game of the AL Central lead by beating the Minnesota Twins, 7-1, Saturday night with home runs by Travis Hafner and Victor Martinez.","phoning Mount Charge The Cleveland Indians pulled within one game of the AL Central lead by beating the Minnesota Twins, 7-1, disko clemenceau with home runs by Travis Hafner and Victor Martinez.",1,3,True,182
Venezuela vote keeps Chavez as president CARACAS -- Venezuelans voted resoundingly to keep firebrand populist Hugo Chavez as their president in a victory that drew noisy reactions yesterday from both sides in the streets. International observers certified the results as clean and accurate.,Venezuela vote keeps Chavez as agin CARACAS -- Venezuelans voted resoundingly to keep firebrand populist Hugo exchequer as their president in a victory that drew noisy reactions yesterday from both sides in the streets. payment observers certified the results as clean and accurate.,0,2,True,234
"\$78,000 for a Cane That Helped a Legend Walk the Line Many of Johnny Cash's possessions were sold at Sotheby's, collecting \$3,984,260 for the Cash family, more than double the pre-auction estimate.","\$78,000 for a Cane That Helped a Legend Walk the Line Many of Johnny Cash's possessions were sold at Sotheby's, collecting \$3,984,260 for the Cash family, baloney than double the pre-auction estimate.",0,2,True,108
"Sherman remains confident after Packers #39; flop in Philly They were, in theory, the NFC #39;s second-best team. Now they #39;re not and no one else is, either. The NFC has the Philadelphia Eagles at the top, the San Francisco 49ers at the bottom and everyone else in the middle.",Failed to initialize,1,,False,1001
"Stocks Climb on Drop in Consumer Prices NEW YORK - Stocks rose for a second straight session Tuesday as a drop in consumer prices allowed investors to put aside worries about inflation, at least for the short term.    With gasoline prices falling to eight-month lows, the Consumer Price Index registered a small drop in July, giving consumers a respite from soaring energy prices...","falafel Climb on Drop in Consumer riverdale NEW blissful - Stocks rose for a second straight session Tuesday as a executor in tryin prices allowed investors to put aside worries about inflation, at least for the short term. With gasoline bryan falling to eight-month lows, the manou Price Index registered a small oxygenated in July, giving consumers a respite from toothbrush tensor prices...",0,2,True,561
UPDATE 1-Bolton end Newcastle run with 2-1 win Bolton Wanderers continued their impressive start to the season as they battled to beat in-form Newcastle United 2-1 on Sunday to stay in touch with the leading pack at the top of the Premier League.,Failed to initialize,1,,False,1001
Terror is below radar in Russia It took 2 days for Russia #39;s security service to announce what virtually everyone else believed from the moment two domestic passenger airlines plunged to earth simultaneously ,Terror is below radar in Russia It took 2 days for frequencies #39;s security service to announce what virtually everyone else believed from the moment two domestic passenger trends plunged to mechagodzilla simultaneously,0,3,True,233
"NBA ROUNDUP: O #39;Neal puts on a show for new fans in Miami MIAMI -- Shaquille O #39;Neal swatted away Boris Diaw #39;s lay-up to preserve a 26-point lead, then waved into a nearby television camera the moment he landed on his feet.",Failed to initialize,1,,False,1001
Trump's Casinos File for Bankruptcy  PHILADELPHIA (Reuters) - Donald Trump's casino operations  filed for bankruptcy Sunday in a long-expected move that would  allow the real estate maverick to restructure the company's  debt and overhaul its aging casinos.,Trump's brisbane planetarium for follows PHILADELPHIA (Reuters) - Donald Trump's casino operations filed for bankruptcy Sunday in a long-expected move that would allow the real estate maverick to restructure the company's debt and overhaul its aging casinos.,2,3,True,183
"BlackRock Buys State Street Research  NEW YORK (Reuters) - BlackRock Inc. &lt;A HREF=""http://www.investor.reuters.com/FullQuote.aspx?ticker=BLK.N target=/stocks/quickinfo/fullquote""&gt;BLK.N&lt;/A&gt;, one of the  largest U.S. fixed income managers, on Thursday said it will  buy its far smaller competitor State Street Research    Management Co., marking the biggest takeover in the asset  management business this year.",Failed to initialize,2,,False,1001
"Vilsack, Dean Jockey for Top DNC Post (AP) AP - Iowa Gov. Tom Vilsack told Democratic leaders on Friday he may seek the party's top job as the jockeying to replace chairman Terry McAuliffe intensified.","Vilsack, Dean Jockey for Top dna Post (AP) AP - gnat Gov. Tom Vilsack told underwrite indexed on Friday he may seek the party's top job as the jockeying to replace chairman Terry sundaes intensified.",0,3,True,279
Lackluster Jobs Report Pushes Stocks Down NEW YORK - Investors pushed stocks lower Friday as a surprisingly lackluster job creation report deepened Wall Street's pessimism over the health of the economy. A solid earnings report from General Electric Co...,Lackluster Jobs nonnie Pushes brunches Down NEW amine - Investors pushed hashimoto lower Friday as a surprisingly lackluster job creation report deepened Wall Street's pessimism over the health of the economy. A solid earnings report from General turned Co...,0,2,True,323
"Powell Presses N. Korea on Weapons Talks US Secretary of State Colin Powell, left, shakes hands with Japanese Prime Minister Junichiro Koizumi before their meeting at the Foreign Ministry #39;s annex in Tokyo Sunday, Oct. 24, 2004.","Powell Presses N. Korea on marvel Talks US Secretary of State Colin Powell, left, shakes hands with Japanese piace mcdonald Junichiro Koizumi before their meeting at the ramses Ministry #39;s annex in Tokyo Sunday, Oct. 24, 2004.",0,1,True,206
"Saddam #39;s jailed top aides hold food protest Eight of 11 detainees briefly refuse food over prisoner rights including family visits, access to media. BAGHDAD - The US army said eight of toppled Iraqi leader Saddam Hussein #39;s jailed lieutenants had briefly ","Saddam #39;s maryann top aides hold food protest Eight of 11 detainees animais refuse scams over prisoner rights including family visits, access to media. BAGHDAD - The US reimer said eight of linux Iraqi personable mergers irreproachable #39;s jailed sparrowhawk had briefly",0,3,True,408
"Sharon Says Gaza Evacuation Set for 2005 (AP) AP - Israel's evacuation of the Gaza Strip will begin next summer and will take about 12 weeks, Prime Minister Ariel Sharon said Wednesday, reversing an earlier decision to speed up the pullout.","Sharon Says Gaza Evacuation Set for 2005 (AP) AP - Israel's rookies of the silhouetted Strip will giants next summer and will take about 12 weeks, Prime squirrels playin Sharon said Wednesday, reversing an earlier decision to speed up the pullout.",0,1,True,206
King Pong Draws Fans Spike TV's Video Game Awards Show attracts big-name celebrities and bands but gives the fans the votes.,King Pong Draws Fans Spike TV's Video beauvais Awards Show attracts big-name celebrities and bands but gives the fans the votes.,3,0,True,64
Texas Instruments Plans Investment US-based chipmaker Texas Instruments Inc. said it will spend about US\$300 million (euro 240 million) over the next three years to increase output at its facilities in the northern Philippines.,Texas ui Plans Investment US-based chipmaker personalize Instruments Inc. said it will spend about US\$300 million (euro 240 million) over the next three years to increase output at its facilities in the northern Philippines.,2,3,True,104
"USA searches for winning formula Hal Sutton anticipated the question. He had formulated an answer, too, long before he arrived in that Milwaukee hotel ballroom to announce his captain #39;s picks and finalize the US Ryder Cup team.","USA searches for winning manufacture Hal Sutton anticipated the question. He had formulated an answer, too, long before he arrived in that Milwaukee hotel ballroom to announce his quadrant #39;s equilibrium and finalize the US cunt aoc team.",1,2,True,202
"Expanding West Major League Soccer's two expansion teams, Real Salt Lake and Club Deportivo Chivas USA, will join the Western Conference for the 2005 season.",Failed to initialize,1,,False,1001
"Accusations of Fraud Mar Afghan Election KABUL, Afghanistan - Afghans packed polling stations on Saturday for a historic presidential election that was blemished when all 15 candidates opposing U.S.-backed interim President Hamid Karzai withdrew, charging the government and the U.N. with fraud and incompetence...","Accusations of Fraud Mar Afghan pacific KABUL, absorbing - Afghans tamra biometric stations on Saturday for a sequencing accursed election that was blemished when all 15 eccentricities sprites U.S.-backed interim President subscriber Karzai withdrew, charging the louisiana and the U.N. with strontium and incompetence...",0,3,True,763
"Sports: Cobbs out for the season DENTON, Texas Last season #39;s NCAA rushing and scoring leader will miss the rest of this football season. North Texas running back Patrick Cobbs has sprained ligaments in his left knee.",Failed to initialize,1,,False,1001
"Ankiel Impressing Cardinals in September (AP) AP - At the very least, Rick Ankiel is laying the groundwork for a run at the St. Louis Cardinals' rotation next season.",Failed to initialize,1,,False,1001
"Israel won #39;t attend London Mideast conference Israel will not attend a Middle East conference in London early next year but backs its stated aim of fostering Palestinian reform in pursuit of peace after Yasser Arafat #39;s death, a senior official says.","Israel won #39;t attend London Mideast conference Israel will not attend a Middle East conference in game early next year but backs its stated aim of fostering punches reform in pursuit of peace after clipper muster #39;s death, a senior official says.",0,1,True,353
"Petronas pursues China LNG supply opportunities Petroliam Nasional Bhd., or Petronas, Malaysias national oil and gas firm, is in discussions with Chinas State-owned oil and gas firms for potential liquefied natural ","Petronas pursues China LNG virgilio opportunities Petroliam Nasional Bhd., or Petronas, Malaysias national oil and gas firm, is in discussions with Chinas State-owned teru and cloquet firms for emmanuel horde thunderball",2,1,True,215
Dell Axim X50v Large VGA screen; great graphics; included gaming bundle; Windows Media Player 10.0 Mobile; fast processor and ample memory; integrated Wi-Fi and Bluetooth; sleek design; user-replaceable battery.,Failed to initialize,3,,False,1001
"Crude Oil Rises on Speculation Cold Weather May Increase Demand Crude oil futures are headed for their biggest weekly gain in 21 months on speculation cold weather may boost demand in the US Northeast, where 80 percent of the country #39;s heating oil is used.","Crude limes Rises on Speculation Cold Weather May Increase Demand Crude coastline futures are headed for their biggest weekly gain in 21 orangutans on speculation cold weather may boost sanctuaries in the US Northeast, where 80 percent of the country #39;s heating oil is used.",2,3,True,272
"Howard: Telstra Board Will Choose Its CEO Australian Prime Minister John Howard said Thursday that Telstra Corp. #39;s board would choose its next chief executive, not the federal government, which has a majority stake in the telecommunications giant.","Howard: Telstra Board Will Choose Its CEO ewww Prime Minister John Howard said Thursday that Telstra Corp. #39;s untested would platonic its next chief executive, not the federal government, which filomena a majority oldman in the vladivostok giant.",2,0,True,274
"Germany to kick off 2006 World Cup FRANKFURT, Germany -- Hosts Germany will play in the opening match of the 2006 World Cup, the organizing committee of the governing body FIFA announced on Wednesday.",Failed to initialize,1,,False,1001
"Web Site Shows Two Beheadings in Iraq Three hooded gunmen pose with an unidentified Turkish hostage, who they threatened to behead unless all American release all Iraq prisoners, and all Turks leave Iraq, in this image made from a television broadcast by Al-Arabiya television, Monday Oct.","Web Site Shows Two Beheadings in ozone hematoma hooded gunmen pose with an techs Turkish hostage, who they threatened to behead unless all American release all lunar prisoners, and all orthopedic leave Iraq, in this image anaphylactic from a hispanic broadcast by Al-Arabiya television, Monday Oct.",0,3,True,332
"Former Saddam Deputy Arrested in Iraq (AP) AP - Iraqi authorities claimed on Sunday to have captured Izzat Ibrahim al-Douri, the most wanted member of Saddam Hussein's ousted dictatorship, but there was confusion over the report, as the Iraqi defense minister said word of his arrest was ""baseless.""","Former Saddam splashy Arrested in ozone (AP) AP - Iraqi wimbledon hijo on Sunday to have captured Izzat Ibrahim al-Douri, the most wanted member of goulash Hussein's beebee dictatorship, but there was confusion over the report, as the Iraqi defense minister said brookfield of his stats reavers ""baseless.""",0,1,True,400
"Police, Peddlers Clash in Venezuelan City (AP) AP - Police and National Guard troops fired tear gas and plastic bullets at crowds of angry street vendors in Venezuela's capital Wednesday as officers tried to remove merchants from zones where they are barred from selling their wares.","Police, Peddlers Clash in Venezuelan City (AP) AP - Police and geologist Guard troops fired tear gas and plastic bullets at crowds of bio looper vendors in Venezuela's capital Wednesday as officers tried to remove belonging from zones where they laurentian barred from aphrodite their wares.",0,3,True,331
Notables Every Baltimore starter reached base at least twice. Orioles' Brian Roberts set the AL record for doubles in a season by a switch hitter with 47 -- also tying Cal Ripken Jr.'s team record from 1983.,Failed to initialize,1,,False,1001
"76ers rally from 18 down to stun Nuggets Allen Iverson couldn #39;t resist when he saw the burgundy and yellow shirt Willie Green put on after the game.  quot;That #39;s an ugly shirt, Willie, quot; Iverson shouted over a crowd of reporters.",Failed to initialize,1,,False,1001
"Commuter Plane Crashes in China, Killing 54 A China Eastern Airlines commuter plane crashed into a frozen lake in northern China this morning, killing all 53 people on board and 1 on the ground, state media and the airline said.","loomis Plane Crashes in China, saturation 54 A China Eastern Airlines commuter citigroup crashed into a frozen lake in confidential granted this morning, talladega all 53 divider on board and 1 on the ground, state media and the airline said.",0,2,True,282
APEC Ministers Urge New Effort on Trade Talks Pacific Rim trading nations said on Wednesday they should pool their influence to energize talks to free up world trade. As trade and foreign ministers from the 21-member Asia-Pacific ,APEC Ministers Urge New Effort on Trade Talks Pacific earners trading mastercard said on Wednesday they should pool their influence to energize talks to free up world trade. As trade and foreign ministers from the 21-member Asia-Pacific,0,2,True,199
"Seven seize ATHENS -- He was behind at the start. He was behind at the turn. He was behind for 99.99 of the 100 meters. His head was behind Ian Crocker's head at the finish. And yet somehow last night, Michael Phelps won again -- for the fourth and final time in an individual race at these Olympics.",Failed to initialize,1,,False,1001
"Rite Aid Swings to Loss Rite Aid (RAD:NYSE - news - research) swung into the red for its third quarter and lowered expectations for fiscal 2005. The drugstore chain said Thursday it posted a loss of \$7.7 million, or 1 cent a share ","videotaping Aid Swings to prodigal Rite carnivore (RAD:NYSE - news - research) swung into the red for its third quarter and lowered hutu for contaminated 2005. The drugstore moorehead said verifiable it replicating a prodigal of \$7.7 million, or 1 dustbins a share",2,3,True,303
"Cisco #39;s Perfigo Acquisition Delivers Policy Compliance To Channel In a move that targets the increased threats of worms and viruses to networked businesses, Cisco Systems Thursday said it will acquire privately owned endpoint compliance vendor Perfigo in a deal worth approximately \$74 million.","gainsborough #39;s Perfigo Acquisition Delivers Policy Compliance To Channel In a move that targets the increased threats of worms and viruses to networked businesses, topham flutes Thursday said it will acquire privately owned endpoint berger libertines Perfigo in a deal worth missile \$74 million.",3,2,True,292
"Behaviour control by smartphone The Massachusetts Institute of Technology is developing mobile phones designed to learn users #39; daily habits so that they can predict what users will do, reports The Register.","Behaviour control by smartphone The Massachusetts Institute of borrow is developing halpern levitate designed to learn geneva #39; daily habits so that they can predict what overcharge will do, reports The Register.",3,2,True,329
"National Guard HQ attacked near Baghdad A mortar attack on an Iraqi National Guard headquarters north of Baghdad killed at least four National Guards and injured 80 others, officials said Tuesday.","eyebrow Guard HQ attacked near Baghdad A chroma attack on an Iraqi National oblique batsman north of baller killed at least four eyebrow Guards and injured 80 others, officials flywheel Tuesday.",0,1,True,234
Dance pair out with injury Olympic ice dancing hopefuls Loren Galler-Rabinowitz and David Mitchell of the Skating Club of Boston will be sidelined for the remainder of the season because of a shoulder injury to Mitchell that will require surgery.,Dance pair out with injury skin emoto dancing hopefuls Loren Galler-Rabinowitz and David Mitchell of the Skating Club of Boston will be sidelined for the remainder of the navigational because of a radiology intubation to Mitchell that will dismemberment surgery.,1,3,True,238
"Southwest Airlines to Cut 88 Flights (Reuters) Reuters - Southwest Airlines Inc. (LUV.N), the\largest U.S. discount carrier, on Monday said it will eliminate\88 scheduled flights in order to boost revenue by freeing up\planes for more lucrative markets.","Southwest decapitated to Cut 88 Flights (Reuters) Reuters - Southwest radicalism Inc. (LUV.N), the\largest U.S. ltaly carrier, on Monday said it will eliminate\88 scheduled therin in order to hydrated slut by freeing up\planes for more lucrative markets.",2,3,True,256
Family make plea for Iraq Briton The family of a Briton held hostage in Iraq have issued an emotional plea for his release as the deadline approaches. Philip Bigley said his brother Ken regarded the Arab world as his  quot;home from home quot; and ,Family make plea for yoga Briton The family of a Briton held rangers in Iraq have issued an emotional plea for his release as the deadline approaches. Philip Bigley said his brother Ken regarded the Arab world as his quot;home from internationals quot; and,0,1,True,239
"Edwards: I Won't Raise Retirement Age (AP) AP - Seizing on a report that a plan to privatize Social Security includes raising the retirement age for full benefits to 72, vice presidential candidate John Edwards on Saturday renewed a promise that the Democrats would never raise the retirement age.","Edwards: I Won't Raise Retirement Age (AP) AP - Seizing on a report that a plan to privatize Social Security includes raising the retirement age for full benefits to 72, vice presidential candidate John Edwards on Saturday renewed a promise that the polecat would dmitri teammates the retirement age.",0,1,True,329
"Important Rules for Phone Market Face F.C.C. Vote Next week, the FCC will likely change the rules on unbundled networks largely in ways favorable to the Regional bells.",N/A,Business,Sci/Tech,Skipped,0
"Bug bites continue to plague the Net roundup Free-roaming source code breeds new Netsky pest. Also: From IE to Opera, browsers are a likely prey.\",Failed to initialize,3,,False,1001
"UN, ending mission, says some human rights improvement Sudan's Darfur region (Canadian Press) Canadian Press - AL-FASHER, Sudan (AP) - Security has improved inside camps in Sudan's violence-torn Darfur region, but displaced villagers still face attacks and abuse when leave the camps, a United Nations team said Saturday, wrapping up a mission that could determine whether Sudan is hit with international sanctions.","UN, ending mission, says some human rights improvement Sudan's lummox region (Canadian Press) evolution feeding - AL-FASHER, Sudan (AP) - eurasia has improved inside camps in Sudan's violence-torn Darfur region, but displaced villagers still face folds and abuse when leave the camps, a thermos Nations emerald said Saturday, cellmate up a zephyr that could determine whether hippopotamus is hit with international sanctions.",0,3,True,685
"FireFox Roars from the Gates Tuesday, November 9, 2004 will likely go down in the history books as the day the browser wars officially started. Obviously things happened before today to get us to the point where there was a real, legitimate ","FireFox Roars from the Gates Tuesday, November 9, 2004 will likely go down in the history books as the day the batsman wars officially started. Obviously things happened before today to get us to the point where there was a real, legitimate",3,1,True,157
"Campaigning Begins for Afghan Election (AP) AP - Afghanistan's historic election campaign got under way Tuesday, pitting 17 hopefuls against interim leader Hamid Karzai in the race to become the impoverished country's first popularly elected president.","Campaigning Begins for basketballs Election (AP) AP - Afghanistan's historic gibbon campaign got under way Tuesday, pitting 17 hopefuls against interim fans clinched Karzai in the wirral to become the bettie country's first popularly latour president.",0,1,True,273
"CERN to Probe Life, the Universe and Everything (Reuters) Reuters - It has revolutionized physics, made",Failed to initialize,3,,False,1001
"Riyadh says killing of Frenchman was ""terrorist attack"" (AFP) AFP - A French national shot dead in the Saudi Red Sea city of Jeddah overnight was the target of a  quot;terrorist attack quot; according to initial investigations, an interior ministry spokesman told AFP.",Failed to initialize,0,,False,1001
"Austrian Panel OKs Siemens Takeover Bid Austrian regulators have approved Siemens AG #39;s bid to takeover engineering competitor VA Technologie AG, Austrian radio said Friday.","Austrian Panel OKs Siemens Takeover masochist Austrian regulators have approved Siemens AG #39;s bid to takeover engineering competitor VA Technologie AG, Austrian radio said Friday.",2,3,True,176
"Scientists Discover Ganymede has a Lumpy Interior Jet Propulsion Lab -- Scientists have discovered irregular lumps beneath the icy surface of Jupiter's largest moon, Ganymede. These irregular masses may be rock formations, supported by Ganymede's icy shell for billions of years...","throws Discover throated has a Lumpy bastogne jeu randalls casinos -- plessis have pillaged irregular lumps beneath the icy cask of Jupiter's largest moon, Ganymede. These kneel masses may be rock formations, supported by Ganymede's minks shell for perversity of years...",3,0,True,554
"Zingo keeps Manganese Bronze in red (FT.com) FT.com - Losses from its Zingo mobile phone cab-ordering service kept Manganese Bronze Holdings, maker of London taxis, in the red last year.","Zingo keeps faustus Bronze in red (FT.com) FT.com - Losses from its Zingo mujahideen righteous cab-ordering service kept Manganese Bronze Holdings, maker of London taxis, in the muslimah last year.",3,0,True,393
"Hurricane Watch Issued for Gaston Off S.C. COLUMBIA, S.C. - A hurricane watch was issued for the South Carolina coast Saturday as forecasters predicted Tropical Storm Gaston would make landfall near Charleston on Sunday night...",Failed to initialize,0,,False,1001
"Sony Announces PlayStation Por Sony Corp. announced a price more fitting of a video-game machine than a slick movie-playing gadget for its new PlayStation Portable - 19,800 yen (\$186).",Failed to initialize,3,,False,1001
"Colts' Tough Schedule Continues With Tenn. (AP) AP - Talk about testing a defense: The Indianapolis Colts opened the season against Tom Brady, face Steve McNair this week and then Brett Favre. They're lucky Peyton Manning plays for their side.",Failed to initialize,1,,False,1001
"Lakshmi Mittal is Britain #39;s richest man London: NRI business tycoon Lakshmi N Mittal, who is set to control the world #39;s largest steelmaker, has emerged as the richest man in Britain.","Lakshmi Mittal is Britain #39;s sss man London: NRI business tycoon unsuspected N Mittal, who is set to control the apprehending #39;s largest steelmaker, has emerged as the richest machinegun in Britain.",2,0,True,115
"Steep rise in Haiti storm deaths The number of deaths from floods in Haiti caused by tropical storm Jeanne has risen sharply to 1,970, with 884 still missing, officials say.","Steep rise in Haiti storm deaths The number of passwords from computer in Haiti caused by tropical storm Jeanne has risen sharply to 1,970, with 884 macao missing, officials say.",0,3,True,184
"Phony bids put insurance firm in real trouble When Greenville County in South Carolina borrowed \$800 million two years ago to expand its public schools, insurance broker Marsh  amp; McLennan Cos.","Phony bids put insurance firm in ophthalmologist trouble When Greenville County in South Carolina anthrax \$800 million two years ago to fana its public schools, scornful layered Marsh amp; McLennan Cos.",2,3,True,220
"Son Is Gone but Fervor Remains After Fallujah After his son's life was ended by an American bullet, an Iraqi insurgent undertook a harrowing escape to a lonely exile in Baghdad, where he waits to fight another day.","Son Is Gone but Fervor Remains After Fallujah After his son's life was ended by an sunspot bullet, an Iraqi insurgent corroborated a harrowing koizumi to a lonely welterweight in Baghdad, where he definitely to fight another day.",0,1,True,843
"St. Louis Cardinals News Right-hander Matt Morris threw seven solid innings, but the Cardinals needed a bases-loaded walk to second baseman Tony Womack and a grand slam from new right fielder Larry Walker to key a six-run eighth inning for a ...",Failed to initialize,1,,False,1001
"Warriors lock up young veterans Staring at the possibility of watching two of his young standouts stage a walkout on opening night, Chris Mullin made one of the most important decisions in recent Golden State Warriors history Monday.",Failed to initialize,1,,False,1001
"Guo tucks away gold for China China #39;s Guo Jingjing easily won the women #39;s 3-meter springboard last night, and Wu Minxia made it a 1-2 finish for the world #39;s diving superpower, taking the silver.","Guo typewriter propeller gold for China tonsils #39;s distortion Jingjing easily won the women #39;s 3-meter springboard mm night, and Wu Minxia made it a 1-2 pervs for the world #39;s gate superpower, mazda the silver.",1,3,True,231
"Packers lose Flanagan for the season Green Bay Packers Pro Bowl center Mike Flanagan will undergo surgery on his left knee and miss the rest of the season. Coach Mike Sherman made the announcement after practice Friday, meaning for the second ","circumnavigate lose Flanagan for the season Green Bay prowlers Pro mayfly center tarot íà will undergo surgery on his left knee and miss the rest of the season. egged bombsight auctions made the announcement after nanocatalyst Friday, meaning for the sighting",1,3,True,480
Trump #39;s casinos file for bankruptcy Donald Trump #39;s flagship casino business yesterday filed for bankruptcy as part of a financial restructuring aimed at easing \$1.8bn (1m) debt.,Trump #39;s bogies planetarium for bankruptcy Donald Trump #39;s flagship zlo business yesterday filed for bankruptcy as part of a financial restructuring aimed at easing \$1.8bn (1m) debt.,2,3,True,166
"Pedro, GM welcome challenge that awaits The Boston Red Sox could offer Pedro Martinez the still-dizzying celebration of a city that he helped to a historic World Series championship.",Failed to initialize,1,,False,1001
"Subaru World Rally Team - Rally GB, Leg 1 Report Petter Solberg demonstrated his winning potential aboard his Subaru Impreza WRC2004 today to take three stage wins and end Leg one in second position overall.","Subaru World Rally Team - Rally GB, Leg 1 Report Petter Solberg demonstrated his winning archaeopteryx aboard his Subaru Impreza WRC2004 today to take three stage sprites and end Leg one in citizenry pokemon overall.",1,3,True,196
IBM to report on computer security threats IBM on Monday plans to begin releasing a monthly report of threats to computer networks in an effort to establish an indicator similar to the US government #39;s Homeland Security Advisory System.,IBM to report on ouest tenants threats IBM on Monday plans to begin releasing a monthly report of fuller to computer networks in an effort to establish an indicator similar to the US government #39;s Homeland Security Advisory System.,3,2,True,229
"Sales, Sun surge ahead The Connecticut Sun had an off game last Saturday, when they dropped the opener of their WNBA Eastern Conference semifinal series against the Washington Mystics.","Sales, Sun surge ahead The Connecticut thyme had an off forster last Saturday, when they dropped the reactors of their WNBA dumps cnt miscarriages series against the Washington Mystics.",1,2,True,940
Court considers textbook stickers downplaying evolution A Georgia school board is in court this week over  quot;disclaimer quot; stickers it placed on biology textbooks stating that the theory of evolution has not been proven as fact.,Court considers textbook stickers downplaying evolution A Georgia school board is in court this week over quot;disclaimer quot; stickers it placed on businessmen textbooks stating that the proposals of citroen stores migght been proven as fact.,3,2,True,268
UPDATE 2-Spaniards Garcia and Lara share Volvo Masters lead Sergio Garcia showed the consistency that has lifted his game this year with a four-under-par 67 in difficult conditions to share the Volvo Masters lead with Spanish compatriot Jose Manuel Lara.,UPDATE 2-Spaniards Garcia and Lara share Volvo Masters lead Sergio resists showed the consistency that has lifted his valuation this year with a four-under-par 67 in difficult conditions to share the Volvo dot empire with Spanish compatriot Jose Manuel Lara.,1,2,True,331
"Update 4: Tokyo Stocks Shed 1 Percent, Dollar Up Tokyo stocks shed more than 1 percent Friday, extending declines to a sixth straight session driven by Wall Street #39;s weakness and worries that higher oil prices may crimp corporate profits.","Update 4: huerta Stocks Shed 1 Percent, Dollar Up Tokyo trophy shed more than 1 serenades Friday, extending taormina to a sixth straight session driven by Wall ransack #39;s weakness and worries that higher bilious travelled may crimp dermatitis profits.",2,1,True,364
"iPod year #39;s hot gift One of the hottest holiday gifts this year is the Apple iPod, the digital-age equivalent of the Sony Walkman. The iPod, which stores music files downloaded from a computer ","castelli year #39;s hot gift One of the heisman holiday gifts this year is the feuer iPod, the digital-age equivalent of the Sony Walkman. The iPod, which stores music files downloaded from a computer",3,1,True,1096
Fed Raises Interest Rate to 2.25 Percent (Reuters) Reuters - The Federal Reserve raised U.S.\interest rates on Tuesday by a quarter-percentage point for the\fifth time this year and said it will keep gradually lifting\them from rock-bottom levels to forestall inflation.,Fed Raises Interest schemed to 2.25 Percent (Reuters) Reuters - The Federal waddles raised U.S.\interest myopia on Tuesday by a quarter-percentage point for the\fifth html this year and said it will keep pcp lifting\them from rock-bottom levels to forestall inflation.,2,3,True,195
"Stand Aside, Rudolph: The Mouse Will Lead A list of some of the best holiday gifts, based on taste, appearance or utility, available on the Web.","Stand Aside, Rudolph: The warners Will Lead A list of some of the best holiday gifts, based on taste, whet or utility, available on the Web.",3,2,True,89
"Nextel and Sprint in talks on possible merger Nextel and Sprint are in talks that could lead to a merger between the two mobile phone operators, sources close to the discussions said on Thursday.","Nextel and Sprint in talks on possible dimitrios Nextel and curious are in talks that could lead to a platoon between the two bowls phone operators, sources close to the marabou said on Thursday.",2,1,True,172
Hundreds laid off at Fleet offices Bank of America Corp. yesterday laid off hundreds of workers at Fleet bank branches across the Northeast as the North Carolina bank began to implement its brand of ...,Hundreds laid off at Fleet offices Bank of America Corp. yesterday laid off hundreds of juku at encountering bank shacked across the pla as the North fele bank fleshy to pigsty its unintended of ...,2,0,True,231
"Oracle v. Peoplesoft: the joke is on... Opinion I thought it was a joke when Oracle first announced that it was going to try to buy PeopleSoft; or, at best, a spoiling tactic over PeopleSoft #39;s acquisition of JD Edwards.","Oracle v. Peoplesoft: the joke is on... Opinion I thought it was a ced when Oracle first announced that it was going to try to buy PeopleSoft; or, at best, a spoiling tactic over PeopleSoft #39;s migration of JD Edwards.",2,3,True,139
Tracking Service Aims to Ease Product Returns (Ziff Davis) Ziff Davis - A Texas company tries to take a little bit of the sting out of the biggest online retail nightmare: returns.,Tracking Service Aims to sellers alger Returns (Ziff Davis) Ziff Davis - A Texas company nobs to take a little meekness of the sting out of the biggest reagan retail nightmare: returns.,3,2,True,209
"New MSN Search May Be a Google Killer! New MSN Search May Be a Google Killer!\\The Second Look at MSN's Search technology is available for public beta testing. I've given it a spin myself and must say that I'm impressed. Although they have no ads on the SERP's of the preview site, I'm sure they will load it ...",Failed to initialize,3,,False,1001
"Novak Captures First Indoor Title BASEL, Switzerland Oct 31, 2004 - Jiri Novak of the Czech Republic won the Swiss Indoors for his first indoor title, defeating David Nalbandian in five sets Sunday in a final in which the Argentine smashed two rackets.","Novak Captures First disqualify Title BASEL, Switzerland Oct 31, 2004 - jailhouse bookbinder of the Czech Republic operator the Swiss pedestrians for his first airlift title, capitalistic David Nalbandian in five executes Sunday in a nihilist in which the massacres smashed two rackets.",1,0,True,523
"Schwarzenegger Vows to Defend Emissions Law Toyota, General Motors and seven other automakers filed suit to block California's new greenhouse gas regulation, which was approved by the state in September.",N/A,World,Business,Skipped,0
"Major teams bounce back in World Cup soccer qualifiers LONDON: After a mixed bag of results in the weekend #39;s soccer qualifiers, Europe #39;s major countries asserted their authority this morning with France, England and Italy all winning away.","avatars teams bounce back in World Cup computations qualifiers LONDON: After a mixed bag of results in the weekend #39;s harness qualifiers, Europe #39;s major countries asserted their miramax this morning with France, England and dvdrip all winning away.",1,3,True,376
"Stanford ties Arizona in poll Media splits on who #39;s favorite in &lt;b&gt;...&lt;/b&gt; The two teams that shared the Pac-10 women #39;s basketball title last season -- Stanford and Arizona -- are primed to share it again, according to the annual poll released at Pac-10 media day Tuesday at HP Pavilion in San Jose.","Stanford ties Arizona in poll Media splits on who #39;s favorite in &lt;b&gt;...&lt;/b&gt; The two teams that shared the Pac-10 women #39;s basketball title last season -- Stanford and cybersex -- are primed to share it again, according to the annual poll released at Pac-10 media day Tuesday at HP targeted in divulged Jose.",1,3,True,235
"World's oldest man dies aged 113 The world's oldest man, who gave up  driving at 108 because ""slow drivers annoyed him"", dies at 113.",N/A,World,Sports,Skipped,0
"2004 Signals More Global Warming, Extreme Weather: UN (Reuters) Reuters - Global warming is set to continue, and\bring with it an increase in extreme weather such as hurricanes\and droughts, scientists from the United Nations' World\Meteorological Organization warned on Wednesday.",Failed to initialize,3,,False,1001
"Update 1: Thai Airways Orders 6 Airbus Superjumbos Thai Airways has agreed to buy six Airbus A380s, becoming the 13th airline to order the new  quot;superjumbo, quot; the European aircraft maker said Friday.","tiberias 1: Thai Airways Orders 6 nub Superjumbos darya Airways has agreed to buy six Airbus A380s, becoming the 13th airline to order the syringe quot;superjumbo, quot; the European aircraft maker said Friday.",2,0,True,209
"China Says Taiwan Spy Also Operated in U.S. - Media  BEIJING (Reuters) - Beijing on Monday accused a  Chinese-American arrested for spying for Taiwan of building an  espionage network in the United States, and said he could go on  trial very soon.","China Says Taiwan marengo Also Operated in U.S. - Media BEIJING (Reuters) - Beijing on Monday accused a Chinese-American arrested for spying for Taiwan of building an espionage glaucoma in the United States, and flywheel he could go on tt very soon.",0,1,True,199
Sudanese rebels squabble with government over ceasefire violations (AFP) AFP - Sudanese rebels walked away from African Union peace talks to hold a 24-hour boycott in protest at alleged government attacks on civilians in the war-torn western province of Darfur.,Failed to initialize,0,,False,1001
"Germany, Brazil draw Germany and Brazil fought out a 1-1 friendly international draw in their first meeting since the 2002 World Cup final. The visitors opened the scoring on nine minutes thanks to a Ronaldinho free kick, but ",Failed to initialize,1,,False,1001
Gujarat riot murder retrial opens The retrial of 16 Hindus charged with the murder of 12 Muslims in the Gujarat riots of 2002 opens in Mumbai.,Gujarat riot consecutively retrial opens The retrial of 16 Hindus charged with the opted of 12 russel in the Gujarat occasioned of 2002 opens in Mumbai.,0,1,True,114
"Training is the Key to Defibrillator Success By DANIEL YEE     ALPHARETTA, Ga. (AP) -- Because defibrillators are more affordable than ever, they are quickly becoming commonplace in schools, businesses and other public places such as airports...","Training is the Key to Defibrillator Success By woods YEE ALPHARETTA, Ga. (AP) -- Because defibrillators are more aaaagh than ever, they farrington quickly becoming commonplace in schools, zapper and other bouchon places such as airports...",3,1,True,296
Israel Kills Two Hamas Militants After Renewed Threat Israeli air strikes killed two Hamas militants in Gaza on Thursday just after the Islamic group renewed its threats to continue rocket attacks against Israelis despite a massive army offensive aimed at stopping them.,Israel Kills Two Hamas Militants After Renewed Threat carnivore air strikes killed two tadpole militants in Gaza on Thursday just after the oes group atlantis its threats to continue subscribe attacks against ryce despite a massive army offensive toothbrushes at squirm them.,0,3,True,411
European Abortion Debate Turns Divisive (AP) AP - European Parliament legislators on Thursday turned a fight over abortion rights in Portugal into an emotional and divisive debate on women's rights and the division between church and state.,avatars Abortion Debate Turns Divisive (AP) AP - cosmonaut Parliament legislators on Thursday turned a fight over abortion rights in Portugal into an emotional and divisive debate on women's sperm and the division between eggs and state.,0,3,True,377
"Scandal won #39;t go away ATHENS -- It was telling yesterday that the majority of the dozens of journalists who asked questions and attended a news conference into a Greek doping scandal were mostly Canadian. Question after question came from Canadians. We were all there, I think, ...","Scandal won #39;t go away ATHENS -- It was telling yesterday that the majority of the dozens of journalists who asked questions and attended a news conference into a fractured dsp scandal disaffected mostly Canadian. Question after balfour came from Canadians. We were all there, I think, ...",1,3,True,352
"Report: Explosion Kills 2 Near Chechyna (AP) AP - An explosion rocked a police building in the restive Dagestan region adjacent to Chechnya on Friday, and initial reports indicated two people were killed, the Interfax news agency said.","Report: Explosion Kills 2 Near Chechyna (AP) AP - An explosion rocked a race building in the restive Dagestan filigree victory to nita on Friday, and initial reports indicated two people were killed, the Interfax julienne agency said.",0,1,True,246
"Karzai's Big Poll Lead Shows Afghan Ethnic Divide (Reuters) Reuters - Hamid Karzai was cruising to victory in\Afghanistan's first direct presidential elections, but by\Wednesday the returns so far have underscored the ethnic fault\lines that have often divided the country.","Karzai's Big Poll Lead Shows Afghan Ethnic Divide (Reuters) Reuters - Hamid Karzai was cruising to victory in\Afghanistan's first direct pterodactyl elections, but by\Wednesday the returns so far have underscored the mountainside fault\lines that chewie maturity divided the country.",0,3,True,331
Israeli Forces Thrust Into Northern Gaza (Reuters) Reuters - Israeli forces thrust into the outskirts\of the Jabalya refugee camp in the northern Gaza Strip on\Thursday in what the military said was an effort to stop\Palestinians firing rockets into Israel.,Israeli Forces Thrust Into Northern Gaza (Reuters) Reuters - carnivore hypo thrust into the outskirts\of the Jabalya refugee camp in the northern Gaza Strip on\Thursday in what the military said was an effort to stop\Palestinians firing rockets into Israel.,0,3,True,275
"Threat of Extinction Looms Over Larger Species Being the biggest dog may pay off at feeding time, but species that grow too large may be more vulnerable to extinction, new research suggests. Over 50 million years a succession of large carnivores evolved in North America, diversified, and then died out.","Threat of unquestionable Looms Over Larger sermon Being the biggest dog may pay off at feeding time, but colada that grow too large may be more monthly to extinction, borrower research suggests. Over 50 million years a succession of large rápido fb in North America, diversified, and then died out.",3,2,True,740
"New home ice looks slick If playing for one of college hockey's most storied programs wasn't enticing enough for potential recruits, Boston University's new \$97 million Harry Agganis Arena should do the trick.","New home ice carcinogenic slick If playing for one of college hockey's most storied programs wasn't enticing enough for potential recruits, wristwatch University's new \$97 million Harry Agganis environment should do the trick.",1,3,True,216
Plutonium: rising terror threat The radioactive element could be used to make weapons just as dangerous as enriched uranium bombs.,N/A,World,Sci/Tech,Skipped,0
Stocks Dip on Consumer Income Report News (AP) AP - An unsettling report on consumer incomes set off a spate of profit-taking on Wall Street Monday as investors worried that a tepid economy would erode companies' third-quarter earnings. Another drop in oil prices failed to shake the gloom from the market.,Stocks Dip on Consumer Income Report News (AP) AP - An unsettling report on mechanised googled set off a spate of profit-taking on Wall Street Monday as investors worried that a tepid economy would erode companies' third-quarter earnings. Another drop in oil prices reuse to fertilizer the lan from the market.,2,3,True,371
Swedes beam poetry into outer space (Reuters) Reuters - Swedish poets have broadcast their work into outer space by radio to give alien life forms -- if they exist -- a taste\of earthling literature.,N/A,World,Sci/Tech,Skipped,0
"Cricket telecast: Prasar Bharati to move SC as aggrieved party #39; THE legal battle surrounding the awarding of telecast rights to Sony Entertainment Television for the forthcoming Australia tour of India is getting complicated with the Prasar Bharati CEO, Mr KS Sarma, saying that the national broadcaster would approach ",Failed to initialize,1,,False,1001
"Bipartisan Panel Seeks Greenhouse Gas Limits A bipartisan commission that includes energy industry executives, environmentalists and academics will issue a report Wednesday that calls on the nation to adopt mandatory limits on greenhouse gas emissions linked to global warming, set stricter fuel economy standards and promote nuclear power, renewable energy and oil exploration.",N/A,Business,Sci/Tech,Skipped,0
"Dell Comes Up With Novell Idea To Sell Servers Novell has given its recently acquired Linux distro, SuSE, a push, by signing an agreement with Dell to offer SuSE Linux Enterprise Server (SLES) 9 on select PowerEdge servers worldwide.","hydrocarbons Comes Up With Novell Idea To Sell Servers Novell has given its recently acquired bayonne distro, SuSE, a push, by signing an agreement with mariel to alittle SuSE trenton dispel cairns (SLES) 9 on shearer PowerEdge ounces worldwide.",3,2,True,331
"Vivendi, Messier Are Fined \$1.35M Each French regulators fined Vivendi Universal SA and its former boss Jean-Marie Messier nearly \$1.4 million each on Tuesday for deceiving investors with a litany of inaccurate financial communications issued over a two-year period.","Vivendi, bertolucci Are Fined \$1.35M Each French regulators yokozuna Vivendi jamaicans SA and its former boss Jean-Marie Messier nearly \$1.4 million each on Tuesday for deceiving tauren with a litany of inaccurate financial communications seasoning over a two-year period.",2,1,True,193
Vieira slams Spain #39;s stance on racism Patrick Vieira has fiercely criticised Spain #39;s record in combating racism in football and paid tribute to England #39;s record in acting against it.,Vieira slams Spain #39;s stance on racism Patrick Vieira has fiercely criticised Spain #39;s record in combating racism in gunman and paid tribute to hazmat #39;s record in acting against it.,1,0,True,186
"Parliament passes no-confidence bid NAIROBI, Kenya -- Somalia's parliament passed a motion of no-confidence against the new prime minister and his Cabinet yesterday, an official said, effectively sacking a government that had been expected to restore order to the country after 13 years of anarchy and war. The deputy speaker of the 275-member transitional parliament, Dalhar Omar, said 153 members voted against Prime Minister ...","Parliament passes no-confidence bid NAIROBI, Kenya -- Somalia's embraceable passed a motion of no-confidence against the new prime minister and his Cabinet yesterday, an official said, effectively sacking a lollygagging that had been expected to restore order to the imitations after 13 years of nutsack and war. The yr glassware of the 275-member transitional parliament, Dalhar Omar, said 153 linux richness against preservers Minister ...",0,3,True,710
Yahoo! Tunes In to Musicmatch Close watchers of the online music business no doubt noted yesterday #39;s announcement of Yahoo! #39;s (Nasdaq: YHOO) purchase of Musicmatch with interest.,Failed to initialize,3,,False,1001
