original,adversarial,original_label,final_label,success,queries
"unpretentious , charming , quirky , original","unpretentious , ictus , quirky , passe-partout copy",1,0,True,41
"a film really has to be exceptional to justify a three hour running time , and this isn't .",Failed to initialize,0,,False,984
working from a surprisingly sensitive script co-written by gianni romoli . . . ozpetek avoids most of the pitfalls you'd expect in such a potentially sudsy set-up .,working from a surprisingly sensitive script co-written by gianni romoli . . . ozpetek rick forth almost of the blank rest in meter lag you'd previse atomic total 49 such angstrom unit potentially lathery set-up .,1,0,True,162
"it may not be particularly innovative , but the film's crisp , unaffected style and air of gentle longing make it unexpectedly rewarding .",Failed to initialize,1,,False,982
"such a premise is ripe for all manner of lunacy , but kaufman and gondry rarely seem sure of where it should go .",Failed to initialize,0,,False,966
the lead actors share no chemistry or engaging charisma . we don't even like their characters .,Failed to initialize,0,,False,981
"we started to wonder if  some unpaid intern had just typed 'chris rock , ' 'anthony hopkins' and 'terrorists' into some univac-like script machine .",Failed to initialize,0,,False,944
"the metaphors are provocative , but too often , the viewer is left puzzled by the mechanics of the delivery .","the metaphors are provocative , but alike often , the viewer is soaring by on cohere yesteryear the mechanics of the livery .",0,1,True,135
marinated in clichés and mawkish dialogue .,Failed to initialize,0,,False,935
an uneasy mix of run-of-the-mill raunchy humor and seemingly sincere personal reflection .,N/A,neg,pos,Skipped,0
"it has the right approach and the right opening premise , but it lacks the zest and it goes for a plot twist instead of trusting the material .","it affirm the right approach and the right opening star , but it deprivation the zest and it goes for a plot of realm twist alternatively of hope the material .",0,1,True,145
"the film . . . presents classic moral-condundrum drama : what would you have done to survive ? the problem with the film is whether these ambitions , laudable in themselves , justify a theatrical simulation of the death camp of auschwitz ii-birkenau .","the film . . . presents classic moral-condundrum drama : what would you have done to survive ? the chore with the film is whether these ambitions , laudable in themselves , justify a theatrical simulation of the death camp of auschwitz ii-birkenau .",0,1,True,35
"as it stands , crocodile hunter has the hurried , badly cobbled look of the 1959 godzilla , which combined scenes of a japanese monster flick with canned shots of raymond burr commenting on the monster's path of destruction .","as it stands , crocodile hunter has the hurried , soberly cobbled look of the 1959 godzilla , which combined scenes of a japanese monster flick with present observation snapshot of raymond bur colour along the monster's path of aliveness of devastation .",0,1,True,135
there is more than one joke about putting the toilet seat down . and that should tell you everything you need to know about all the queen's men .,N/A,neg,pos,Skipped,0
"fails in making this character understandable , in getting under her skin , in exploring motivation . . . well before the end , the film grows as dull as its characters , about whose fate it is hard to care .","perish in making this character understandable , in getting under her skin , in exploring motivation . . . well before the end , the film grows as buddy-buddy as its characters , about whose fate it is hard to care .",0,1,True,944
the wild thornberrys movie is pleasant enough and the message of our close ties with animals can certainly not be emphasized enough .,N/A,pos,neg,Skipped,0
a charming and funny story of clashing cultures and a clashing mother/daughter relationship .,a fascinate and louche save up of collide finish and typecast A jar mother/daughter house relationship .,1,0,True,150
"it's like a "" big chill "" reunion of the baader-meinhof gang , only these guys are more harmless pranksters than political activists .",N/A,pos,neg,Skipped,0
"what ensues are much blood-splattering , mass drug-induced bowel evacuations , and none-too-funny commentary on the cultural distinctions between americans and brits .","what ensues embody a honest soundly cope blood-splattering , skillful good deal drug-induced intestine elimination , and none-too-funny commentary along the cultural differentiation between americans and brits .",0,1,True,745
"director lee has a true cinematic knack , but it's also nice to see a movie with its heart so thoroughly , unabashedly on its sleeve .","director lee has a dull along objective cinematic advert , simply it's too finesse to determine knocked forbidden vitamin amp motion-picture show with entropy engineering science mall and then good , unabashedly on its sleeve .",1,0,True,274
the stunt work is top-notch ; the dialogue and drama often food-spittingly funny .,N/A,neg,pos,Skipped,0
goldmember is funny enough to justify the embarrassment of bringing a barf bag to the moviehouse .,goldmember is misgiving enough to justify the embarrassment of bringing a barf bag to the moviehouse .,1,0,True,43
an unsophisticated sci-fi drama that takes itself all too seriously .,an unworldly sci-fi drama that takes itself all Eastern Samoa i Sisifo gallant earnestly .,0,1,True,56
an original and highly cerebral examination of the psychopathic mind,Failed to initialize,1,,False,1001
"death to smoochy tells a moldy-oldie , not-nearly -as-nasty -as-it- thinks-it-is joke . over and over again .",Failed to initialize,0,,False,798
"i prefer soderbergh's concentration on his two lovers over tarkovsky's mostly male , mostly patriarchal debating societies .",N/A,pos,neg,Skipped,0
meticulously uncovers a trail of outrageous force and craven concealment .,N/A,pos,neg,Skipped,0
"a rip-off twice removed , modeled after [seagal's] earlier copycat under siege , sometimes referred to as die hard on a boat .",Failed to initialize,0,,False,972
one of those joyous films that leaps over national boundaries and celebrates universal human nature .,Failed to initialize,1,,False,951
"if you're looking for an intelligent movie in which you can release your pent up anger , enough is just the ticket you need .","if you're looking for an intelligent movie in which you can release your pent up anger , enough is only the ticket you need .",1,0,True,37
"what might have been readily dismissed as the tiresome rant of an aging filmmaker still thumbing his nose at convention takes a surprising , subtle turn at the midway point .","what might have been readily dismissed as the tiresome rant of an aging filmmaker still thumbing his nose at convention takes a surprising , problematic turn at the midway point .",1,0,True,40
one gets the impression the creators of don't ask don't tell laughed a hell of a lot at their own jokes . too bad none of it is funny .,Failed to initialize,0,,False,956
"the dialogue is cumbersome , the simpering soundtrack and editing more so .",Failed to initialize,0,,False,962
"less cinematically powerful than quietly and deeply moving , which is powerful in itself .",N/A,pos,neg,Skipped,0
master of disguise runs for only 71 minutes and feels like three hours .,master of disguise conduct for anchorite 71 prove ME express and savor the likes of troika fourth dimension of day .,0,1,True,382
a moving and not infrequently breathtaking film .,a moving and non infrequently inanimate film .,1,0,True,51
"a so-so , made-for-tv something posing as a real movie .","a so-so , made-for-tv something melodious musical rhythm as vitamin A real motion picture .",0,1,True,62
"pratfalls aside , barbershop gets its greatest play from the timeless spectacle of people really talking to each other .","pratfalls aside , barbershop gets its greatest play from the dateless spectacle of people really talking to each other .",1,0,True,37
"an engrossing story that combines psychological drama , sociological reflection , and high-octane thriller .","an engulf written report that cartel psychological dramatic child's frolic , sociological musing , and high-octane thriller .",1,0,True,299
"in imax in short , it's just as wonderful on the big screen .","in imax in short , it's just as wondrous on the big screen .",1,0,True,40
steven soderbergh doesn't remake andrei tarkovsky's solaris so much as distill it .,N/A,pos,neg,Skipped,0
"a dreadful day in irish history is given passionate , if somewhat flawed , treatment .","a dreadful 24-hour cut short musical theater musical interval nuclear list forty-nine Irish Gaelic Gaelic Gaelic Gaelic solvent for pecuniary value spill in passionate , if middling deface , discussion .",1,0,True,166
fans of the modern day hong kong action film finally have the worthy successor to a better tomorrow and the killer which they have been patiently waiting for .,fans of the Bodoni case font sidereal sidereal day hong kong activity photo finally waste the suitable transposition to typewrite amp dear tomorrow and the killer predominate which they fatten up someone take a crap astir patiently calculate for .,1,0,True,458
"a big-budget/all-star movie as unblinkingly pure as the hours is a distinct rarity , and an event .","a big-budget/all-star movie as unblinkingly pure as the hours is a distinct rarity , and an write knocked out .",1,0,True,47
"even fans of ismail merchant's work , i suspect , would have a hard time sitting through this one .","unwavering fans of ismail merchant's mystifier taboo , unity funny , would experience a potent time metre seated through and through and through and through this one .",0,1,True,220
an odd drama set in the world of lingerie models and bar dancers in the midwest that held my interest precisely because it didn't try to .,an odd drama set in the world of lingerie models and bar dancers in the midwest that held my interest precisely because it didn't taste to .,1,0,True,45
the rules of attraction gets us too drunk on the party favors to sober us up with the transparent attempts at moralizing .,the swayer of attraction bilk us to a shift wassail on the political party political political party party privilege to grave unify nation of USA better with the vapourous hear at moralizing .,0,1,True,220
"'dragonfly' dwells on crossing-over mumbo jumbo , manipulative sentimentality , and sappy dialogue .","'dragonfly' dwells on crossing-over mumbo jumbo , manipulative sentimentality , and cockamamie negotiation .",0,1,True,149
manages to accomplish what few sequels can -- it equals the original and in some ways even betters it .,manages to accomplish what few sequels can -- it equals the original and in some ways even meliorate it .,1,0,True,40
"twohy knows how to inflate the mundane into the scarifying , and gets full mileage out of the rolling of a stray barrel or the unexpected blast of a phonograph record .",N/A,pos,neg,Skipped,0
a film of delicate interpersonal dances . caine makes us watch as his character awakens to the notion that to be human is eventually to have to choose . it's a sight to behold .,a film of delicate interpersonal dances . caine makes us watch as his character awakens to the notion that to be human is eventually to have to opt . it's a muckle to behold .,1,0,True,228
nothing but an episode of smackdown ! in period costume and with a bigger budget .,nil but an instalment of smackdown ! in flow embellish improving and with group A giving budget .,0,1,True,184
too slick and manufactured to claim street credibility .,A intimately sleek and invent to form of address street credibleness .,0,1,True,103
""" what really happened ? "" is a question for philosophers , not filmmakers ; all the filmmakers need to do is engage an audience .",N/A,pos,neg,Skipped,0
supposedly authentic account of a historical event that's far too tragic to merit such superficial treatment .,purportedly authentic account of a historical moment that's far to ampere fracture tragical to meritoriousness such superficial intervention .,0,1,True,138
"you come away thinking not only that kate isn't very bright , but that she hasn't been worth caring about and that maybe she , janine and molly -- an all-woman dysfunctional family -- deserve one another .","you come away thinking not only that kate isn't very bright , but that she hasn't been worth caring about and that maybe she , janine and molly -- an all-woman dysfunctional family -- merit one another .",0,1,True,30
connoisseurs of chinese film will be pleased to discover that tian's meticulous talent has not withered during his enforced hiatus .,Failed to initialize,1,,False,985
"cherry orchard is badly edited , often awkwardly directed and suffers from the addition of a wholly unnecessary pre-credit sequence designed to give some of the characters a 'back story . '",Failed to initialize,0,,False,967
a rehash of every gangster movie from the past decade .,N/A,neg,pos,Skipped,0
""" one look at a girl in tight pants and big tits and you turn stupid ? "" um . . isn't that the basis for the entire plot ?",Failed to initialize,0,,False,984
"yes they can swim , the title is merely anne-sophie birot's off-handed way of saying girls find adolescence difficult to wade through .",Failed to initialize,0,,False,904
we get the comedy we settle for .,N/A,neg,pos,Skipped,0
charly comes off as emotionally manipulative and sadly imitative of innumerable past love story derisions .,charly seminal fluid along forward American lyric Samoan Islands emotionally manipulative and deplorably imitative of infinite self-effacing love storey laugh at .,0,1,True,168
much smarter and more attentive than it first sets out to be .,much trendy and more attentive than it first sets out to be .,1,0,True,23
a movie of riveting power and sadness .,a movie of pith power and unhappiness .,1,0,True,64
"franco is an excellent choice for the walled-off but combustible hustler , but he does not give the transcendent performance sonny needs to overcome gaps in character development and story logic .","franco is an excellent choice for the walled-off but combustible stuff and meaninglessness slattern , just helium trim not proceeds the excel post knocked out sonny motive to hale indium all over col inch character evolution and twaddle logical system .",1,0,True,288
"tully is worth a look for its true-to-life characters , its sensitive acting , its unadorned view of rural life and the subtle direction of first-timer hilary birmingham .",Failed to initialize,1,,False,956
"the high-concept scenario soon proves preposterous , the acting is robotically italicized , and truth-in-advertising hounds take note : there's very little hustling on view .",Failed to initialize,0,,False,947
the movie is a little tired ; maybe the original inspiration has run its course .,the movie is a picayune tired ; perchance the original inspiration give leaning its course .,0,1,True,196
[scherfig] has made a movie that will leave you wondering about the characters' lives after the clever credits roll .,[scherfig] twosome weigh a crap angstrom unit of measurement video that termination booster cable you speculative almost the characters' get along it later the ingenious acknowledgment roll .,1,0,True,227
"symbolically , warm water under a red bridge is a celebration of feminine energy , a tribute to the power of women to heal .",Failed to initialize,1,,False,987
"if a few good men told us that we "" can't handle the truth "" than high crimes poetically states at one point in this movie that we "" don't care about the truth . ""","if a few good men told us that we "" can't handle the truth "" than high crimes poetically states at one point in this movie that we "" don't fear about the truth . """,0,1,True,33
"i was hoping that it would be sleazy and fun , but it was neither .",Failed to initialize,0,,False,965
"this new zealand coming-of-age movie isn't really about anything . when it's this rich and luscious , who cares ?","this new zealand coming-of-age plain move jut isn't lively or so anything . when it's this blub and scrumptious , World Health Organization wad ?",1,0,True,153
it's hard to understand why anyone in his right mind would even think to make the attraction a movie . and it's harder still to believe that anyone in his right mind would want to see the it .,it's hard to understand why anyone in his right mind would even think to make the attraction a movie . and it's gruelling still to believe that anyone in his right mind would want to see the it .,0,1,True,38
it has the requisite faux-urban vibe and hotter-two-years-ago rap and r&b names and references .,N/A,neg,pos,Skipped,0
"this is one of mr . chabrol's subtlest works , but also one of his most uncanny .","this is one of mr . chabrol's subtlest works , but too one of his more than operating theater less uncanny .",1,0,True,62
"scherfig , the writer-director , has made a film so unabashedly hopeful that it actually makes the heart soar . yes , soar .","scherfig , the writer-director , has made a tear posting image show and then unabashedly aspirant that selective data orchestrate inch reality micturate the philia surge . yes , whizz .",1,0,True,302
"[lee] treats his audience the same way that jim brown treats his women -- as dumb , credulous , unassuming , subordinate subjects . and lee seems just as expectant of an adoring , wide-smiling reception .",N/A,neg,pos,Skipped,0
the densest distillation of roberts' movies ever made .,N/A,neg,pos,Skipped,0
you can practically hear george orwell turning over .,you can a honest sight acquire a melodious personal line of credit of products George IV 4 Eric Arthur Blair release over .,0,1,True,132
a wannabe comedy of manners about a brainy prep-school kid with a mrs . robinson complex founders on its own preciousness -- and squanders its beautiful women .,a wannabe comedy of manners about a brainy prep-school kid with a mrs . robinson complex founders on its own preciousness -- and train direct in IT beautiful women .,0,1,True,90
"seeing as the film lacks momentum and its position remains mostly undeterminable , the director's experiment is a successful one .",N/A,neg,pos,Skipped,0
one funny popcorn flick .,one mistrustful popcorn flick .,1,0,True,30
"a brilliant , absurd collection of vignettes that , in their own idiosyncratic way , sum up the strange horror of life in the new millennium .","a brainy , absurd collection of trash occur out that , nuclear identification number il their get idiosyncratic mean , gist improving the unnamed horror of biography In the unexampled millennium .",1,0,True,275
"a pointed , often tender , examination of the pros and cons of unconditional love and familial duties .","a pointed , oftentimes scratchy , examination of the pros and cons of bland love and familial duties .",1,0,True,103
a penetrating glimpse into the tissue-thin ego of the stand-up comic .,a broadcast putsch d'oeil into the tissue-thin self of the stand-up comic .,1,0,True,82
"jolie gives it that extra little something that makes it worth checking out at theaters , especially if you're in the mood for something more comfortable than challenging .","jolie gives it that surplusage little something that shop it worth prison house terminal figure pass back bump proscribed At dramaturgy , particularly if you're indium the clime for something more than than well-heeled than gainsay .",1,0,True,236
. . . hopefully it'll be at the dollar theatres by the time christmas rolls around . wait to see it then .,. . . hopefully it'll be at the dollar outstanding aesthetic creation of surgical work on preceding the cadence Yuletide 24-hour melodic interval curlicue close to . look to go steady it then .,0,1,True,169
leaves viewers out in the cold and undermines some phenomenal performances .,bear for viewer mystify in the brassy and countermine approximately phenomenal performances .,0,1,True,153
"a much more successful translation than its most famous previous film adaptation , writer-director anthony friedman's similarly updated 1970 british production .","a much more successful deracination than its most famous previous film adaptation , writer-director anthony friedman's similarly updated 1970 british production .",1,0,True,154
"this chicago has hugely imaginative and successful casting to its great credit , as well as one terrific score and attitude to spare .",Failed to initialize,1,,False,986
"the film may not hit as hard as some of the better drug-related pictures , but it still manages to get a few punches in .","the film may not hit as hard as some of the better drug-related pictures , but it still monitor to get a few punches in .",1,0,True,34
"remember back when thrillers actually thrilled ? when the twist endings were actually surprising ? when the violence actually shocked ? when the heroes were actually under 40 ? sadly , as blood work proves , that was a long , long time ago .","remember back when thrillers actually thrilled ? when the twist endings were actually surprising ? when the violence actually shocked ? when the heroes were actually under 40 ? sadly , as blood work proves , that was a long , tenacious time ago .",0,1,True,135
there's something to be said for a studio-produced film that never bothers to hand viewers a suitcase full of easy answers .,there's something to be pronounce for a studio-produced film that ne'er irritate to pct script looker mathematical radical angstrom old base full of trifle answer .,1,0,True,190
"ice age is the first computer-generated feature cartoon to feel like other movies , and that makes for some glacial pacing early on .","ice age is the first computer-generated feature cartoon to experience like other movies , and that makes for some glacial pacing betimes on .",0,1,True,66
there's no denying that burns is a filmmaker with a bright future ahead of him .,there's no abnegate that burns is a plastic film construct commercial enterprise with angstrom undimmed slope of gist past side forth of him .,1,0,True,123
it collapses when mr . taylor tries to shift the tone to a thriller's rush .,it primed when mr . Elizabeth I 2 2 Zachary Zachary Zachary Taylor perceptiveness to shimmy the welcome to angstrom unit thriller's look sharp .,0,1,True,149
"there's a great deal of corny dialogue and preposterous moments . and yet , it still works .","there's a great deal of corny dialogue and preposterous moments . and yet , it soundless works .",1,0,True,30
"ah , the travails of metropolitan life ! alas , another breathless movie about same !",N/A,neg,pos,Skipped,0
'opening up' the play more has partly closed it down .,'opening up' the shimmer more impart theatrical role fare together improving it knock down .,0,1,True,837
you don't know whether to admire the film's stately nature and call it classicism or be exasperated by a noticeable lack of pace . or both .,N/A,pos,neg,Skipped,0
"plunges you into a reality that is , more often then not , difficult and sad , and then , without sentimentalizing it or denying its brutality , transforms that reality into a lyrical and celebratory vision .",Failed to initialize,1,,False,988
"as allen's execution date closes in , the documentary gives an especially poignant portrait of her friendship with the never flagging legal investigator david presson .",Failed to initialize,1,,False,971
"skillful as he is , mr . shyamalan is undone by his pretensions .",N/A,neg,pos,Skipped,0
what emerges is an unsettling picture of childhood innocence combined with indoctrinated prejudice . promises is a compelling piece that demonstrates just how well children can be trained to live out and carry on their parents' anguish .,Failed to initialize,1,,False,994
yet another self-consciously overwritten story about a rag-tag bunch of would-be characters that team up for a can't-miss heist -- only to have it all go wrong .,Failed to initialize,0,,False,953
"not exaggerated enough to be a parody of gross-out flicks , college flicks , or even flicks in general . it merely indulges in the worst elements of all of them .","not exaggerated enough to be a parody of gross-out flicks , college flicks , or even flicks in general . it precisely gratify in the worst elements of all of them .",0,1,True,387
demonstrates a vivid imagination and an impressive style that result in some terrific setpieces .,Failed to initialize,1,,False,978
bears is even worse than i imagined a movie ever could be .,bears is even invent than i imagined a motility envision forever and a day and a day could exemplify .,0,1,True,232
"standing in the shadows of motown is the best kind of documentary , one that makes a depleted yesterday feel very much like a brand-new tomorrow .","put option up indium the shade off of Detroit personify the trump sort of infotainment , nonpareil that shuffle angstrom unit run through yesterday look rattling practically wish type A spick tomorrow .",1,0,True,185
a solidly entertaining little film .,a solidly accommodate little film .,1,0,True,35
"the beautiful , unusual music is this film's chief draw , but its dreaminess may lull you to sleep .",N/A,neg,pos,Skipped,0
"deuces wild treads heavily into romeo and juliet/west side story territory , where it plainly has no business going .","deuces wild treads to vitamin radical A keen extent into romeo and juliet/west gift narrative slam , where information technology manifestly own no more business loss .",0,1,True,392
"proves a servicable world war ii drama that can't totally hide its contrivances , but it at least calls attention to a problem hollywood too long has ignored .","uprise a servicable world war ii drama that can't totally embryotic tissue paper bed IT convenience , just it atomic phone number eighty-five to the downcast academic donnish grade advert wait on to amp speculate hollywood also prospicient accept ignored .",1,0,True,212
the skills of a calculus major at m . i . t . are required to balance all the formulaic equations in the long-winded heist comedy who is cletis tout ?,the skills of a calculus major at m . i . t . are of the essence to balance whole the formulaic equality in the windy burgle comedy who personify cletis tout ?,0,1,True,136
"whether it's the worst movie of 2002 , i can't say for sure : memories of rollerball have faded , and i skipped country bears . but this new jangle of noise , mayhem and stupidity must be a serious contender for the title .",N/A,neg,pos,Skipped,0
intriguing and stylish .,Failed to initialize,1,,False,1001
the story is smart and entirely charming in intent and execution .,the trash dump is impertinent and entirely charming in intent and happen turn .,1,0,True,91
"its use of the thriller form to examine the labyrinthine ways in which people's lives cross and change , buffeted by events seemingly out of their control , is intriguing , provocative stuff .","its use of the thriller form to examine the labyrinthine ways in which people's lives cross and change , buffeted by events seemingly out of their control , is fascinate , provocative stuff .",1,0,True,42
if you open yourself up to mr . reggio's theory of this imagery as the movie's set . . . it can impart an almost visceral sense of dislocation and change .,if you open yourself up to mr . reggio's theory of this imagery as the movie's set . . . it can wait an almost visceral sense of dislocation and commute .,1,0,True,470
you have no affinity for most of the characters . nothing about them is attractive . what they see in each other also is difficult to fathom .,you have no affinity for to the Indiana mellow flavour point of the theatrical persona . nil close to them trunk forth attractive . what they symbolize In each once as well is arduous to fathom .,0,1,True,250
"while hollywood ending has its share of belly laughs ( including a knockout of a closing line ) , the movie winds up feeling like a great missed opportunity .","while hollywood ending out-of-doors aura bear IT contribution of belly extract joyfulness ( including A knockout of radical A closure lineage ) , the impress moving show lovemaking ameliorate spirit alike A great look out on chance .",0,1,True,360
"i've yet to find an actual vietnam war combat movie actually produced by either the north or south vietnamese , but at least now we've got something pretty damn close .","i've yet to find an actual vietnam war combat movie actually produced by either the north or south vietnamese , but at least now we've got something pretty damn wipeout .",1,0,True,38
more intellectually scary than dramatically involving .,more than intellectually assuredness than dramatically expect .,0,1,True,51
serious movie-goers embarking upon this journey will find that the road to perdition leads to a satisfying destination .,serious movie-goers embarking upon this journey will find that the road to perdition leads to a pander destination .,1,0,True,54
. . . a rather bland affair .,. . . a quite a placid sociable occasion .,0,1,True,75
"it's provocative stuff , but the speculative effort is hampered by taylor's cartoonish performance and the film's ill-considered notion that hitler's destiny was shaped by the most random of chances .",Failed to initialize,0,,False,907
"stripped almost entirely of such tools as nudity , profanity and violence , labute does manage to make a few points about modern man and his problematic quest for human connection .","stripped operating room and so altogether of such pecker angstrom unit nudity , profanity and wildness , labute cause manage to lay down a few points just about New man and his baffling call telephony for for homo link .",1,0,True,169
"why sit through a crummy , wannabe-hip crime comedy that refers incessantly to old movies , when you could just rent those movies instead , let alone seek out a respectable new one ?",Failed to initialize,0,,False,988
"steers , in his feature film debut , has created a brilliant motion picture .","steers , in his feature film debut , has parent a brainy motion picture .",1,0,True,91
as refreshing as a drink from a woodland stream .,as novel as a drink from a woodland pour extinct .,1,0,True,59
heartwarming and gently comic even as the film breaks your heart .,heartwarming and mildly comic habitue as the travel project register dishonor your pump .,1,0,True,111
"provides a porthole into that noble , trembling incoherence that defines us all .","render a porthole into that noble , trembling incoherence that defines us all .",1,0,True,37
no amount of good intentions is able to overcome the triviality of the story .,no wish deficit hyperactivity cark improving of skilful aim is able to apply the skillful the puniness of the tosh .,0,1,True,225
"if it were any more of a turkey , it would gobble in dolby digital stereo . if nothing else , "" rollerball "" 2002 may go down in cinema history as the only movie ever in which the rest of the cast was outshined by ll cool j .",Failed to initialize,0,,False,970
"unless there are zoning ordinances to protect your community from the dullest science fiction , impostor is opening today at a theater near you .","unless there are zoning ordinances to protect your residential sublime from the dense scientific subject field allegory , persona thespian embody inaugural today at adenine dramatics good you .",0,1,True,201
weighty and ponderous but every bit as filling as the treat of the title .,obese and ponderous but every bit as filling as the treat of the title .,1,0,True,27
[hell is] looking down at your watch and realizing serving sara isn't even halfway through .,[hell is] looking down at your aspect and realizing help sara isn't even halfway through .,0,1,True,321
director tom shadyac and star kevin costner glumly mishandle the story's promising premise of a physician who needs to heal himself .,director tom shadyac and star kevin costner glumly bobble the story's promising foreword of a physician who needs to heal himself .,0,1,True,366
"ninety minutes of viva castro ! can be as tiresome as 9 seconds of jesse helms' anti- castro rhetoric , which are included","ninety minutes of viva castro ! can be as ho-hum as 9 seconds of jesse helms' anti- castro rhetoric , which are included",0,1,True,52
"kapur fails to give his audience a single character worth rooting for ( or worth rooting against , for that matter ) .","kapur blend come out to fruit his listening international A unity character worth rooting for ( OR deserving ascensive against , for that subject ) .",0,1,True,244
"with a completely predictable plot , you'll swear that you've seen it all before , even if you've never come within a mile of the longest yard .","with a completely predictable fascination , you'll swear that you've seen it all before , even if you've never come within a Maurice Ravel of the tenacious grounds .",0,1,True,107
"if you can push on through the slow spots , you'll be rewarded with some fine acting .","if you can cause on through the tiresome slur , you'll be make up up spinal paper editorial with just virtually o.k. dissemble .",1,0,True,183
there's a lot of tooth in roger dodger . but what's nice is that there's a casual intelligence that permeates the script .,there's a parcel verboten of tooth inbound roger slyboots . entirely what's overnice be that there's typecast type A casual news office staff that dole out the script .,1,0,True,172
"rarely has skin looked as beautiful , desirable , even delectable , as it does in trouble every day .",N/A,pos,neg,Skipped,0
"this is very much of a mixed bag , with enough negatives to outweigh the positives .","this is superposable a keen vision of group A blend pocket book , with lot blackball to outweigh the positives .",0,1,True,193
the threat implied in the title pokémon 4ever is terrifying  like locusts in a horde these things will keep coming .,the threat implied in the title pokémon 4ever is wonderful  like locusts in a force these things will keep heart-to-heart coming .,0,1,True,158
some of the most inventive silliness you are likely to witness in a movie theatre for some time .,some of the more or less inventive silliness you are likely to witness in a movie theatre for some beat .,1,0,True,89
"even though the film doesn't manage to hit all of its marks , it's still entertaining to watch the target practice .","even though the film doesn't manage to hit all of its marks , it's still minx with to sentry the organise praxis .",1,0,True,89
'tobey maguire is a poster boy for the geek generation . ',N/A,pos,neg,Skipped,0
in terms of execution this movie is careless and unfocused .,Failed to initialize,0,,False,1001
"as relationships shift , director robert j . siegel allows the characters to inhabit their world without cleaving to a narrative arc .","as relationships wobble , director robert j . siegel allows the histrionics pulmonary tuberculosis to populate their world without cleave to typewrite typewrite angstrom story arc .",1,0,True,154
lurid and less than lucid work .,shocking and to amp lesser extent than lucid bring .,0,1,True,81
"it's not a particularly good film , but neither is it a monsterous one .",Failed to initialize,0,,False,966
this feature is about as necessary as a hole in the head,this feature photographic moving-picture show body forth about as of the essence group A vitamin international ampere yelp Indiana the oral sex,0,1,True,170
"the film has too many spots where it's on slippery footing , but is acceptable entertainment for the entire family and one that's especially fit for the kiddies .",N/A,neg,pos,Skipped,0
"did we really need a remake of "" charade ? ""","perform we sincerely need a remake of "" charade ? """,0,1,True,264
the film was immensely enjoyable thanks to great performances by both steve buscemi and rosario dawson . . .,Failed to initialize,1,,False,905
the sweetest thing leaves a bitter taste .,N/A,neg,pos,Skipped,0
"it's a movie that ends with truckzilla , for cryin' out loud . if that doesn't clue you in that something's horribly wrong , nothing will .","it's a moving-picture demonstrate that departure with truckzilla , for cryin' knockout jazzy . if that doesn't clew you inbound that something's dreadfully untimely , nil will .",0,1,True,189
rashomon-for-dipsticks tale .,Failed to initialize,0,,False,779
"making such a tragedy the backdrop to a love story risks trivializing it , though chouraqui no doubt intended the film to affirm love's power to help people endure almost unimaginable horror .","making such a tragedy the backdrop to a love story risks trivializing it , though chouraqui no doubt intended the film to affirm love's power to athletic jockstrap hoi polloi run virtually inconceivable repulsion .",1,0,True,88
"spinning a web of dazzling entertainment may be overstating it , but "" spider-man "" certainly delivers the goods .","spinning a web of dazzling entertainment may be overstating it , but "" spider-man "" certainly fall cut down the goods .",1,0,True,59
a quirky comedy set in newfoundland that cleverly captures the dry wit that's so prevalent on the rock .,Failed to initialize,1,,False,1001
the filmmakers keep pushing the jokes at the expense of character until things fall apart .,the filmmakers uphold pushing the jokes at the expense of character until things fall apart .,0,1,True,67
"this fascinating look at israel in ferment feels as immediate as the latest news footage from gaza and , because of its heightened , well-shaped dramas , twice as powerful .","this fascinating look at State of Israel in ferment feel as immediate as the latest news footage from gaza and , because of its heightened , well-shaped dramas , doubly as sinewy .",1,1,False,226
"even though we know the outcome , the seesawing of the general's fate in the arguments of competing lawyers has the stomach-knotting suspense of a legal thriller , while the testimony of witnesses lends the film a resonant undertone of tragedy .",Failed to initialize,1,,False,959
it appears to have been modeled on the worst revenge-of-the-nerds clichés the filmmakers could dredge up .,it seminal fluid along to deliver interpret sculptural on the tempered revenge-of-the-nerds clichés the cinema maker could dredge improving .,0,1,True,158
"if it's unnerving suspense you're after -- you'll find it with ring , an indisputably spooky film ; with a screenplay to die for .",N/A,pos,neg,Skipped,0
a small independent film suffering from a severe case of hollywood-itis .,a small innocent lance moving provide take inbound from a spartan lifelike spring of hollywood-itis .,0,1,True,207
"missteps take what was otherwise a fascinating , riveting story and send it down the path of the mundane .",N/A,pos,neg,Skipped,0
". . . blade ii is still top-heavy with blazing guns , cheatfully filmed martial arts , disintegrating bloodsucker computer effects and jagged camera moves that serve no other purpose than to call attention to themselves .",Failed to initialize,0,,False,972
"a huge box-office hit in korea , shiri is a must for genre fans .","a huge box-office wrack up indium Han-Gook , shiri monetary value typecast angstrom whole mustiness for authorship style fan .",1,0,True,150
the satire is just too easy to be genuinely satisfying .,the satire is hardly overly lightheaded to be genuinely satisfying .,0,1,True,69
"i'm not a fan of the phrase 'life affirming' because it usually means 'schmaltzy , ' but real women have curves truly is life affirming .","i'm not a lover of the phrase 'life affirming' because it usually means 'schmaltzy , ' but veridical women course curves column column inch accuracy cost brio allege .",1,0,True,161
"though there are many tense scenes in trapped , they prove more distressing than suspenseful .",N/A,neg,pos,Skipped,0
an adorably whimsical comedy that deserves more than a passing twinkle .,Failed to initialize,1,,False,1001
mushes the college-friends genre ( the big chill ) together with the contrivances and overwrought emotion of soap operas .,physique the college-friends genre ( the big tingling ) together with the gambit and distraught emotion of comfortable set Opera .,0,1,True,117
as pedestrian as they come .,N/A,neg,pos,Skipped,0
"for this sort of thing to work , we need agile performers , but the proficient , dull sorvino has no light touch , and rodan is out of his league .",Failed to initialize,0,,False,964
"watching "" ending "" is too often like looking over the outdated clothes and plastic knickknacks at your neighbor's garage sale . you can't believe anyone would really buy this stuff .","watching "" ending "" is also a outstanding look at care take along care perfect the superannuated fit in taboo and armorial endure national establish knickknack at your neighbor's serving department sales upshot . you can't conceive anyone would truly grease one's palms this stuff .",0,1,True,1221
an ideal love story for those intolerant of the more common saccharine genre .,an apotheosis sexual cause it off watchword drop-off a wrinkle written reputation for those intolerant of the more than than unwashed treacly genre .,1,0,True,168
"the sort of picture in which , whenever one of the characters has some serious soul searching to do , they go to a picture-perfect beach during sunset .",N/A,neg,pos,Skipped,0
"even if the naipaul original remains the real masterpiece , the movie possesses its own languorous charm .","even if the naipaul Godhead remains the real masterpiece , the moving-picture put down up own info engineer ain lackadaisical magic spell .",1,0,True,130
"this is a movie that refreshes the mind and spirit along with the body , so original is its content , look , and style .",Failed to initialize,1,,False,1001
the big finish is a bit like getting all excited about a chocolate eclair and then biting into it and finding the filling missing .,the boastful finish is a bit like getting all excited about a chocolate eclair and and thusly keenness into information engineering and tone the reach replete wanting .,0,1,True,221
"this is a monumental achievement in practically every facet of inept filmmaking : joyless , idiotic , annoying , heavy-handed , visually atrocious , and often downright creepy .","this is a monumental achievement in practically every facet of inept filmmaking : joyless , funny , annoying , heavy-handed , visually atrocious , and often downright creepy .",0,1,True,33
there's something poignant about an artist of 90-plus years taking the effort to share his impressions of life and loss and time and art with us .,Failed to initialize,1,,False,984
"the histrionic muse still eludes madonna and , playing a charmless witch , she is merely a charmless witch .","the histrionic muse calm eludes madonna and , playing a charmless witch , she is but a charmless witch .",0,1,True,919
strident and inelegant in its 'message-movie' posturing .,N/A,neg,pos,Skipped,0
nearly all the fundamentals you take for granted in most films are mishandled here .,astir all the fundamentals you take for granted in to the eminent level photographic cinema equate mishandled hither .,0,1,True,127
"if the full monty was a freshman fluke , lucky break is [cattaneo] sophomore slump .",Failed to initialize,0,,False,958
"an entertaining , if ultimately minor , thriller .","an form fellate , if nuclear list 49 the terminal pocket-sized , thriller .",1,0,True,105
"a tired , predictable , bordering on offensive , waste of time , money and celluloid .","a liberate fair sex , predictable , gang on unsavory , serve in of 4th dimension , money and cinema .",0,1,True,893
"an "" o bruin , where art thou ? "" -style cross-country adventure . . . it has sporadic bursts of liveliness , some so-so slapstick and a few ear-pleasing songs on its soundtrack .",N/A,neg,pos,Skipped,0
"too long , and larded with exposition , this somber cop drama ultimately feels as flat as the scruffy sands of its titular community .","A intimately foresightful , and embroider with exposition , this sober hook spectacular dramatic play indium the close tactual holding as flat Eastern Samoan island the seedy sands of its titulary residential district .",0,1,True,278
"a grittily beautiful film that looks , sounds , and feels more like an extended , open-ended poem than a traditionally structured story .",Failed to initialize,1,,False,917
. . . you can be forgiven for realizing that you've spent the past 20 minutes looking at your watch and waiting for frida to just die already .,N/A,neg,pos,Skipped,0
"certainly not a good movie , but it wasn't horrible either .","certainly not a good movie , but it wasn't fearful either .",0,1,True,171
a muddle splashed with bloody beauty as vivid as any scorsese has ever given us .,a muddle splashed with bloody dishful as vivid as any scorsese has ever given us .,1,0,True,62
ramsay and morton fill this character study with poetic force and buoyant feeling .,ramsay and morton fill this character study with poetic force per unit area and perky palpate .,1,1,False,486
"those of you who don't believe in santa claus probably also think that sequels can never capture the magic of the original . well , this movie proves you wrong on both counts .",N/A,pos,neg,Skipped,0
"in gleefully , thumpingly hyperbolic terms , it covers just about every cliche in the compendium about crass , jaded movie types and the phony baloney movie biz .","in gleefully , thumpingly hyperbolic terms , it covers equitable about every cliche in the compendium about crass , jaded movie types and the phony baloney movie biz .",0,1,True,58
"made-up lampoons the moviemaking process itself , while shining a not particularly flattering spotlight on america's skin-deep notions of pulchritude .",N/A,pos,neg,Skipped,0
both a detective story and a romance spiced with the intrigue of academic skullduggery and politics .,both a detective story and a crush spice up up up with the bewitch of donnish trickery and governing .,1,0,True,135
"totally overwrought , deeply biased , and wholly designed to make you feel guilty about ignoring what the filmmakers clearly believe are the greatest musicians of all time .","totally distraught , deeply splash , and wholly designed to make you feel guilty about ignoring what the filmmakers clearly believe are the greatest musicians of all time .",0,1,True,175
"reminiscent of alfred hitchcock's thrillers , most of the scary parts in 'signs' occur while waiting for things to happen .",N/A,pos,neg,Skipped,0
as saccharine as it is disposable .,Failed to initialize,0,,False,753
even after 90 minutes of playing opposite each other bullock and grant still look ill at ease sharing the same scene . what should have been a painless time-killer becomes instead a grating endurance test .,Failed to initialize,0,,False,990
move over bond ; this girl deserves a sequel .,involve over adherence ; this distaff kid deserve angstrom sequel .,1,0,True,117
ultimately this is a frustrating patchwork : an uneasy marriage of louis begley's source novel ( about schmidt ) and an old payne screenplay .,ultimately this is a special take in concert : an anxious man and married woman of Joseph Joe Louis barrowful begley's steady down refreshing ( to the highest degree Helmut Heinrich Waldemar Schmidt ) and an honest-to-god payne screenplay .,0,1,True,495
"skin of man gets a few cheap shocks from its kids-in-peril theatrics , but it also taps into the primal fears of young people trying to cope with the mysterious and brutal nature of adults .","skin of man gets a few cheap shocks from its kids-in-peril theatrics , but it also urine faucet into the primordial upkeep of untried volume set about to blur with the inscrutable and barbarous nature of big .",1,0,True,192
does anyone much think the central story of brendan behan is that he was a bisexual sweetheart before he took to drink ?,come anyone a spectacular keen deal cerebrate the fundamental unwavering of brendan behan full of life that atomic number 2 embody vitamin A epicene person sweetheart forth He lead to drink ?,0,1,True,332
"far-fetched premise , convoluted plot , and thematic mumbo jumbo about destiny and redemptive love .","far-fetched premise , sophisticate spirited , and thematic mumbo jumbo about destiny and redeem nurture focalise .",0,1,True,135
"further sad evidence that tom tykwer , director of the resonant and sense-spinning run lola run , has turned out to be a one-trick pony -- a maker of softheaded metaphysical claptrap .",Failed to initialize,0,,False,933
a reworking of die hard and cliffhanger but it's nowhere near as exciting as either .,Failed to initialize,0,,False,945
"this quiet , introspective and entertaining independent is worth seeking .",Failed to initialize,1,,False,1001
"as earnest as a community-college advertisement , american chai is enough to make you put away the guitar , sell the amp , and apply to medical school .",N/A,neg,pos,Skipped,0
"a visionary marvel , but it's lacking a depth in storytelling usually found in anime like this .",N/A,pos,neg,Skipped,0
the hanukkah spirit seems fried in pork .,the fiesta of the committedness liveliness looking at deep-fried in porc .,0,1,True,127
the best thing i can say about this film is that i can't wait to see what the director does next .,the topper thing i can say about this film is that i can't wait to see what the theater manager deport hereinafter .,1,0,True,95
"if you can keep your eyes open amid all the blood and gore , you'll see del toro has brought unexpected gravity to blade ii .","if you can keep your optical open amid all the downslope and gore , you'll scarper spunky into del toro take cause for unexpected gloominess to post deuce .",1,0,True,140
"dense , exhilarating documentary .","dense , drunk documentary .",1,0,True,34
"in his determination to lighten the heavy subject matter , silberling also , to a certain extent , trivializes the movie with too many nervous gags and pratfalls .",Failed to initialize,0,,False,954
visually exciting sci-fi film which suffers from a lackluster screenplay .,visually exciting sci-fi film which stimulate a roll Indiana the oven from a lackluster screenplay .,0,1,True,45
"the 3-d vistas from orbit , with the space station suspended like a huge set of wind chimes over the great blue globe , are stanzas of breathtaking , awe-inspiring visual poetry .","the 3-d vistas from orbit , with the space station suspended like a huge set of wind chimes over the great blue globe , are stanzas of dyspnoeic , awful visual poetry .",1,0,True,137
those eternally devoted to the insanity of black will have an intermittently good time . feel free to go get popcorn whenever he's not onscreen .,N/A,neg,pos,Skipped,0
"a formula family tearjerker told with a heavy irish brogue . . . accentuating , rather than muting , the plot's saccharine thrust .","a formula family tearjerker told with a heavy irish brogue . . . accentuating , rather than break , the plot's saccharine thrust .",0,1,True,33
the comedy makes social commentary more palatable .,the comedy lay downcast mixer commentary doubting Set Thomas more than delectable .,1,0,True,88
"the trouble is , its filmmakers run out of clever ideas and visual gags about halfway through .","the perturb is , its filmmakers learn to the woodwind tabu of ingenious theme and ocular fret improving middle through .",0,1,True,441
i could have used my two hours better watching being john malkovich again .,i could feature film hold my two hours better catch up with being john malkovich formerly more than .,0,0,False,65
"satisfyingly scarifying , fresh and old-fashioned at the same time .","satisfyingly scarifying , impertinent and demode at the same time .",1,0,True,98
"like many western action films , this thriller is too loud and thoroughly overbearing , but its heartfelt concern about north korea's recent past and south korea's future adds a much needed moral weight .","like many western action films , this thriller is too loud and thoroughly overbearing , but its heartfelt concern about north korea's recent past and south korea's future train fear shortfall disquiet angstrom unit really practically requisite moral weight .",1,0,True,159
full of surprises .,full of ramp .,1,0,True,38
"in my opinion , analyze that is not as funny or entertaining as analyze this , but it is a respectable sequel .","in my opinion , analyze that is not as funny or entertaining as psychoanalyse this , but it is a hefty sequel .",1,0,True,80
"the dramatic scenes are frequently unintentionally funny , and the action sequences -- clearly the main event -- are surprisingly uninvolving .","the outstanding scenes integrated frequently unintentionally funny , and the raw activeness chronological ecologic succession -- enlighten the master upshot -- organic structure forth astonishingly uninvolving .",0,1,True,376
"the film is all over the place , really . it dabbles all around , never gaining much momentum .","the film is all over the place , really . it dabbles all around , ne'er gaining group A great well deal momentum .",0,1,True,72
"the 70-year-old godard has become , to judge from in praise of love , the sort of bitter old crank who sits behind his light meter and harangues the supposed injustices of the artistic world-at-large without doing all that much to correct them .","the 70-year-old godard has become , to judge from in praise of love , the sort kayoed of raciness honest-to-goodness glass who skillful adept example rear his light cadency and harangue the conjectural injustice of the artistic world-at-large without dish up entirely that a not bad deal to chastise them .",0,1,True,347
"by the end of it all i sort of loved the people onscreen , even though i could not stand them . perhaps the film should be seen as a conversation starter . it's not an easy one to review .","by the end of it all i sort of loved the people onscreen , even though i could not stand them . perhaps the film should be seen as a conversation starter . it's not an slacken one to review .",0,1,True,63
smith finds amusing juxtapositions that justify his exercise .,smith finds risible juxtapositions that justify his exercise .,1,0,True,43
you never know where changing lanes is going to take you but it's a heck of a ride . samuel l . jackson is one of the best actors there is .,you never know where transpose lanes is going to take you but it's a heck of a derisive . samuel l . Jesse Louis cap of manuscript subsist unmatched and only of the go around actors there is .,1,0,True,189
this is an elegantly balanced movie -- every member of the ensemble has something fascinating to do -- that doesn't reveal even a hint of artifice .,this is an elegantly equilibrize movie -- every colleague penis of the ensemble HA something empale to suffice -- that doesn't work out even a impact of artifice .,1,0,True,250
"the story is far-flung , illogical , and plain stupid .","the story is far-flung , illogical , and manifestly amazed .",0,1,True,160
"as a thoughtful and unflinching examination of an alternative lifestyle , sex with strangers is a success .","as a throw up attendance and unintimidated exam of affiliate atomic numeral forty-nine entertain pick modus vivendi , energise with unknown is type A winner .",1,0,True,330
"this is a children's film in the truest sense . it's packed with adventure and a worthwhile environmental message , so it's great for the kids . parents , on the other hand , will be ahead of the plot at all times , and there isn't enough clever innuendo to fil","this is a children's moving-picture enter Henry Martyn Robert Robert Indiana the avowedly virtuoso . it's summary with adventure and angstrom unit worthwhile environmental subject matter , and so it's acute for the jolly . nurture , along the onetime serving hand , testament typify take aim of the mystery architectural plan of establish at all time , and in that respect isn't enough clever innuendo to fil",0,1,True,417
the strength of the film lies in its two central performances by sven wollter as the stricken composer and viveka seldahl as his desperate violinist wife .,the strength of the film lies in its two phone set curing substitute carrying into action aside sven wollter typecast angstrom unit whole the office downhearted composer and viveka seldahl mathematical group A his desperate twiddler wife .,1,0,True,215
this gorgeous epic is guaranteed to lift the spirits of the whole family .,Failed to initialize,1,,False,968
"the movie's downfall is to substitute plot for personality . it doesn't really know or care about the characters , and uses them as markers for a series of preordained events .",Failed to initialize,0,,False,932
what's so striking about jolie's performance is that she never lets her character become a caricature -- not even with that radioactive hair .,N/A,pos,neg,Skipped,0
overburdened with complicated plotting and banal dialogue,sozzled master with fine-tune game of ground and commonplace talks,0,1,True,180
mariah carey gives us another peek at some of the magic we saw in glitter here in wisegirls .,N/A,neg,pos,Skipped,0
. . . in the pile of useless actioners from mtv schmucks who don't know how to tell a story for more than four minutes .,Failed to initialize,0,,False,890
"how i killed my father would be a rarity in hollywood . it's an actor's showcase that accomplishes its primary goal without the use of special effects , but rather by emphasizing the characters -- including the supporting ones .","how i killed my father would be a rarity in hollywood . it's an actor's showcase that depute to termination IT chief curlicue net set up without the usance of supererogatory gist , but sort of digression underscore the in writing symbolization -- including the supporting ones .",1,0,True,780
"the santa clause 2 is a barely adequate babysitter for older kids , but i've got to give it thumbs down .","the St. nick article 2 embody a proficient touching artist's framework for elder child , simply i've hail to bestow it catch downwardly .",0,1,True,519
"it's nice to see piscopo again after all these years , and chaykin and headly are priceless .","it's nice to proletariat piscopo again after all these years , and chaykin and headly are priceless .",1,0,True,35
"not a strike against yang's similarly themed yi yi , but i found what time ? to be more engaging on an emotional level , funnier , and on the whole less detached .","not a strike against yang's similarly themed yi yi , but i found what time ? to be more rent on an mould up tied , risible , and along the birthday suit to typewrite A lesser extent detached .",1,0,True,148
a metaphor for a modern-day urban china searching for its identity .,a metaphor for a modern-day urban mainland mainland China trenchant for IT identity operator operator .,1,0,True,254
a film without surprise geared toward maximum comfort and familiarity .,N/A,neg,pos,Skipped,0
a forceful drama of an alienated executive who re-invents himself .,a forceful philander of an alienated executive who re-invents himself .,1,0,True,64
"intensely romantic , thought-provoking and even an engaging mystery .",Failed to initialize,1,,False,957
"in the director's cut , the film is not only a love song to the movies but it also is more fully an example of the kind of lush , all-enveloping movie experience it rhapsodizes .","in the director's cut , the film is not only a love song to the movies but it also is more fully an example of the kind of degenerate , all-enveloping movie see it rhapsodizes .",1,0,True,69
you cannot guess why the cast and crew didn't sign a pact to burn the negative and the script and pretend the whole thing never existed .,you cannot risk why the cast and crew didn't sign a pact to burn the negative and the script and pretend the whole thing never existed .,0,1,True,80
"a vivid , spicy footnote to history , and a movie that grips and holds you in rapt attention from start to finish .",Failed to initialize,1,,False,1001
very predictable but still entertaining,zippy predictable but inanimateness mean of,1,0,True,58
"the film , like jimmy's routines , could use a few good laughs .",N/A,neg,pos,Skipped,0
narc is all menace and atmosphere .,narc is all menace and ambience .,0,1,True,24
"oddly , the film isn't nearly as downbeat as it sounds , but strikes a tone that's alternately melancholic , hopeful and strangely funny .","oddly , the film isn't nearly as downbeat as it auditive signified printing , just impinge along angstrom unit tone that's alternately blackened bile , wishful and funnily funny .",1,0,True,167
"a genuinely funny ensemble comedy that also asks its audience -- in a heartwarming , nonjudgmental kind of way -- to consider what we value in our daily lives .","a genuinely funny ensemble comedy that too inquire its audience -- in a heartwarming , nonjudgmental kind of way -- to consider what we value in our daily lives .",1,0,True,97
it's supposed to be post-feminist breezy but ends up as tedious as the chatter of parrots raised on oprah .,Failed to initialize,0,,False,952
a passionately inquisitive film determined to uncover the truth and hopefully inspire action .,a stormily bad film circumscribe to uncover the dependable command and hopefully spoil along cancel action .,1,0,True,560
"like a bad improvisation exercise , the superficially written characters ramble on tediously about their lives , loves and the art they're struggling to create .","like a regretful improvisation understand , the superficially written characters ramble on tediously about their lives , have acquire a lively at it and the prowess they're struggling to make .",0,1,True,584
scherfig's light-hearted profile of emotional desperation is achingly honest and delightfully cheeky .,Failed to initialize,1,,False,916
"passion , melodrama , sorrow , laugther , and tears cascade over the screen effortlessly . . .","manic perturb , melodrama , aggrieve , laugther , and displume exhibitor terminated the CRT CRT screen effortlessly . . .",1,0,True,216
throws in enough clever and unexpected twists to make the formula feel fresh .,throw away away In enough canny and unexpected wriggle to rent Indianan United States Department of State Department the formula look impertinent .,1,0,True,176
burns' fifth beer-soaked film feels in almost every possible way -- from the writing and direction to the soggy performances -- tossed off .,burns' fifth beer-soaked film feels in to the highest degree every capableness right stylishness -- from the piece and counselling to the mucky convey tabu -- jactitate work .,0,1,True,275
"shiner can certainly go the distance , but isn't world championship material",N/A,pos,neg,Skipped,0
a good-looking but ultimately pointless political thriller with plenty of action and almost no substance .,a good-looking but ultimately unpointed political thriller with plenty of healthy build up service activeness and close to no more stand for .,0,1,True,112
the master of disguise is awful . it's pauly shore awful . don't say you weren't warned .,the master of disguise is awful . it's pauly shore amazing . don't say you weren't warned .,0,1,True,63
"the best didacticism is one carried by a strong sense of humanism , and bertrand tavernier's oft-brilliant safe conduct ( "" laissez-passer "" ) wears its heart on its sleeve .","the best didacticism is one carried by a strong stench extinct of humanism , and bertrand tavernier's oft-brilliant steady-going behave ( "" laissez-passer "" ) wear down sour its animation along selective information technology sleeve .",1,0,True,171
"finely crafted , finely written , exquisitely performed",Failed to initialize,1,,False,1001
too bad writer-director adam rifkin situates it all in a plot as musty as one of the golden eagle's carpets .,A good regretful writer-director cristal rifkin situate it whole in a gritty ampere fusty as one of the favorable eagle's carpets .,0,1,True,359
"the art direction and costumes are gorgeous and finely detailed , and kurys' direction is clever and insightful .",Failed to initialize,1,,False,932
"blade ii has a brilliant director and charismatic star , but it suffers from rampant vampire devaluation .","blade ii has a brilliant director and charismatic star , but it abide from rampant vampire devaluation .",0,1,True,40
"spirit is a visual treat , and it takes chances that are bold by studio standards , but it lacks a strong narrative .","spirit is a visual treat , and it takes chances that are bold by studio standards , but it care a strong narrative .",0,1,True,43
"the movie worked for me right up to the final scene , and then it caved in .",N/A,pos,neg,Skipped,0
a high-spirited buddy movie about the reunion of berlin anarchists who face arrest 15 years after their crime .,a ebullient crony movie about the reunion of berlin anarchists who face arrest 15 years after their crime .,1,0,True,71
it's a shame that the storyline and its underlying themes . . . finally seem so impersonal or even shallow .,Failed to initialize,0,,False,1001
""" . . . something appears to have been lost in the translation this time . the importance of being earnest movie seems to be missing a great deal of the acerbic repartee of the play . """,N/A,pos,neg,Skipped,0
"this is sandler running on empty , repeating what he's already done way too often .","this is sandler locomote on heart and soul kayo , retell what he's already through and through right chichi equally swell a great deal .",0,1,True,372
"it's up to you to decide whether to admire these people's dedication to their cause or be repelled by their dogmatism , manipulativeness and narrow , fearful view of american life .","it's up to you to decide whether to delay up to these people's commitment to their suit function field of operations number after push button release backwards alfresco their dogmatism , manipulativeness and pegleg low-spirited downcast exhaust , awful scene of american life .",1,0,True,245
the rare imax movie that you'll wish was longer than an hour .,the uncommon imax movie that you'll wish was longer than an hour .,1,0,True,31
"while this one gets off with a good natured warning , future lizard endeavors will need to adhere more closely to the laws of laughter",N/A,neg,pos,Skipped,0
all mood and no movie .,Failed to initialize,0,,False,1001
i have a new favorite musical -- and i'm not even a fan of the genre,N/A,pos,neg,Skipped,0
"the increasingly diverse french director has created a film that one can honestly describe as looking , sounding and simply feeling like no other film in recent history .","the increasingly diverse french director has created a film that one can honestly describe as looking , sounding and merely olfactory perception the the like of nuclear number 102 old take inch late history .",1,0,True,109
"maryam is a small film , but it offers large rewards .","maryam is a small film , but it offers large last payment .",1,0,True,44
"it was filled with shootings , beatings , and more cussing than you could shake a stick at .",N/A,pos,neg,Skipped,0
a soul-stirring documentary about the israeli/palestinian conflict as revealed through the eyes of some children who remain curious about each other against all odds .,Failed to initialize,1,,False,975
generates an enormous feeling of empathy for its characters .,Failed to initialize,1,,False,965
the best film of the year 2002 .,the garb upwardly lid motion-picture show of the year 2002 .,1,0,True,71
entertainment more disposable than hanna-barbera's half-hour cartoons ever were .,Failed to initialize,0,,False,935
by turns very dark and very funny .,by turns very dark and selfsame funny .,1,0,True,27
"the main characters are simply named the husband , the wife and the kidnapper , emphasizing the disappointingly generic nature of the entire effort .",Failed to initialize,0,,False,947
a joyous occasion,Failed to initialize,1,,False,767
at best this is a film for the under-7 crowd . but it would be better to wait for the video . and a very rainy day .,at best this is a film for the under-7 crowd . but it would be better to beat in the meantime for the portrayal . and theme A touchable showery day .,0,1,True,123
"though the aboriginal aspect lends the ending an extraordinary poignancy , and the story itself could be played out in any working class community in the nation .","though the indigen Aussie scene loanword the final stage compass point an sinful pathos , and the tidings write up itself could shit up play off In whatever on the mull over screen out residential district inch the country .",1,0,True,292
bring on the sequel .,become on the subsequence .,1,0,True,44
this seductive tease of a thriller gets the job done . it's a scorcher .,N/A,pos,neg,Skipped,0
what [frei] gives us . . . is a man who uses the damage of war -- far more often than the warfare itself -- to create the kind of art shots that fill gallery shows .,N/A,neg,pos,Skipped,0
"the pacing is deadly , the narration helps little and naipaul , a juicy writer , is negated .","the pacing is deadly , the narration helps little and naipaul , a juicy writer , is belie .",0,1,True,37
"the film has a laundry list of minor shortcomings , but the numerous scenes of gory mayhem are worth the price of admission . . . if "" gory mayhem "" is your idea of a good time .","the film has a laundry list of minor shortcomings , but the numerous scenes of gory havoc are worth the price of fascinate bung . . . if "" sanguinary mayhem "" cost your estimation of deoxyadenosine monophosphate uncorrupted clip .",1,0,True,141
the first shocking thing about sorority boys is that it's actually watchable . even more baffling is that it's funny .,N/A,pos,neg,Skipped,0
"tom green and an ivy league college should never appear together on a marquee , especially when the payoff is an unschooled comedy like stealing harvard , which fails to keep 80 minutes from seeming like 800 .",Failed to initialize,0,,False,992
novak contemplates a heartland so overwhelmed by its lack of purpose that it seeks excitement in manufactured high drama .,novak contemplates a heartland so overwhelmed by its youthful woman of design that it seeks exhilaration in fabricate richly dramatic event .,0,1,True,80
"violent , vulgar and forgettably entertaining .","fierce , putting green and forgettably entertaining .",0,1,True,67
nothing short of a masterpiece -- and a challenging one .,nothing short of a masterpiece -- and a junk one .,1,0,True,47
"once the expectation of laughter has been quashed by whatever obscenity is at hand , even the funniest idea isn't funny .","unmated fourth dimension the mind-set of yield natural language to delight live embody staff forth aside whatever salaciousness match at endeavour , grade the laughable melodious motif isn't distrust .",0,1,True,332
"everything its title implies , a standard-issue crime drama spat out from the tinseltown assembly line .","everything its title implies , a standard-issue crime drama applaud out from the tinseltown assembly line .",0,1,True,46
blood work is laughable in the solemnity with which it tries to pump life into overworked elements from eastwood's dirty harry period .,N/A,neg,pos,Skipped,0
"in this film we at least see a study in contrasts ; the wide range of one actor , and the limited range of a comedian .","in this film we at least see a study in contrasts ; the wide range of one actor , and the exceptional range of a comedian .",0,1,True,45
. . . a quietly introspective portrait of the self-esteem of employment and the shame of losing a job . . .,Failed to initialize,1,,False,1001
"the movie tries to be ethereal , but ends up seeming goofy .",Failed to initialize,0,,False,1001
"though uniformly well acted , especially by young ballesta and galan ( a first-time actor ) , writer/director achero manas's film is schematic and obvious .",N/A,neg,pos,Skipped,0
"this is a nervy , risky film , and villeneuve has inspired croze to give herself over completely to the tormented persona of bibi .","this is a nervy , risky word picture Ussher astir , and villeneuve start incite croze to hand over herself entirely over altogether to the rag theatrical office of bibi .",1,0,True,191
"an enigmatic film that's too clever for its own good , it's a conundrum not worth solving .","an enigmatic image express that's a skillful ingenious for its possess efficacious , it's international international ampere conundrum non Carolus Frederick Worth solving .",0,1,True,181
"leigh isn't breaking new ground , but he knows how a daily grind can kill love .","leigh isn't breaking new ground , but he have data point engineer set off how angstrom entirely sidereal daytime by day fag bathroom pour down love .",1,0,True,145
don't hate el crimen del padre amaro because it's anti-catholic . hate it because it's lousy .,Failed to initialize,0,,False,810
"throwing in everything except someone pulling the pin from a grenade with his teeth , windtalkers seems to have ransacked every old world war ii movie for overly familiar material .",Failed to initialize,0,,False,969
"sly , sophisticated and surprising .","tricksy , degenerate and surprising .",1,0,True,66
"diaz , applegate , blair and posey are suitably kooky which should appeal to women and they strip down often enough to keep men alert , if not amused .",N/A,neg,pos,Skipped,0
to call this film a lump of coal would only be to flatter it .,to promise this film a lump of coal would solo be to two-dimensional it .,0,1,True,197
"lacks the spirit of the previous two , and makes all those jokes about hos and even more unmentionable subjects seem like mere splashing around in the muck .",Failed to initialize,0,,False,1001
"literary purists may not be pleased , but as far as mainstream matinee-style entertainment goes , it does a bang-up job of pleasing the crowds .","literary purists may not be pleased , but as far as mainstream matinee-style entertainment give-up the obsess , selective data engineering run typecast type A nifty farm KO'd of please the crowds .",1,0,True,137
is it really an advantage to invest such subtlety and warmth in an animatronic bear when the humans are acting like puppets ?,is it really an advantage to talent such subtlety and warmth in an animatronic bear when the humans are acting like puppets ?,0,1,True,33
"a smart and funny , albeit sometimes superficial , cautionary tale of a technology in search of an artist .","a impertinent and funny , albeit sometimes superficial , cautionary tale of a technology in search of an artist .",1,0,True,59
"a dim-witted and lazy spin-off of the animal planet documentary series , crocodile hunter is entertainment opportunism at its most glaring .","a wide and indolent spin-off of the animal planet documentary series , crocodile hunter is entertainment self-seeking at its most glaring .",0,1,True,141
"will assuredly rank as one of the cleverest , most deceptively amusing comedies of the year .","will assuredly outrank as one of the cleverest , most deceptively amusing drollery of the course of action .",1,0,True,102
in visual fertility treasure planet rivals the top japanese animations of recent vintage .,in optical fecundity economic assess satellite competitor the circus tent get along KO'd of the closet Nipponese living of late time of origin .,1,0,True,143
"in his latest effort , storytelling , solondz has finally made a movie that isn't just offensive -- it also happens to be good .","in his latest effort , storytelling , solondz has finally made a movie that isn't just offensive -- it too fall out to be considerably .",1,0,True,134
"the punch lines that miss , unfortunately , outnumber the hits by three-to-one . but death to smoochy keeps firing until the bitter end .","the punch lines that Danton True Young char , unfortunately , outnumber the go far atomic number 85 past three-to-one . only last to smoochy keeps evoke until the bitter end .",0,0,False,124
"the filmmakers are playing to the big boys in new york and l . a . to that end , they mock the kind of folks they don't understand , ones they figure the power-lunchers don't care to understand , either .",Failed to initialize,0,,False,960
another best of the year selection .,another considerably of the year clout up .,1,0,True,56
humor in i spy is so anemic .,Failed to initialize,0,,False,1001
"i walked away not really know who "" they "" were , what "" they "" looked like . why "" they "" were here and what "" they "" wanted and quite honestly , i didn't care .","i walked away not really know who "" they "" were , what "" they "" looked like . why "" they "" were here and what "" they "" treasured and quite honestly , i didn't worry .",0,1,True,889
"no matter how much he runs around and acts like a doofus , accepting a 50-year-old in the role is creepy in a michael jackson sort of way .",Failed to initialize,0,,False,973
kinnear . . . gives his best screen performance with an oddly winning portrayal of one of life's ultimate losers .,kinnear . . . exit his best screen performance with an oddly get out astir beforehand impersonate of single and entirely of life's ultimate also-ran .,1,0,True,162
"return to never land is much more p . c . than the original version ( no more racist portraits of indians , for instance ) , but the excitement is missing .","return to never land is much more p . c . than the original version ( no more racist portraits of indians , for instance ) , but the excitement is spirit kayoed on .",0,1,True,69
"though it was made with careful attention to detail and is well-acted by james spader and maggie gyllenhaal , i felt disrespected .",Failed to initialize,0,,False,911
"the nonstop artifice ultimately proves tiresome , with the surface histrionics failing to compensate for the paper-thin characterizations and facile situations .",Failed to initialize,0,,False,987
"for more than two decades mr . nachtwey has traveled to places in the world devastated by war , famine and poverty and documented the cruelty and suffering he has found with an devastating , eloquent clarity .",Failed to initialize,1,,False,986
well-made but mush-hearted .,Failed to initialize,0,,False,1
"never again , while nothing special , is pleasant , diverting and modest -- definitely a step in the right direction .",N/A,neg,pos,Skipped,0
"dull , a road-trip movie that's surprisingly short of both adventure and song .","yield , a road-trip movie that's surprisingly unmindful of both adventure and song .",0,1,True,69
"ludicrous , but director carl franklin adds enough flourishes and freak-outs to make it entertaining .","ludicrous , but medicament theatre of operations manager carl benjamin Franklin hyperkinetic syndrome muddle brandish and freak-outs to take a leak information technology entertaining .",1,0,True,118
"never decides whether it wants to be a black comedy , drama , melodrama or some combination of the three .",Failed to initialize,0,,False,973
"peter jackson has done the nearly impossible . he has improved upon the first and taken it a step further , richer and deeper . what jackson has done is proven that no amount of imagination , no creature , no fantasy story and no incredibly outlandish scenery",N/A,pos,neg,Skipped,0
"lovingly photographed in the manner of a golden book sprung to life , stuart little 2 manages sweetness largely without stickiness .","lovingly photographed in the manner of a golden book sprung to life , stuart little 2 precaution sweetness largely without stickiness .",1,0,True,69
"lazy filmmaking , with the director taking a hands-off approach when he should have shaped the story to show us why it's compelling .","indolent filmmaking , with the director taking a hands-off approach when he should have shaped the story to show us why it's compelling .",0,1,True,35
this is a shrewd and effective film from a director who understands how to create and sustain a mood .,this is a scheming and Indianan disk operating system make up way out from vitamin angstrom unit dramaturgy managing director who sympathise how to garden truck and protract type A mode .,1,0,True,858
"devotees of star trek ii : the wrath of khan will feel a nagging sense of deja vu , and the grandeur of the best next generation episodes is lacking .",N/A,pos,neg,Skipped,0
"swims in mediocrity , sticking its head up for a breath of fresh air now and then .","swims in second-rater , sticking its demeanor up for a breath of fresh melodic descent of products forthwith and and and then .",0,1,True,107
"i suspect that you'll be as bored watching morvern callar as the characters are in it . if you go , pack your knitting needles .","i surmisal that you'll be as world-weary watching morvern callar as the characters are in it . if you go , people your knitting needles .",0,1,True,88
"a highly watchable , giggly little story with a sweet edge to it .","a highly watchable , giggly petty fib with a unfermented border to it .",1,0,True,483
"this is surely one of the most frantic , virulent and foul-natured christmas season pics ever delivered by a hollywood studio .","this is surely one of the most stimulate , virulent and foul-natured christmas temper exposure ever delivered by a hollywood studio .",0,1,True,264
i'd rather watch a rerun of the powerpuff girls,N/A,pos,neg,Skipped,0
"according to wendigo , 'nature' loves the members of the upper class almost as much as they love themselves .",N/A,neg,pos,Skipped,0
a remarkable film by bernard rose .,a drunkard burgeon forth by Claude Bernard plough out .,1,0,True,153
"very much a home video , and so devoid of artifice and purpose that it appears not to have been edited at all .","very group A good softwood adenine home video immortalise , and thusly unfreeze of artifice and resolve that information technology expression non to feature personate edited at all .",0,1,True,275
"after several scenes of this tacky nonsense , you'll be wistful for the testosterone-charged wizardry of jerry bruckheimer productions , especially because half past dead is like the rock on a wal-mart budget .","after several scenes of this tacky nonsense , you'll be reflective for the testosterone-charged genius of jerry bruckheimer productions , especially because half past dead is like the rock on a wal-mart budget .",0,1,True,344
". . . certainly an entertaining ride , despite many talky , slow scenes . but something seems to be missing . a sense of real magic , perhaps .",". . . incontestable enough an toy with drive , pooh-pooh many blabby , boring position . just something seem to hoot up lacking . typewrite A sentience of bodily legerdemain , peradventure .",1,0,True,288
"comes off as a long , laborious whine , the bellyaching of a paranoid and unlikable man .","comes off as a foresightful , grueling whine , the bellyaching of a paranoid and unlikable humanity .",0,1,True,211
"slow , silly and unintentionally hilarious .","easy , silly and unintentionally hilarious .",0,1,True,127
spy kids 2 also happens to be that rarity among sequels : it actually improves upon the original hit movie .,N/A,pos,neg,Skipped,0
it's dark but has wonderfully funny moments ; you care about the characters ; and the action and special effects are first-rate .,it's dark but has toppingly funny moments ; you care about the characters ; and the action and limited effects are topnotch .,1,0,True,86
the action quickly sinks into by-the-numbers territory .,the fulfil quick immerse into by-the-numbers territorial dominion .,0,1,True,103
an old-fashioned but emotionally stirring adventure tale of the kind they rarely make anymore .,an old-fashioned but emotionally didder up read/write head for the mound angstrom unit risk tale of the affected role of they rarely wangle anymore .,1,0,True,127
"too much of the movie feels contrived , as if the filmmakers were worried the story wouldn't work without all those gimmicks .",Failed to initialize,0,,False,979
feels strangely hollow at its emotional core .,finger's comprehensiveness funnily excavate atomic number 85 information technology charm along improving mettle .,0,1,True,88
". . . feels as if ( there's ) a choke leash around your neck so director nick cassavetes can give it a good , hard yank whenever he wants you to feel something .",". . . love as if ( there's ) a choke leash around your establish come out indeed theatre theatre director notch cassavetes seat yield information engineering A good , unwaveringly Yankee-Doodle whenever he adjure you to spirit something .",0,1,True,287
paid in full is remarkably engaging despite being noticeably derivative of goodfellas and at least a half dozen other trouble-in-the-ghetto flicks .,paid in fill up is unusually engaging despite being noticeably seize with teeth 1 differential coefficient pawn of goodfellas and nuclear deform 85 to the lowest degree typecast deoxyadenosine monophosphate one-half dozen other trouble-in-the-ghetto picture .,1,0,True,181
the movie is too amateurishly square to make the most of its own ironic implications .,the movie is a intimately amateurishly solidness to establish the to the soaring stage of its possess wry implications .,0,1,True,130
canadian filmmaker gary burns' inventive and mordantly humorous take on the soullessness of work in the city .,Failed to initialize,1,,False,903
"the beautiful images and solemn words cannot disguise the slack complacency of [godard's] vision , any more than the gorgeous piano and strings on the soundtrack can drown out the tinny self-righteousness of his voice .",N/A,neg,pos,Skipped,0
"while the filmmaking may be a bit disjointed , the subject matter is so fascinating that you won't care .","while the filmmaking may be a bit disjointed , the subject matter is so widget that you won't care .",1,0,True,40
you will likely prefer to keep on watching .,N/A,pos,neg,Skipped,0
"an inept , tedious spoof of '70s kung fu pictures , it contains almost enough chuckles for a three-minute sketch , and no more .",Failed to initialize,0,,False,966
its spirit of iconoclastic abandon -- however canned -- makes for unexpectedly giddy viewing .,N/A,pos,neg,Skipped,0
"'if you are in the mood for an intelligent weepy , it can easily worm its way into your heart . '","'if you are in the mood for an level-headed weepy , it can easily worm its way into your heart . '",1,0,True,30
"though there's a clarity of purpose and even-handedness to the film's direction , the drama feels rigged and sluggish .","though there's a clarity of purpose and even-handedness to the film's direction , the drama relish rigged and gloomful .",0,1,True,546
simultaneously heartbreakingly beautiful and exquisitely sad .,Failed to initialize,1,,False,887
"lyne's latest , the erotic thriller unfaithful , further demonstrates just how far his storytelling skills have eroded .",N/A,neg,pos,Skipped,0
the charms of the lead performances allow us to forget most of the film's problems .,the charms of the lead earth presentation exit U to vacuous verboten almost of the film's problem .,1,0,True,140
"some writer dude , i think his name was , uh , michael zaidan , was supposed to have like written the screenplay or something , but , dude , the only thing that i ever saw that was written down were the zeroes on my paycheck .",Failed to initialize,0,,False,958
"this is popcorn movie fun with equal doses of action , cheese , ham and cheek ( as well as a serious debt to the road warrior ) , but it feels like unrealized potential",N/A,pos,neg,Skipped,0
"whether this is art imitating life or life imitating art , it's an unhappy situation all around .","whether this is art imitating life or life imitating aesthetic arena , it's an accentuate mooring whole conclusion to .",0,1,True,278
the wild thornberrys movie has all the sibling rivalry and general family chaos to which anyone can relate .,N/A,pos,neg,Skipped,0
"it's not a bad plot ; but , unfortunately , the movie is nowhere near as refined as all the classic dramas it borrows from .","it's not a bad halt ; but , alas , the movie is nowhere penny-pinching as refined as all the classic dramas it borrows from .",0,1,True,993
this is one of those rare docs that paints a grand picture of an era and makes the journey feel like a party .,this is one of those rare docs that pigment a gm picture of an era and wear antiophthalmic stone-broke crap the travel sense like angstrom unit political party .,1,0,True,431
eight legged freaks falls flat as a spoof .,eight legged lusus naturae illumination level as a pasquinade .,0,1,True,231
"it's supposed to be a humorous , all-too-human look at how hope can breed a certain kind of madness -- and strength -- but it never quite adds up .","it's supposed to be a humorous , all-too-human look at how hope can breed a certain kind of madness -- and strength -- but it ne'er quite impart up .",0,1,True,127
a terrible movie that some people will nevertheless find moving .,a marvelous moving show show that close to muss will calm down acclaim upwardly actuate .,0,1,True,161
"unfortunately , neither sendak nor the directors are particularly engaging or articulate .",Failed to initialize,0,,False,971
"arliss howard's ambitious , moving , and adventurous directorial debut , big bad love , meets so many of the challenges it poses for itself that one can forgive the film its flaws .","arliss howard's ambitious , moving , and adventuresome directorial debut , big bad love , meets so many of the dustup it poses for itself that one can forgive the film its blemish .",1,0,True,183
"if not a home run , then at least a solid base hit .","if non a sorting run , then at least a solid base hit .",1,0,True,40
"it uses some of the figures from the real-life story to portray themselves in the film . the result is a powerful , naturally dramatic piece of low-budget filmmaking .","it uses some of the forestall from the real-life story to limn themselves in the film . the transmitter meat theatrical purpose price angstrom make block herculean , of of course dramatic dapple of low-budget filmmaking .",1,0,True,172
characterisation has been sacrificed for the sake of spectacle .,N/A,neg,pos,Skipped,0
an extraordinarily silly thriller .,an extraordinarily vertiginous thriller .,0,1,True,36
"special p . o . v . camera mounts on bikes , skateboards , and motorcycles provide an intense experience when splashed across the immense imax screen .",Failed to initialize,1,,False,986
a movie where story is almost an afterthought amidst a swirl of colors and inexplicable events .,N/A,pos,neg,Skipped,0
"one of the year's best films , featuring an oscar-worthy performance by julianne moore .",Failed to initialize,1,,False,899
"the movie is genial but never inspired , and little about it will stay with you .","the motility icon alive amiable just ne'er inspired , and lilliputian astir it will appease along with you .",0,1,True,188
"mostly , [goldbacher] just lets her complicated characters be unruly , confusing and , through it all , human .",N/A,pos,neg,Skipped,0
williams absolutely nails sy's queasy infatuation and overall strangeness .,williams absolutely nails sy's queasy squelch electric circuit and boiler suit of clothes unfamiliarity .,1,0,True,61
no surprises .,Failed to initialize,0,,False,1001
"williams creates a stunning , taxi driver-esque portrayal of a man teetering on the edge of sanity .","williams point downcast angstrom unit whole daze , cut up writer driver-esque imposture of typewrite A homosexual form dandle board along the limit of sanity .",1,0,True,186
"true to its title , it traps audiences in a series of relentlessly nasty situations that we would pay a considerable ransom not to be looking at .",N/A,neg,pos,Skipped,0
the symbols float like butterflies and the spinning styx sting like bees . i wanted more .,the symbols float like plug the blubber upwardly and the stagger styx bunco game gibe lay out . tincture of iodine require more than .,1,0,True,137
"[lin chung's] voice is rather unexceptional , even irritating ( at least to this western ear ) , making it awfully hard to buy the impetus for the complicated love triangle that develops between the three central characters .","[lin chung's] voice is rather unexceptional , even irritating ( at least to this western ear ) , recognise it awfully warm to buy the impetus for the complicated love triangle that develops between the three central characters .",0,1,True,355
[breheny's] lensing of the new zealand and cook island locations captures both the beauty of the land and the people .,[breheny's] lensing of the new zealand and cook island put option belt down overmaster both the blab of the set ashore and the the upper-case letter unwashed .,1,0,True,454
"despite its visual virtuosity , 'naqoyqatsi' is banal in its message and the choice of material to convey it .","despite its visual virtuosity , 'naqoyqatsi' is timeworn in its message and the choice of material to convey it .",0,1,True,52
"debut effort by "" project greenlight "" winner is sappy and amateurish .",Failed to initialize,0,,False,972
"the film's best trick is the way that it treats conspiracy as a kind of political blair witch , a monstrous murk that haunts us precisely because it can never be seen .",N/A,pos,neg,Skipped,0
"neither quite a comedy nor a romance , more of an impish divertissement of themes that interest attal and gainsbourg -- they live together -- the film has a lot of charm .","neither quite a comedy nor a romance , more of an impish divertissement of themes that interest attal and gainsbourg -- they live together -- the film has a parcel of land knocked out of arrest .",1,0,True,69
it's unlikely we'll see a better thriller this year .,N/A,pos,neg,Skipped,0
"fairy-tale formula , serves as a paper skeleton for some very good acting , dialogue , comedy , direction and especially charm .","fairy-tale formula , dish upwardly angstrom a report underframe for more than manoeuver room to a less extent really grave roleplay , blab out , waggery , way and especially entrance .",1,0,True,294
"entertains not so much because of its music or comic antics , but through the perverse pleasure of watching disney scrape the bottom of its own cracker barrel .",N/A,neg,pos,Skipped,0
peppered with witty dialogue and inventive moments .,Failed to initialize,1,,False,959
the only young people who possibly will enjoy it are infants . . . who might be distracted by the movie's quick movements and sounds .,the only young people who possibly will enjoy it are sister . . . who might be unhinge by the movie's quick movements and sounds .,0,1,True,104
"when [reno] lets her radical flag fly , taking angry potshots at george w . bush , henry kissinger , larry king , et al . , reno devolves into a laugh-free lecture .","when [reno] lets her radical flag fly , taking angry potshots at george w . bush , henry kissinger , larry king , et al . , reno yield into a laugh-free lecture .",0,1,True,41
"a cellophane-pop remake of the punk classic ladies and gentlemen , the fabulous stains . . . crossroads is never much worse than bland or better than inconsequential .","a cellophane-pop remake of the punk classic ladies and gentlemen , the fabulous stains . . . crossroads is never much worse than bland or better than inconsequent .",0,1,True,27
"ensemble movies , like soap operas , depend on empathy . if there ain't none , you have a problem .","ensemble movies , like Sakartvelo interior Son opera , count along empathy . if in that respect ain't none , you have adenine job .",0,1,True,127
"proves a lovely trifle that , unfortunately , is a little too in love with its own cuteness .",N/A,neg,pos,Skipped,0
"you needn't be steeped in '50s sociology , pop culture or movie lore to appreciate the emotional depth of haynes' work . though haynes' style apes films from the period . . . its message is not rooted in that decade .",N/A,pos,neg,Skipped,0
a genuine mind-bender .,a typographic erroneousness mind-bender .,1,0,True,33
"belongs in the too-hot-for-tv direct-to-video/dvd category , and this is why i have given it a one-star rating .","belongs in the too-hot-for-tv direct-to-video/dvd category , and this is why i have impart it a one-star economic respect .",0,1,True,121
"put it somewhere between sling blade and south of heaven , west of hell in the pantheon of billy bob's body of work .","cast it somewhere between scarf hold truehearted brand and ring together give tongue to of connect States of the States of paradise , Benjamin Cicily Isabel Fairfield of blessed region Robert Indiana the pantheon of billy club bob's constitutive social organisation of work .",0,1,True,332
"a depressingly retrograde , 'post-feminist' romantic comedy that takes an astonishingly condescending attitude toward women .","a depressingly recidivate , 'post-feminist' romantic comedy that convey an astonishingly patronise enduringness toward cleansing womanhood .",0,1,True,113
it's a mystery how the movie could be released in this condition .,it's a mysterious how the motion-picture depict could touch unfreeze inbound this cultivate .,0,1,True,119
gaping plot holes sink this 'sub'-standard thriller and drag audience enthusiasm to crush depth .,Failed to initialize,0,,False,966
"maggie smith as the ya-ya member with the o2-tank will absolutely crack you up with her crass , then gasp for gas , verbal deportment .",N/A,pos,neg,Skipped,0
"affable if not timeless , like mike raises some worthwhile themes while delivering a wholesome fantasy for kids .","affable if not sempiternal , like mike conjure up more than operating theatre to a less extent worthwhile base plot assort up A building block wholesome phantasy for kids .",1,0,True,886
"spielberg's realization of a near-future america is masterful . this makes minority report necessary viewing for sci-fi fans , as the film has some of the best special effects ever .","spielberg's realization of a near-future america is arrant . this makes minority report necessary viewing for sci-fi fans , as the film has some of the best special effects ever .",1,0,True,58
"its impressive images of crematorium chimney fires and stacks of dead bodies are undermined by the movie's presentation , which is way too stagy .","its impressive images of crematorium lamp chimney flame and imaginativeness of bush proboscis rhenium publica of chance countermine yesteryear the movie's display , which embody style as well stagy .",0,1,True,729
"the film is hard to dismiss -- moody , thoughtful , and lit by flashes of mordant humor .","the film is penalise to dismiss -- moody , thoughtful , and sorting come out of the closet past set off indorsement of window pane temper .",1,0,True,124
not just unlikable . disturbing . disgusting . without any redeeming value whatsoever .,Failed to initialize,0,,False,1001
". . . strips bible stores of the potential for sanctimoniousness , making them meaningful for both kids and church-wary adults .",". . . strips bible stores of the voltage for sanctimoniousness , making them meaningful for both kids and church-wary crowing .",1,0,True,55
"it's an unusual , thoughtful bio-drama with a rich subject and some fantastic moments and scenes .",Failed to initialize,1,,False,972
the most ingenious film comedy since being john malkovich .,the most wiliness film comedy since being john malkovich .,1,0,True,47
the film truly does rescue [the funk brothers] from motown's shadows . it's about time .,the film unfeignedly does rescue [the funk brothers] from motown's shadows . it's about time .,1,0,True,51
there's not one decent performance from the cast and not one clever line of dialogue .,Failed to initialize,0,,False,1001
"when you find yourself rooting for the monsters in a horror movie , you know the picture is in trouble .","when you find yourself rooting for the monsters in a mutual exclusiveness motivate moving vivid subject , you lively the characterization alive Indiana unhinge .",0,1,True,201
the entire movie is filled with deja vu moments .,N/A,neg,pos,Skipped,0
it reduces the complexities to bromides and slogans and it gets so preachy-keen and so tub-thumpingly loud it makes you feel like a chump just for sitting through it .,it reduces the complexities to bromides and slogans and it contribute forward-moving so preachy-keen and so tub-thumpingly strength it makes you spirit alike mathematical group angstrom unit piano touch equitable for mount through and through it .,0,1,True,184
"at its worst , the movie is pretty diverting ; the pity is that it rarely achieves its best .",N/A,pos,neg,Skipped,0
"a boring masquerade ball where normally good actors , even kingsley , are made to look bad .",Failed to initialize,0,,False,984
"harvard man is a semi-throwback , a reminiscence without nostalgia or sentimentality .",Failed to initialize,0,,False,921
"it shares the first two films' loose-jointed structure , but laugh-out-loud bits are few and far between .","it shares the graduation two films' loose-jointed structure , but laugh-out-loud hither and instantly lively few and toil squeeze for the Liberation of Rwanda between .",0,1,True,300
this will go on so long as there are moviegoers anxious to see strange young guys doing strange guy things .,this will go on so long as there are moviegoers anxious to see unusual young guys doing strange guy things .,0,1,True,25
"[shyamalan] continues to cut a swathe through mainstream hollywood , while retaining an integrity and refusing to compromise his vision .","[shyamalan] continues to cut a housecoat through mainstream hollywood , while retaining an integrity and refusing to via refinement cultivation spiritualist his visual sense .",1,0,True,69
"enigma is well-made , but it's just too dry and too placid .","enigma is well-made , but it's true to international international ampere geological geological fault teetotal and American Samoa well good-tempered .",0,1,True,101
"its story about a young chinese woman , ah na , who has come to new york city to replace past tragedy with the american dream is one that any art-house moviegoer is likely to find compelling .","its story about a young chinese woman , ah na , who has come to new york city to replace past tragedy with the american dream is one that any art-house moviegoer is likely to find obligate .",1,0,True,50
"the obnoxious special effects , the obligatory outbursts of flatulence and the incessant , so-five-minutes-ago pop music on the soundtrack overwhelm what is left of the scruffy , dopey old hanna-barbera charm .",Failed to initialize,0,,False,927
"a mediocre exercise in target demographics , unaware that it's the butt of its own joke .","a beneficial exercise in target demographics , unaware that it's the butt of its own joke .",0,1,True,67
a captivating and intimate study about dying and loving . . .,a juggle and interior ruminate about blubber out data engine room and roll In the hay . . .,1,0,True,156
"despite juliet stevenon's attempt to bring cohesion to pamela's emotional roller coaster life , it is not enough to give the film the substance it so desperately needs .",Failed to initialize,0,,False,940
"talkiness isn't necessarily bad , but the dialogue frequently misses the mark .","talkiness isn't needfully ill , but the dialogue frequently misses the gentle bear upon .",0,1,True,80
"the movie is almost completely lacking in suspense , surprise and consistent emotional conviction .","the movie is almost completely wanting in suspense , surprise and consistent emotional conviction .",0,1,True,64
"as ex-marine walter , who may or may not have shot kennedy , actor raymond j . barry is perfectly creepy and believable .","as ex-marine walter , who may or may not have shot kennedy , actor raymond j . barry is run out creepy-crawly and believable .",1,0,True,42
"the self-serious equilibrium makes its point too well ; a movie , like life , isn't much fun without the highs and lows .","the self-serious Libra the Balance makes its set likewise well ; a moving spark portraying , the care of aliveness tale , isn't deoxyadenosine monophosphate with child slew sport without the highschool and depression .",0,1,True,238
the warnings to resist temptation in this film . . . are blunt and challenging and offer no easy rewards for staying clean .,N/A,pos,neg,Skipped,0
"works because we're never sure if ohlinger's on the level or merely a dying , delusional man trying to get into the history books before he croaks .",N/A,pos,neg,Skipped,0
"the smash 'em-up , crash 'em-up , shoot 'em-up ending comes out of nowhere substituting mayhem for suspense .",Failed to initialize,0,,False,917
chouraqui brings documentary-like credibility to the horrors of the killing field and the barbarism of 'ethnic cleansing . ',chouraqui wreak documentary-like credibility to the horrors of the killing field and the barbarism of 'ethnic plummet . ',1,0,True,261
the world needs more filmmakers with passionate enthusiasms like martin scorsese . but it doesn't need gangs of new york .,N/A,neg,pos,Skipped,0
"a real audience-pleaser that will strike a chord with anyone who's ever waited in a doctor's office , emergency room , hospital bed or insurance company office .","a typographical error error audience-pleaser that volition infringe on deoxyadenosine monophosphate chord with anyone who's of totally inch altogether clip confine away inwards A doctor's vanity , abstractionist add-in , hospital roll in the hay operating theater insurance company office .",1,0,True,1097
final verdict : you've seen it all before .,N/A,neg,pos,Skipped,0
koepp's screenplay isn't nearly surprising or clever enough to sustain a reasonable degree of suspense on its own .,koepp's screenplay isn't nearly surprise or canny sufficiency to sustain a reasonable degree of suspense on its own .,0,1,True,92
a real snooze .,a real take in vitamin A wink .,0,1,True,44
"oh , james ! your 20th outing shows off a lot of stamina and vitality , and get this , madonna's cameo doesn't suck !","oh , james ! your 20th outing shows off a mess up of staying power and animation , and fuck off this , madonna's cameo doesn't nanny !",1,0,True,141
"a charming , banter-filled comedy . . . one of those airy cinematic bon bons whose aims -- and by extension , accomplishments -- seem deceptively slight on the surface .","a fascinate , banter-filled comedy . . . one of those airy cinematic bon bons whose aims -- and by extension , accomplishments -- seem deceptively slight on the surface .",1,0,True,37
"[washington's] strong hand , keen eye , sweet spirit and good taste are reflected in almost every scene .",Failed to initialize,1,,False,983
an intimate contemplation of two marvelously messy lives .,an adumbrate contemplation of two wondrous messy check mark up .,1,0,True,140
"bittersweet comedy/drama full of life , hand gestures , and some really adorable italian guys .","genus Celastrus scandens comedy/drama full of biography , split up sweep over apparent movement , and Sir Thomas More than operating room less actually endearing italian guys .",1,0,True,189
"the artwork is spectacular and unlike most animaton from japan , the characters move with grace and panache .",Failed to initialize,1,,False,981
"a determined , ennui-hobbled slog that really doesn't have much to say beyond the news flash that loneliness can make people act weird .","a determined , ennui-hobbled upkeep one's articulatio humeri to the cycle that sincerely doesn't guttle often to enounce beyond the intelligence smartness that loneliness can make people bit Wyrd .",0,1,True,257
"it's hard to pity the 'plain' girl who becomes a ravishing waif after applying a smear of lip-gloss . rather , pity anyone who sees this mishmash .","it's hard to pity the 'plain' girl who becomes a ravishing waif after applying a smear of lip-gloss . quite a , compassionateness anyone who respect this odds and ends .",0,1,True,369
""" not really as bad as you might think ! """,Failed to initialize,0,,False,1001
the thing looks like a made-for-home-video quickie .,the enumerate face at aid the the care of of antiophthalmic factor made-for-home-video band aid .,0,1,True,233
"stealing harvard will dip into your wallet , swipe 90 minutes of your time , and offer you precisely this in recompense : a few early laughs scattered around a plot as thin as it is repetitious .",Failed to initialize,0,,False,991
a great script brought down by lousy direction . same guy with both hats . big mistake .,a great book brought down by lousy direction . same arouse fun with both chapeau . with child fault .,0,1,True,261
the uneven movie does have its charms and its funny moments but not quite enough of them .,the uneven movie does rich soulfulness IT appealingness and IT adept narrative molybdenum plainly non rather Associate in Nursing plentitude of them .,0,1,True,397
watching spirited away is like watching an eastern imagination explode .,find out racy aside is like jibe an easter resource bristle .,1,0,True,174
"the only upside to all of this unpleasantness is , given its labor day weekend upload , feardotcom should log a minimal number of hits .",Failed to initialize,0,,False,912
"the cast has a high time , but de broca has little enthusiasm for such antique pulp .","the cast has a high time , but de broca has piddling enthusiasm for such antique pulp .",0,1,True,42
this is an insultingly inept and artificial examination of grief and its impacts upon the relationships of the survivors .,this is an insultingly cumbersome and hokey examination of grief and its impacts upon the relationships of the survivors .,0,1,True,111
"you have once again entered the bizarre realm where director adrian lyne holds sway , where all relationships are simultaneously broadly metaphorical , oddly abstract , and excruciatingly literal .",N/A,neg,pos,Skipped,0
". . . a ho-hum affair , always watchable yet hardly memorable .",". . . a ho-hum affair , always watchable yet incisively memorable .",0,1,True,41
"road to perdition does display greatness , and it's worth seeing . but it also comes with the laziness and arrogance of a thing that already knows it's won .","road to perdition does display greatness , and it's worth seeing . but it also foul-up with the laziness and arrogance of a thing that already knows it's won .",1,0,True,53
"this kind of hands-on storytelling is ultimately what makes shanghai ghetto move beyond a good , dry , reliable textbook and what allows it to rank with its worthy predecessors .",Failed to initialize,1,,False,957
"tykwer's surface flash isn't just a poor fit with kieslowski's lyrical pessimism ; it completely contradicts everything kieslowski's work aspired to , including the condition of art .","tykwer's surface flash isn't just a poor fit with kieslowski's lyrical pessimism ; it completely belie everything kieslowski's work aspired to , including the condition of art .",0,1,True,32
"blue crush has all the trappings of an energetic , extreme-sports adventure , but ends up more of a creaky "" pretty woman "" retread , with the emphasis on self-empowering schmaltz and big-wave surfing that gives pic its title an afterthought .","blueness crush has all the trappings of an energetic , extreme-sports adventure , but concluding testing improving to a greater extent of amp derelict "" passably charwoman "" retread , with the vehemence on self-empowering schmalz and big-wave surf that gives photograph IT deed of admiration familiar in Nursing afterthought .",0,1,True,145
a marvelous performance by allison lohman as an identity-seeking foster child .,a zippy pedagogy slay by allison lohman as an identity-seeking Stephen further minor .,1,0,True,137
"if we sometimes need comforting fantasies about mental illness , we also need movies like tim mccann's revolution no . 9 .","if we sometimes need comforting fantasies about mental illness , we also pauperism movies like tim mccann's revolution no . 9 .",1,0,True,30
one of the funnier movies in town .,one of the mistrustful movies in town .,1,0,True,35
"for something as splendid-looking as this particular film , the viewer expects something special but instead gets [sci-fi] rehash .","for something as splendid-looking as this particular portray exhibit , the viewer deliver something exceptional but quite an bring [sci-fi] haschisch over .",0,1,True,208
"soulless and -- even more damning -- virtually joyless , xxx achieves near virtuosity in its crapulence .",N/A,neg,pos,Skipped,0
"time literally stops on a dime in the tries-so-hard-to-be-cool "" clockstoppers , "" but that doesn't mean it still won't feel like the longest 90 minutes of your movie-going life .",Failed to initialize,0,,False,859
". . . planos fijos , tomas largas , un ritmo pausado y una sutil observación de sus personajes , sin estridencias ni grandes revelaciones .",". . . planos fijos , tomas largas , un ritmo pausado y una sutil observación de sus personajes , foul-up estridencias ni grandes revelaciones .",1,0,True,33
there is a general air of exuberance in all about the benjamins that's hard to resist .,there is a gist up general unfinished of ebullience butt entirely virtually the mucilage asa dulcis that's heavy to defy .,1,0,True,156
"doesn't do more than expand a tv show to movie length . however , it's pleasant enough and its ecological , pro-wildlife sentiments are certainly welcome .",Failed to initialize,1,,False,935
"spielberg's picture is smarter and subtler than [total recall and blade runner] , although its plot may prove too convoluted for fun-seeking summer audiences .",N/A,pos,neg,Skipped,0
"the story itself it mostly told through on-camera interviews with several survivors , whose riveting memories are rendered with such clarity that it's as if it all happened only yesterday .","the narration itself it mostly told through on-camera quotation with several survivors , whose riveting memories are stick on with such clarity that it's as if it all douse out simply yesterday .",1,0,True,117
"all in all , brown sugar is a satisfying well-made romantic comedy that's both charming and well acted . it will guarantee to have you leaving the theater with a smile on your face .",Failed to initialize,1,,False,978
"like its title character , this nicholas nickleby finds itself in reduced circumstances -- and , also like its hero , it remains brightly optimistic , coming through in the end .","like its title character , this nicholas nickleby finds itself in reduced circumstances -- and , overly like its hero , it remains brightly approbatory , coming through in the end .",1,0,True,203
one of the best of a growing strain of daring films . . . that argue that any sexual relationship that doesn't hurt anyone and works for its participants is a relationship that is worthy of our respect .,Failed to initialize,1,,False,959
"cockettes has the glorious , gaudy benefit of much stock footage of those days , featuring all manner of drag queen , bearded lady and lactating hippie .","cockettes ingest the glorious , cheap benefit of much stock footage of those days , featuring all manner of drag queen , bearded lady and lactating hippie .",1,0,True,64
"the film occasionally tries the viewer's patience with slow pacing and a main character who sometimes defies sympathy , but it ultimately satisfies with its moving story .","the film occasionally tries the viewer's patience with slow pacing and a main character who sometimes defies sympathy , but it ultimately englut with its moving story .",1,0,True,698
"by the time it ends in a rush of sequins , flashbulbs , blaring brass and back-stabbing babes , it has said plenty about how show business has infiltrated every corner of society -- and not always for the better .","by the time it ends in a rush of sequins , flashbulbs , blaring brass and back-stabbing babes , it has said plenty about how show business administration produce infiltrate every tree diagram plot of troupe -- and not ever for the in good order .",1,0,True,126
you can tell almost immediately that welcome to collinwood isn't going to jell .,you can recount almost immediately that welcome to collinwood isn't going to jell .,0,1,True,26
a sloppy slapstick throwback to long gone bottom-of-the-bill fare like the ghost and mr . chicken .,Failed to initialize,0,,False,949
""" austin powers in goldmember "" has the right stuff for silly summer entertainment and has enough laughs to sustain interest to the end .",""" austin man cost vaunter businessman atomic number 49 goldmember "" parentage cut the construct up stuff for poor summer entertainment and press enough fret to ache pastime to the oddment .",1,0,True,292
"what we get in feardotcom is more like something from a bad clive barker movie . in other words , it's badder than bad .",Failed to initialize,0,,False,933
"a relatively effective little potboiler until its absurd , contrived , overblown , and entirely implausible finale .","a relatively effective lighten oneself potboiler until its ludicrous , have voice , apostolic , and all implausible stopping full point .",0,1,True,119
"it stars schticky chris rock and stolid anthony hopkins , who seem barely in the same movie . their contrast is neither dramatic nor comic -- it's just a weird fizzle .","it stars schticky chris rock and stolid anthony hopkins , who seem barely in the same movie . their contrast is neither dramatic nor comic -- it's skillful a weird fizzle .",0,1,True,133
"forages for audience sympathy like a temperamental child begging for attention , giving audiences no reason to truly care for its decrepit freaks beyond the promise of a reprieve from their incessant whining .",Failed to initialize,0,,False,1001
. . . a fairly disposable yet still entertaining b picture .,. . . a fairly disposable yet turn verboten up diddle with B conniption .,1,0,True,84
"if anything , see it for karen black , who camps up a storm as a fringe feminist conspiracy theorist named dirty dick .","if anything , witness it for karen black , who camps up a forcefulness as a fringe women's right-winger Dixieland idealogue keystone soil joyride .",0,1,True,230
. . . a good film that must have baffled the folks in the marketing department .,. . . a unspoilt film that must have baffled the folks in the marketing department .,1,0,True,33
"i'm happy to have seen it -- not as an alternate version , but as the ultimate exercise in viewing deleted scenes .","i'm happy to have motion-picture record it -- non vitamin A an flip-flop version , simply as the ultimate employment inwards dumbfound concur book binding of indium cancel scenes .",1,0,True,144
eckstraordinarily lame and severely boring .,eckstraordinarily satisfying and severely class period .,0,1,True,85
"whether or not ram dass proves as clear and reliable an authority on that as he was about inner consciousness , fierce grace reassures us that he will once again be an honest and loving one .",Failed to initialize,1,,False,1001
"a brutal and funny work . nicole holofcenter , the insightful writer/director responsible for this illuminating comedy doesn't wrap the proceedings up neatly but the ideas tie together beautifully .",Failed to initialize,1,,False,889
"by its modest , straight-ahead standards , undisputed scores a direct hit .","by its lowly , straight-ahead standards , undisputed heaps a pass impinge along .",1,0,True,88
"a melancholy , emotional film .","a melancholy , run up photographic film .",1,0,True,46
feels more like a rejected x-files episode than a credible account of a puzzling real-life happening .,savor to a outstanding extent comparable a contemn x-files chronological ecological succession than a believable story of a beat real-life happening .,0,1,True,394
the production values are of the highest and the performances attractive without being memorable .,the Cartesian numerical merchandise curtail esteem fend for of the high-pitched and the populace intro attractive without being memorable .,1,0,True,121
"girlfriends are bad , wives are worse and babies are the kiss of death in this bitter italian comedy .","girlfriends are bad , wives are worse and babies are the kiss of death in this piercingly italian comedy .",0,1,True,40
i spied with my little eye . . . a mediocre collection of cookie-cutter action scenes and occasionally inspired dialogue bits,i spied with my little eye . . . a clear collection of cookie-cutter action scenes and occasionally inspired dialogue bits,0,1,True,36
even when crush departs from the 4w formula . . . it feels like a glossy rehash .,even when crush localize polish murder from the 4w convention . . . it tactile dimension alike a shining rehash .,0,1,True,222
the drama discloses almost nothing .,the drama discloses to the mellowly degree nada .,0,1,True,53
"directed in a flashy , empty sub-music video style by a director so self-possessed he actually adds a period to his first name","directed in a flashy , empty sub-music video style by a director so self-possessed he actually adds a period to his foremost discover",0,1,True,67
"there is a real subject here , and it is handled with intelligence and care .","there is a real subject here , and it is plow with intelligence and reprehensible maintenance .",1,0,True,100
"behan's memoir is great material for a film -- rowdy , brawny and lyrical in the best irish sense -- but sheridan has settled for a lugubrious romance .",N/A,neg,pos,Skipped,0
"ultimately , sarah's dedication to finding her husband seems more psychotic than romantic , and nothing in the movie makes a convincing case that one woman's broken heart outweighs all the loss we witness .","ultimately , sarah's dedication to finding her husband seems more psychotic than romantic , and free vitality inch the moving picture clear a deliver the goods resolve showcase that one woman's USA of the Pure along spirit outweigh unanimous the neediness we witness .",0,1,True,217
a sensitive and astute first feature by anne-sophie birot .,a sensitive and prostitute miserable feature of computing device computer address off anne-sophie birot .,1,0,True,162
"i had a dream that a smart comedy would come along to rescue me from a summer of teen-driven , toilet-humor codswallop , and its name was earnest .","i had a revery that a smart comedy would come along to rescue me from a summer of teen-driven , toilet-humor codswallop , and its name WA earnest .",1,0,True,99
"for those who like quirky , slightly strange french films , this is a must !",Failed to initialize,1,,False,1001
there are many definitions of 'time waster' but this movie must surely be one of them .,there embody many definitions of 'time waster' but this movie must hope decent personify unrivalled of them .,0,1,True,145
"has none of the crackle of "" fatal attraction "" , "" 9 ½ weeks "" , or even "" indecent proposal "" , and feels more like lyne's stolid remake of "" lolita "" .",Failed to initialize,0,,False,958
"mike white's deft combination of serious subject matter and dark , funny humor make "" "" the good girl "" a film worth watching .",Failed to initialize,1,,False,985
a film that clearly means to preach exclusively to the converted .,N/A,neg,pos,Skipped,0
a feeble tootsie knockoff .,Failed to initialize,0,,False,888
cattaneo reworks the formula that made the full monty a smashing success . . . but neglects to add the magic that made it all work .,cattaneo reworks the formula that made the full castle in Spain monty international ampere swell winner . . . only count come tabu along to bestow the wizardly that Master of Architecture on to information technology wholly influence .,0,1,True,207
"the film is a blunt indictment , part of a perhaps surreal campaign to bring kissinger to trial for crimes against humanity .","the film is a barren bank notice of flier of indictment , part partly of angstrom maybe surrealistic campaign to spend a penny for inch William Henry Alfred Henry Kissinger to visitation for crimes against humanity .",1,0,True,208
"this is as lax and limp a comedy as i've seen in a while , a meander through worn-out material .",Failed to initialize,0,,False,976
"like kissing jessica stein , amy's orgasm has a key strength in its willingness to explore its principal characters with honesty , insight and humor .",Failed to initialize,1,,False,950
"it feels like very light errol morris , focusing on eccentricity but failing , ultimately , to make something bigger out of its scrapbook of oddballs .","it tactual home also truly luminousness errol Esther Esther Esther Morris , focal lead along eccentricity just Gunter Grass , Indiana determination , to bring something giving knockout of its scrapbook of eccentric person .",0,1,True,523
"the story gives ample opportunity for large-scale action and suspense , which director shekhar kapur supplies with tremendous skill .","the story gives ample run a risk for large-scale action and suspense , which director shekhar kapur supplies with fearsome skill .",1,1,False,756
"though its rather routine script is loaded with familiar situations , the movie has a cinematic fluidity and sense of intelligence that makes it work more than it probably should .",N/A,neg,pos,Skipped,0
festers in just such a dungpile that you'd swear you were watching monkeys flinging their feces at you .,Failed to initialize,0,,False,976
two hours of sepia-tinted heavy metal images and surround sound effects of people moaning .,two hours of sepia-tinted heavy metal images and surround sound warmness and soulfulness of multitude moaning .,0,1,True,63
"even when he's not at his most critically insightful , godard can still be smarter than any 50 other filmmakers still at work .","even when he's not at his most critically insightful , godard can still be impertinent than any 50 other filmmakers still at work .",1,0,True,37
the spalding gray equivalent of a teen gross-out comedy .,Failed to initialize,0,,False,924
with the prospect of films like kangaroo jack about to burst across america's winter movie screens it's a pleasure to have a film like the hours as an alternative .,Failed to initialize,1,,False,978
the film is way too full of itself ; it's stuffy and pretentious in a give-me-an-oscar kind of way .,Failed to initialize,0,,False,982
"as warm as it is wise , deftly setting off uproarious humor with an underlying seriousness that sneaks up on the viewer , providing an experience that is richer than anticipated .",Failed to initialize,1,,False,1001
"it's like rocky and bullwinkle on speed , but that's neither completely enlightening , nor does it catch the intensity of the movie's strangeness .",N/A,pos,neg,Skipped,0
a well-rounded tribute to a man whose achievements -- and complexities -- reached far beyond the end zone .,Failed to initialize,1,,False,1001
"at a brief 42 minutes , we need more x and less blab .","at a brief 42 hr of gentlewoman Muriel sparkle , we indigence Sir St. Thomas the questioning Apostle more than cristal and to a lesser extent sing .",0,1,True,553
"the way home is an ode to unconditional love and compassion garnered from years of seeing it all , a condition only the old are privy to , and . . . often misconstrued as weakness .","the way domicile is an ode to unconditional love and compassion garnered from years of seeing it all , a condition only the old are privy to , and . . . often misconstrued as weakness .",1,0,True,42
"the first mistake , i suspect , is casting shatner as a legendary professor and kunis as a brilliant college student--where's pauly shore as the rocket scientist ?",Failed to initialize,0,,False,875
"rollerball is as bad as you think , and worse than you can imagine .","rollerball is as forged as you think , and rugged than you can imagine .",0,1,True,70
"an involving , inspirational drama that sometimes falls prey to its sob-story trappings .","an incriminate , inspirational drama that sometimes falls prey to its sob-story trappings .",1,0,True,676
an almost unbearably morbid love story .,N/A,pos,neg,Skipped,0
"it just goes to show , an intelligent person isn't necessarily an admirable storyteller .","it skillful goes to show , an intelligent someone isn't of necessity relate inwards entertain admirable narrator .",0,1,True,110
"a subtle , poignant picture of goodness that is flawed , compromised and sad .","a insidious , shammer picture of goodness that is flawed , compromised and sad .",1,0,True,266
"my little eye is the best little "" horror "" movie i've seen in years .","my little eye is the top hat little "" horror "" tittup i've blunder out crossroad In year .",1,0,True,101
". it's a testament to the film's considerable charm that it succeeds in entertaining , despite playing out like a feature-length sitcom replete with stereotypical familial quandaries . there's a sheer unbridled delight in the way the story unfurls . . .",". it's a testament to the film's considerable charm that it succeeds in entertaining , despite playing out like a feature-length sitcom replete with stereotypic familial quandaries . there's a slue unbridled tape recording shipping atomic phone number il the board the tidings report batting order wind off . . .",1,0,True,493
"much credit must be given to the water-camera operating team of don king , sonny miller , and michael stewart . their work is fantastic .","much credit must be given to the water-camera operating team of pretend River tycoon , sonny boy son son Chester A. Arthur Miller , and michael bust up block up Stewart . their subprogram upon is antic .",1,0,True,148
"despite its faults , gangs excels in spectacle and pacing .","despite its ace , bunch up up whirl kip down In spectacle and maltreat .",1,0,True,155
"while the new film is much more eye-catching than its blood-drenched stephen norrington-directed predecessor , the new script by the returning david s . goyer is much sillier .",N/A,neg,pos,Skipped,0
"broder's screenplay is shallow , offensive and redundant , with pitifully few real laughs .",Failed to initialize,0,,False,871
earnest yet curiously tepid and choppy recycling in which predictability is the only winner .,N/A,neg,pos,Skipped,0
"a bland , obnoxious 88-minute infomercial for universal studios and its ancillary products .","a smooth , obnoxious 88-minute infomercial for universal studios and its appurtenant products .",0,1,True,81
the story alone could force you to scratch a hole in your head .,the story solo could catch you to scratch a hole in your head .,0,1,True,50
"if hill isn't quite his generation's don siegel ( or robert aldrich ) , it's because there's no discernible feeling beneath the chest hair ; it's all bluster and cliché .",Failed to initialize,0,,False,896
"fessenden continues to do interesting work , and it would be nice to see what he could make with a decent budget . but the problem with wendigo , for all its effective moments , isn't really one of resources .","fessenden continues to do interesting work , and it would be nice to see what he could make with a decent budget . but the problem with wendigo , for all its effective moments , isn't rattle one of resources .",0,1,True,33
"a breathtaking adventure for all ages , spirit tells its poignant and uplifting story in a stunning fusion of music and images .",Failed to initialize,1,,False,1001
the plot is paper-thin and the characters aren't interesting enough to watch them go about their daily activities for two whole hours .,Failed to initialize,0,,False,940
perhaps even the slc high command found writer-director mitch davis's wall of kitsch hard going .,perhaps even the slc high master found writer-director mitch davis's wall of kitsch strong going .,0,1,True,612
bearable . barely .,bearable . good .,0,1,True,44
"while it's nothing we haven't seen before from murphy , i spy is still fun and enjoyable and so aggressively silly that it's more than a worthwhile effort .","while it's nothing we haven't design before from murphy , i spy is still gaiety and enjoyable and so aggressively poor that it's more than than angstrom social unit unit of measurement of measurement worthwhile effort .",1,0,True,122
"here polanski looks back on those places he saw at childhood , and captures them by freeing them from artefact , and by showing them heartbreakingly drably .",Failed to initialize,1,,False,947
it's tough to be startled when you're almost dozing .,it's strong-arm to be startled when you're almost dozing .,0,1,True,66
the result is so tame that even slightly wised-up kids would quickly change the channel .,the result is so cultivate that even slightly wised-up kids would quickly change the channel .,0,1,True,35
"goofy , nutty , consistently funny . and educational !","goofy , loony , consistently risible . and educational !",1,0,True,71
"there's real visual charge to the filmmaking , and a strong erotic spark to the most crucial lip-reading sequence .","there's real visual charge to the filmmaking , and a corporal erotic fell to the most crucial lip-reading sequence .",1,0,True,251
does what should seem impossible : it makes serial killer jeffrey dahmer boring .,Failed to initialize,0,,False,952
it's lazy for a movie to avoid solving one problem by trying to distract us with the solution to another .,it's indolent for a movie to avoid build out peerless difficulty past hear to unhinge combine express of US with the resolution to another .,0,1,True,203
you expect more from director michael apted ( enigma ) and screenwriter nicholas kazan ( reversal of fortune ) than this cliche pileup .,you impart to a shattering extent from music managing theatre director michael apted ( whodunit tale ) and moving-picture bear witness author St. St. Nicholas Elia Elia Kazan ( reversion of luck ) than this cliche pileup .,0,1,True,568
no such thing breaks no new ground and treads old turf like a hippopotamus ballerina .,no such thing breaks no new melt downhearted aground and dance step honest-to-goodness greensward palm international international ampere hippo amphibius danseuse .,0,1,True,251
it's a very valuable film . . .,Failed to initialize,1,,False,1001
"'es en verdad una pena que mandoki esté realizando cintas tan malas desde hace algún tiempo , pues talento tiene , pero quién sabe dónde lo tiene escondido . '",N/A,neg,pos,Skipped,0
"this hastily mounted production exists only to capitalize on hopkins' inclination to play hannibal lecter again , even though harris has no immediate inclination to provide a fourth book .",Failed to initialize,0,,False,973
sade achieves the near-impossible : it turns the marquis de sade into a dullard .,Diamond State Sade accomplish the near-impossible : it skilful turn the marquis de sade into a pudden-head .,0,0,False,139
"performances are potent , and the women's stories are ably intercut and involving .","performances are stiff , and the women's stories are ably intercut and involving .",1,0,True,52
an engrossing iranian film about two itinerant teachers and some lost and desolate people they encounter in a place where war has savaged the lives and liberties of the poor and the dispossessed .,an seclude up Irani linguistic communication charge card pic just nigh 2 Rommany instructor and around tumble back and barren deal they play In A send off bump off where State Department of state of war spend a penny gibbet the animation and familiarity of the misfortunate and the roofless .,1,0,True,347
"the film is . . . determined to treat its characters , weak and strong , as fallible human beings , not caricatures , and to carefully delineate the cost of the inevitable conflicts between human urges and an institution concerned with self-preservation .","the film is . . . restrict to treat its roughage , weak and strong , as fallible human beings , non caricatures , and to carefully delineate the cost of the inevitable deflexion between human proceeds a shit up scabies and link inwards Nursing harebrained institution refer with self-preservation .",1,0,True,295
"hey arnold ! is now stretched to barely feature length , with a little more attention paid to the animation . still , the updated dickensian sensibility of writer craig bartlett's story is appealing .",N/A,neg,pos,Skipped,0
"the movie strains to stay on the light , comic side of the issue , despite the difficulty of doing so when dealing with the destruction of property and , potentially , of life itself .",N/A,neg,pos,Skipped,0
"if i could have looked into my future and saw how bad this movie was , i would go back and choose to skip it . fortunately , you still have that option .",N/A,neg,pos,Skipped,0
suffers from its timid parsing of the barn-side target of sons trying to breach gaps in their relationships with their fathers .,N/A,pos,neg,Skipped,0
a handsome but unfulfilling suspense drama more suited to a quiet evening on pbs than a night out at an amc .,N/A,neg,pos,Skipped,0
what begins as a film in the tradition of the graduate quickly switches into something more recyclable than significant .,N/A,pos,neg,Skipped,0
"what a dumb , fun , curiously adolescent movie this is .",N/A,pos,neg,Skipped,0
"the film's trailer also looked like crap , so crap is what i was expecting .",Failed to initialize,0,,False,979
a film with almost as many delights for adults as there are for children and dog lovers .,a film with almost as many enrapture for adults as there cost for children and dog rooter .,1,0,True,324
"starts slowly , but adrien brody  in the title role  helps make the film's conclusion powerful and satisfying .","starts slowly , but adrien brody  in the codified send for subroutine  aid project the film's conclusion hefty and squarely .",1,0,True,339
"where this was lazy but enjoyable , a formula comedy redeemed by its stars , that is even lazier and far less enjoyable .",N/A,pos,neg,Skipped,0
michel piccoli's moving performance is this films reason for being .,michel piccoli's have got a bun indium the oven on operation subsist this motion-picture show reason out for being .,1,0,True,90
"it desperately wants to be a wacky , screwball comedy , but the most screwy thing here is how so many talented people were convinced to waste their time .","it desperately wants to be a wacky , screwball comedy , but the to the mellow degree screwy liaison here embody how sol many talented citizenry personify positive to solidifying in their time .",0,1,True,226
"while it's all quite tasteful to look at , the attention process tends to do a little fleeing of its own .","while it's all quite an tasteful to give voice at , the aid lifelike fulfill personify bring to captivate along A linger take flight of IT own .",0,1,True,207
"wouldn't it be funny if a bunch of allied soldiers went undercover as women in a german factory during world war ii ? um , no . but here's a movie about it anyway .","wouldn't it be funny if a bunch of allied soldiers went undercover as womanhood in a german factory during world war ii ? um , no . but here's a moving portrayal about information applied science in any event .",0,1,True,513
"sandra bullock and hugh grant make a great team , but this predictable romantic comedy should get a pink slip .","sandra bullock and hugh grant make a great team , but this predictable romantic funniness should get a Ping River River River rusticity .",0,1,True,195
swiftly deteriorates into a terribly obvious melodrama and rough-hewn vanity project for lead actress andie macdowell .,Failed to initialize,0,,False,915
report card : doesn't live up to the exalted tagline - there's definite room for improvement . doesn't deserve a passing grade ( even on a curve ) .,Failed to initialize,0,,False,908
i suspect this is the kind of production that would have been funnier if the director had released the outtakes theatrically and used the film as a bonus feature on the dvd .,i skillful level this personify the diversity of yield that would accept embody funny if the conductor give bring out the outtake theatrically and utilise the cinema every bit group A fillip take on the videodisc .,0,1,True,305
an indispensable peek at the art and the agony of making people laugh .,an indispensable chirrup at the just the ticket nontextual count and the torture of rent vitamin A shit spate gag .,1,0,True,331
the lively appeal of the last kiss lies in the ease with which it integrates thoughtfulness and pasta-fagioli comedy .,Failed to initialize,1,,False,982
an animation landmark as monumental as disney's 1937 breakthrough snow white and the seven dwarfs .,an animation loss point as monolithic as disney's 1937 bump puff out the woollen all all over someone's middle Edward D. livid and the seven dwarfs .,1,0,True,186
those who don't entirely 'get' godard's distinctive discourse will still come away with a sense of his reserved but existential poignancy .,those who don't entirely 'get' godard's distinctive treatment will still come away with a olfactory airscrew tabu of his supply simply experiential pathos .,1,0,True,123
"buy is an accomplished actress , and this is a big , juicy role .","buy is an accomplished actress , and this is a vainglorious , spunky theatrical pack out theatrical role .",1,0,True,80
"nothing happens , and it happens to flat characters .","nada happens , and it bechance to flat characters .",0,1,True,101
"an allegory concerning the chronically mixed signals african american professionals get about overachieving could be intriguing , but the supernatural trappings only obscure the message .","an allegory concerning the chronically mixed signals african american professionals get about overachieving could be intriguing , but the supernatural trappings only if unsung the subject matter .",0,1,True,178
the attempt to build up a pressure cooker of horrified awe emerges from the simple fact that the movie has virtually nothing to show .,the attempt to build up a enduringness per whole res publica cooker of horror-struck awe acclaim forward from the simple-minded fact that the moving pictorial matter own nigh nil to show .,0,1,True,223
the film's desire to be liked sometimes undermines the possibility for an exploration of the thornier aspects of the nature/nurture argument in regards to homosexuality .,N/A,pos,neg,Skipped,0
. . . better described as a ghost story gone badly awry .,. . . better described as a ghost story touch mischievously askew .,0,1,True,91
many insightful moments .,Failed to initialize,1,,False,677
it has become apparent that the franchise's best years are long past .,it has become apparent that the franchise's best years are long yesteryear .,0,1,True,24
"though excessively tiresome , the uncertainty principle , as verbally pretentious as the title may be , has its handful of redeeming features , as long as you discount its ability to bore .","though to adenylic acid misapprehension slow , the incertitude precept , as verbally pretentious atomic number 33 the backing side language hawthorn feel , admit IT handful of redeem characteristic , Eastern Samoa tenacious every raciness you vitality parenthesis its power to caliber .",0,1,True,333
"it's like an old warner bros . costumer jived with sex -- this could be the movie errol flynn always wanted to make , though bette davis , cast as joan , would have killed him .",N/A,pos,neg,Skipped,0
"the wonderful combination of the sweetness and the extraordinary technical accomplishments of the first film are maintained , but its overall impact falls a little flat with a storyline that never quite delivers the original magic .",N/A,pos,neg,Skipped,0
"time out is as serious as a pink slip . and more than that , it's an observant , unfussily poetic meditation about identity and alienation .","time out is as serious as a pink slip . and more than that , it's an observant , unfussily poetic hypothecate about indistinguishability and alienation .",1,0,True,113
"soderbergh , like kubrick before him , may not touch the planet's skin , but understands the workings of its spirit .","soderbergh , like kubrick before him , may non tactual superstar the planet's shinny , just render the clout of IT inspirit .",1,0,True,209
"it takes you somewhere you're not likely to have seen before , but beneath the exotic surface ( and exotic dancing ) it's surprisingly old-fashioned .",N/A,neg,pos,Skipped,0
can i admit xxx is as deep as a petri dish and as well-characterized as a telephone book but still say it was a guilty pleasure ?,can i admit xxx is as deep as a petri dish and as well-characterized as a sidesplitter up account ledger just still sound verboten data point engineering monetary value vitamin A shamefaced pleasance ?,1,0,True,192
combines a comically dismal social realism with a farcically bawdy fantasy of redemption and regeneration .,conflate a comically dismal social realism with a farcically bawdy fantasy of redemption and regeneration .,1,0,True,69
doesn't come close to justifying the hype that surrounded its debut at the sundance film festival two years ago .,doesn't come shut away downhearted to shrive the loose woman that environment information utilise skill founding at the sundance motivate genial picture festival ii age ago .,0,1,True,238
"the piano teacher is not an easy film . it forces you to watch people doing unpleasant things to each other and themselves , and it maintains a cool distance from its material that is deliberately unsettling .","the piano teacher is not an easy moving-picture demo . information engineering force out knocked out you to picket tidy sum hairdo unpleasant thing to apiece too soon and themselves , and it celebrate typecast group A nerveless outmatch from IT stuff that is on expend faze .",1,0,True,231
"solondz is without doubt an artist of uncompromising vision , but that vision is beginning to feel , if not morally bankrupt , at least terribly monotonous .","solondz is without doubt an artist of uncompromising vision , but that vision is beginning to feel , if not morally bankrupt , at least atrociously sign .",0,1,True,248
"definitely a crowd-pleaser , but then , so was the roman colosseum .","definitely a crowd-pleaser , but thusly , so lively the popish Amphitheatrum Flavium .",0,1,True,58
the premise itself is just sooooo tired . pair that with really poor comedic writing . . . and you've got a huge mess .,the premise itself is just sooooo tired . pair that with really brusque comedic writing . . . and you've got a huge good deal .,0,1,True,165
the armenian genocide deserves a more engaged and honest treatment .,N/A,neg,pos,Skipped,0
"the work of an exhausted , desiccated talent who can't get out of his own way .","the strong-arm exercise of an beat out , exsiccate gift who can't bewilder verboten of his own path .",0,1,True,172
kids should have a stirring time at this beautifully drawn movie . and adults will at least have a dream image of the west to savor whenever the film's lamer instincts are in the saddle .,electric razor should have a shingle up clip atomic routine 85 this beautifully subscribe to atomic number il see demo . and pornographic result astatine to the low-spirited donnish level have let case A pipe daydream paradigm of the imputable west to nip whenever the film's lame instincts are in the saddle .,1,0,True,1131
the engagingly primitive animated special effects contribute to a mood that's sustained through the surprisingly somber conclusion .,the winsomely crude animated special effects mince to a mood that's sustained through the surprisingly somber conclusion .,1,0,True,100
"theological matters aside , the movie is so clumsily sentimental and ineptly directed it may leave you speaking in tongues .",Failed to initialize,0,,False,955
a technically well-made suspenser . . . but its abrupt drop in iq points as it races to the finish line proves simply too discouraging to let slide .,a technically well-made suspenser . . . but its abrupt drop in iq points as it races to the finish line proves but equally beneficial monish to USA of the Pure glide .,0,1,True,310
"an unusually dry-eyed , even analytical approach to material that is generally played for maximum moisture .","an unco dry-eyed , even verboten analytic blurt come near to engorge that make up mostly hook in for for upper limit wet .",1,0,True,179
"director roger kumble offers just enough sweet and traditional romantic comedy to counter the crudity . and there's the inimitable diaz , holding it all together .","director roger kumble offers barely enough sweet and traditional romantic comedy to counter the crudity . and there's the inimitable Bartholomeu Defense Department word imply , adjudge selective information technology altogether together .",1,0,True,120
to blandly go where we went 8 movies ago . . .,Failed to initialize,0,,False,955
"a banal , virulently unpleasant excuse for a romantic comedy .","a timeworn , virulently unpleasant free people forgiveness for vitamin A amorous funniness .",0,1,True,187
"though nijinsky's words grow increasingly disturbed , the film maintains a beguiling serenity and poise that make it accessible for a non-narrative feature .","though nijinsky's words grow increasingly disturbed , the ostensible doubt telecasting read exert group angstrom unit whammy heartsease and poise that drive amp ingest ampere crap info engineering approachable for deoxyadenosine monophosphate non-narrative feature film .",1,0,True,334
"does a good job of establishing a time and place , and of telling a fascinating character's story .","garb a indium stave office farm wiretap out of build typecast amp cut short and couch , and of severalize A catch character's chronicle .",1,0,True,747
"a powerful , chilling , and affecting study of one man's dying fall .","a hefty , scarey , and affecting study of one man's flunk fall .",1,0,True,87
writer/ director m . night shyamalan's ability to pull together easily accessible stories that resonate with profundity is undeniable .,Failed to initialize,1,,False,949
"lan yu is a genuine love story , full of traditional layers of awakening and ripening and separation and recovery .",Failed to initialize,1,,False,988
it leaves little doubt that kidman has become one of our best actors .,it leaves lowercase doubt that kidman has become one of our best actors .,1,0,True,32
it's so downbeat and nearly humorless that it becomes a chore to sit through -- despite some first-rate performances by its lead .,Failed to initialize,0,,False,969
a compelling story of musical passion against governmental odds .,a obligate story of musical dramaturgy fad against governmental betting odds .,1,0,True,77
"the movie isn't painfully bad , something to be 'fully experienced' ; it's just tediously bad , something to be fully forgotten .","the movie isn't painfully bad , something to be 'fully experienced' ; it's hardly tediously bad , something to be fully forgotten .",0,1,True,116
"a film that presents an interesting , even sexy premise then ruins itself with too many contrivances and goofy situations .","a film that presents an interesting , even sexy premise then bring out itself with as intimately many appliance and goofy situation .",0,1,True,181
"clumsy , obvious , preposterous , the movie will likely set the cause of woman warriors back decades .","clumsy , obvious , preposterous , the movie will probable ready the evoke of woman warriors back decades .",0,1,True,100
"the ethos of the chelsea hotel may shape hawke's artistic aspirations , but he hasn't yet coordinated his own dv poetry with the beat he hears in his soul .",N/A,neg,pos,Skipped,0
"his [nelson's] screenplay needs some serious re-working to show more of the dilemma , rather than have his characters stage shouting matches about it .","his [nelson's] screenplay penury some sober re-working to show Sir Robert Amy Lowell Andrew Helen Hunt Jackson Dylan Lowell Jackson Thomas to antiophthalmic factor outstanding extent of the quandary , quite an an than digest his characters stage cheering mates or so it .",0,1,True,270
this off-putting french romantic comedy is sure to test severely the indulgence of fans of amélie .,N/A,neg,pos,Skipped,0
a tour de force of modern cinema .,a hinderance de force-out of Bodoni baptismal font font film .,1,0,True,88
an energetic and engaging film that never pretends to be something it isn't .,an gumptious and lease motion-picture demo that ne'er jeopardise to represent something it isn't .,1,0,True,109
manages to delight without much of a story .,manages to delight without much of a account .,1,0,True,30
"not a schlocky creature feature but something far more stylish and cerebral--and , hence , more chillingly effective .",Failed to initialize,1,,False,917
"examines its explosive subject matter as nonjudgmentally as wiseman's previous studies of inner-city high schools , hospitals , courts and welfare centers .","construe its explosive subject matter as nonjudgmentally as wiseman's previous studies of inner-city high schools , hospitals , courts and welfare centers .",1,0,True,38
predictably melodramatic .,Failed to initialize,0,,False,746
"no amount of burning , blasting , stabbing , and shooting can hide a weak script .",Failed to initialize,0,,False,1001
"one of the most plain , unimaginative romantic comedies i've ever seen .",N/A,neg,pos,Skipped,0
the whole talking-animal thing is grisly .,the satisfying talking-animal thing is grisly .,0,1,True,884
"don michael paul uses quick-cuts , ( very ) large shadows and wide-angle shots taken from a distance to hide the liberal use of a body double ( for seagal ) .","don michael paul uses quick-cuts , ( very ) large flavor and wide-angle shots taken from a distance to maculation kayoed the progressive exercise of secure and Almighty serve of radical A physical structure threefold ( for seagal ) .",0,1,True,180
"the sight of the name bruce willis brings to mind images of a violent battlefield action picture , but the film has a lot more on its mind--maybe too much .","the sight of the name bruce willis brings to mind images of a violent battlefield action picture , but the film has a lot more on its mind--maybe also much .",0,1,True,36
"although estela bravo's documentary is cloyingly hagiographic in its portrait of cuban leader fidel castro , it's still a guilty pleasure to watch .","although estela bravo's documentary is cloyingly hagiographic in its portrait of cuban leader fidel castro , it's soundless a guilty pleasance to watch .",1,0,True,32
"like a precious and finely cut diamond , magnificent to behold in its sparkling beauty yet in reality it's one tough rock .","like a precious and finely cut diamond , magnificent to behold in its sparkling beauty yet in reality it's one problematic rock .",1,0,True,84
a lovably old-school hollywood confection .,a lovably old-school hollywood concoction .,1,0,True,45
"first and foremost . . . the reason to go see "" blue crush "" is the phenomenal , water-born cinematography by david hennings .","hapless and firstly delete . . . the reason to spin around check "" drab insisting "" cost the phenomenal , water-born film away St. St. David hennings .",1,0,True,560
"in addition to scoring high for originality of plot -- putting together familiar themes of family , forgiveness and love in a new way -- lilo & stitch has a number of other assets to commend it to movie audiences both innocent and jaded .","in addition to scoring high for originality of plot -- putting together familiar themes of family , forgiveness and love in a new way -- lilo & stitch hurt a number of other assets to commend it to movie audiences both innocent and jaded .",1,0,True,69
"spectators will indeed sit open-mouthed before the screen , not screaming but yawning .","spectators will indeed can open-mouthed before the blind , not yell out only gape .",0,1,True,117
". . . if it had been only half-an-hour long or a tv special , the humor would have been fast and furious-- at ninety minutes , it drags .",". . . if it had been only half-an-hour tenacious or a tv special , the humor would have been fast and furious-- at ninety hr of arc of sparkle , it embroil .",0,1,True,94
"the movie doesn't generate a lot of energy . it is dark , brooding and slow , and takes its central idea way too seriously .","the movie doesn't beget a lot of energy . it is dark , brooding and slow , and takes its central idea way also seriously .",0,1,True,181
"the acting in pauline and paulette is good all round , but what really sets the film apart is debrauwer's refusal to push the easy emotional buttons .",N/A,pos,neg,Skipped,0
"throughout all the tumult , a question comes to mind : so why is this so boring ?",Failed to initialize,0,,False,1001
"the main story . . . is compelling enough , but it's difficult to shrug off the annoyance of that chatty fish .",N/A,pos,neg,Skipped,0
less funny than it should be and less funny than it thinks it is .,to a lesser extent curious than it should lively and to a lesser extent beneficial story than it thinks it is .,0,1,True,144
"while holm is terrific as both men and hjejle quite appealing , the film fails to make the most out of the intriguing premise .","while holm is wonderful as both men and hjejle quite appealing , the film intermit devour to achieve the to the eminent level tabu of the intriguing introduce .",0,1,True,138
"though overall an overwhelmingly positive portrayal , the film doesn't ignore the more problematic aspects of brown's life .","though boilersuit an overwhelmingly positive imitation , the film doesn't see parenthesis the Seth Thomas more than than moot prospect of brown's hold out .",1,0,True,375
it's a sharp movie about otherwise dull subjects .,it's a overhasty apparent plain cause flip nigh other than dull field of view of study .,1,0,True,121
"the wonderfully lush morvern callar is pure punk existentialism , and ms . ramsay and her co-writer , liana dognini , have dramatized the alan warner novel , which itself felt like an answer to irvine welsh's book trainspotting .","the wonderfully lush morvern callar is pure punk existentialism , and ms . ramsay and her co-writer , liana dognini , have screw up up the alan warner novel , which itself flat astir like link up inch inch hold result to irvine welsh's script trainspotting .",1,0,True,193
this is a fascinating film because there is no clear-cut hero and no all-out villain .,N/A,pos,neg,Skipped,0
"the attraction between these two marginal characters is complex from the start -- and , refreshingly , stays that way .","the attraction between these two landing strip characters is complex from the start -- and , refreshfully , delay that way of life .",1,0,True,68
"rumor , a muddled drama about coming to terms with death , feels impersonal , almost generic .",Failed to initialize,0,,False,1001
campanella's competent direction and his excellent cast overcome the obstacles of a predictable outcome and a screenplay that glosses over rafael's evolution .,campanella's competent management and his excellent cast overcome the obstacles of a predictable outcome and a screenplay that burnish over rafael's evolution .,1,0,True,181
"a relentless , bombastic and ultimately empty world war ii action flick .","a relentless , boastful and at shoemaker's concluding lift humankind state of state of war 2 natural process moving-picture show .",0,1,True,148
the only type of lives this glossy comedy-drama resembles are ones in formulaic mainstream movies .,the exclusively type of vital this glossy comedy-drama resembles are unity in formulaic mainstream moving envision .,0,1,True,144
simone is not a bad film . it just doesn't have anything really interesting to say .,simone is not a bad film . it good forte-piano doesn't waste anything truly fear to enunciate .,0,1,True,123
"attal pushes too hard to make this a comedy or serious drama . he seems to want both , but succeeds in making neither .","attal pushes A effective gruelling to make believe this adenine funniness operating theatre sober dramatic event . helium look to like both , only contribute family the Francis Bacon inward making neither .",0,1,True,294
"max pokes , provokes , takes expressionistic license and hits a nerve . . . as far as art is concerned , it's mission accomplished .","max pokes , provokes , takes expressionistic license and dupe a nerve . . . as late weapon system system personnel department section atomic routine xxxiii nontextual matter cost worry , it's representation carry out .",1,0,True,1146
press the delete key .,press the blue-pencil tonality .,0,1,True,44
"you've already seen city by the sea under a variety of titles , but it's worth yet another visit .",Failed to initialize,1,,False,964
"like brosnan's performance , evelyn comes from the heart .","like brosnan's performance , evelyn blunder out from the kernel .",1,0,True,53
"a journey spanning nearly three decades of bittersweet camaraderie and history , in which we feel that we truly know what makes holly and marina tick , and our hearts go out to them as both continue to negotiate their imperfect , love-hate relationship .",Failed to initialize,1,,False,981
"purports to be a hollywood satire but winds up as the kind of film that should be the target of something deeper and more engaging . oh , and more entertaining , too .",N/A,neg,pos,Skipped,0
red dragon makes one appreciate silence of the lambs .,red dragon makes one appreciate shut up of the Charles the Bald the Bald Lamb .,1,0,True,67
"too much power , not enough puff .","also vitamin A set great business leader , non enough puff .",0,0,False,325
"with its jerky hand-held camera and documentary feel , bloody sunday is a sobering recount of a very bleak day in derry .",Failed to initialize,1,,False,992
"highlighted by a gritty style and an excellent cast , it's better than one might expect when you look at the list of movies starring ice-t in a major role .","cause for up KO'd angstrom social unit game cast and an fantabulous mad , it's substantially than matchless part have A bun atomic routine 49 the oven when you looking for at the list of motion-picture show asterisk ice-t in a major role .",1,0,True,437
"enormously enjoyable , high-adrenaline documentary .",Failed to initialize,1,,False,941
it works its magic with such exuberance and passion that the film's length becomes a part of its fun .,it wreak its legerdemain with such exuberance and manic bother that the film's length bugger forth type A part of data technology gaiety .,1,0,True,182
"critics need a good laugh , too , and this too-extreme-for-tv rendition of the notorious mtv show delivers the outrageous , sickening , sidesplitting goods in steaming , visceral heaps .",N/A,pos,neg,Skipped,0
"harris is supposed to be the star of the story , but comes across as pretty dull and wooden .",Failed to initialize,0,,False,980
"an inconsequential , barely there bit of piffle .",Failed to initialize,0,,False,1001
"a wishy-washy melodramatic movie that shows us plenty of sturm und drung , but explains its characters' decisions only unsatisfactorily .","a wishy-washy melodramatic movie that shows us plenty of sturm und drung , but explains its characters' decisiveness only if unsatisfactorily .",0,1,True,93
"if you're really renting this you're not interested in discretion in your entertainment choices , you're interested in anne geddes , john grisham , and thomas kincaid .",N/A,neg,pos,Skipped,0
"the exploitative , clumsily staged violence overshadows everything , including most of the actors .",Failed to initialize,0,,False,956
steadfastly uncinematic but powerfully dramatic .,Failed to initialize,1,,False,944
"although it starts off so bad that you feel like running out screaming , it eventually works its way up to merely bad rather than painfully awful .","although it starts off so bad that you feel like running out screaming , it eventually works its expressive expressive style upwardly to only high-risk rather than painfully abominable .",0,1,True,89
my advice is to skip the film and pick up the soundtrack .,my advice is to hop the photographic cinema and spark improving the soundtrack .,0,1,True,98
"the film boasts at least a few good ideas and features some decent performances , but the result is disappointing .",Failed to initialize,0,,False,991
"although i didn't hate this one , it's not very good either . it can be safely recommended as a video/dvd babysitter .","although i didn't hatred this one , it's not very good either . it can be safely recommended as a video/dvd babysitter .",1,0,True,21
"it's an odd show , pregnant with moods , stillborn except as a harsh conceptual exercise .","it's an odd show , heart and soul with moods , stillborn except as a harsh conceptual exercise .",0,1,True,57
a slow-moving police-procedural thriller that takes its title all too literally .,a slow-moving police-procedural thriller that takes its expressive expressive style whole adenine well literally .,0,1,True,71
"with "" ichi the killer "" , takashi miike , japan's wildest filmmaker gives us a crime fighter carrying more emotional baggage than batman . . .","with "" ichi the killer "" , takashi miike , japan's wildest charge plate pic make up business concern fall editorial edge atomic pretend ninety-two antiophthalmic divisor woeful offensive activity scrapper aircraft aircraft incline St. Thomas Thomas More horny luggage than batman . . .",1,0,True,258
". . little action , almost no suspense or believable tension , one-dimensional characters up the wazoo and sets that can only be described as sci-fi generic .",". . footling action , almost no suspense or believable tension , one-dimensional quality up the wazoo and sets that can only be described as sci-fi generic .",0,1,True,187
"it sounds like another clever if pointless excursion into the abyss , and that's more or less how it plays out .","it sounds like another clever if spare joy pleasure trip into the abyss , and that's to a smashing extent Oregon to a lesser extent how it plays out .",0,1,True,141
where the film falters is in its tone .,where the cinema flitter is in its unharmed spirit .,0,1,True,85
". . . is funny in the way that makes you ache with sadness ( the way chekhov is funny ) , profound without ever being self-important , warm without ever succumbing to sentimentality .",". . . is mistrust in the way that makes you ache with sadness ( the way chekhov is funny ) , unsounded without ever being self-important , lovesome without ever succumbing to sentimentality .",1,0,True,594
a deliciously nonsensical comedy about a city coming apart at its seams .,a scrumptiously nonsensical comedy about a city coming apart at its seams .,1,0,True,32
"fred schepisi's film is paced at a speed that is slow to those of us in middle age and deathly slow to any teen . with a cast of a-list brit actors , it is worth searching out .",Failed to initialize,1,,False,965
"a remarkable movie with an unsatisfying ending , which is just the point .","a drunkard movie with an unsatisfying ending , which is just the point .",1,0,True,35
"the film boasts dry humor and jarring shocks , plus moments of breathtaking mystery .","the film fritter away vitamin A scrunch dry out soundbox runny and jar offend , add-on atomic number 42 of breathless mystery .",1,0,True,193
"enchanted with low-life tragedy and liberally seasoned with emotional outbursts . . . what is sorely missing , however , is the edge of wild , lunatic invention that we associate with cage's best acting .",N/A,neg,pos,Skipped,0
i'm going to give it a marginal thumbs up . i liked it just enough .,i'm going to give it a marginal thumbs up . i liked it hardly enough .,1,0,True,40
some motion pictures portray ultimate passion ; others create ultimate thrills . men in black ii achieves ultimate insignificance -- it's the sci-fi comedy spectacle as whiffle-ball epic .,N/A,neg,pos,Skipped,0
"rather than real figures , elling and kjell bjarne become symbolic characters whose actions are supposed to relate something about the naïf's encounter with the world .",N/A,neg,pos,Skipped,0
noyce creates a film of near-hypnotic physical beauty even as he tells a story as horrifying as any in the heart-breakingly extensive annals of white-on-black racism .,noyce moot a squat deoxyadenosine monophosphate movement show of near-hypnotic forcible dish tied out as helium say typewrite A floor a ugly angstrom unit whatsoever in the heart-breakingly wide annals of white-on-black racism .,1,0,True,799
one of the worst movies of the year . . . . watching it was painful .,one of the invent movies of the year . . . . watching it was atrocious .,0,1,True,85
"despite the opulent lushness of every scene , the characters never seem to match the power of their surroundings .","despite the luscious lushness of every scene , the takings to quality ne'er come along to equalize the sterling administrator of their environment .",0,1,True,137
absolutely ( and unintentionally ) terrifying .,N/A,neg,pos,Skipped,0
"nonchalantly freaky and uncommonly pleasurable , warm water may well be the year's best and most unpredictable comedy .","nonchalantly freaky and uncommonly pleasurable , warm water organization of prescript Crataegus oxycantha wellspring cost the year's spell around and well-nigh irregular drollery .",1,0,True,120
"grown-up quibbles are beside the point here . the little girls understand , and mccracken knows that's all that matters .","grown-up quibbles are beside the point here . the little girls understand , and mccracken shag that's all that matters .",1,0,True,40
"ice age won't drop your jaw , but it will warm your heart , and i'm giving it a strong thumbs up .","ice age won't drop your jaw , but it will warm your pith , and i'm giving it a unattackable pollex up .",1,0,True,645
"how do you make a movie with depth about a man who lacked any ? on the evidence before us , the answer is clear : not easily and , in the end , not well enough .",Failed to initialize,0,,False,1001
about the best thing you could say about narc is that it's a rock-solid little genre picture . whether you like it or not is basically a matter of taste .,N/A,pos,neg,Skipped,0
disappointing in comparison to other recent war moviesor any other john woo flick for that matter .,Failed to initialize,0,,False,1001
this submarine drama earns the right to be favorably compared to das boot .,this poor virile tyke dramatic issue make the the mightily room to make up favourably equate to hyrax boot .,1,0,True,195
"a fresh , entertaining comedy that looks at relationships minus traditional gender roles .","a unused , entertaining comedy that looks at relationships minus traditional gender roles .",1,0,True,43
"never lets go your emotions , taking them to surprising highs , sorrowful lows and hidden impulsive niches . . . gorgeous , passionate , and at times uncommonly moving .",Failed to initialize,1,,False,944
"while hoffman's performance is great , the subject matter goes nowhere .","while hoffman's performance is great , the field of force of field of study subject conk nowhere .",0,0,False,33
"a word of advice to the makers of the singles ward : celebrity cameos do not automatically equal laughs . and neither do cliches , no matter how 'inside' they are .","a articulate of advice to the makers of the singles ward : celebrity cameos do not automatically equal laughs . and neither do cliches , no matter how 'inside' they are .",0,1,True,38
"if you're in the right b-movie frame of mind , it may just scare the pants off you .",N/A,pos,neg,Skipped,0
the performances are an absolute joy .,the map are an absolute gladden .,1,0,True,43
"[a] boldly stroked , luridly coloured , uni-dimensional nonsense machine that strokes the eyeballs while it evaporates like so much crypt mist in the brain .",N/A,neg,pos,Skipped,0
"the film feels uncomfortably real , its language and locations bearing the unmistakable stamp of authority .","the film feels uncomfortably real , its language and locations misplace the unmistakable stamp of authority .",1,0,True,34
has enough gun battles and throwaway humor to cover up the yawning chasm where the plot should be .,has passable gun for rent scrap and discarded humor to overcompensate improving the dozy chasm where the plot of land should be .,1,0,True,156
the very simple story seems too simple and the working out of the plot almost arbitrary .,Failed to initialize,0,,False,976
"insomnia loses points when it surrenders to a formulaic bang-bang , shoot-em-up scene at the conclusion . but the performances of pacino , williams , and swank keep the viewer wide-awake all the way through .","insomnia loses points when it surrenders to a formulaic bang-bang , shoot-em-up scene at the conclusion . but the upper-case letter penalty of pacino , williams , and last word hold back the looker unsleeping altogether the centering make out .",1,0,True,139
routine and rather silly .,symbolize and quite an connect Indiana Nursing light .,0,1,True,187
"there's no disguising this as one of the worst films of the summer . or for the year , for that matter .","there's no disguising this as one of the great films of the summer . or for the year , for that matter .",0,1,True,160
"in addition to sporting one of the worst titles in recent cinematic history , ballistic : ecks vs . sever also features terrible , banal dialogue ; convenient , hole-ridden plotting ; superficial characters and a rather dull , unimaginative car chase .",Failed to initialize,0,,False,972
"a vivid , sometimes surreal , glimpse into the mysteries of human behavior .",Failed to initialize,1,,False,972
competently directed but terminally cute drama .,N/A,neg,pos,Skipped,0
"none of this has the suavity or classical familiarity of bond , but much of it is good for a laugh . the problem with "" xxx "" is that its own action isn't very effective .",Failed to initialize,0,,False,957
quietly engaging .,quietly rough drawing .,1,0,True,30
"ultimately , the film never recovers from the clumsy cliché of the ugly american abroad , and the too-frosty exterior ms . paltrow employs to authenticate her british persona is another liability .",Failed to initialize,0,,False,938
done in mostly by a weak script that can't support the epic treatment .,done in mostly by a weak hand that can't lose the epic give-and-take .,0,1,True,1046
what sets this romantic comedy apart from most hollywood romantic comedies is its low-key way of tackling what seems like done-to-death material .,N/A,pos,neg,Skipped,0
this movie plays like an extended dialogue exercise in retard 101 .,this cinema plays like an extended dialogue utilisation in retard 101 .,0,1,True,50
"brutally honest and told with humor and poignancy , which makes its message resonate .","brutally dependable and told with wittiness and pathos , which overprotect fucker IT message total crosswise .",1,0,True,966
"this amiable picture talks tough , but it's all bluster -- in the end it's as sweet as greenfingers . . .",N/A,pos,neg,Skipped,0
"tunney , brimming with coltish , neurotic energy , holds the screen like a true star .","factor Tunney , brimming with coltish , neurotic Energy Department , fuddle the CRT dim like character reference vitamin A unfeigned starring .",1,0,True,199
"any film that doesn't even in passing mention political prisoners , poverty and the boat loads of people who try to escape the country is less a documentary and more propaganda by way of a valentine sealed with a kiss .",Failed to initialize,0,,False,933
at its best . . . festival in cannes bubbles with the excitement of the festival in cannes .,at its best . . . festival in cannes bubbles with the inflammation of the festival in cannes .,1,0,True,46
the modern remake of dumas's story is long on narrative and ( too ) short on action .,N/A,pos,neg,Skipped,0
a movie of technical skill and rare depth of intellect and feeling .,a motion-picture demo of technical fouled sabot up smutty acquisition and uncommon profundity of reason and feeling .,1,0,True,242
"the connected stories of breitbart and hanussen are actually fascinating , but the filmmaking in invincible is such that the movie does not do them justice .","the nexus improving narrative of breitbart and hanussen incarnate inward realness fascinating , patently the filmmaking in invincible body such that the motion picture ready past non make them judge .",0,1,True,383
bean drops the ball too many times . . . hoping the nifty premise will create enough interest to make up for an unfocused screenplay .,bean emplacement polish the musket ball evenly skillful many cadency . . . promise the exquisite innovate testament produce hatful interestingness to make upwardly remediate for Associate in Nursing unfocussed screenplay .,0,1,True,294
"it's all arty and jazzy and people sit and stare and turn away from one another instead of talking and it's all about the silences and if you're into that , have at it .",N/A,neg,pos,Skipped,0
tells ( the story ) with such atmospheric ballast that shrugging off the plot's persnickety problems is simply a matter of ( being ) in a shrugging mood .,N/A,pos,neg,Skipped,0
"if s&m seems like a strange route to true love , maybe it is , but it's to this film's ( and its makers' ) credit that we believe that that's exactly what these two people need to find each other -- and themselves .","if s&m seems like a strange route to true have data engineering science jut off , maybe information technology take a crap improving , simply it's to this film's ( and information technology makers' ) vex back defrayal that we imagine that that's on the constellate what these hellion mass need to set about apiece other -- and themselves .",1,0,True,258
"the early and middle passages are surprising in how much they engage and even touch us . this is not a classical dramatic animated feature , nor a hip , contemporary , in-jokey one . it's sort of in-between , and it works .","the early and middle passages are madness in how much they engage and even touch us . this is not a classical dramatic animated feature , nor a hip , contemporary , in-jokey one . it's sort of in-between , and it works .",1,0,True,37
waydowntown manages to nail the spirit-crushing ennui of denuded urban living without giving in to it .,waydowntown defecate out to fuzz the spirit-crushing tediousness of slip urban boodle and butter without handsome In to it .,1,0,True,145
a period story about a catholic boy who tries to help a jewish friend get into heaven by sending the audience straight to hell .,N/A,neg,pos,Skipped,0
there has to be a few advantages to never growing old . like being able to hit on a 15-year old when you're over 100 .,there has to be a few advantages to ne'er bristle old . like being able to hit on a 15-year old when you're over 100 .,1,0,True,99
one of the most important and exhilarating forms of animated filmmaking since old walt doodled steamboat willie .,Failed to initialize,1,,False,891
"adults will certainly want to spend their time in the theater thinking up grocery lists and ways to tell their kids how not to act like pinocchio . as for children , they won't enjoy the movie at all .",Failed to initialize,0,,False,980
the gags that fly at such a furiously funny pace that the only rip off that we were aware of was the one we felt when the movie ended so damned soon .,N/A,pos,neg,Skipped,0
"claude chabrol's camera has a way of gently swaying back and forth as it cradles its characters , veiling tension beneath otherwise tender movements .","claude chabrol's camera has a way of mildly swaying back and forth as it rank of rootage IT fictitious character , wipe out tension to type A blue locate differently stamp movements .",1,0,True,297
"it's a feel-bad ending for a depressing story that throws a bunch of hot-button items in the viewer's face and asks to be seen as hip , winking social commentary .",Failed to initialize,0,,False,959
"a tightly directed , highly professional film that's old-fashioned in all the best possible ways .","a tightly directed , highly professional film that's outmoded in all the C. H. estimable possible ways .",1,0,True,62
[an] absorbing documentary .,[an] pawn up docudrama .,1,0,True,59
one of the best looking and stylish animated movies in quite a while . . .,one of the lop hat count and fashionable animate flick atomic number 49 rather A patch up . . .,1,0,True,227
"other than the slightly flawed ( and fairly unbelievable ) finale , everything else is top shelf .",N/A,pos,neg,Skipped,0
movies like high crimes flog the dead horse of surprise as if it were an obligation . how about surprising us by trying something new ?,Failed to initialize,0,,False,979
"despite its dry wit and compassion , the film suffers from a philosophical emptiness and maddeningly sedate pacing .","despite its dry wit and compassion , the film patronize from a philosophical emptiness and maddeningly sincere pacing .",0,1,True,59
"a era do gelo diverte , mas não convence . É um passatempo descompromissado  e só .",Failed to initialize,0,,False,403
"despite an overwrought ending , the film works as well as it does because of the performances .","despite an overwrought ending , the dubiousness countersign fancy roleplay atomic routine 33 dandy arsenous anhydride datum engine room doe because of the operation .",1,0,True,184
"supposedly based upon real , or at least soberly reported incidents , the film ends with a large human tragedy . alas , getting there is not even half the interest .",Failed to initialize,0,,False,1001
"the characters . . . are paper-thin , and their personalities undergo radical changes when it suits the script .","the characters . . . fair to middling paper-thin , and their personalities undergo revolutionary changes when it suits the helping hand .",0,1,True,557
"from both a great and a terrible story , mr . nelson has made a film that is an undeniably worthy and devastating experience .","from both a fashion plate and a terrible news account , Mr. . Horatio Nelson crap wash up angstrom wait at A crap adenine totally stock that found Associate in Nursing undeniably worthy and lay waste to experience .",1,0,True,413
"has not so much been written as assembled , frankenstein-like , out of other , marginally better shoot-em-ups .",Failed to initialize,0,,False,920
"the venezuelans say things like "" si , pretty much "" and "" por favor , go home "" when talking to americans . that's muy loco , but no more ridiculous than most of the rest of "" dragonfly . """,Failed to initialize,0,,False,979
"it's difficult to imagine that a more confused , less interesting and more sloppily made film could possibly come down the road in 2002 .",Failed to initialize,0,,False,985
"assayas' ambitious , sometimes beautiful adaptation of jacques chardonne's novel .",Failed to initialize,1,,False,719
the country bears wastes an exceptionally good idea . but the movie that doesn't really deliver for country music fans or for family audiences,the country bears wastes an exceptionally good idea . but the movie that doesn't really give up for commonwealth music fans or for family audiences,0,1,True,98
"if they broke out into elaborate choreography , singing and finger snapping it might have held my attention , but as it stands i kept looking for the last exit from brooklyn .","if they broke out into elaborate choreography , singing and finger snapping it might have nurture my attention , but as it stands i celebrate looking for the last exit from brooklyn .",0,1,True,115
the closest thing to the experience of space travel,the closest thing to the subsist of space travel,1,0,True,41
"an energizing , intoxicating documentary charting the rise of hip-hop culture in general and the art of scratching ( or turntablism ) in particular .",Failed to initialize,1,,False,990
"surprisingly , the film is a hilarious adventure and i shamelessly enjoyed it .","surprisingly , the pic is a hilarious runnel angstrom unit unit of measurement unit of measurement of measurement rest down on the wrinkle and iodine shamelessly bask it .",1,0,True,176
"there are so few films about the plight of american indians in modern america that skins comes as a welcome , if downbeat , missive from a forgotten front .","there nuclear compute 18 so few run word video more than operate way less the betrothal of American language side language Marxist cherry American-Indian language inch New font US that shinny amount every scrap angstrom whole welcome , if downbeat , alphabetic character from a disregarded breast line .",1,0,True,358
"tsai ming-liang's witty , wistful new film , what time is it there ? , is a temporal inquiry that shoulders its philosophical burden lightly .","tsai ming-liang's witty , wistful new motion-picture make out into romance , what prison termination resume it atomic mundane 49 that stick out aside ? , jaunt along deoxyadenosine monophosphate secular use doubtfulness that articulation humerus information technology philosophical burden lightly .",1,0,True,184
the master of disguise falls under the category of 'should have been a sketch on saturday night live . ',Failed to initialize,0,,False,974
"as well-acted and well-intentioned as all or nothing is , however , the film comes perilously close to being too bleak , too pessimistic and too unflinching for its own good .",N/A,pos,neg,Skipped,0
cherish would've worked a lot better had it been a short film .,cherish would've worked a flock better had it been a short film .,0,1,True,66
"another in a long line of ultra-violent war movies , this one is not quite what it could have been as a film , but the story and theme make up for it .","another in a long line of ultra-violent war movies , this one is not quite A what data engineering could put along make up As angstrom flick , scarce the write up and musical base wangle up for it .",1,0,True,237
you won't look at religious fanatics -- or backyard sheds -- the same way again .,N/A,pos,neg,Skipped,0
"as action-adventure , this space-based homage to robert louis stevenson's treasure island fires on all plasma conduits .","as action-adventure , this space-based homage to William Henry Martyn total heat M. Robert Joe Louis stevenson's value island run short forth along all plasm conduits .",1,0,True,86
"it's really just another silly hollywood action film , one among a multitude of simple-minded , yahoo-ing death shows .","it's truly equitable another silly hollywood action film , one among a multitude of simple-minded , yahoo-ing death shows .",0,1,True,60
"it's an entertaining movie , and the effects , boosted to the size of a downtown hotel , will all but take you to outer space .","it's an diddle with film , and the burden , supercharge to the size of it of angstrom unit unit stage line territory hotel , exit altogether just payoff you to out space .",1,0,True,219
my wife's plotting is nothing special ; it's the delivery that matters here .,my wife's plotting is nothing special ; it's the delivery that exit here .,1,0,True,34
this director's cut -- which adds 51 minutes -- takes a great film and turns it into a mundane soap opera .,N/A,neg,pos,Skipped,0
a sha-na-na sketch punctuated with graphic violence .,a sha-na-na sketch punctuated with graphic fierceness .,0,1,True,36
this stuck pig of a movie flails limply between bizarre comedy and pallid horror .,Failed to initialize,0,,False,980
your children will be occupied for 72 minutes .,your children will be occupied for 72 constrict .,1,0,True,33
charlotte sometimes is a gem . it's always enthralling .,charlotte sometimes is a pock . it's always fascinate .,1,0,True,70
"while the story does seem pretty unbelievable at times , it's awfully entertaining to watch .","while the story does seem mediocre unbelievable at times , it's awfully toy with to picket man .",1,0,True,63
"as his circle of friends keeps getting smaller one of the characters in long time dead says 'i'm telling you , this is f * * * ed' . maybe he was reading the minds of the audience .","as his circle of friends keeps getting smaller one of the characters in long time dead says 'i'm telling you , this is f * * * ed' . maybe he embody reading the minds of the audience .",0,1,True,40
great character interaction .,ruin up fictitious character reference central interaction .,1,0,True,70
a small gem from belgium .,a small pock from belgium .,1,0,True,38
the niftiest trick perpetrated by the importance of being earnest is the alchemical transmogrification of wilde into austen--and a hollywood-ized austen at that .,the niftiest punch A truehearted unity on commit past tense time the impressiveness of lively sincere personify the alchemic transmogrification of Academy Award Fingal O'Flahertie testament Wilde into austen--and a hollywood-ized Jane Austen at that .,0,1,True,210
wonder of wonders -- a teen movie with a humanistic message .,forebode into question of count into -- a juvenile flick with vitamin A human-centered kernel .,1,0,True,265
veers uncomfortably close to pro-serb propaganda .,absolute uncomfortably faithful to pro-serb propaganda .,0,1,True,585
graced with the kind of social texture and realism that would be foreign in american teen comedies .,Failed to initialize,1,,False,1001
. . . quite good at providing some good old fashioned spooks .,. . . quite commodity at reverse indium Thomas More operating theatre to a lesser extent exhaustively onetime fashion spectre .,1,0,True,106
"the first question to ask about bad company is why anthony hopkins is in it . we assume he had a bad run in the market or a costly divorce , because there is no earthly reason other than money why this distinguished actor would stoop so low .",Failed to initialize,0,,False,982
"gangster no . 1 is solid , satisfying fare for adults .","gangster no . 1 is upstanding , assemble fare for adults .",1,0,True,47
"pete's screenplay manages to find that real natural , even-flowing tone that few movies are able to accomplish .","pete's screenplay manages to find that real ill-bred , even-flowing tone that few movies are able to accomplish .",1,0,True,37
"if the film's vision of sport as a secular religion is a bit cloying , its through-line of family and community is heartening in the same way that each season marks a new start .","if the film's vision of sport as a secular religion is a bit cloying , its through-line of family and community is inspiriting in the same way that each season marks a new start .",1,0,True,36
a soap-opera quality twist in the last 20 minutes . . . almost puts the kibosh on what is otherwise a sumptuous work of b-movie imagination .,N/A,pos,neg,Skipped,0
"gangs , despite the gravity of its subject matter , is often as fun to watch as a good spaghetti western .","gangs , despite the gravity of its subject matter , is often as disport to watch arrive extinct amp angstrom unit commodity spaghetti western sandwich .",1,0,True,126
"slap her - she's not funny ! no french people were harmed during the making of this movie , but they were insulted and the audience was put through torture for an hour and a half .",Failed to initialize,0,,False,1001
"hart's war seems to want to be a character study , but apparently can't quite decide which character .",Failed to initialize,0,,False,962
"sometimes we feel as if the film careens from one colorful event to another without respite , but sometimes it must have seemed to frida kahlo as if her life did , too .",N/A,pos,neg,Skipped,0
"pull[s] off the rare trick of recreating not only the look of a certain era , but also the feel .","pull[s] off the rare scam typewrite A whole gag on of renovate non just the feeling of A certain geological epoch , merely also the feel .",1,0,True,190
"as it turns out , you can go home again .","as it turns out , you can go internal end altogether over again .",1,0,True,63
"an ugly , revolting movie .","an wonderful , revolting movie .",0,1,True,33
"without resorting to camp or parody , haynes ( like sirk , but differently ) has transformed the rhetoric of hollywood melodrama into something provocative , rich , and strange .","without resorting to camp or parody , haynes ( like sirk , but differently ) has metamorphose the rhetoric of hollywood melodrama into something provocative , blubber out , and strange .",1,0,True,410
meant to reduce blake's philosophy into a tragic coming-of-age saga punctuated by bursts of animator todd mcfarlane's superhero dystopia .,N/A,pos,neg,Skipped,0
"saved from being merely way-cool by a basic , credible compassion .","lie in in parenthesis from pecuniary time value simply way-cool away angstrom sanctioned , credible pathos .",1,0,True,151
a delicious and delicately funny look at the residents of a copenhagen neighborhood coping with the befuddling complications life tosses at them .,Failed to initialize,1,,False,1001
"the film has the high-buffed gloss and high-octane jolts you expect of de palma , but what makes it transporting is that it's also one of the smartest , most pleasurable expressions of pure movie love to come from an american director in years .","the film restrain up the high-buffed glossary and high-voltage jounce you expect of de palma , merely what shit it transfer is that it's too nonpareil of the fresh , almost gratifying expressions of stark instigate take to wealthy person sexual barrack to stick from colligate inch give suck American language manager inch days .",1,0,True,329
"although melodramatic and predictable , this romantic comedy explores the friendship between five filipino-americans and their frantic efforts to find love .",Failed to initialize,1,,False,965
queen of the damned is too long with too little going on .,queen of the damned is also foresightful with A good lilliputian spark advance along .,0,1,True,224
"bang ! zoom ! it's actually pretty funny , but in all the wrong places .","bang ! soar improving upwardly ! it's Indianan United States Department of State of matter realism merry laughable story , but Indiana all the haywire train .",0,1,True,176
"peralta captures , in luminous interviews and amazingly evocative film from three decades ago , the essence of the dogtown experience .",Failed to initialize,1,,False,963
works as pretty contagious fun .,altogether bunch up every morsel middling contagious merriment .,1,0,True,101
"it's a big idea , but the film itself is small and shriveled .","it's a big idea , but the film itself is belittled and wizened .",0,1,True,57
". . . a sweetly affecting story about four sisters who are coping , in one way or another , with life's endgame .",Failed to initialize,1,,False,974
"flat , misguided comedy .","2-dimensional , scout wide funniness .",0,1,True,151
its appeal will probably limited to lds church members and undemanding armchair tourists .,its appeal will in whole opportunity adhesiveness to lds Christian Christian church progression member and undemanding armchair tourists .,0,1,True,121
"if the man from elysian fields is doomed by its smallness , it is also elevated by it--the kind of movie that you enjoy more because you're one of the lucky few who sought it out .","if the man from elysian fields is suggest by its smallness , it is too elevated by it--the miscellany of movie that you enjoy more than because you're unmatchable of the well-disposed few knowledge base Health scheme search information technology proscribed .",1,0,True,156
kaufman's script is never especially clever and often is rather pretentious .,Failed to initialize,0,,False,973
"harry potter and the chamber of secrets is deja vu all over again , and while that is a cliche , nothing could be more appropriate . it's likely that whatever you thought of the first production -- pro or con -- you'll likely think of this one .","harry potter and the chamber of secrets is deja vu all over again , and while that is a prosaic , nothing could be more appropriate . it's lastingness that whatever you intellection of the first production -- professional person individual soulfulness engage dramatics con -- you'll in whole take a chance remember of this one .",0,1,True,585
"red dragon "" never cuts corners .",N/A,pos,neg,Skipped,0
"everyone's insecure in lovely and amazing , a poignant and wryly amusing film about mothers , daughters and their relationships .","everyone's insecure in endearing and bugger off , a poignant and wryly disport film about mothers , daughters and their relationships .",1,0,True,572
"allegiance to chekhov , which director michael cacoyannis displays with somber earnestness in the new adaptation of the cherry orchard , is a particularly vexing handicap .","allegiance to chekhov , which euphony music director michael cacoyannis present with sober sincerity inwards the youth adaptation of the crimson corner orchard , organic structure forth vitamin A in detail vexing disenable .",0,1,True,232
an older cad instructs a younger lad in zen and the art of getting laid in this prickly indie comedy of manners and misanthropy .,an older cad instructs a younger lad in zen and the art of getting laid in this setose indie drollery of manners and misanthropy .,1,0,True,61
"at a time when commercialism has squeezed the life out of whatever idealism american moviemaking ever had , godfrey reggio's career shines like a lonely beacon .","at a time when commercialism has squeezed the life out of whatever idealism american moviemaking ever had , godfrey reggio's career pecker like a lonely beacon .",1,0,True,34
"spider-man is about growing strange hairs , getting a more mature body , and finding it necessary to hide new secretions from the parental units .",N/A,pos,neg,Skipped,0
"a rollicking ride , with jaw-dropping action sequences , striking villains , a gorgeous color palette , astounding technology , stirring music and a boffo last hour that leads up to a strangely sinister happy ending .",Failed to initialize,1,,False,965
a preposterously melodramatic paean to gang-member teens in brooklyn circa 1958 .,Failed to initialize,0,,False,884
"the cinematic equivalent of patronizing a bar favored by pretentious , untalented artistes who enjoy moaning about their cruel fate .","the cinematic tantamount of patronizing a bar favored by pretentious , untalented artistes who enjoy moaning about their cruel fate .",0,1,True,31
the only fun part of the movie is playing the obvious game . you try to guess the order in which the kids in the house will be gored .,the only fun part of the movie is playing the obvious game . you adjudicate to adventure the order in which the kids in the house will be gored .,0,1,True,214
this thing is virtually unwatchable .,Failed to initialize,0,,False,886
"a well-acted , but one-note film .",N/A,neg,pos,Skipped,0
jones has tackled a meaty subject and drawn engaging characters while peppering the pages with memorable zingers .,jones has government result along deoxyadenosine monophosphate meaty keep down and bewilder usage up assumed typewrite darn pour the pages with memorable zingers .,1,0,True,204
mel gibson fights the good fight in vietnam in director randall wallace's flag-waving war flick with a core of decency .,mel gibson fights the good fight in vietnam in director randall wallace's flag-waving war flick with a weight unit grim drab of decency .,1,0,True,63
"replacing john carpenter's stylish tracking shots is degraded , handheld blair witch video-cam footage . of all the halloween's , this is the most visually unappealing .",Failed to initialize,0,,False,910
"the performances are immaculate , with roussillon providing comic relief .","the legal action weewee astir spick , with roussillon supply comic fill-in .",1,0,True,140
"quando tiros em columbine acerta o alvo ( com o perdão do trocadilho ) , não há como negar o brilhantismo da argumentação de seu diretor .",Failed to initialize,1,,False,390
a realistically terrifying movie that puts another notch in the belt of the long list of renegade-cop tales .,Failed to initialize,1,,False,962
"the movie is concocted and carried out by folks worthy of scorn , and the nicest thing i can say is that i can't remember a single name responsible for it .","the movie is concocted and carried out by family tune worthy of despite , and the skillful thing unity can articulate personify that single can't recollect A one bring upwards responsible for for for information technology .",0,1,True,196
"the script's snazzy dialogue establishes a realistic atmosphere that involves us in the unfolding crisis , but the lazy plotting ensures that little of our emotional investment pays off .",N/A,pos,neg,Skipped,0
sex with strangers is fascinating . . .,sex with strangers is fascinate . . .,1,0,True,36
a minor-league soccer remake of the longest yard .,a minor-league soccer redo of the longest yard .,0,1,True,43
this u-boat doesn't have a captain .,this u-boat doesn't suffer a patrol maitre d' .,0,1,True,166
an encouraging effort from mccrudden,N/A,neg,pos,Skipped,0
jason patric and ray liotta make for one splendidly cast pair .,jason patric and ray of suit sour liotta piddle for nonpareil resplendently constitute sick pair .,1,0,True,109
"caruso sometimes descends into sub-tarantino cuteness . . . but for the most part he makes sure the salton sea works the way a good noir should , keeping it tight and nasty .","Enrico Enrico Enrico Caruso sometimes go down into sub-tarantino prettiness . . . merely for the approximately purpose atomic keep down deuce motion-picture evidence angstrom cause sure every bit frivol away enough the salton sea work on the counterfeit A unit unspoiled noir should , keeping information technology sloshed and nasty .",1,0,True,288
this one aims for the toilet and scores a direct hit .,N/A,neg,pos,Skipped,0
". . . for all its social and political potential , state property doesn't end up being very inspiring or insightful .",". . . for all its social and political potential , state property doesn't oddness up being very inspiring or insightful .",0,1,True,46
"by turns gripping , amusing , tender and heart-wrenching , laissez-passer has all the earmarks of french cinema at its best .",Failed to initialize,1,,False,950
"often demented in a good way , but it is an uneven film for the most part .",N/A,pos,neg,Skipped,0
"zhuangzhuang creates delicate balance of style , text , and subtext that's so simple and precise that anything discordant would topple the balance , but against all odds , nothing does .",N/A,pos,neg,Skipped,0
"chen films the resolutely downbeat smokers only with every indulgent , indie trick in the book .","chen films the resolutely downbeat smokers but with every indulgent , indie trick in the skillful intensity .",0,1,True,68
"while the story is better-focused than the incomprehensible anne rice novel it's based upon , queen of the damned is a pointless , meandering celebration of the goth-vampire , tortured woe-is-me lifestyle .","while the story is better-focused than the incomprehensible anne rice novel it's based upon , queen of the damned is a indolent , meandering celebration of the goth-vampire , tortured woe-is-me lifestyle .",0,1,True,49
"a very familiar tale , one that's been told by countless filmmakers about italian- , chinese- , irish- , latin- , indian- , russian- and other hyphenate american young men struggling to balance conflicting cultural messages .",N/A,neg,pos,Skipped,0
"a "" black austin powers ? "" i prefer to think of it as "" pootie tang with a budget . "" sa da tay !",N/A,pos,neg,Skipped,0
"while broomfield's film doesn't capture the effect of these tragic deaths on hip-hop culture , it succeeds as a powerful look at a failure of our justice system .","while broomfield's film doesn't capture the effect of these tragic deaths on hip-hop culture , it gloam knocked out as A hefty olfactory airscrew atomic number eighty-five angstrom unit whole nonstarter of our nuance system .",1,0,True,184
what a great shame that such a talented director as chen kaige has chosen to make his english-language debut with a film so poorly plotted and scripted .,what a great attaint that such a talented director as chen kaige has chosen to make his english-language debut with a film so peak plotted and scripted .,0,1,True,62
"each of these stories has the potential for touched by an angel simplicity and sappiness , but thirteen conversations about one thing , for all its generosity and optimism , never resorts to easy feel-good sentiments .",N/A,pos,neg,Skipped,0
"a heady , biting , be-bop ride through nighttime manhattan , a loquacious videologue of the modern male and the lengths to which he'll go to weave a protective cocoon around his own ego .","a rash , bogus , be-bop ride through nighttime manhattan , a loquacious videologue of the modern male and the lengths to which he'll go to weave a protective cocoon around his own ego .",1,0,True,203
barney throws away the goodwill the first half of his movie generates by orchestrating a finale that is impenetrable and dull .,barney throws away the goodwill the first half of his movie generates by orchestrating a finale that is keen and yield .,0,1,True,366
the pianist lacks the quick emotional connections of steven spielberg's schindler's list . but mr . polanski creates images even more haunting than those in mr . spielberg's 1993 classic .,the pianist lack the quick cast to make up connexion of steven spielberg's schindler's list . just mr . polanski pee-pee film even more than obsess than those atomic add up 49 Mister . spielberg's 1993 Graeco-Roman .,1,0,True,288
"( it ) highlights not so much the crime lord's messianic bent , but spacey's .",N/A,neg,pos,Skipped,0
gambling and throwing a basketball game for money isn't a new plot -- in fact toback himself used it in black and white . but toback's deranged immediacy makes it seem fresh again .,gambling and throwing a basketball lame for money isn't a new plot -- in fact toback himself used it in black and St. Saint Patrick whitened . simply toback's craze instancy take a crap data engineering come out novel terminated again .,1,0,True,163
"the film falls short on tension , eloquence , spiritual challenge -- things that have made the original new testament stories so compelling for 20 centuries .",N/A,neg,pos,Skipped,0
one of the most exciting action films to come out of china in recent years .,one of the virtually idle countersign about improving war car auto have a bun in the oven through dork to tot up up out of Cathay indium tardy years .,1,0,True,207
the most consistently funny of the austin powers films .,the or soh systematically mirthful of the upper-case letter of Lone-Star State big businessman motion picture .,1,0,True,99
"more successful at relating history than in creating an emotionally complex , dramatically satisfying heroine",N/A,neg,pos,Skipped,0
"it's easy to be cynical about documentaries in which underdogs beat the odds and the human spirit triumphs , but westbrook's foundation and dalrymple's film earn their uplift .","it's easy to be cynical about docudrama plastic film indium which underdog check note the betting calculate wager betting odds and the homo feeling prevail , just westbrook's plunge and dalrymple's inject pull in their upheaval .",1,0,True,238
"grant carries the day with impeccable comic timing , raffish charm and piercing intellect .","grant comport the average solar Clarence Clarence sidereal day with impeccable risible clock , spanking entrance and poke reason .",1,0,True,270
this slender plot feels especially thin stretched over the nearly 80-minute running time .,this slender spirit feels especially tenuous blossom forth out complete the closely 80-minute running fourth dimension .,0,1,True,428
showtime's starry cast could be both an asset and a detriment . those who trek to the 'plex predisposed to like it probably will enjoy themselves . but ticket-buyers with great expectations will wind up as glum as mr . de niro .,showtime's starry cast could be both an asset and a detriment . those who trek to the 'plex predisposed to like it probably will enjoy themselves . but ticket-buyers with great expectations will lift up as saturnine as mr . de niro .,0,1,True,368
the philosophical musings of the dialogue jar against the tawdry soap opera antics of the film's action in a way that is surprisingly enjoyable .,the philosophical musings of the dialogue jar against the tawdry soap opera antics of the film's action chemic mechanism indium adenine agency that personify amazingly pleasurable .,1,0,True,142
miller has crafted an intriguing story of maternal instincts and misguided acts of affection .,Alton Glenn mill around political machine primer guile fellow grade indium move over fellate sidestep drop a line up of enate replete and ill-conceived roleplay of affection .,1,0,True,205
beautifully directed and convincingly acted .,Failed to initialize,1,,False,940
old-fashioned but thoroughly satisfying entertainment .,demode but thoroughly fill up up entertainment .,1,0,True,76
enriched by a strong and unforced supporting cast .,enriched by a bankrupt and unforced supporting vomit up up .,1,0,True,79
one key problem with these ardently christian storylines is that there is never any question of how things will turn out .,one Sunshine res publica tonality yield ease up period of play with these ardently christian storyline incarnate that inward that respect typify ne'er whatever question of how matter bequeath wrick away .,0,1,True,205
"some movies can get by without being funny simply by structuring the scenes as if they were jokes : a setup , delivery and payoff . stealing harvard can't even do that much . each scene immediately succumbs to gravity and plummets to earth .",Failed to initialize,0,,False,996
denver should not get the first and last look at one of the most triumphant performances of vanessa redgrave's career . it deserves to be seen everywhere .,denver should not pack the first and last look at one of the most triumphant run of genus Vanessa redgrave's calling . selective information engineering science merit to interpret construe everywhere .,1,1,False,352
crush is so warm and fuzzy you might be able to forgive its mean-spirited second half .,crush is so warm and blurry you might be able to forgive its mean-spirited second half .,1,0,True,40
it's about issues most adults have to face in marriage and i think that's what i liked about it -- the real issues tucked between the silly and crude storyline .,N/A,pos,neg,Skipped,0
the kind of trifle that date nights were invented for .,N/A,pos,neg,Skipped,0
a quasi-documentary by french filmmaker karim dridi that celebrates the hardy spirit of cuban music .,Failed to initialize,1,,False,894
"elegantly produced and expressively performed , the six musical numbers crystallize key plot moments into minutely detailed wonders of dreamlike ecstasy .",Failed to initialize,1,,False,972
"it doesn't take a rocket scientist to figure out that this is a mormon family movie , and a sappy , preachy one at that .","it doesn't take a rocket scientist to envision out that this is a mormon family movie , and a goofy , preachy one at that .",0,1,True,138
[grant] goes beyond his usual fluttering and stammering and captures the soul of a man in pain who gradually comes to recognize it and deal with it .,[grant] snuff information engineering science beyond his park flitter and stumble and catch the somebody of typecast angstrom unit human make up indium inconvenience universe Health governance geek outside scrap amaze to make out it and stack with it .,1,0,True,320
too daft by half . . . but supremely good natured .,N/A,neg,pos,Skipped,0
one of [jaglom's] better efforts -- a wry and sometime bitter movie about love .,one of [jaglom's] better efforts -- a juiceless and sometime bitter movie about love .,1,0,True,50
fresnadillo has something serious to say about the ways in which extravagant chance can distort our perspective and throw us off the path of good sense .,N/A,pos,neg,Skipped,0
"in a big corner office in hell , satan is throwing up his hands in surrender , is firing his r&d people , and has decided he will just screen the master of disguise 24/7 .","in a big niche office in hell , satan is throwing up his humanity in surrender , is firing his r&d people , and gift birthing soundness he testament skillful screenland the surmount of camo 24/7 .",0,1,True,408
another boorish movie from the i-heard-a-joke- at-a-frat-party school of screenwriting .,another swinish instill ikon from the i-heard-a-joke- at-a-frat-party educate of screenwriting .,0,1,True,653
"like the tuck family themselves , this movie just goes on and on and on and on","like the knitting family themselves , this motivate moving-picture bear witness adept tender on and along and on and on",0,1,True,127
"a wry , affectionate delight .","a dry knocked out , lovesome transport .",1,0,True,159
a full-frontal attack on audience patience .,a full-frontal flesh out along audience solitaire .,0,1,True,62
"aptly named , this shimmering , beautifully costumed and filmed production doesn't work for me .","aptly named , this shimmering , beautifully congratulate improving and moving-picture demonstrate production doesn't play for yearn Tree State .",0,1,True,104
an awful movie that will only satisfy the most emotionally malleable of filmgoers .,an amazing moving-picture evidence that leave lonely satisfy the to the highest degree emotionally elastic of filmgoers .,0,1,True,147
"not too fancy , not too filling , not too fluffy , but definitely tasty and sweet .","non also fancy , non too filling , non too fluffy , but definitely tasty and dulcet .",1,0,True,86
"i just saw this movie . . . well , it's probably not accurate to call it a movie .",N/A,pos,neg,Skipped,0
"shame on writer/director vicente aranda for making a florid biopic about mad queens , obsessive relationships , and rampant adultery so dull .",Failed to initialize,0,,False,923
"has enough wit , energy and geniality to please not only the fanatical adherents on either side , but also people who know nothing about the subject and think they're not interested .","clip of day burden unit adequacy mental electrical content , nothing and amiableness to tape drive non exactly the fanatical adherent along either pitch , entirely too pack innovation Health governance take in data technology off cypher upright about the capacity and cogitate they're not occupy .",1,0,True,394
"by the end , you just don't care whether that cold-hearted snake petrovich ( that would be reno ) gets his comeuppance . just bring on the battle bots , please !","by the end , you just don't care whether that cold-hearted snake petrovich ( that would be reno ) gets his comeuppance . just bring on the battle bots , enchant !",0,1,True,46
"an enormously entertaining movie , like nothing we've ever seen before , and yet completely familiar .","an hugely forebode up more than operate way less move project , score null we've e'er control originally , and until at present altogether conversant .",1,0,True,632
"the abiding impression , despite the mild hallucinogenic buzz , is of overwhelming waste -- the acres of haute couture can't quite conceal that there's nothing resembling a spine here .","the enduring amiable film , despite the delicate hallucinogenic Harkat ul-Mujahedeen , personify of overpowering savage -- the Akka of haute couture can't rather hide that there's nada resemble international international ampere rachis hither .",0,1,True,496
smarter than its commercials make it seem .,lowest intelligence than its commercial depicted object take away vitamin A crap upwardly information technology seem .,1,0,True,108
"little more than a stylish exercise in revisionism whose point . . . is no doubt true , but serves as a rather thin moral to such a knowing fable .","little more than a stylish exercise in revisionism whose point . . . is no doubt true , but serves as a quite an lean example to such a live fiction .",0,1,True,86
"like the series , the movie is funny , smart , visually inventive , and most of all , alive .","like the series , the movie is risible , impertinent , visually inventive , and most of all , waken .",1,0,True,391
spare but quietly effective retelling .,redundant but quietly atomic bit 49 gist novelize .,1,0,True,73
spy-vs . -spy action flick with antonio banderas and lucy liu never comes together .,spy-vs . -spy instinctive fulfil foliation with antonio banderas and lucy liu ne'er acclaim unitedly .,0,1,True,85
"ana's journey is not a stereotypical one of self-discovery , as she's already comfortable enough in her own skin to be proud of her rubenesque physique . . .","ana's journey is non a stereotypical one of self-discovery , as she's already comfortable enough in her own skin to be proud of her rubenesque physique . . .",1,0,True,29
there is something that is so meditative and lyrical about babak payami's boldly quirky iranian drama secret ballot . . . a charming and evoking little ditty that manages to show the gentle and humane side of middle eastern world politics,Failed to initialize,1,,False,958
the plot is romantic comedy boilerplate from start to finish .,the plot of acres symbolize romantic funniness boilerplate from start out to cultivation .,0,1,True,173
"in moonlight mile , no one gets shut out of the hug cycle .","in moonlight mile , no one ache shut out of the hug cycle .",0,1,True,93
"once he starts learning to compromise with reality enough to become comparatively sane and healthy , the film becomes predictably conventional .","once he starts learning to compromise with reality enough to become comparatively sane and healthy , the film becomes predictably courtly .",0,1,True,31
"not once in the rush to save the day did i become very involved in the proceedings ; to me , it was just a matter of 'eh . '","not once in the rush to save the day did i become very involved in the proceedings ; to me , it was love a matter of 'eh . '",0,1,True,60
the campy results make mel brooks' borscht belt schtick look sophisticated .,N/A,neg,pos,Skipped,0
"twohy's a good yarn-spinner , and ultimately the story compels .",N/A,pos,neg,Skipped,0
"the film never gets over its own investment in conventional arrangements , in terms of love , age , gender , race , and class .","the film ne'er gets over its own investment in courtly arrangements , in terms of love , age , gender , race , and class .",0,1,True,104
a thriller without a lot of thrills .,a thriller without a lot of chill .,0,1,True,31
"to call this one an eventual cult classic would be an understatement , and woe is the horror fan who opts to overlook this goofily endearing and well-lensed gorefest .",N/A,pos,neg,Skipped,0
you'll just have your head in your hands wondering why lee's character didn't just go to a bank manager and save everyone the misery .,you'll just have your head in your hands enquire why lee's character didn't but go to a trustingness manager and save everyone the misery .,0,1,True,79
"the movie obviously seeks to re-create the excitement of such '50s flicks as jules verne's '20 , 000 leagues under the sea' and the george pal version of h . g . wells' 'the time machine . ' but its storytelling prowess and special effects are both listless .",Failed to initialize,0,,False,908
"[the film] tackles the topic of relationships in such a straightforward , emotionally honest manner that by the end , it's impossible to ascertain whether the film is , at its core , deeply pessimistic or quietly hopeful .","[the film] tackles the topic of relationships in such a straightforward , emotionally dependable musical field mode that off the generate bill , it's unacceptable to ensure whether the motion-picture indicate be , atomic total lxxxv information technology kernel , deep pessimistic operating room quietly wannabe .",1,0,True,255
"an enthralling , entertaining feature .","an bewitching , computer address up of let .",1,0,True,64
"schaeffer isn't in this film , which may be why it works as well as it does .",N/A,pos,neg,Skipped,0
"the problems and characters it reveals are universal and involving , and the film itself -- as well its delightful cast -- is so breezy , pretty and gifted , it really won my heart .",Failed to initialize,1,,False,1001
"would you laugh if a tuba-playing dwarf rolled down a hill in a trash can ? do you chuckle at the thought of an ancient librarian whacking a certain part of a man's body ? if you answered yes , by all means enjoy the new guy .","would you laugh if a tuba-playing dwarf rolled down a hill in a trash can ? do you chuckle at the thought of an ancient librarian whacking a certain part of a man's body ? if you answered yes , by all means enjoy the unexampled guy .",1,0,True,36
. . . one of the most entertaining monster movies in ages . . .,. . . one of the virtually dally with daimon fictile motion picture indium dumbfound on . . .,1,0,True,136
"all the queen's men is a throwback war movie that fails on so many levels , it should pay reparations to viewers .",Failed to initialize,0,,False,959
"a fun family movie that's suitable for all ages -- a movie that will make you laugh , cry and realize , 'it's never too late to believe in your dreams . '","a gaiety family movie that's suitable for all ages -- a movie that will make you gag , cry and realize , 'it's ne'er too late to believe in your stargaze . '",1,0,True,573
"any intellectual arguments being made about the nature of god are framed in a drama so clumsy , there is a real danger less sophisticated audiences will mistake it for an endorsement of the very things that bean abhors .",Failed to initialize,0,,False,990
a film that plays things so nice 'n safe as to often play like a milquetoast movie of the week blown up for the big screen .,a shaping photographic film that spectacular recreate period things so adept 'n virtuoso as to a great good sight take in wishing ampere milksop photo of the week ball improving improving for the boastfully screen .,0,1,True,340
a comedy-drama of nearly epic proportions rooted in a sincere performance by the title character undergoing midlife crisis .,a comedy-drama of nearly epic proportions rabble in a sincere performance by the title character undergoing midlife crisis .,1,0,True,96
"for all its brooding quality , ash wednesday is suspenseful and ultimately unpredictable , with a sterling ensemble cast .","for all its covert edition lineament , ash corner Sir Herbert Beerbohm recession affiliation lay low-spirited up cliff-hanging and at long last secondment , with deoxyadenosine monophosphate sterling plunk for players cast .",1,0,True,208
"muddled , trashy and incompetent","muzzy , jazzy and unskilled",0,1,True,159
one regards reign of fire with awe . what a vast enterprise has been marshaled in the service of such a minute idea .,N/A,neg,pos,Skipped,0
this 90-minute dud could pass for mike tyson's e ! true hollywood story .,this 90-minute efflorescence it could stand out for mike tyson's Orient ! avowedly hollywood narrative .,0,1,True,109
suffers from a decided lack of creative storytelling .,nurture from a decided compliments swell of creative storytelling .,0,1,True,79
entertaining despite its one-joke premise with the thesis that women from venus and men from mars can indeed get together .,tie down contempt its one-joke premise with the dissertation that cleaning lady from venus and men from deflower sack so scram together .,1,0,True,92
"hey , happy ! is many things -- stoner midnight flick , sci-fi deconstruction , gay fantasia -- but above all it's a love story as sanguine as its title .","hey , happy ! is many things -- stoner midnight moving-picture demo , sci-fi deconstruction , festal fantasia -- merely supra altogether it's typecast typewrite A make out indite up A building block florid as information technology title .",1,0,True,227
"been there , done that , liked it much better the first time around - when it was called the professional .",N/A,neg,pos,Skipped,0
"adroit but finally a trifle flat , mad love doesn't galvanize its outrage the way , say , jane campion might have done , but at least it possesses some .",N/A,neg,pos,Skipped,0
a whale of a good time for both children and parents seeking christian-themed fun .,a loom of a skilful prison house put up term for both tike and hindquarters effort christian-themed gaming .,1,0,True,137
