original,adversarial,original_label,final_label,success,queries
"Indian board plans own telecast of Australia series The Indian cricket board said on Wednesday it was making arrangements on its own to broadcast next month #39;s test series against Australia, which is under threat because of a raging TV rights dispute.","Amerindian linguistic mental unconscious process gameboard architectural protrude possess televise of land of land of Commonwealth of Australia sequent The indigene American language linguistic process cricket video recording transcription video recording exhibit exhibit plank sound out along Wed information technology damage wee-wee organization along entropy engineering science have to disseminate following calendar calendar calendar month #39;s prove serial against Australia, which follow nether waste because of a dress down TV rectify dispute.",1,3,True,1149
Stocks Higher on Drop in Jobless Claims A sharp drop in initial unemployment claims and bullish forecasts from Nokia and Texas Instruments sent stocks slightly higher in early trading Thursday.,line of descent better naughty on pass atomic recognition bit 49 idle pose claim antiophthalmic factor knifelike dangle boundary initial unemployment call and bullish add up on from Nokia and TX official textual matter version single file drive line slimly high atomic number 49 other sell Thursday.,2,3,True,362
"Nuggets 112, Raptors 106 Carmelo Anthony scored 30 points and Kenyon Martin added 24 points and 16 rebounds, helping the Denver Nuggets hold off the Toronto Raptors 112-106 Wednesday night.",Failed to initialize,1,,False,1001
Stocks Higher on Drop in Jobless Claims A sharp drop in initial unemployment claims and bullish forecasts from Nokia and Texas Instruments sent stocks higher in early trading Thursday.,line of descent mellow on countersink bit chip mastered atomic MBD up il veto of forge chassis of cover amp unity out farewell taboo nuclear bit il initial unemployment produce and bullish auspicate from Nokia and Lone-Star DoS instrumental role mail line of descent gamey in other switch Thursday.,2,3,True,334
"REVIEW: 'Half-Life 2' a Tech Masterpiece (AP) AP - It's been six years since Valve Corp. perfected the first-person shooter with ""Half-Life."" Video games have come a long way since, with better graphics and more options than ever. Still, relatively few games have mustered this one's memorable characters and original science fiction story.",Failed to initialize,3,,False,1001
"China's inflation rate slows sharply but problems remain (AFP) AFP - China's inflation rate eased sharply in October as government efforts to cool the economy began to really bite, with food prices, one of the main culprits, showing some signs of slowing, official data showed.",N/A,World,Business,Skipped,0
"ADV: Try Currency Trading Risk-Free 30 Days 24-hour commission-free trading, 100-to-1 leverage of your capital, and Dealbook Fx 2 - our free advanced trading software. Sign up for our free 30-day trial and receive one-on-one training.","ADV: essay up-to-dateness interchange unhazardous 30 solar solar day 24-hour commission-free trading, 100-to-1 leveraging of your capital, and Dealbook Fx Charles Dickens - our unblock the boot up the stairs go down upwards software. sign-language upwards for our liberate 30-day cash in one's chips and invite man-to-man training.",2,3,True,269
"OPEC Can Raise Output Capacity by 1 Mln Barrels/Day (Update1) The Organization of Petroleum Exporting Countries, which supplies a third of the world #39;s crude oil, can raise production capacity by 1 million barrels a day by year-end, OPEC President Purnomo Yusgiantoro said.","geological organisation of Petroleum-Exporting soundbox politic claim insure death Cartesian yield mental power past clock peerless Mln Barrels/Day (Update1) The connive of rock vegetable fossil fossil oil export Countries, which issue forth away deoxyadenosine monophosphate third gear of the universe #39;s down-to-earth oil, prat warping assume electrical capability by one and only million membranophone vitamin A daylight by year-end, Organization of Petroleum-Exporting Countries President Purnomo Yusgiantoro said.",2,3,True,444
"Intel gets off chip speed roller coaster: Technology India: New York, Oct 19 : The world #39;s leading computer chipmaker Intel has jumped off the chip speed roller coaster by yanking its four giga hertz (4 GHz) Pentium 4 processor off the drawing board.",Failed to initialize,3,,False,1001
Amazon Snaps Up China's Largest Web Retailer (NewsFactor) NewsFactor - Amazon.com (Nasdaq: AMZN) has said it will buy Joyo.com Limited -- a British Virgin Islands company that operates the largest Internet retail Web site in China -- for US #36;75 million.,N/A,Business,Sci/Tech,Skipped,0
"Bookies take bets on new Band Aid Bookies take bets on a new Band Aid single being Christmas No 1, expected to be confirmed by Midge Ure.","bookie need bets on Cy Young isthmus attention bookie wont some dally on type A Bodoni circumstance serve matchless stage Yuletide No 1, gestate to defend reassert away Midge Ure.",0,1,True,329
Hokies making statement about ACC title intentions The annual summer barbecues that Ralph Friedgen and Frank Beamer co-host at their lake homes in Georgia may be a little less cordial after the way Beamer #39;s Virginia Tech Hokies waxed Friedgen #39;s Maryland Terrapins 55-6 last night.,Hokies develop statement about electron beam travel scrap overlook human strong-arm social structure of consultation level The annual summer Captain James Cook out that Ralph Friedgen and sanguine sizzling Beamer co-host nuclear everyday eighty-five their lake class whole atomic identification number 49 imperium land of the Confederate States of America English spoken communication hawthorn nominate adenine lilliputian to eccentric group A lesser extent amiable later on the proper smart Beamer #39;s Old Dominion State technical school Hokies wax Friedgen #39;s Free State terrapin 55-6 go night.,1,3,True,443
"Gilchrist confident about India tour SYDNEY, Sep 25: Australia #39;s stand-in captain and wicketkeeper Adam Gilchrist has said that his twin responsibilities will not come in the way of seeking a winning start for his team against India in next month #39;s Test series.",Failed to initialize,1,,False,1001
Israeli Tanks Surge Into Gaza Refugee Camp -Witnesses  GAZA (Reuters) - A column of Israeli tanks surged into the  heart of the Jabalya refugee camp in the northern Gaza Strip on  Thursday as the army broadened its sweep for militants behind a  deadly rocket attack on an Israeli town.,Failed to initialize,0,,False,1001
"Microsoft, EU Officials in Procedure Meeting Microsoft (Quote, Chart) and representatives of the European Union #39;s Competition Commission will sit down at the table together on Thursday, but it won #39;t be to eat.","Microsoft, EU official in function race crossways Microsoft (Quote, Chart) and vox of the European first mate #39;s repugn missionary lick will impersonate listless nuclear numerate 85 the project over Hoosier DoS concert on Thursday, solitary information technology bring home the bacon #39;t exist to eat.",2,3,True,262
"Nevada Implements 1st Touch-Screen Voting Machines With Paper-Trail By RACHEL KONRAD     CARSON CITY, Nev. (AP) -- In what could become a model for other states, Nevada voters on Tuesday became the first in the nation to cast ballots in a statewide election on computers that printed paper records of electronic ballots...",Failed to initialize,3,,False,1001
"Public warning over letter bombs The discovery of 10 letter bombs has prompted a police warning to the public to exercise caution. Bedfordshire Police said none of the improvised devices - containing lighter fluid - had ignited, despite the fact that some had been opened.","cosmos discourage over letter of the alphabet bomb calorimeter The discovery of X alphabetic character bomb calorimeter calorimeter use up relocation antiophthalmic factor law warning to the humans to physical confinement caution. Bedfordshire law allege none of the extempore gismo - image airheaded fluid - arouse ignited, scorn the fact that some had been opened.",0,3,True,395
Athletics: Dominant Phillips takes long jump gold ATHENS - Dwight Phillips of the United States completed a hat-trick of global long jump titles when he crushed the field with his opening leap in Thursday #39;s final to win Olympic gold.,Failed to initialize,1,,False,1001
"UN aid plane shot at in Ivory Coast Abidjan - A United Nations World Food Programme (WFP) plane was met with gunfire and threats when it arrived in Man, western Ivory Coast, the UN said in a statement on Saturday.","UN await along airplane tantrum at Indiana tusk seacoast Abidjan - ampere link upward domain of a occasion orbit rational preserve computer syllabus (WFP) flat make upwards up skirmish with gunfire and scare when entropy use science find Indianan United States Department of State indium Man, Equus caballus opera house house ivory Coast, the UN enjoin Indiana a assertion on Saturday.",0,3,True,450
"Vampire: The Masquerade - Bloodlines Review November 17, 2004 - Most of us who #39;ve been gamers for a while are familiar with the history behind Troika, which was formed from key members of the Black Isle group that made the Fallout, among other talented individuals.",Failed to initialize,3,,False,1001
"Israel Destroys Refugee Homes, Kills One GAZA CITY, Gaza Strip - A day after a mortar round killed an Israeli-American woman in a nearby settlement, the Israeli army charged into a Palestinian refugee camp Saturday, killing one person and tearing down 35 homes, witnesses and a U.N. aid official said...",Failed to initialize,0,,False,1001
PeopleSoft revises third-quarter profit Oracle target adds \$2.6 million to bottom line after tax adjustment related to ex-CEO's severance package.,PeopleSoft revisal third-quarter bend angstrom building block profit seer aim land canal \$2.6 trillion to bottom gunstock after on chore accommodation fall to to ex-CEO's falling out package.,3,2,True,558
"SCHOOL #39;S OUT FOR STERNE A first win on the European Tour - any tour, in fact - is a notable feat in any golfer #39;s career. But the one by South African Richard Sterne in the Madrid Open yesterday deserves special mention.","train #39;S tabu FOR Laurence Laurence Sterne ampere first of all rescue the goodness along the European hitch - any tour, inward fact - last a remarkable press nuclear designation issue Land of Lincoln whatsoever linksman #39;s career. only the unity aside south African Richard Laurence Sterne march the Spanish people people Das Kapital overt yesterday deserve special mention.",1,0,True,373
"Streaking Astros Clock Reds 11-5 (AP) AP - Astros pitcher Brandon Backe hit his first career homer, a two-run shot, and allowed one run in seven innings to keep Houston in the thick of the NL wild-card chase with an 11-5 rout of the Cincinnati Reds on Monday.",Failed to initialize,1,,False,1001
"Kerry assails Bush troop withdrawal plan (AFP) AFP - Democratic White House hopeful Senator John Kerry warned that President George W. Bush's plan to withdraw 70,000 troops from Europe and Asia would hinder the war on terrorism and embolden North Korea.",Failed to initialize,0,,False,1001
"TSA Deal Overpaid Boeing, Report Says Boeing Co. received at least \$49 million in excessive profits on a \$1.2 billion contract to supply explosives-detection systems to hundreds of the nation #39;s airports, the Department of Homeland ",Failed to initialize,2,,False,1001
"Shares Gain While Oil Holds Near \$50  LONDON (Reuters) - European stock markets rose and absorbed  three separate share placings on Wednesday, boosted by Wall  Street's strong finish while oil prices held close to \$50 a  barrel ahead of U.S. oil inventory data.",Failed to initialize,2,,False,1001
"Red Hat replaces CFO Red Hat on Thursday named Charles Peters Jr. as executive vice president and chief financial officer. Peters replaces Kevin Thompson, who unexpectedly announced his resignation in June, a few days before the ",N/A,Business,Sci/Tech,Skipped,0
"Jobless Claims Rise Unexpectedly  WASHINGTON (Reuters) - The number of Americans filing  initial claims for jobless pay grew unexpectedly last week to  357,000, Labor Department data showed on Thursday, but an  official said an increase in the week after a public holiday  was typical.","tabu of process entitle extend upwards by encounter Booker Taliaferro WA (Reuters) - The cite call up gear up total of American linguistic communication linguistic outgrowth nomenclature file initial secret route for wild wage tie astir digression perfunctory pole stage calendar calendar week to 357,000, grok prick datum taper demo on Thursday, merely an official sound out an improver atomic number 49 the calendar hebdomad later on a public vacation was typical.",2,3,True,533
"Ballmer strikes big rivals from Microsoft shopping list LISBON - Customers watching for Microsoft Corp. to make a headline-grabbing buy in the business applications market faced disappointment Tuesday as company Chief Executive Officer Steven Ballmer ruled out acquisitions of PeopleSoft Inc., Oracle Corp. and SAP AG.","Ballmer strikes big rivals from Microsoft rake heel Lisboa - Customers grab for Microsoft Corp. to Lashkar-e-Tayyiba a headline-grabbing buy in the business dominion torso industriousness securities manipulate astir front disappointment Tuesday international ampere hold indorse gild foreman executive picture palace dramatics film director officer Steven Ballmer rein forbid skill of PeopleSoft Inc., seer Corp. and run down AG.",3,2,True,435
Auto Parts Sector Falls on Delphi News Investors sold off shares of auto parts makers Friday after Delphi Corp. issued a profit warning and said it would cut nearly 5 percent of its work force next year.,railcar Parts ethereal empyrean waterfall on Delphi intelligence investor denounce delete part of political unproblematic machine mapping cleric Friday after Delphi Corp. release type deoxyadenosine monophosphate modus operandi axerophthol net warn and plane section of set up onwards datum engine room would curve most 5 pct of IT assemble of work power succeeding year.,2,3,True,412
Cisco joins WiMax Forum The networking giant formally signs on to the wireless broadband group as the organization's ranks increase.,Failed to initialize,3,,False,1001
"Hasbro's No Conehead Its Saturday Night Live version of ""Trivial Pursuit"" is good strategy for staying ahead of age compression.",N/A,Business,Sci/Tech,Skipped,0
"Intel dauphin Otellini becomes king Intel #39;s board has given the go ahead for the long anticipated shift in power from current CEO Craig Barrett to current President Paul Otellini Come May 18, Otellini will take over the chipmaker and become its fifth ever CEO.","Intel dauphin Otellini befit advocate Intel #39;s board al-Qur'an detainment the go promote for the dogged trace to transubstantiation inch tycoon from unravel postage go ship's ship's ship's officer Craig Barrett to corrode United States President of the unify dead body smooth Alice Apostelic male parent of the Gentiles Otellini consequence by English people people haw 18, Otellini testament gear complete the chipmaker and suit its fifth ever CEO.",2,3,True,382
Top exec shares business lessons Jeff Raikes was working at Apple Computer in the early 1980s when a guy named Steve Ballmer called and asked him to interview for a product-management job at a small software outfit in the Seattle area.,Top Duke of House of Windsor Little Giant Edward White untried house divvy upward business sector moral Jeff Raikes monetary economic esteem syndicate atomic number 85 Malus pumila figurer Indianan commonwealth the erstwhile on mid-eighties when chemical substance chemical group angstrom unit building block heel supply Steve Ballmer call option in and involve him to inquiry for angstrom unit product-management business organization at deoxyadenosine monophosphate short computer software organization kit out in the Seattle area.,3,2,True,422
India's Tata expands regional footprint via NatSteel buyout (AFP) AFP - India's Tata Iron and Steel Company Ltd. took a strategic step to expand its Asian footprint with the announcement it will buy the Asia-Pacific steel operations of Singapore's NatSteel Ltd.,India's Tata expands regional footmark via NatSteel buyout (AFP) alpha fetoprotein - India's Tata Fe and leafage blade society circumscribe companionship direct ampere strategical footmark to expand entropy direct Asiatic footmark with the Annunciation Day entropy engineering testament purchase the Asia-Pacific summersault leaf blade cognitive performance of Singapore's NatSteel limited company,0,3,True,290
"Ken Caminiti, 1996 NL MVP, Dies at Age 41 NEW YORK - Ken Caminiti, the 1996 National League MVP who later admitted using steroids during his major league career, died Sunday. He was 41...","Ken Caminiti, 1996 NL MVP, right away requital Indianan put forward of matter one's American Bison bison cow dung atomic total 85 former mature forty-one Brigham Young rest home of home of home of York - ken Caminiti, the 1996 home conference nigh valuable role player who previous conduct victimization steroid hormone during his John Roy Major conference career, snuff it Sunday. He comprise 41...",0,1,True,301
"The Next Shock: Not Oil, but Debt The American economic ship, which has weathered the recent run-up in crude oil prices, may be more vulnerable to sudden surges in the price of money.",Failed to initialize,2,,False,1001
"Cocoa prices down but Ivorian exports still blocked World cocoa prices were down on Tuesday but off the day #39;s lows as exports remained on hold after mob violence and military clashes in Ivory Coast, the key global supplier, traders said.",N/A,World,Business,Skipped,0
"Bellhorn Makes Big Noise for Red Sox  BOSTON (Reuters) - With a power-packed lineup that features  sluggers like Manny Ramirez and David Ortiz, it was Mark  Bellhorn who was the unlikely hero of Game One of the 100th  World Series with a two-run homer for the Boston Red Sox  Saturday.",Failed to initialize,1,,False,1001
"Sugar Shane Not so Sweet (November 21, 2004). Ronald Winky Wright successfully defended his 154 lb. title for the sixth time in the highly anticipated rematch with the formerly sweet Sugar Shane Mosley ",Failed to initialize,1,,False,1001
"Egypt steps back on Gaza plan over Israeli attacks Egypt took a step back from plans to help the Palestinians prepare for an Israeli withdrawal from Gaza on Wednesday, saying it could not play its role in full as long as Israeli attacks on Palestinians continue.",Failed to initialize,0,,False,1001
"One held in Jakarta embassy blast probe Indonesian police said on Friday they had made their first arrest directly linked to last week #39;s deadly embassy bombing in Jakarta, detaining a man who delivered explosives to those blamed for the attack.","One held in Jakarta embassy bam pigeon Chuck Berry into Indonesian Dutch Orient Indies Dutch Orient Indies lifelike law of nature strong point go knocked out on Friday they play made their kickoff finish correctly aside colligate to stopping wide of the mark send hebdomad #39;s devilish embassy born spring in Jakarta, quell antiophthalmic factor out cosmos who pitch volatile to those blamed for the attack.",0,1,True,949
"Security Beyond Antivirus Programs Comprehensive security programs that include firewall software, spyware defenses and diagnostic and repair tools are necessay to keep a PC in good health these days. &lt;FONT face=""verdana,MS Sans Serif,arial,helvetica"" size=""-2"" color=""#666666""&gt;&lt;B&gt;-The Washington Post&lt;/B&gt;&lt;/FONT&gt;",Failed to initialize,3,,False,1001
"Putin praises Ukraine #39;s leader Russian President Vladimir Putin has taken part in a live phone-in on Ukrainian TV, just days before the country #39;s presidential election.",Failed to initialize,0,,False,1001
"Myskina, Kuznetsov to Play in Fed Cup (AP) AP - Anastasia Myskina and Svetlana Kuznetsova will lead Russia's Fed Cup team when it plays Austria in this month's semifinals. Defending champion France will feature Amelie Mauresmo and Mary Pierce in the other semifinal against Spain, which has won this event five times.",Failed to initialize,1,,False,1001
"Oil price rise adds to airlines woes as losses continue The global airline industry is forecast to have made net losses of \$4.8bn this year, as the rise in the oil price has overwhelmed efforts by carriers to cut costs.","Oil price mount sum up up better to skyway woefulness antiophthalmic factor pass tour on The orbicular flying itinerary industriousness live foretell to snag propose Earth panoptic humanity spacious Web pass of \$4.8bn this year, outside ampere the beget astir In the fossil rock candy fossil oil cost consume drown cause by bearer to trim back costs.",2,3,True,474
"Yanks shock Twins, earn date with Sox: Another late rally erases 4 &lt;b&gt;...&lt;/b&gt; Just when you think you #39;ve seen it all, the Yankees devise a new way to win a game and torture their opponents. Last night, they somehow landed a spot in the American League ","Northerner electrical seismic disturbance Twins, recognise smell with Sox: nearly other Holocene summon up rub remove four &lt;b&gt;...&lt;/b&gt; along the release when you think you #39;ve plow entropy direct science all, the Northerner police chief James Cook adenine clean cubital reefer human elbow elbow room to rescue the good A adventure and deformation their opponents. meshing night, they in some way bring push down type A recognise in the American language conference",1,3,True,542
"United #39;s pension dilemma United Airlines says it likely will end funding for employee pension plans, a move that would be the largest ever default by a US company and could lead to a taxpayer-funded bailout rivaling the savings-and-loan fiasco of the 1980s.",Failed to initialize,2,,False,1001
"Barrichello Wins Chinese Grand Prix SHANGHAI, China - Rubens Barrichello won the inaugural Chinese Grand Prix on Sunday, taking advantage of Formula One champion Michael Schumacher #39;s disastrous weekend and outlasting runner-up Jenson Button by just over a second.",Failed to initialize,1,,False,1001
"Microsoft Browser Market Share Slips Slightly Microsoft Corp. #39;s (MSFT.O: Quote, Profile, Research) share of the browser market slipped slightly in recent months but still dominated with 92.","Microsoft Browser securities industry fortune verboten slipperiness moderately Microsoft Corp. #39;s (MSFT.O: Quote, Profile, Research) percent of the browser securities industry slipped slenderly Indiana former calendar calendar month upright piano calm reign with 92.",3,2,True,1124
UN 'must ignore cloning ban call' The UK's Royal Society urges the UN to ignore a call by President Bush to ban all forms of human cloning.,Failed to initialize,3,,False,1001
"Rivals Try to Turn Tables on Charles Schwab By MICHAEL LIEDTKE     SAN FRANCISCO (AP) -- With its low prices and iconoclastic attitude, discount stock broker Charles Schwab Corp. (SCH) represented an annoying stone in Wall Street's wing-tipped shoes for decades...",N/A,Sci/Tech,Business,Skipped,0
"UPDATE 1-UPS buys CNF #39;s Menlo Worldwide United Parcel Service Inc. (UPS.N: Quote, Profile, Research) agreed to buy Menlo Worldwide Forwarding, a unit of CNF Inc. (CNF.N: Quote, Profile, Research) , for \$150 million in ",Failed to initialize,2,,False,1001
Atlanta police arrest Braves player on DUI charge ATLANTA - An Atlanta Braves player is in the Atlanta Jail today after being arrested on a charge of driving under the influence. Members of the DUI Task Force arrested shortstop Rafael Furcal about 4:20 am ,infringe of majuscule of Sakartvelo police personnel office stay atmospherical precondition musician along twosome ailment fight of upper-case letter of the alphabet of Sakartvelo - companion nuclear issue forty-nine titty eating capital letter of let the cat out of the bag tell weather proscribe player exist Hoosier State the dispute of large of Sakartvelo human body exterior now later organism cop along antiophthalmic factor commove of depend on nether the influence. companion penis of the DUI project effect turn back short Rafael Furcal about 4:20 am,1,3,True,522
"Hewlett-Packard buys Synstar Palo Alto-based Hewlett-Packard Co. has bought IT services company Synstar plc, of Bracknell, England for about \$293.3 million. Synstar has some 1,500 customers across Europe, selling IT support for various computer platforms.",N/A,Business,Sci/Tech,Skipped,0
"N.Korea called worst for press freedom Media watchdog Reporters Without Borders has labeled North Korea and Cuba the worst countries in terms of press freedom, with Denmark being the best.","N.Korea Phthirus pubis swob improving for insisting exemption intermediate guard dog reporter Without ring hr angle track bit Earl of Guilford Korea and Republic of Republic of Cuba the sorry rural field Indiana wide-cut terminal figure of weightlifting freedom, with Danmark being the best.",0,1,True,461
"Headshake to the SETI Headfake Did the famous screensaver, SETIhome, uncover the first strong evidence for an extraterrestrial signal? The SETI Institute's Seth Shostak discusses how hyperbole can misrepresent the last addition to a list of stellar candidates.","headshake to the SETI Headfake Did the storied screensaver, SETIhome, uncover the kickoff soaked wear go out for an strange signal? The SETI Institute's prepare Shostak haschisch knocked prohibited how overstatement bring astir final represent fudge the furthest improver to angstrom unit pitch of astral candidates.",3,1,True,718
"UnitedHealthcare pays \$3.5M to settle Medicare fraud claim UnitedHealthcare Insurance Co., a branch of UnitedHealth Group, will pay \$3.5 million to settle charges that it defrauded the Medicare program, the US Department of Justice announced Monday.",Failed to initialize,2,,False,1001
Loeb extends lead over Solberg CARDIFF -- Championship leader Sebastien Loeb took two stage wins to boost his lead over Norwegian Petter Solberg as the Rally of Britain entered its second leg on Saturday.,Loeb broaden principal sum concluded Solberg CARDIFF -- stake exit expiration leader Sebastien Jacques Loeb cook II stagecoach salve the goods to advance his guide concluded Norwegian fondler Solberg adenine the tantalize of connect Kingdom enroll its minute peg on Saturday.,1,2,True,380
Level 3 Acquires Sprint #39;s Wholesale Dial-Up Internet Business Level 3 today announced that it has purchased Sprint #39;s wholesale dial-up Internet access business for \$34 million in cash. Sprint is one of the largest providers of wholesale dial-up service to ISPs in North America.,Level 3 Acquires Sprint #39;s Wholesale Dial-Up Internet Business disassemble 3 today announced that it sport article purchase hyphen #39;s crossbeam dial-up cyberspace accession swap inch for \$34 gazillion atomic list il cash. scare by live ace of the tumid supplier of in great amount dial-up avail to ISPs indium coupling America.,2,3,True,340
"Michigan Gets Rose Bowl Berth Despite Loss to Ohio St.  COLUMBUS, Ohio (Sports Network) - Troy Smith threw for 241  yards and two touchdowns and ran for 145 yards and a score to  lead the Ohio State Buckeyes to a 37-21 victory over No. 7  Michigan in the final game of the regular season for both  teams.",Failed to initialize,1,,False,1001
"Dodgers Nip Giants 3-2 in Crucial Series SAN FRANCISCO - Shawn Green can sit out Saturday knowing he was a huge help to the Dodgers during their crucial series against San Francisco. Green hit a two-run homer in Los Angeles' 3-2 victory over the Giants on Friday night, a day before the first baseman will miss a game to observe the Jewish holiday Yom Kippur...",Failed to initialize,0,,False,1001
CHUCK JAFFE BOSTON (CBS.MW) -- A lot of people got excited when Fidelity Investments announced recently that it was cutting fees on five index mutual funds.,Failed to initialize,2,,False,1001
"Moose bullish about chances This is Mike Mussina #39;s fourth postseason here, so he knows the drill. He understands that all of his bad memories of his disappointing season -- the Japan trip, his early-season struggles and ",Failed to initialize,1,,False,1001
A PC in the toaster? How mod! photos There's also room in the humidor and the Darth Vader helmet. Take a gander at some strange and wonderful creations.,Failed to initialize,3,,False,1001
"Hyundai signs deal for China truck plant Hyundai Motor Co. said yesterday that it has signed an agreement with a Chinese company, Jianghuai Automobile Corp., to build a commercial vehicle and engine plant in China #39;s Anhui province.",N/A,Sci/Tech,Business,Skipped,0
"Ex-Philly Eagles Coach Nick Skorich Dies (AP) AP - Nick Skorich, head coach of the Philadelphia Eagles from 1961-63 and the offensive line coach on the 1960 championship team, has died at the age of 83.","Ex-Philly hoot of Jupiter passenger vehicle thrust Skorich drop down groundless (AP) AP - chip Skorich, communication channel of longitude sustain through and through passenger car of the metropolis of brotherly bear gender shuttlecock of Jupiter from 1961-63 and the unsavory stemma double-decker on the 1960 funding team, experience cash in one's chips at the age of 83.",1,3,True,986
Roundup: Pleasantly Perfect takes Pacific Classic Favored Pleasantly Perfect took charge down the stretch to win by a length in the 14th running of the \$1 million Pacific Classic yesterday at Del Mar. Pleasantly ,Roundup: Pleasantly Perfect use up peaceful sea Graeco-Roman opt pleasantly consummate strain study tutorship downcast the debased to evolve by A space atomic number il the 14th fly the coop of the \$1 one million million million passive ocean Graeco-Roman yesterday atomic number 85 Del Mar. agreeably,1,3,True,347
"Update 1: UAL Posts \$274M Loss, Capping Bad Quarter Record fuel costs and low air fares contributed to a \$274 million third-quarter loss for United Airlines #39; parent company, which warned again that labor costs must be slashed again soon in order for it to emerge from bankruptcy.","Update 1: UAL Wiley transport godlike table service \$274M Loss, pileus good-for-nothing one-quarter criminalise record player disk blast live and pocket-size child's swordplay contribute Forth River along open atmosphere to adenine \$274 peerless 1000 kelvin third-quarter play extinct for amalgamate tune theodolite #39; contribute astir company, which admonish erstwhile once again that restriction live moldiness exist suds formerly over again curtly inch rescript for it to egress from bankruptcy.",2,3,True,532
"Bush won #39;t take Iran #39;s word for it CRAWFORD, Texas As President Bush sees it,  quot;the only good deal is one that #39;s verifiable. quot;. He #39;s applauding the efforts of some European countries to get Iran to honor its commitment to refrain from developing nuclear weapons.","Vannevar bush acquire #39;t eat along Persia #39;s ledger for selective entropy applied science CRAWFORD, Lone-Star land atomic phone number 33 link body bland prexy of the colligate Department of land Saint George II Phoebe H.W. pubic hair attester it, quot;the hermit shape up big mint embody one that #39;s verifiable. quot;. helium #39;s plaudits the assay of roughly European rural area to generate Persia to bear away its committedness to chorus from explicate atomic weapons.",0,3,True,523
"Woods on Top at Rain-Soaked Dunlop Phoenix  MIYAZAKI, Japan (Reuters) - Tiger Woods fired a superb  five-under-par 65 in torrential rain to take a three-stoke lead  after the first round of the Dunlop Phoenix tournament  Thursday.","wood instrument instrumentate melodious cat's-paw along passport atomic ADHD up 85 Rain-Soaked Dunlop genus genus genus Phoenix MIYAZAKI, Nipponese Archipelago (Reuters) - genus Panthera Tigris River Sir Henry Joseph Wood cat's-paw arouse character group A pictorial five-under-par 65 pillar inch torrential rainfall to orbit adenine three-stoke star later the first ane guess of the Dunlop capital of Arizona tourney Thursday.",1,3,True,1027
Sharon 'at risk of assassination' Israel's opposition leader warns that the prime minister risks being assassinated over his Gaza disengagement plan.,Failed to initialize,0,,False,1001
"President Susilo stresses fighting against graft, terror as &lt;b&gt;...&lt;/b&gt; In line with his pledge made during the election campaign, Indonesian new President Susilo Bambang Yudhoyono stressed the importance of fighting corruption and terror while ",Failed to initialize,0,,False,1001
"Arson attack on Jewish centre in Paris (AFP) AFP - A Jewish social centre in central Paris was destroyed by fire overnight in an anti-Semitic arson attack, city authorities said.","fire-raising glide dispose on Judaical meat Indiana genus genus Paris (AFP) alpha fetoprotein - A Judaical societal pore Indiana telephone exchange genus genus metropolis of Light Evergreen joined state of matter Department of State break down by elicit nightlong Robert Indiana an anti-Semitic incendiarism attack, city sureness said.",0,3,True,299
"Bekele, Isinbayeva top track athletes Names Ethiopian distance runner Kenenisa Bekele and Russian pole vaulter Yelena Isinbayeva were named male and female athletes of the year by the world track and field federation. Isinbayeva set eight world records in 2004, including one while winning the gold medal at the Olympics. Bekele won the 10,000 meters in Athens and finished second to Hicham El Guerrouj in ...","Bekele, Isinbayeva top tail jockstrap report betoken Ethiopian blank blank space solarize Myung synodic month curser Kenenisa Bekele and Russian pole magnetised magnetic pole magnetic pole pole jumper Yelena Isinbayeva posit about reveal apelike and female person someone jockstrap of the yr by the terra firma bestow and depicted object field of sketch federation. Isinbayeva avoid along eight-spot cognition land platter inward 2004, allow one and only dapple repulse breast feeding domicile the trade effective the nuclear count 79 typewriter typewriter ribbon atomic number eighty-five the Olympics. Bekele occur through the 10,000 m inward cap of Greece and end up arcsecond to Hicham El Guerrouj in ...",1,3,True,685
"James Lawton: In mourning for big fights of Las Vegas En route to Las Vegas for the world heavyweight title fight between Vitali Klitschko and Britain #39;s Danny Williams, there is, inevitably, an old stirring of that anticipation which is familiar to almost anyone who has attended a big fight.","bone Lawton: In lovelorn for big conserve of Pelican land Lope First State Vega En itinerary to atomic call up arrange estimate 57 canter Felix de Lope Felix de Vega Carpio Carpio for the man giant annotate chip between Vitali Klitschko and link up land #39;s Danny Williams, thither is, inevitably, an maturate telephone call belt down of that arithmetical imply which subsist companion to cheeseparing anyone human beings Health Organization consume mention deoxyadenosine monophosphate big fight.",1,3,True,408
"Microsoft: No extra licenses needed for multicore chips Customers that use the dual-core processors that Intel Corp. and Advanced Micro Devices Inc. (AMD) are expected to begin shipping next year will not need to buy extra licenses for Microsoft Corp. software, the software maker will announce Tuesday.",Failed to initialize,3,,False,1001
NASA Cancels Hypersonic Flight NASA scrubbed its mission Monday to launch a pilotless plane that is capable of flying at 10 times the speed of sound. The launch of the X-43A was canceled due to technical problems.,Failed to initialize,3,,False,1001
"Consumer spending jumped in September WASHINGTON - Consumers, who substantially slowed down their spending in late summer, roared back to life in September, boosting their purchases by 0.6 percent.","Consumer outlay start coloured inch Sep WA - Consumers, who substantially decelerate kill their outperform atomic add up il latterly summer, howl game to lifespan inch September, advancement their purchase by 0.6 percent.",2,3,True,340
"Editorial: Sub incident shows China #39;s stripes After days of speculation and a chase by Japanese destroyers and a surveillance plane, it has finally been determined that the nuclear submarine that intruded into Japanese territorial water between Okinawa and Taiwan was Chinese.","Editorial: Sub incidental shows commonwealth of Cathay #39;s denudate subsequently tight solar solar 24 time of day flow of conjecture and axerophthol traverse by Nipponese uprooter and angstrom surveillance plane, selective selective information applied science allow astatine longsighted shoemaker's cobbler's finish name doctor that the atomic Hero of Alexandria sandwich that bust out into Nipponese territorial urinate between Okinawa and Formosa was Chinese.",0,3,True,400
"Thrashers Owner Fined The NHL fined one of the owners of the Thrashers \$250,000 on Tuesday for saying the league would use replacement players next year if a new collective bargaining agreement isn't reached.",Failed to initialize,1,,False,1001
"Different Shea provides late-game heroics for Hanover Hanover boys' soccer coach Jim Sylvia is beginning to see a pattern in his team's play. Luckily, it's not the kind of trend to complain about.",Failed to initialize,1,,False,1001
China rebuffs Powell over Taiwan recommendation China has rebuffed suggestions by US Secretary of State Colin Powell that it consider accepting the Taiwanese President #39;s offer of talks to reduce cross-strait tension.,Cathay force back Colin luther Cecil postmark Powell over chinaware good word chinaware undefended vent birth tug back endorse trace away atomic come 92 repository of physical anatomical bodily structure unstable Colin Cecil mouse click Colin Powell that it moot allow in the Taiwanese idiom President of the United States of the United States #39;s whirl of verbalize to reduce cross-strait tension.,0,3,True,430
Arsenal only manage draw LONDON - Arsenal manager Arsene Wenger has praised Thierry Henry #39;s speed of thought after the striker stroked home a quick free-kick that helped champions Arsenal to a 2-2 draw against Premiership leaders Chelsea at Highbury last night.,Failed to initialize,1,,False,1001
"New Sony PC Boasts 1,000 GB of Storage (AP) AP - Japan's Sony Corp. will begin selling a computer and home-server system in Japan with 1,000 gigabytes of hard-drive storage  #151; enough to record six TV channels for a week straight  #151; the company said.",Failed to initialize,3,,False,1001
"Two Michigan State receivers arrested on bomb-making charges Two Michigan State football players have been charged with planting homemade bombs outside apartments. Terry Love and Irving Campbell, both 19-year-old redshirt freshmen wide receivers ","Two verbose metropolis realm visit organisation break along bomb-making manage 2 heavy Lakes DoS render football game gage lame game grapheme character musician backup live lode with embed homemade bomb calorimeter calorimeter remote control control apartments. terry cloth birth intercourse and John Irving Campbell, both 19-year-old redshirt fledgling across-the-board telephone receiver",1,3,True,650
"Rebound in US consumer spending US consumer spending rebounded in July, a sign the economy may be emerging from an early summer decline. Consumer spending rose 0.8 last month, boosted by car and retail sales.","backfire in US consumer utilize US consumer recommendation retract in July, a sanctify the write may be emerging from an early along summertime decline. Consumer outlay ski towage 0.8 exist along month, further by machine and retail sales.",2,3,True,694
"Dogs said to smell cancer signs  LONDON -- It has long been suspected that man's best friend has a special ability to sense when something is wrong with us. Now, the first experiment to verify that scientifically has demonstrated that dogs are able to smell cancer.",N/A,World,Sci/Tech,Skipped,0
Oil Falls to 4-Month Low on Signs of Heating-Oil Supply Rise Crude oil fell to the lowest in more than four months on speculation that warm weather and increased refinery production bolstered US heating-oil stockpiles last week.,Oil crepuscle to 4-Month small-scale on Signs of Heating-Oil ramify up Adam upwards unrefined vegetable oil coloring material in live external swallow smash consume to the first atomic speech sound come il Sir Dylan Marlais Lowell Thomas the disbelieving Apostelic Father to a large extent than quaternary calendar month on hypothesis that lovesome atmospherical shape and increase refinery product pad US heating-oil carry survive week.,2,3,True,773
Victory so sweet after Athens collapse BRITAIN #39;S world record holder Paula Radcliffe ran away with the closest women #39;s winning margin in the history of the New York City marathon yesterday.,wallow so sweet after Hellene capital washout prominent U.K. #39;S global show holder Paula Radcliffe mistake away out with the about pick cleaning lady #39;s order on gross profits earnings reception earnings inbound the report of the crude House of York City endurance contest yesterday.,1,2,True,364
"Wall St.'s Nest Egg - the Housing Sector  NEW YORK (Reuters) - If there were any doubts that we're  still living in the era of the stay-at-home economy, the rows  of empty seats at the Athens Olympics should help erase them.","fence St.'s draw conclusion ball - the hall field newly field of force of House of York (Reuters) - If on that point put forward any dubiety that we're tranquillize downhearted walk coiffe In the geologic earned run average of the stay-at-home economy, the run of avoid put up end astatine the Washington of Hellenic Republic Olympic Games should supporter erase them.",2,1,True,394
"Deutsche Bank to Sell Scudder Business to Legg Mason Deutsche Bank AG of Germany plans to sell its New York, Philadelphia, Cincinnati and Chicago offices of Scudder Private Investment Counsel to Legg Mason Inc. for \$55 million, plus payments of up to \$26 million, the company said Monday.",Failed to initialize,2,,False,1001
Van driven by Arsenal quest for glory There #39;s little danger of Robin Van Persie getting carried away with himself. After scoring a dramatic first Premiership goal with the injury-time equaliser against Southampton ,Failed to initialize,1,,False,1001
Oil Prices Sink to a Four-Month Low  LONDON (Reuters) - Oil prices sank to a four-month low  below \$41 for U.S. crude on Wednesday after leading OPEC  producer Saudi Arabia questioned the need for the cartel to  curb supplies.,Failed to initialize,2,,False,1001
"Symantec Said to Be in Talks for Veritas Symantec, which produces the Norton line of computer products, is in talks to acquire Veritas Software, a maker of data backup programs.",N/A,Business,Sci/Tech,Skipped,0
"Gold Fields loses high court bid to halt Harmony takeover South African mining giant Gold Fields lost a high court bid to halt a hostile takeover by rival Harmony Gold, which is seeking to create the world #39;s biggest gold producer, a court official said.","atomic bit ilxxx report orbit misfire in heights improving smell courtroom get up to gimpy concordance coup d'etat confederative State Department African archaeological site giant nuclear human activity seventy-nine field of fight nuclear figure 85 ocean deoxyadenosine monophosphate gamy solicit of law of nature of in the altogether law of nature bare-assed to hitch antiophthalmic factor in hostile putsch by compeer concordance Gold, which is attempt to create the earth #39;s adult aureate producer, a motor inn official said.",2,3,True,548
"Google Enhances Discussion Groups Google is improving on the discussions its popular Web site hosts, hoping the upgrades will spur more online banter and make its market-leading search engine a richer destination.","Google sharpen treatment aggroup Google is amend on the chaff its popular earnings office hosts, trust the ascension will spur Sir nonesuch Seth Thomas Sir Norman Mattoon Thomas Sir Norman Mattoon Thomas Thomas More on-line kid and ruffle IT market-leading inquiry railway locomotive angstrom unit richer destination.",3,2,True,1133
"The Handbag? Total Knockoff. The Price Tag? All Too Real. It is as much a rite of the New York holiday season as sidewalk Santas or crowded Fifth Avenue sidewalks: the proliferation of hawkers selling counterfeit products like the fake Fendi handbag, the replica Rolex watch and the pirated DVD.",N/A,Business,Sci/Tech,Skipped,0
"Bedding Blip? Go Back to Sleep This is getting old. Every time Hidden Gems selection Select Comfort (Nasdaq: SCSS) gets settled in and ready for a long night #39;s rest full of dreams of two-times-in-three-years capital gains, along ","have gender somatic Blip? travel secret program plop for to eonian sleep This represent resolution old. Every lop velum treasured rock extract lineament quilt (Nasdaq: SCSS) mother cesspit atomic itemize 49 and coordinate for deoxyadenosine monophosphate pine dingy #39;s repose to the full phase of the moon of dreaming of two-times-in-three-years majuscule gains, along",2,3,True,425
"Mars water tops science honours The discovery that salty, acidic water once flowed across the surface of Mars has topped a list of the 10 key scientific advances of 2004.",N/A,World,Sci/Tech,Skipped,0
"France, Ivory Coast relations worsen Nine French peacekeepers were killed during an air raid by Ivorian bombers more than a week ago. France responded by destroying most of the Ivorian air force.","France, Ivory glide versed coition worsen baseball punt cloistered order Daniel Chester French peacekeeper vital bourgeon polish tap during an separate forbidden maraud outside Ivorian torpedo sandwich Sir Seth Lowell Lowell Jackson Thomas Thomas Thomas More than angstrom unit unit week ago. Jacques Anatole Francois Thibault respond by destroy most of the Ivorian melodic phrase force.",0,1,True,327
"WordsWorth Books files Chapter 11 WordsWorth Books, a Harvard Square institution for 29 years, yesterday filed for bankruptcy protection, as its owners seek a buyer or investor to help the independent bookseller compete with giant rivals like Amazon.com.","WordsWorth playscript files Chapter 11 WordsWorth Books, a Harvard University substantial organisation for xxix years, yesterday file storage storage locker by for failure protection, every bit entropy engineering owner date for typewrite type A purchaser ravel room investor to protagonist the mercenary bookseller repugn with colossus rival like Amazon.com.",2,3,True,324
"Toys Will Be Toys Trust me, you don #39;t want to see desperate parents shopping over the holidays. I was at Circuit City (NYSE: CC) last week and saw a mother pleading with a sales clerk for a Nintendo DS portable video game system.",Failed to initialize,3,,False,1001
"Vodafone begins 3G service Vodafone launches its third-generation services for mobile phones, offering video calls, music downloads and games.",N/A,Business,Sci/Tech,Skipped,0
Klitschko too good for Williams Vitali Klitschko proved too strong for Danny Williams as he retained his world championship crown in Las Vegas last night. Williams vowed to continue boxing despite being outclassed by Klitschko.,Failed to initialize,1,,False,1001
"Georgia Evolution Dispute Embarrasses Some Atlanta, Nov. 11 - First, Georgia #39;s education chief tried to take the word  quot;evolution quot; out of the state #39;s science curriculum.","ravisher province ontogenesis fight stymie Sir Thomas More surgery less Atlanta, Nov. XI - First, GA #39;s instruction boss test to take in the reserve of award quot;evolution quot; away of the province #39;s skill curriculum.",3,1,True,314
"Earth's Solar System Shaped by Brush with Star, Astronomers Say (SPACE.com) SPACE.com - The outer reaches of our solar system may have been shaped long ago by a close encounter with another star that tore up both nascent planetary systems like colliding buzz saws, astronomers said today.",Failed to initialize,3,,False,1001
Oil Down 3 Pct. as U.S. Winter Stays Mild  NEW YORK (Reuters) - Oil prices slid 3 percent on Monday on  expectations that more mild U.S. weather at the start of the  New Year will limit heating oil demand.,Failed to initialize,2,,False,1001
"Dell AC Adaptors Recalled October 8, 2004 - Dell Inc. is recalling about 2.9 million AC adapters nationwide_ 4.4 million worldwide_ used with notebook personal computers because they can overheat and cause a fire and electrical shock ",Failed to initialize,3,,False,1001
"Bush takes a double-digit lead as Kerry campaign struggles to regroup (AFP) AFP - George W. Bush took a double-digit lead in what had been a neck-and-neck presidential election contest, prompting Democratic challenger John Kerry to refocus his campaign on bread-and-butter economic issues, where the Republican incumbent president is considered vulnerable.",Failed to initialize,0,,False,1001
Cardinals Outslug Astros to Take Opening Game  NEW YORK (Reuters) - Jim Edmonds hit a three-run double to  key a six-run sixth inning as the St Louis Cardinals beat the  Houston Astros 10-7 in the opening game of the National League  Championship Series at Busch Stadium on Wednesday.,Failed to initialize,1,,False,1001
"22 killed, 100 injured in Nagaland twin blasts : India News  gt; Guwahati, Oct 2 : At least 22 people, including women and children, were killed and over 100 injured when two simultaneous landmine blasts ripped through the busy railway station here and a crowded market place of this commercial town of ",Failed to initialize,0,,False,1001
"Lucent's history a case study in wild rides If you've ever wondered what ignited America's late-1990s obsession with telecom and tech stocks, you could well argue it all started with Lucent Technologies .","Lucent's chronicle a case ram in groundless mount If you've of totally 4th dimension marvel what return ardor America's late-1990s obsession with telecommunication and technological train stocks, you could strong cause entropy give science entirely embark on with luminous technology .",2,3,True,269
"Students crazy about iPod follow the music to Apple laptops (USATODAY.com) USATODAY.com - Apple's trendy iPod digital music player, which has revitalized the company, is giving laptop sales a boost during back-to-school season.",Failed to initialize,3,,False,1001
"Patriots have memory to feel sorry about Do not bring up last season. Patriots coach Bill Belichick despises talk of the past, except when it helps him prepare his team for the upcoming week.","patriot payload surface area calculation automobile datum C.P.U. storage to lively sorry just about follow non add up shoemaker's live season. flag-waving passenger vehicle orbitual Belichick pooh-pooh telling of the past, permit for come out of the closet when entropy put on science assistance him gear up his squad for the upcoming week.",1,3,True,423
Sri Lanka batsman fined as Pakistan tie series Sri Lanka #39;s Kumar Sangakkara has been fined 30 of his match fee for showing dissent during the fourth day of the second Test against Pakistan in Karachi.,Sri Lanka dinginess fined as Pakistan enamour hitch with serial Sri Lanka #39;s Kumar Sangakkara deliver laissez passer piss astir pentad thirty of his concur tramp for delegate upwardly dissent during the 25 percent solar ii dozen 60 minutes of the atomic number 42 test against Muslim Republic of Pakistan in Karachi.,1,0,True,307
"General Mills converting all US cereals to whole grain GOLDEN VALLEY, Minn. -- Breakfast cereal maker General Mills is converting all of its cereals to whole grain. The company says it becomes the first leading food company to make the move involving cereals.","General Mills convince all US measured mapping texture to tout tout tout ensemble caryopsis roar VALLEY, Minn. -- Breakfast self-coloured solid food solid food food grain Divine full-of-the-moon general manufactory approximately rough subsist win over completely of entropy applied science solid food for believe food texture to along the whole grain. The colleague traveller memorialize entropy applied science mystify the first conduct alimental companionship to adopt deoxyadenosine monophosphate crap the movement involving cereals.",2,3,True,440
Butt waits on Uefa ruling Newcastle midfielder Nicky Butt is facing up to the possibility of a European three-match ban. The 29-year-old was sent off during Newcastle #39;s 2-0 Uefa Cup win against Hapoel Bnei Sakhnin for grabbing Abas Suan by the throat.,Failed to initialize,1,,False,1001
"Taking Advantage of the Terminally Stupid Would you pay \$4 for something that, at best, is worth a dime? Concord Communications shareholders would.","party favour reinforcement of the Terminally Stupid Would you pay arrive disembarrass of \$4 for something that, atomic hyperkinetic syndrome improving lxxxv best, live deserving axerophthol dime? harmonize communicating hypothesis stockholder would.",2,3,True,161
West Japan on Guard for Aftershocks After Quakes  TOKYO (Reuters) - Residents of western Japan were warned of  possible aftershocks on Monday after two strong earthquakes the  previous day but authorities said the tremors were not directly  linked to a cycle of major seismic activity that hits the  region every century or so.,benzoin Rebecca gum benjamin Dame Rebecca West Nippon along support for aftershock after temblor Yedo (Reuters) - nonmigratory of W Japan exist charge of electrical potential aftershocks along Monday recent along II unassailable temblor the Holocene date of reference Clarence Alan Alan Shepard mean solar solar solar day unripened alone office intelligent come criticise extinct the earth earth tremor journey on non straight turn linkup to group A wheel around of St. John the Apostle John Major seismic body unconscious process that pip the area every 100 or so.,0,3,True,587
Bush Blames Poorly Made Shirt for Bulge (AP) AP - President Bush sees the value  #151; and the humor  #151; in the idea that aides could secretly feed him advice through a radio receiver hidden on his back.,pubic hair's-breadth geologic geological geological fault peaked manufacturing Shirt for gibbosity (AP) AP - chair George I pubic hair visualize the lever #151; and the sensorial genial module of strong-arm social system liquified #151; Indianan submit section the musical theater theater of operations theatre of operations stanch turn that Hades could on the QT feed him advice through and through a encounter situated liquidator secret on his back.,0,3,True,351
Black Watch troops move into position The first units of a Black Watch battlegroup are due to arrive today in their new positions south of Baghdad as Tony Blair indicated that more British troops may replace them in the American-controlled zone before the end of the year.,tip lightlessness observatory mosey resettlement into spatial sex represent The offset unharmed of measurement of vitamin A ignominious name battlegroup live imputable to take forth Indianan state of matter comparable a blastoff Robert Indiana their Modern pose Dixie of Bagdad atomic fall 33 Tony Susan Brownell Antonius Charles River Nina from Carolina Lynton Antony Charles Lynton Blair indicated that more than British citizenry sentinel mathematical group English hawthorn supercede them in the American-controlled zone before the finish of the year.,0,3,True,647
Are Gunners in crisis? Gunners have won just one of their last six Prem- iership games and could go out of the Champions League if they fail to beat Rosenborg on Tuesday.,Are Gunners in crisis? political machine political machine machine gunner microchip edge nativity forking improve the commodity solely unitary of their destruction half 12 Prem- iership enigma architectural project and could X verboten of the hero group discussion if they open mode to work over Rosenborg on Tuesday.,1,3,True,306
BSkyB sees profits rise after strong subscriber growth (AFP) AFP - British satellite broadcaster BSkyB said profit rose by 16 percent in the first quarter as the group enjoyed strong subscriber growth in the run-up to the key Christmas trading period.,N/A,World,Sci/Tech,Skipped,0
Al Qaeda Urge Wide-Scale Muslim Resistance Al Qaeda #39;s No. 2 man Ayman Zawahiri called for an all-out armed resistance in the Muslim world against the West and Jews whom he described as crusaders.,Al base nick Wide-Scale Muslim electrical ohmic resistor Alabama River foundation #39;s no. enumerate dickens human subspecies Ayman Zawahiri squall taboo for an full-scale gird electrical ohmic resistor Robert Indiana the Muslim cosmos against the Rebecca western United States and Hebraic whom helium delineate as crusaders.,0,3,True,542
Final Round in Cable-ISP Fight The U.S. Supreme Court has agreed to hear whether cable operators must give access to their lines to third-party ISPs. Michael Grebb reports from Washington.,earnings Round in Cable-ISP equal low The US sovereign Margaret romance output fit to respect whether overseas telegram wheel horse bargainer mustiness shine Robert Indiana entryway to their stock to third-party ISPs. Michael Grebb reputation from Washington.,3,2,True,301
"For starters, Giants #39; Manning on mark Manning had a decent debut as a starter, but Delhomme overshadowed the No. 1 pick in the NFL Draft by throwing for a touchdown and running for another in the Carolina Panthers #39; 27-20 exhibition victory last night over ...",Failed to initialize,1,,False,1001
"PeopleSofts big bash See you next year in Las Vegas , proclaimed a marquee at the PeopleSoft user conference in San Francisco in late September. It was one of many not-so-subtle attempts by the company to reassure its customers ",N/A,Business,Sci/Tech,Skipped,0
EBay #39;s Buy Of Rent.com May Lack Strategic Sense Standard  amp; Poor #39;s Equity Research said the purchase of Rent.com by eBay (nasdaq: EBAY - news - people ) could be a bit of a miscalculation.,EBay #39;s soil one's medal Of Rent.com genus genus Crataegus oxycantha want strategic sensorial module standard amp; sorry #39;s beauteousness explore sound tabu the grime one's medal of Rent.com past tense eBay (nasdaq: EBAY - intelligence surgery - the great unwashed ) could atomic number 4 axerophthol morsel of a miscalculation.,2,3,True,1097
"Sharon to Hold Tense Meeting With Settlers JERUSALEM - After more than a year of avoiding Jewish settlers, Israeli Prime Minister Ariel Sharon has decided to directly confront his former supporters in a meeting about his contentious plan to withdraw from the Gaza Strip and part of the West Bank.    Sharon invited settler leaders to meet with him in Jerusalem on Sunday, just a week before he presents his ""disengagement"" plan to parliament...",Failed to initialize,0,,False,1001
"Black Market in British Treasure Sold on EBay (Reuters) Reuters - Pieces of Britain's past, including a\second-century silver ring and a 500-year-old Tudor trade\weight, are among artifacts being peddled daily on the Internet\to the alarm of experts at the British Museum.",N/A,World,Sci/Tech,Skipped,0
Flat-screen TV prices are falling for holidays But trend provokes industry unrest; panel makers call for drop in retail markups to move units. By Evan Ramstad and Gary McWilliams.,Flat-screen TV Leontyne weakened green groceries astir square off cut down for holidays just swerve stimulate industriousness unrest; get on Almighty gross net bid for air away Hoosier rhenium publica retail markup to actuate units. By Evan Ramstad and Gary McWilliams.,3,2,True,357
"House passes bill to criminalize spyware fraud The House Thursday passed a bill that would criminalize the use of spyware to commit fraud or other crimes, adding an additional two to five years to federal sentences.",Failed to initialize,3,,False,1001
"Dollar Stuck, CPI Offers Little Direction  TOKYO (Reuters) - The dollar moved in tight ranges on  Wednesday as most investors shrugged off lower-than-expected  U.S. inflation data and stuck to the view the U.S. Federal  Reserve would continue raising rates.","bead Sydenstricker Buck Stuck, lucky land of matter Personality armoury proffer thin out rede Yeddo (Reuters) - The buck orbitual cloak atomic recite il slopped heading along lap joint adenylic acerb draw near investor shrug slay lower-than-expected atomic contribute improving ninety-two ostentation entropy and stick to to the view the U.S. Federal soldier modesty would go on breeding rates.",2,3,True,870
"Chile's Lagos Receives Torture Commission Report &lt;p&gt;&lt;/p&gt;&lt;p&gt; By Ignacio Badal&lt;/p&gt;&lt;p&gt; SANTIAGO, Chile (Reuters) - Chilean President Ricardo Lagosreceived a chilling report on Wednesday from a governmentcommission that interviewed more than 30,000 victims tochronicle for the first time the systematic use of tortureduring Augusto Pinochet's 1973-1990 dictatorship.&lt;/p&gt;",Failed to initialize,0,,False,1001
Greenspan Worried Congress to Bar Options Expensing  WASHINGTON (Reuters) - Federal Reserve Chairman Alan  Greenspan on Friday said he was very worried Congress would try  to thwart efforts by the Financial Accounting Standards Board  to require expensing of stock options.,Greenspan invade fauna cognition to toast robotic ransack selection write mutilate WA (Reuters) - prey soldier indurate aside chairwoman of the United land of the unify DoS Alan Greenspan on Fri state nuclear figure deuce survive very have-to Energy with sexual relation would sampling distribution to cross thwart political campaign away the financial calculate instruction pecuniary measure gameboard to need expensing of neckcloth options.,2,3,True,455
"NHL Owner Is Criticized for Talking of Replacement Players The day before the regular season was supposed to open, the National Hockey League rebuked a team official yesterday for his comments about the league #39;s strategy in its labor lockout, its second in a decade.",Failed to initialize,1,,False,1001
"NASA Leader Cites Finances and Submits His Resignation Sean O #39;Keefe resigned as NASA administrator on Monday, saying he is leaving the position he has held for three years to pursue better economic opportunity for his family.","domicile Aeronautics and blank shell organisation draw and rear end rag reference investing trust and situation frontward His drop Sean group aggroup group O #39;Keefe waive pigeonholing A national Aeronautics and blank shell sanction conclusion God Almighty on Monday, tell He defend pull up stakes the stance helium give ingest got for three twelvemonth to follow up on better economical chance for his family.",3,2,True,462
"Bad Day for Drug Companies - and Patients  LONDON (Reuters) - Investors in pharmaceuticals were dealt  a triple whammy on Friday as Pfizer Inc, AstraZeneca Plc and  Eli Lilly and Co all shocked the market with bad news about key  products.",Failed to initialize,2,,False,1001
"Why Putin is backing Kyoto again Why did Russian President Vladimir Putin decide to ratify the Kyoto Protocol on climate change last week, only six months after his top adviser, Andrei Illarionov, called it a  quot;death treaty?","Why Vladimir Vladimir Vladimirovich Putin is financial defend Kyoto erst more than wherefore execute Russian chairman Vladimir Vladimir Putin limit to subscribe the Kyoto communications protocol on clime change net week, only six calendar month after his pinch adviser, Andrei Illarionov, promise it a quot;death treaty?",0,0,False,205
Longhorns face steeper competition against Razorbacks The University of Texas football team is coming off a 65-0 victory over the North Texas Eagles. Texas dominated every facet of the game against the Eagles.,Failed to initialize,1,,False,1001
"Zeman #39;s Lecce enjoy heady heights of Serie A When Lecce sold their prolific Uruguayan striker Ernesto Chevanton to French club Monaco in the close-season, many pundits added the southern club to the list of favourites for relegation.",Failed to initialize,1,,False,1001
An Afghan 'hanging chad' dispute An independent inquiry is helping to defuse a controversy over ink used in Saturday's election.,An Paxto 'hanging chad' dispute An independent query is helping to defuse a controversy over ink used in Saturday's election.,0,3,True,104
"Calif. Mental Health Services May Expand (AP) AP - As pressures increase on California's mental health system, its workers and advocates say they are forced to do more with a supply of money that seems to shrink each year.","Calif. Mental wellness modernise May balloon (AP) AP - As pressures increase on California's genial wellness system, its proletarian and counsellor range of mountains of mountains they ar surprise to Doctor of Osteopathy Dylan Robert Lowell Thomas Sir Abbott Lawrence Lowell St. Thomas Sir Saint Thomas Sir Thomas More with antiophthalmic gene provide of money that search to quail for each one year.",0,3,True,250
"Microsoft To OK One License for Multicore Chips Customers who use the dual-core processors that Intel and Advanced Micro Devices are expected to begin shipping next year will not need to buy extra licenses for Microsoft software, the software maker will announce next week.",Failed to initialize,3,,False,1001
"Jaguar Exit Throws F1 Deeper Into Turmoil  LONDON (Reuters) - Formula One, already struggling to shape  its future and put on a show, is staring into the abyss after  Ford's decision to pull out and sell its Jaguar team.",Failed to initialize,1,,False,1001
Kiwis trample USrookies LONDON -Nathan Astle #39;s 145 helped give New Zealand a record-setting 210-run victory over cricket rookie United States in the ICC Champions Trophy Pool A match at the Oval yesterday.,Failed to initialize,1,,False,1001
"Stability Control Systems Can Save Lives (AP) AP - Stability control systems could save up to 7,000 lives each year if they were standard equipment on all vehicles, according to a study by the insurance industry.",N/A,World,Sci/Tech,Skipped,0
"Two hurricanes = two deductibles Many homeowners in the Orlando area suffered a double blow when hurricanes Charley and Frances struck in quick succession. Now, they #39;re smarting from a financial one-two punch - two insurance deductibles.","Two hurricanes = two deductible Many homeowners in the Orlando bowl hurt a three-base striking blast when hurricane Charley and Jacques Anatole Francois Thibault smash inch nimble succession. Now, they #39;re hurt from a financial one-two slug - two insurance policy deductibles.",2,1,True,192
"Lawmakers give the space agency greater flexibility in its new &lt;b&gt;...&lt;/b&gt; After a year of wrangling over NASA #39;s \$16.2 billion budget, lawmakers have delivered in a big way, giving the space agency its full funding request and unprecedented spending flexibility.","lawmaker yield sour the exceed charge orotund flexibility inward its Hoosier province the wholly &lt;b&gt;...&lt;/b&gt; later on angstrom building block twelvemonth of lyric over midland Aeronautics and blank disposition #39;s \$16.2 jillion budget, lawmaker obtain yield inbound angstrom expectant way, kick inwards the right-down Fed substance IT wax second postulation and unprecedented expenditure flexibility.",3,2,True,443
NASA Space Station Status Report 10 December 2004 International Space Station crewmembers this week continued research and maintenance activities and prepared for arrival of the next Progress cargo craft.,Failed to initialize,3,,False,1001
"Chicken Genome Sheds New Light on Human DNA A new study states that 60 of the genes in chicken have close relations to human DNA. This may not comfort those who frequently eat the creature, but may ponder this the next time they order a batch of chicken wings.",Failed to initialize,3,,False,1001
No. 2 Wake Forest Rips George Washington (AP) AP - Chris Paul scored 25 points and six assists to lift Wake Forest past George Washington 97-76 in the Preseason NIT in the Demon Deacons' debut as the nation's second-ranked team.,Failed to initialize,1,,False,1001
Stocks Seen Flat as Earnings Pour In US stock futures pointed to a flat market open Thursday as a rush of quarterly earnings reports painted a mixed picture for corporate profits amid lingering worries over the high price of oil.,Failed to initialize,2,,False,1001
"Symonds century lifts Australia LONDON, England -- Andrew Symonds rode his luck to score the second one-day century of his career as Australia scored 269-6 from their 50 overs against Pakistan at Lord #39;s.","St. John the Evangelist Addington Symonds oneness blow lift land of democracy of Australia LONDON, England -- St. St. Andrew Saint John Addington Symonds hiss his doom to interior conquest the unsweet one-day C of his blackguard out as democracy of Australia make 269-6 from their 50 over against Islamic Republic of Pakistan at Lord #39;s.",1,0,True,452
"UCLA, Notre Dame Win Soccer Matchups (AP) AP - UCLA soccer coach Jillian Ellis was happy to beat her best friend, Princeton counterpart Julie Shackford. After all, a spot in the NCAA championship game was on the line.",Failed to initialize,1,,False,1001
"Tests Show James Died of Heart Attack LOS ANGELES - Toxicology and other tests determined that funk singer Rick James died last month from a heart attack due to an enlarged heart, with numerous drugs including methamphetamine and cocaine contributing factors, the county coroner announced Thursday.    The death was declared an accident, said coroner's spokesman David Campbell, who emphasized that none of the drugs were found to be at life-threatening levels...",Failed to initialize,0,,False,1001
"Thaksin in the Firing Line After Massacre BANGKOK/JEDDAH, 29 October 2004 - A bomb ripped through two bars in southern Thailand yesterday, killing two people and wounding about 20, in what could be the first reaction to the deaths of 78 Muslims in police custody this week.","Thaksin in the Firing crease improve After walloping BANGKOK/JEDDAH, xxix October 2004 - angstrom failing break open manage deuce take up to the woods Indiana souther Siam yesterday, low devil the nifty plebeian and hurt astir 20, Indiana what could personify the bulge out chemical substance centre reaction to the death of 78 Moslem in law hold this week.",0,1,True,1133
It #39;s About Time Sox Became The Champs  And Real Rivals Finally. the New York Yankees and the Boston Red Sox have a bona fide rivalry. Please don #39;t assume that this belongs on the sports pages.,Failed to initialize,1,,False,1001
"France surges into Fed Cup final Defending champion France surged into the Fed Cup final, completing a 5-0 sweep of Spain on Thursday behind singles victories by Nathalie Dechy and Tatiana Golovin.","Anatole Book of Daniel Chester Daniel Chester French Republic billow into flux order transfuse cyberspace fight stellar Jacques Anatole Francois Thibault falsify into the federal functionary genial reserve outline transfuse final, stoppage angstrom unit social whole 5-0 chimneysweep of land of land of Kingdom of Spain on thorium hindquarters 1 victory aside Nathalie Dechy and Tatiana Golovin.",1,3,True,309
"Safin tallest obstacle to host #39;s patriotic games hope AS tennis fans go, Houston #39;s Jim  #39;Mattress Mack #39; McIngvale is very rich, extremely forthright, exceedingly patriotic and unflinchingly Republican.","Safin improbable obstacle to horde #39;s truehearted impale corporate cartel vitamin A lawn lawn tennis winnowing go, Samuel Sam Houston #39;s Jim #39;Mattress mack #39; McIngvale monetary time value brisk rich, first-rate forthright, first-rate unfaltering and unflinchingly Republican.",1,2,True,262
"Video phones act as dating tools Plus: At 80, fractal discoverer Benoit Mandelbrot says he has much math work left to do. News.com Extra","telecast ring astir procedure American English Samoa tally peckerwood Plus: atomic turn lxxxv 80, fractal scout Benoit Benoit Mandelbrot regularise he stomach group A flock math plough lead to do. News.com spare",3,1,True,304
"Fannie Mae agrees to accounting changes Fannie Mae, facing questions about its accounting similar to those that shook up Freddie Mac last year, has agreed to changes that will bring it in compliance with accounting standards.","Fannie Mae agrees to accounting schema geological fault Fannie Mae, cladding read/write head word virtually IT method roleplay of result for Sami to those that escape from bettor Freddie mac live year, X through with with co-occur to electrical switch that testament add it atomic number 49 obligingness with calculate standards.",2,3,True,341
"Mobile phone  #39;deafness #39; risk p2pnet.net News:- Defects in Siemens 65 series mobile phones could cause deafness, says the company.  quot;In extreme cases, this volume could lead to hearing damage.",Failed to initialize,3,,False,1001
"Intel Delays Launch of Projection TV Chip In another product postponement, semiconductor giant Intel Corp. said it won't be offering a chip for projection TVs by the end of 2004 as it had announced earlier this year.",Failed to initialize,3,,False,1001
"Colts 49, Texans 14 INDIANAPOLIS Peyton Manning completed 18 of 27 passes for 320 yards and threw five touchdowns as the Indianapolis Colts beat the Houston Texans, 49-to-14.",Failed to initialize,1,,False,1001
"PeopleSoft gives in to Oracle, takes bid PeopleSoft Inc. capitulated to Oracle Corp., accepting a sweetened \$10.3 billion takeover offer to end an 18-month battle that pitted PeopleSoft against its investors and led to the ouster of its chief executive.","PeopleSoft gives in to Oracle, takes bid PeopleSoft Inc. capitulate to vaticinator Corp., accepting a cherubic \$10.3 billion takeover offer to end an 18-month battle that honeycombed PeopleSoft against its investor and introduce to the cartridge cartridge cartridge ejector of IT party boss executive.",2,3,True,168
"Secretary Rumsfeld Remarks En Route to El Salvador SEC. RUMSFELD: As you know, were going to be stopping in El Salvador and Nicaragua and Panama and Ecuador. The first stops will be visits to the places, particularly El Salvador and Nicaragua - countries ","fix Rumsfeld take take note En track to elevated Republic of EL commonwealth of EL Republic of El El Salvador SEC. RUMSFELD: American Western Samoa you know, were stop number to stage destination In rarefied commonwealth of El kick upstairs altitude Salvador and nation of commonwealth of Nicaragua and leghorn and Ecuador. The reckon ace wrick plunk for bequeath be gabfest to the places, specially El Republic of El Salvador and Nicaragua - state",0,1,True,411
Prosecutor Seeks 8-Year Jail Term for Italy's PM  MILAN (Reuters) - An Italian prosecutor asked a court on  Friday to sentence Silvio Berlusconi to eight years in jail for  bribing judges as the prime minister's four-year corruption  trial reached its closing stages.,Failed to initialize,0,,False,1001
Virus writers look for work THE WRITERS of the MyDoom viruses are encoding job applications into the latest variants of the bug. According to Sophos the plea for work was found when its boffins were stripping the code of the MyDoom-U and MyDoom-V variants.,Failed to initialize,3,,False,1001
"Zambrano Out Early; So Are Mets ENVER, Aug. 17 - Victor Zambrano came to the Mets with radical movement on his pitches, fixable flaws in his delivery and a curious sore spot lingering around his right elbow. ",Failed to initialize,1,,False,1001
Key Martha Witness Gets Wrist Slap (CBS/AP) A former brokerage assistant who helped Martha Stewart make her fateful stock trade and later emerged as a key government witness was spared both prison and probation Friday for accepting a payoff during the government #39;s investigation.,Aborigine Martha viewer subdue radiocarpal colligation deadbolt (CBS/AP) deoxyadenosine monophosphate old brokerage house house sign of the zodiac planetary house help who assistance Martha Dugald Dugald close up Frederic William Maitland James Maitland Stewart flip out soundbox of H2O her disastrous let a bun inch the oven mathematical product and tush issue adenylic sulfurous A unit of measurement primal authorities source make piss up break up with both prison house star sign house and probation Fri for go for a take during the political science #39;s investigation.,2,3,True,540
Australia turns down plea for more troops to protect UN staff in Iraq (AFP) AFP - Australia has turned down a diplomatic plea for a contribution to a military force to protect United Nations (UN) personnel in Iraq.,Failed to initialize,0,,False,1001
"Delay in Shuttle Flights The battering that the hurricanes of the last month has inflicted on NASA centers could strain an already tight schedule for resuming shuttle flights, but it is too early to tell how badly, experts said Thursday.",Failed to initialize,3,,False,1001
"Oracle #39;s sweet on PeopleSoft Oracle sweetened its hostile bid for rival business software maker PeopleSoft to \$9.2 billion, a 14 increase aimed at resolving the long-running takeover battle between the bitter foes.","seer #39;s sweet on PeopleSoft prophet sweetened its hostile bid for rival war machine see to it bundle packet system inscribed figure of speech Creator PeopleSoft to \$9.2 billion, axerophthol fourteen memory access scoot for nuclear itemise eighty-five slice extinct the long-running coup d'etat armed combat 'tween the piercingly foes.",2,3,True,281
"Jags Cut Compton, Maddox (AP) AP - Veteran offensive lineman Mike Compton and rookie defensive tackle Anthony Maddox were among the 12 players cut by the Jacksonville Jaguars on Sunday.",Failed to initialize,1,,False,1001
"Chirac #39;s tour of China magnifies partnership Dialogue between China and France, two countries which highly value cultural diversity and pluralism in international politics, is no doubt conducive to world peace.","Chirac #39;s tour of chinaware hyperbolize partnership Dialogue between chinaware and France, two countries which highly value gentile diversity and pluralism in international politics, is no doubt conducive to world peace.",0,3,True,447
"Northern Irish Protestant group pledges to end violence Northern Ireland #39;s main pro-British paramilitary group, The Ulster Defence Association (UDA), has pledged to end all violence and work towards complete disarmament.",Failed to initialize,0,,False,1001
Collaboration suite to help secure tonight's Bush-Kerry debate The U.S. Secret Service and a throng of police and emergency management officials in Missouri will for the first time use a customized Microsoft-based collaboration portal to share security information during tonight's presidential debate.,Failed to initialize,3,,False,1001
Update: PeopleSoft board won't negotiate Oracle takeover PeopleSoft executives said over the weekend that they won't discuss a sale to Oracle at a price of \$24 per share but would consider an offer at a higher price.,Failed to initialize,3,,False,1001
"Philippine Rebels Free Troops, Talks in Doubt  PRESENTACION, Philippines (Reuters) - Philippine communist  rebels freed Wednesday two soldiers they had held as ""prisoners  of war"" for more than five months, saying they wanted to  rebuild confidence in peace talks with the government.",Failed to initialize,0,,False,1001
"September Retail Sales Up by 1.5 Percent WASHINGTON - Shoppers got their buying groove back last month, propelling sales at the nation's retailers by a strong 1.5 percent. It was the best showing since March...","September Retail gross sales upshot type upwards by 1.5 fortune WA - shopper baffle their purchase crease back shoemaker's last month, right away sale concord set Indiana atomic number 85 the nation's retail merchandiser by A concentrated 1.5 percent. It Washington the expert usher since March...",0,2,True,350
"Parmalat Investors Flock to Court Seeking Damages (Update2) Hundreds of Italians who lost savings in the collapse of food company Parmalat Finanziaria SpA flocked to Milan #39;s courthouse, seeking to recover damages as part of the criminal investigation of Italy #39; biggest bankruptcy.",Failed to initialize,2,,False,1001
"Eight children stabbed to death as they sleep A man broke into a school dormitory and stabbed eight sleeping children to death before fleeing. The murders at the Ruzhou No2 Senior Middle School in Pingdingshan, in the central province of Henan, was the ","Eight youngster egg on to terminus as they sleep A human organism violate into a schoolhouse dorm fashion and knife Ashcan School nonoperational tyke to terminus Indiana the for the first time pose fleeing. The expedition atomic number 85 the Ruzhou No2 old midriff subdue Indianan posit Pingdingshan, atomic numerate 49 the alternate responsibility of Henan, WA the",0,3,True,433
"VARs: Stone #39;s Exit Won #39;t Slow Novell #39;s Linux Drive Solution providers last week said they do not expect the sudden departure of Novell vice chairman Chris Stone, who engineered the company #39;s aggressive Linux push, to slow its Linux initiative.",Failed to initialize,3,,False,1001
"North Korea Seen as Tying Nuclear Talks to US Election North Korea is waiting out the American presidential election in order to bargain with the winner over its nuclear weapons program, according to analysts here and a British diplomat who left Pyongyang today.","North Han-Gook gamble along amp splice atomic talk to U Election magnetized Isaac Newton Dae-Han-Min-Gook hot storage area back extinct the American language language linguistic communicating linguistic pass presidential election nuclear number 49 cloistral companionship to manage with the succeeder fire selective information utilise science atomic Sir Herbert Beerbohm Tree branch program, harmonize to analyst Hera and angstrom unit Brits diplomat who allow Pyongyang today.",0,3,True,713
"Panasonic, Toshiba delve into alternate energy A new home heating system from Panasonic is based on a hydrogen fuel cell; it both heats the house and produces hot water.","Panasonic, Toshiba delve into standby energy A wise lie down Hoosier province headliner star sign heating administration from Panasonic match national on aggroup angstrom unit William Henry terminate cell; information engineering both can up the business firm and farm hot water.",3,2,True,321
 #39;Hawks primed to finally surpass Rams Editor #39;s note: ESPN senior NFL writer John Clayton #39;s weekly  quot;First And 10 quot; column takes you around the league with a look at the best game of the week followed by primers for 10 other games.,Failed to initialize,1,,False,1001
Eurostocks Nudge Up on Ericsson  PARIS (Reuters) - European shares nosed up on Wednesday as  Ericsson gained on news it had won part of \$4-billion Cingular  deal and with Glaxo buoyed after Pfizer affirmed its outlook.,Eurostocks tramp along Up along Ericsson City of clean (Reuters) - European touch nuclear phone number forty-nine cornet Indiana upwards on Midweek atomic numeral xxxiii Ericsson beforehand along intelligence evidence entropy put on scientific discipline inhabit constitute for abode the bacon separate of \$4-billion Cingular mint and with Glaxo buoy after Pfizer support its outlook.,2,3,True,1023
"Virus-Free Macs  #147;The single most effective way to avoid viruses and spyware is to simply chuck Windows altogether and buy an Apple Macintosh, #148; writes Walt Mossberg in the Wall Street Journal.  #147;There has never been a successful virus written for Mac OS X, and there is almost no spyware that targets the Mac. Plus, the Mac is invulnerable to viruses and spyware written for Windows. Not only is it more secure, but the Mac operating system is more capable, more modern and more attractive than Windows XP, and just as stable. #148; Sep 17",Failed to initialize,3,,False,1001
"Siemens Says Cellphone Flaw May Hurt Users and Its Profit Siemens, the world #39;s fourth-largest maker of mobile phones, said Friday that a software flaw that can create a piercing ring in its newest phone models might hurt earnings in its handset division.",N/A,Business,Sci/Tech,Skipped,0
Silvestre #39;s double goals help Man. United beat Liverpool Silvestre became Man. United #39;s hero as he scored twice to lift a 2-1 victory over Liverpool for home side when all eyes were on Rio Ferdinand as he returned after an eight-match ban on Monday.,Failed to initialize,1,,False,1001
"Strong Earthquake Strikes Central Calif. PARKFIELD, Calif. - A strong earthquake struck Central California on Tuesday that was felt from San Francisco to the Los Angeles area...",Failed to initialize,0,,False,1001
Lehmann may have played last Test The 34-year-old tore his right hamstring on day one of the third Test against India at the VCA Ground just as he was presenting a very good case to be retained when captain Ricky Ponting returns from injury next week.,Lehmann may parturition act upon buy the farm quiz The 34-year-old buck his right hamstring heftiness on XXIV minute flow unitary of the tierce scrutiny against commonwealth of Republic of India at the VCA exertion hardly group A He Evergreen say accolade angstrom building block identical secure for you slip to equalise allow when law primary feather Ricky Ponting income tax return from combat injury following week.,1,2,True,1373
Russian space agency: Space station crew could be forced to return &lt;b&gt;...&lt;/b&gt; MOSCOW Space officials in Russia are joining American officials in talking about the potential consequences of the food shortage aboard the international space station.,Russian send agency: withdrawnness blot go political party could compeer strained to return &lt;b&gt;...&lt;/b&gt; capital of the Russian due south arrangement official nuclear numerate forty-nine Soviet unification alert unify American English order nuclear issue forty-nine telling near the potential drop import of the food famine aboard the international blank station.,3,0,True,420
"Update 8: Crude Oil Futures Sink to \$46 Per Barrel December delivery crude on the New York Mercantile Exchange dropped 76 cents to \$46.11 per barrel. The benchmark light, sweet crude remained about \$8 a barrel cheaper than its closing record of \$55.17 recorded Oct. 22 and Oct. 26.","Update 8: masterly petroleum colour colour afterlife die below to \$46 Per drum Dec personal way of plow vernacular on the Bodoni typeface planetal house of planetary planetary house of House of York soldier of fortune surrogate hurtle aside seventy-six centime to \$46.11 per barrel. The terrace German mark light, afters primitive person somebody residuum cheeseparing \$8 deoxyadenosine monophosphate particle accelerator drum loud than information technology culmination immortalize book of \$55.17 recorded Oct. 22 and Oct. 26.",2,3,True,1165
"Social Security Reform a Boon for Funds?  NEW YORK (Reuters) - The bonanza many believe President  Bush has handed the mutual fund industry with his plans to  reform Social Security may be a mirage, industry leaders said  on Friday.","societal Security Reform a boon for Funds? early day house of House of House of House of York (Reuters) - The bonanza many consider president holy individual Saint Saint George footer bush ain absorb armed forces world the reciprocal sweep consist in diligence with his programme to unwind criticise out sociable hostage English hawthorn glucinium ampere mirage, industriousness leaders pronounce on Friday.",2,0,True,431
"Nokia Adopts SD Card Tech into Storage Portfolio To expand the capabilities of SD memory cards in mobile devices, the SD Card Association has recently formed a Mobile Phone Task Force.",Failed to initialize,3,,False,1001
"Stellar Putting Gives Europe a 2 - 0 Ryder Cup Lead Inspired by a brilliant putting display, holders Europe secured the first two points in the opening fourball matches against the United States at the 35th Ryder Cup Friday.","starring dictated get Europe a 2 - 0 Ryder Cup run jeer by a brilliant come in display, holder European Economic Community procure the first-class honours degree II apprehend show atomic number 49 the opening fourball fit against the merge commonwealth at the 35th Ryder cupful Friday.",1,1,False,341
"Accused deserter surrenders in Japan An accused US Army deserter has surrendered at a US military base near Tokyo to face charges filed in 1965, the Kyodo news service reported.","exalt renegade pitchfork terminated Indiana Japanese Archipelago assort in wet-nurse bucket along uranium the land nexus improving land U. S. US Army lowlife terrier payload orbit passing terminated upwards at deoxyadenosine monophosphate merge country of the States fortify service of process groundwork close Tokyo to typeface institutionalize hunting lodge Hoosier State 1965, the Kyodo news help reported.",0,3,True,415
"SpaceShipOne Rolls Toward Victory MOJAVE, California -- A Southern California aerospace team took a big step toward capturing the \$10 million Ansari X Prize Wednesday, but not without surviving a scary moment when the pilot found himself in a rapid spin as he roared across the threshold ",Failed to initialize,3,,False,1001
"Sales aren #39;t making the grade Retailers in Michigan delighted when students returned to the classroom, but the back-to-school sales haven #39;t generated the kind of dollars many projected.",Failed to initialize,2,,False,1001
"News Corp plans for poison pill News Corp, the media group led by Rupert Murdoch, on Monday announced plans for a poison pill rights issue to prevent a hostile takeover by potential predators such as Liberty Media, one of the company #39;s largest shareholders.","News abdomen speculate for venomous meaning tablet intelligence activity cognitive operation Corp, the stack culture medium ultra scout by Prince Prince Prince Prince Rupert Murdoch, on Monday trumpeter propose for axerophthol envenom viva voce antifertility gismo tablet right wing wanton to have A incompatible putsch d'etat d'etat divagation electrical likely predatory animal such atomic number 33 indecorum Media, single of the companionship #39;s great shareholders.",2,3,True,477
"How Serious Is Pfizer #39;s Condition? The stock is feeling some pain these days. However, this drugmaker has enough going for it that the illness shouldn #39;t last. Amid nervousness over the future of Pfizer #39;s arthritis pain treatment Celebrex and ","How grave Is Pfizer #39;s Condition? The descent is sentience some pain atomic speech sound routine forty-nine the make out possibility possibility these days. However, this drugmaker have capture enough provide for entropy utilise scientific discipline that the unwellness shouldn #39;t last. Amid cheek reason out the future of Pfizer #39;s arthritis infliction discussion celecoxib and",2,3,True,582
"Smart phones to make up 16 of market LONDON-A new study shows that the market for smart phones will continue to increase during the next several years, with global shipments growing from 14.","wise annulus to pee-pee up 16 of market stock LONDON-A new follow portion that the grocery for pert call up pull upward stakes preserve to step-up during the position divagation position respective years, with spherical lading acquire from 14.",3,2,True,322
"Spike Lee Wins Cybersquatting Case Against Porn Site Movie director Spike Lee has won his\cybersquatting case against a Philippines-based operator who\misused the domain name to redirect surfers to a pornographic\Web Site, arbitrators ruled Friday.",Failed to initialize,3,,False,1001
"Australia to Relocate Embassy in Baghdad (AP) AP - The Australian embassy in Baghdad is to be moved into the strife-torn city's heavily fortified Green Zone, the government said Tuesday.",Failed to initialize,0,,False,1001
Tata CS celebrates profits uplift Indian software giant Tata CS unveils sharply higher profits in its first set of results since its stock market launch.,Tata CS stoppage profits uplift Native American linguistic process nomenclature packet boat package arrangement colossus Tata nuclear bit sextet unwrap penetrating high win nuclear add up astir il IT possibility specify of result since IT breed commercialize launch.,2,3,True,305
"Oracle Fails to Inspire Tech Rally Oracle Corp. handed the software industry some positive earnings news after the bell on Tuesday, but investors pulled cash from the sector on concerns that information technology spending has become anemic.","prophet disembowel tabu to revolutionise technological wander tame spate touch seer Corp. open airwave the computation auto packet industry approximately cocksure make intelligence later along the bell on Tuesday, simply investor paper for hard currency nuclear designation number il from the sphere on touch on that info engineering science pass has go anemic.",2,3,True,440
"ASEAN moves closer to single market with  #39;road map #39;, global trade &lt;b&gt;...&lt;/b&gt; JAKARTA : ASEAN finance ministers ended a meeting which saw Southeast Asia edge closer to a Europe-style single market, laying out a  quot;road map quot; for integration and opening doors to wider global trade.",N/A,World,Business,Skipped,0
"Musharraf Hopeful For Kashmir Solution ISLAMABAD, Pakistan : Nov 10 (SADA) - President General Pervez Musharraf Tuesday hoped that debate on options he spelt out recently on Kashmir issue would take Pakistan and India closer to find out the settlement of decades-old dispute.","Musharraf Hopeful For Cashmere Solution ISLAMABAD, Mae westerly joined United States Department of State West Pakistan : November tenner (SADA) - chairman universal Pervez Musharraf Tuesday vamoose that weigh along caliber helium genus Triticum aestivum spelta zippo recently on Cashmere repay would regaining Islamic Republic of West Pakistan and India cosy to check out the settlement of decades-old dispute.",0,2,True,330
"For Neglected Video, a Hollywood Touch A growing cottage industry is taking customers' raw home video and putting it on DVD, in some cases producing short movies with sophisticated cinematic effects and a musical soundtrack.",Failed to initialize,3,,False,1001
"Movies in a snap: Netflix and TiVo discuss downloads Bee Staff Writer. The high-tech ground is shifting underfoot again, amid rumblings of a new Silicon Valley alliance that would let owners of TiVo Inc.",N/A,Business,Sci/Tech,Skipped,0
"Convicted spammer gets nine years in slammer A brother and sister have been convicted of three felony charges of sending thousands of junk e-mails; one of them was sentenced to nine years in prison, the other was fined \$7,500.",Failed to initialize,3,,False,1001
Economy Grows at a 3.7 Percent Rate in 3Q The US economy grew at a 3.7 percent annual rate in the third quarter - a pace that was slightly better than in the spring but not as strong as many analysts expected.,thriftiness leaping up astatine A 3.7 pct glaring Indiana 3Q The atomic tot 92 relieve astir ricochet astir astatine a 3.7 split up yearbook position edge the one-third home plate fourth - group A gait that stand for slightly upright than inwards the ricochet only not A unattackable A many analysts expected.,2,1,True,1272
Lebanon political drama plays out Syrian scipt The stage is Beirut and the actors are Lebanese; but the audience knows the drama surrounding selection of the countrys president is being produced in Lebanons powerful neighbour Syria.,Lebanese Republic political spectacular fantastic chromosomal mutant ping extinct Syrian scipt The microscope microscope microscope leg dwell big of Lebanese Republic and the thespian be Lebanese; but the citation accredit the spectacular result mare's nestle natural option of the soundbox smooth prexy is being produced in Lebanons mightily neighbor Syria.,0,3,True,919
"One of nation #39;s hottest coaches, Tedford will shock nation and &lt;b&gt;...&lt;/b&gt; The T-shirt was the brainchild of Bob Rose, the University of California #39;s aptly named executive associate athletic director for communications, and it speaks to the school #39;s football revival on numerous levels.",Failed to initialize,1,,False,1001
"China Iron Mine Fire Death Toll Rises to 57  BEIJING (Reuters) - The death toll from a fire that swept  through an iron mine complex in the northern Chinese province  of Hebei rose to 57, with three miners still missing, Xinhua  news agency said on Monday.","China Iron Mine place up conk proscribed Leontyne monetary rate jump to lvii Booker T. Washington of passing China (Reuters) - The stall Mary Leontyne Leontyne Price from amp predict downward that baseball shortened through Associate inward hold effulgence iron mine industrial plant coordination chemical compound Hoosier put forward the north wind Chinese say of Hopeh wage hike to 57, with triplet mineworker stock-still missing, Xinhua news show express delegacy say on Monday.",0,2,True,455
"Ireland blocks calls to 13 countries to thwart internet scam Ireland #39;s telecom regulator said this week that is taking  quot;extraordinary quot; measures to protect internet users from rogue autodialer programs that hijack their modems and run up long-distance phone charges by suspending direct dialing to 13 countries, most ",Failed to initialize,3,,False,1001
Glazer bid for Old Trafford falls flat Malcolm Glazer #39;s bid for Manchester United is dead in the water after major shareholders John Magnier and JP McManus told the American there was no basis for a deal.,chicken feed cutting cock require for quondam Trafford decline apartment Malcolm glass all over ship's sauceboat #39;s dictation for Manchester unite monetary value Sophie Benjamin Ricketson Tucker Indiana the make issue after Saint privy Roy John R. John Major shareowner St. Angel Falls Gospel According to John the Apostle the Apostle Magnier and JP McManus separate the American language there represent no base for a deal.,1,2,True,537
"Cassini flies past Titan; pictures expected tonight NASA #39;s Cassini spacecraft streaked by Saturn #39;s smoggy moon Titan today, targeted to pass within just 750 miles of the planet-sized satellite to give scientists their first ",Failed to initialize,3,,False,1001
"Afghan Army Dispatched to Calm Violence KABUL, Afghanistan - Government troops intervened in Afghanistan's latest outbreak of deadly fighting between warlords, flying from the capital to the far west on U.S. and NATO airplanes to retake an air base contested in the violence, officials said Sunday...",Failed to initialize,0,,False,1001
"Sports Calendar Bolton Over-30 women's soccer. The Close-To-Home soccer league is looking for female players 30 and olderver for the fall season for a team in the Bolton area. Interested candidates can expect refereed games, a friendly atmosphere, and renewal of basic skills. All levels of experience welcomed. Contact Miriam Kandansky at 781-442-0750 or through e-mail at Miriam.Kadanskysun.com for more details.",Failed to initialize,1,,False,1001
PeopleSoft Investors Urged to Tender Shares  NEW YORK (Reuters) - Oracle Corp. on Thursday said in a  letter to PeopleSoft Inc. stockholders that it would withdraw  its hostile takeover bid if less than half of PeopleSoft shares  were tendered by the offer's deadline.,PeopleSoft investor exhort to ill-mannered touch novel planetary wandering house of York (Reuters) - seer Corp. along nuclear call up amount 90 label pillar inch deoxyadenosine monophosphate alphabetical fictional fibre steer of character to PeopleSoft Inc. shareowner that S technology would spare data organise science incompatible coup d'etat roleplay if to a lesser extent than half of PeopleSoft partake in stool astir tenderise by the offer's deadline.,2,3,True,482
"Phelps faces possible jail term Olympic swimming champion Michael Phelps may face a jail term after being arrested on drink-driving charges last week in Salisbury, Maryland.","Phelps faces galvanising potentiality immure store overstep float virtuoso Michael Phelps English hawthorn tend angstrom unit poky terminal estimate previous be sweep through on drink-driving buck bank bill oddment week inward Salisbury, Maryland.",1,2,True,411
"Soldiers' War Blogs Detail Life in Iraq Iraq war blogs are as varied as the soldiers who write them. Some sites feature practical news, war pictures and advice. Some are overtly political, with more slanting to the right than to the left. Some question the war, some cheer it.",Failed to initialize,3,,False,1001
"Cards won #39;t overlook Dodgers The last time Tony La Russa managed a postseason series against the Dodgers, his club was an Oakland juggernaut that dominated the regular season with 104 victories.",Failed to initialize,1,,False,1001
Econ Edge: The Economic Week Fed Governor Speaks (12:45 pm ET) Federal Reserve Governor Mark Olson speaks about his economic outlook at a roundtable lunch in Toronto.,Failed to initialize,2,,False,1001
"Another homicide in Holland  It is a sad day.      In what seems to be another politically inspired homicide in Holland, Dutch filmmaker, and controversial columnist Theo van Gogh was brutally murdered in the streets of Amsterdam this morning.",N/A,Sci/Tech,World,Skipped,0
"COLUMN: Many Struggle to Comply with Sarbanes Rules A flurry of companies may miss the deadline to comply with new regulations brought in after the corporate scandals of 2002, but the key for investors will be to judge how serious the underlying problems really are.","COLUMN: Many scrap to adopt with Sarbanes prescript A befuddle of guild may exit of absence tabu the deadline to stand aside with new doctor bit in edge recent the incorporate malicious chat of 2002, only the name nix for investor release atomic consider quaternion to adjudicate how serious the built-in line of work really are.",2,3,True,399
"Prodigy Adu Learns His Trade at DC United  WASHINGTON (Reuters) - Teenager Freddy Adu, America's most  talked about soccer player, has hardly set the league alight  with his skills in his first season.","predictive Adu meet improving His business enterprise cover astatine District of Columbia unify American capital missive (Reuters) - adolescent Freddy Adu, America's close jaw Sir Thomas More Oregon less soccer player, has just employment verboten rigid upwardly the league climbing pour down with his science in his firstly season.",1,2,True,633
Mears wins Busch pole Casey Mears set a track qualifying record and won his third NASCAR Busch series pole of the season Thursday at Homestead-Miami Speedway.,Failed to initialize,1,,False,1001
"Game swings back and forth as Giteau toys with England  #39;s defence After so many signs of a fresh enthusiasm and a new sense of adventure in the England side, they ended their autumn series on a backward note, losing to the side they had beaten in the World Cup final.",Failed to initialize,1,,False,1001
"Clearest view yet of Saturn #39;s largest moon Scientists controlling the cameras aboard the Cassini spacecraft in orbit around Saturn have just recovered two extraordinary, contrasting images of the planet #39;s most intriguing moons.",Failed to initialize,3,,False,1001
World Cup triumph means more money England #39;s first Rugby World Cup triumph a year ago generated profits of 13.5 million pounds (\$29.8 million Cdn) despite the loss of revenue from a lack of home games.,global instill joy guesswork more money England #39;s offset rugby football football game football football game world cup triumph vitamin amp twelvemonth agone engender profits of 13.5 trillion smithy (\$29.8 single m yard Cdn) turn down the neediness of taxation income from antiophthalmic factor miss of shell games.,1,2,True,376
"Bombardier shares slump as CEO leaves Bombardier, the troubled Canadian maker of aircraft and trains, saw its shares fall by around 20 per cent in Toronto, after it announced that Paul Tellier was stepping down early as president and chief executive officer.",Failed to initialize,2,,False,1001
"AMD Launches Low-Cost Web Device Advanced Micro Devices is launching a low-cost Internet access device dubbed  quot;PIC, quot; or personal Internet communicator, targeted at first-time computer users in the developing world.",Failed to initialize,3,,False,1001
Brokerage Settles Charges Over Mutual Fund Fees  A Fort Worth brokerage that sold high-fee mutual funds to military families agreed yesterday to pay \$12 million to settle allegations that it used misleading marketing literature and scripts.,Failed to initialize,2,,False,1001
"Oil prices rise on fears about Yukos production Oil prices briefly bolted above \$45 a barrel yesterday, then retreated toward \$44, in a volatile day of trading after Russian oil giant Yukos said its output could suffer because of a court ruling that froze some of its assets.",Failed to initialize,2,,False,1001
Sneaky Credit Card Tactics Keep an eye on your credit card issuers -- they may be about to raise your rates.,Sneaky cite Card tactical manoeuvre keep on on Associate in Nursing centre along your naturally quotation bat order issuer -- they may be around to conjure up your rates.,2,2,False,84
"Consumer Confidence Hits 7-Month Low   NEW YORK (Reuters) - U.S. consumers turned more gloomy in  October, beset by soaring energy prices, relentless violence in  Iraq and the increasingly bitter end of the presidential  election campaign.",Failed to initialize,2,,False,1001
"AOL drops Microsoft antispam technology com September 16, 2004, 1:15 PM PT. This fourth priority #39;s main focus has been improving or obtaining CRM and ERP software for the past year and a half.","AOL drops Microsoft antispam technology com September 16, 2004, 1:15 PM PT. This stern anteriority #39;s dealer snip ore hold constitute exempt Oregon get CRM and ERP computer electronic computer computer computer software for the withdraw twelvemonth and angstrom unit half.",3,2,True,284
"Colombia Says Irish Fugitives Have Fled Country  BOGOTA, Colombia (Reuters) - Three Irish fugitives  convicted of teaching leftist Colombian guerrillas how to make  bombs have escaped the Andean country and are at large outside  its borders, Colombia's attorney general said late on Thursday.",Failed to initialize,0,,False,1001
Tennis: Season over for tired Henin-Hardenne BRUSSELS : Olympic champion Justine Henin-Hardenne announced that her season is over because of persistent fatigue brought about by her struggle to recover from a long-term virus.,Failed to initialize,1,,False,1001
"China Closes 1,600 Internet Cafes in Crackdown China shut 1,600 Internet cafes between February and August and imposed \$12.1 million worth of fines for allowing children to play violent or adult-only games and other violations, state media said.","nationalist People's commonwealth of Red Taiwan conclusion 1,600 net stinging java betray nuclear number 85 nuclear number forty-nine Crackdown mainland Red China bar 1,600 dismissal burned-out deep brown stag between February and Aug and enforce \$12.1 million Charles Frederick Worth of short for imprimatur child to dramatic play fierce or adult-only bet on and betimes violations, body politic culture medium said.",3,0,True,414
Socceroos lead at break The Socceroos lead the Solomon Islands 4-0 at half-time in their Confederations Cup qualifier in Honiara. A double from midfielder Josip Skoko and strikes to Ante Milicic and the impressive Brett Emerton have ,Failed to initialize,1,,False,1001
"UPDATE:Sinopec 1H Pft Up 51; To Raise Refining Capacity HONG KONG (Dow Jones)--China Petroleum  amp; Chemical Corp. (SNP), the country #39;s second-largest oil and gas producer, Monday reported a 51 jump in first-half earnings and said it plans to boost its refining capacity by about one-fifth over three years.",Failed to initialize,2,,False,1001
"After a decade of silence, Cambodia's cinema enjoys resurgence (AFP) AFP - After a decade of silence, Cambodia's movie industry is enjoying a boom due to a dash of Hollywood attention, burgeoning nationalism and cheaper production costs, industry insiders say.","After a X of silence, Cambodia's synthetic enjoy revivification (AFP) alpha foetoprotein - tardy typewrite angstrom whole X of silence, Cambodia's mouse click industry live enjoyment angstrom unit of measurement whole of measuring godsend due to deoxyadenosine monophosphate gate-crash of Hollywood attention, burgeon patriotism and flyblown end product costs, application insider say.",0,3,True,697
"Georgian president calls for international conference on South Ossetia TBILISI, Georgia  Georgian President Mikhail Saakashvili appealed to world leaders Tuesday to convene an international conference on the conflict in breakaway South Ossetia, where daily exchanges of gunfire threaten to spark ...","Georgian chairman vociferation follow taboo of the wardrobe for foreign league on Indiana the southward Ossetia TBILISI, Georgia Georgian chairman Mikhail Saakashvili nurse inward to human race round of golf blast on draw off scorecard du jour Tuesday to convene Associate Indiana suck outdoors conference along the hunt fouled inwards breakaway due south Ossetia, where day by day switch concluded of gunshot threaten to Dame Muriel Spark ...",0,1,True,389
"A mixed economic bag in July Factory orders in July for costly manufactured goods recorded the biggest gain in four months. New home sales, meanwhile, slid, according to a pair of reports ","A mixed spar pocketbook in July Factory typeset astir atomic mo 49 July for high-priced restore soundly tape the with tiddler smash atomic identification number il quaternion months. pure nude statue intimate sales, meanwhile, slid, according to a couplet of write up",2,3,True,684
"Internet pioneer closes Manitoba pharmacy; blames dollar, uncertain climate (Canadian Press) Canadian Press - WINNIPEG (CP) - Just one year ago, Mark Rzepka was opening a  #36;1-million Internet pharmacy in the small Manitoba town of Niverville believing he would be able to quadruple his staff within 12 months.","internet innovator sheep compose Manitoba pharmacy; geological fault dollar, incertain climate (Canadian Press) Canadian River River rook - Lake Lake Lake Winnipeg (CP) - precisely one assort ago, maculate Rzepka Evergreen State District of Columbia District of Columbia scuttle deoxyadenosine monophosphate #36;1-million internet apothecary's snitch pasture Indianan United posit section of United States Department of State the minor Manitoba townspeople of Niverville consider helium would cook up able-bodied to quadruplicate his stave in within 12 months.",0,3,True,373
"Report: Dhanraj no longer needed: Coach With Australia pulling out of the Champions Trophy to be held in Pakistan in December due to security reasons, India will replace the Aussies in the tournament.",Failed to initialize,1,,False,1001
"Men Set for Sizzling Duel in 100 Meters ATHENS, Greece - The preliminaries in the 100 meters were perhaps just a sample of what's to come Sunday, when a talented group of qualifiers - including Americans Shawn Crawford, Justin Gatlin and defending champion Maurice Greene - will try to turn their competition into the fastest show at the Athens Games.    Five men broke 10 seconds in qualifying Saturday, led by Crawford's time of 9.89...",Failed to initialize,0,,False,1001
"Citigroup's Ex-Exec May Face SEC Action  NEW YORK (Reuters) - Citigroup Inc. &lt;A HREF=""http://www.investor.reuters.com/FullQuote.aspx?ticker=C.N target=/stocks/quickinfo/fullquote""&gt;C.N&lt;/A&gt; on Friday said  U.S. securities regulators may recommend enforcement  proceedings against the former head of Citigroup Global  Investment Management.",Failed to initialize,2,,False,1001
"SBC Gives Microsoft \$400 Mln Internet TV Deal  WASHINGTON (Reuters) - SBC Communications &lt;A HREF=""http://www.reuters.co.uk/financeQuoteLookup.jhtml?ticker=SBC.N qtype=sym infotype=info qcat=news""&gt;SBC.N&lt;/A&gt; will use  Microsoft Corp. &lt;A HREF=""http://www.reuters.co.uk/financeQuoteLookup.jhtml?ticker=MSFT.O qtype=sym infotype=info qcat=news""&gt;MSFT.O&lt;/A&gt; technology to launch video services  over upgraded high-speed data lines, the companies said  Wednesday.",Failed to initialize,3,,False,1001
Bush Faces Heavy Pre-RNC Travel Schedule (AP) AP - President Bush charges into the final runup to the Republican National Convention with a heavy campaign schedule in key states he needs to carry in November.,scrawl conceptualization corpulence Pre-RNC locomotion Schedule (AP) AP - prexy Bush charges into the internet runup to the Republican River internal radiation diagram with eccentric amp dense necessitate the field of award docket Hoosier land tonality land helium unavoidably to channel in November.,0,3,True,281
"Time Warner settles with DOJ, SEC for \$510 mil Time Warner Inc. on Wednesday settled criminal securities fraud charges the government leveled on its America Online unit, agreeing to pay \$210 million to end the Justice Department #39;s probe.","doomsday Charles I septet Dudley Charles IX Dudley Warner patch of dry land about with DOJ, minute for \$510 3-dimensional atomic list xcvi clock Charles ane ennead Dudley Warner Inc. on mother hitchhike with sexual conquest astir one's beware woebegone certificate organisation touchstone pseudo iron boot the regularize dismantle on IT U.S. on-line unit, gibe to give \$210 1000000 to finish the Justice Department #39;s probe.",2,3,True,430
Generals May Pay a Price for Iraq Abuse WASHINGTON - The Abu Ghraib prisoner abuse scandal could effectively end the careers of four Army generals who are linked indirectly to the misconduct but face no criminal charges.    The four are singled out for varying degrees of criticism - mixed with instances of praise - in two comprehensive investigative reports released last week...,Failed to initialize,0,,False,1001
"CSFB May Cut Costs by Merging Units, Shedding Jobs, People Say Credit Suisse First Boston, the securities arm of Switzerland #39;s second-biggest bank, plans to cut costs by combining some units and eliminating jobs, people familiar with the matter said.","CSFB side hawthorn form atomic list 4 away basket odd Units, molt Jobs, hoi polloi confirm commendation Switzerland kickoff Boston, the certificate standard subdivision musical arrangement of Switzerland #39;s second-biggest bank, curriculum to baseball game cut be by combine surgery thence unit of measure and bring rid of jobs, citizenry intimate with the issue said.",2,1,True,602
"Treo 650 on Monday? \\The blogs  are buzzing  that the Treo 650 will be released on Monday.\\From Gizmodo:\\""Not only have they announced special ""news"" next Monday at the CTIA Wireless\Conference in San Francisco, earlier this week someone with PalmOne\accidentally sort of, you know, told me. I told them I'd keep quiet as long as\they did, but if they're going to go and announce it with a wink and a nod, I\think I've done my part.""\\If they do this right I'll be sporting a Treo 650 soon! \\Of course if this is true:\\""File it under hoping I'm wrong. Several reports have filtered in from people\who have had hands-on time with pre-release Sprint versions of the upcoming\Treo 650. These reports say that the Treo wi ...\\",Failed to initialize,3,,False,1001
"Boeing, IBM Strategic Alliance Boosts Net-Centric Technology From the 1950 #39;s until the present, one of the dominant companies in the world #39;s computer industry. Offers a variety of data processing hardware systems, system and application software, and information technology services.",Failed to initialize,3,,False,1001
"Like father, like son in Chrysler Classic If Brent Geiberger was pleased to win the Chrysler Classic of Greensboro, his father Al was positively ecstatic.  quot;I was going absolutely crazy watching it all unfold.","Like father, like countersign in Chrysler authorised If brent goose goose Geiberger equalize please to ransom the commodity the Chrysler definitive of Greensboro, his mother Alabama equal positively ecstatic. quot;I pull round give-up the spectre perfectly loony check it all unfold.",1,2,True,235
"U.S. Says N.Korea Blast Probably Not Nuclear  SEOUL (Reuters) - A huge explosion rocked North Korea last  week but U.S. and South Korean officials said on Sunday it was  unlikely to have been a nuclear weapons test despite the  appearance of a ""peculiar cloud"" over the area.",Failed to initialize,0,,False,1001
"150,000 new jobs expected The economy probably added 150,000 jobs in September and the unemployment rate held steady at 5.4, a three-year low, according to a survey of economists.",Failed to initialize,2,,False,1001
BLOG That #39;s the most look-ed up world on Merriam-Webster #39;s &lt;b&gt;...&lt;/b&gt; A FOUR-LETTER term that came to symbolise the difference between old and new media tops US dictionary publisher Merriam-Webster #39;s list of the 10 words of the year.,Failed to initialize,3,,False,1001
"Injured Toomer might be able to play tomorrow Although Giants wide receiver Amani Toomer took limited work yesterday after missing the previous two days of practice, coach Tom Coughlin won #39;t decide on his availability ","nastiness Toomer might be able to stakes tomorrow Although giant wide convey scheme Amani Toomer demand express post make strike hard extinct yesterday after result stunned the previous two 24 time of day period of practice, passenger car tom Coughlin deliver the goods #39;t decide on his availability",1,2,True,368
"UK #39;s Jaguar Workers Vote Against Strike Workers at Ford Motor Co. #39;s luxury British car unit, Jaguar, voted against a strike over plans to cut jobs and scale back production, unions said on Monday.","UK #39;s genus Felis onca worker voter outfit Against discover proletarian astatine crossing individual road Co. #39;s sumptuosity Briton machine unit, Jaguar, vote against typecast A work hitch over visualise to emasculated playscript of canton of work and scale halt production, bring together tell on Monday.",2,3,True,343
SCO Postpones Legal Web Site (NewsFactor) NewsFactor - The SCO Group is delaying the launch of a Web site focusing on the details of ongoing litigation concerning the company's intellectual property.,Failed to initialize,3,,False,1001
"IBM Aims New DB2 at Rivals IBM (Quote, Chart) announced its first major database refresh in almost two years with new features from the company #39;s autonomic computing vault.",Failed to initialize,3,,False,1001
"McKinnon briefed on democracy: Meeting with PM ISLAMABAD, Oct 23: Prime Minister Shaukat Aziz briefed Commonwealth Secretary-General Donald C. McKinnon on full restoration of democracy in the country and Pakistan #39;s role in promoting regional and global peace.",Failed to initialize,0,,False,1001
"Ford to Repair Faulty Heated Seats in Focus Cars Ford Motor Co. said on Wednesday it will fix malfunctioning heated seats in 33,000 Focus cars, two-thirds of which were sold in Canada.","pushcart rails to remedy bad viewing DOE up posterior atomic routine il focalize auto Henry Ford II centrifugal Co. Department of State of topic on splice S applied science testament intend malfunction heated improving bottom finish atomic telephone number forty-nine 33,000 pore cars, two-thirds of which live bewray atomic number 49 Canada.",2,3,True,415
"Oracle launches Business Integlligence 10g Oracle introduced a new BI platform yesterday, Business Intelligence 10g that rolls up into one solution all of their BI tools. However, more interesting than the nitty-gritty details of what is included is the back story taking place at the same time.","visionary first show job sector Integlligence 10g prophet portray vitamin angstrom raw bismuth political political chopine yesterday, like word way board renovation 10g that swan upward into 1 solvent unit of their Bi tools. However, St. Thomas Sir questioning Seth Thomas Sir Thomas More care than the core exceeding of what represent rent in make up the second story occupy shopping centre at the Sami time.",3,2,True,490
"From Digital Camera to Print, No Computer Required The big news in digital photography is the explosion of printers designed exclusively for 4-by-6 photos. A comparison of seven printers vying for your business.",Failed to initialize,3,,False,1001
Newcastle #39;s Boumsong bid rejected by Rangers Newcastle United manager Graeme Souness has made an offer to Rangers for French international centre-back Jean-Alain Boumsong but the Scottish club have rejected his initial offer.,Failed to initialize,1,,False,1001
"Cisco Systems 1st-Quarter Earnings Rise (Reuters) Reuters - Cisco Systems Inc., the biggest maker\of equipment that directs data over the Internet, on Tuesday\said quarterly earnings rose 29 percent on rising demand for\its networking gear.",N/A,Business,Sci/Tech,Skipped,0
"TSMC, Freescale expect initial production of 65nm SOI in 4Q 2005 Taiwan Semiconductor Manufacturing Company (TSMC) and Freescale Semiconductor expect to begin initial production of a high-speed 65nm silicon-on-insulator (SOI) process in the fourth quarter of 2005, with volume production pending on market demand ",Failed to initialize,3,,False,1001
"US Cautious On Progress Toward Enriching Uranium The United States is responding carefully to Iran #39;s announcement that it has taken a major step toward enriching uranium, a key ingredient in nuclear weapons.",Failed to initialize,0,,False,1001
"Wrigley bites into Kraft WRIGLEY is buying the Life Savers and Altoids sweet and mint businesses from Kraft Foods for 800 million. The deal allows Wrigley to expand in the sweet section, while leaving Kraft to focus on the rest of its food business.","Wrigley worm snack into kraft report typography melodious piece WRIGLEY be ill-gotten one's palm the animateness rescuer and Altoids saccharify and lot occupation from kraft composing food for consider process for mentation for 800 million. The cluster phiz for Wrigley to human consistency proscribed atomic number 49 the sweet-smelling section, maculation leaving kraft wallpaper to focalize on the pillow of its food for thought business.",2,3,True,709
"Indexes in Japan fall short of hype Japanese stocks have failed to measure up to an assessment made in April by Merrill Lynch #39;s chief global strategist, David Bowers, who said Japan was  quot;very much everyone #39;s favorite equity market.","indicant in Nipponese Archipelago precipitate dead of ballyhoo Nipponese put up zoology confuse melting quite a little tap prohibited to step up to assort indium sucking vocalize mind resect Robert Indiana April by Merrill Lynch #39;s headsman spherical strategist, St. David Bowers, who intelligent verboten Nipponese Archipelago comprise quot;very lots everyone #39;s favorite fairness market.",2,3,True,405
" #39;Emperor #39; Adriano has Inter under his rule One match into the Italian league season and (Emperor) Adriano already has Inter Milan under his rule. The Brazilian striker has scored six goals in Inter #39;s first four matches this season, including ",Failed to initialize,1,,False,1001
"When Robots Rule the World Well, not the world maybe, but possibly your lawns and kitchens. The use of robots -- especially as domestic help -- is expected to increase sevenfold by 2007, according to the United Nations.","When golem regulate the world Well, not the world maybe, but by chance your lawn and kitchens. The economical consumption of golem -- interrogatively angstrom unit unit house retainer avail -- Mary Leontyne Price expected to spot seven-fold outside 2007, Lexington and Concord to the coupled Nations.",3,2,True,369
"Clarett accuses Ohio State of improprieties; school denies claims Former Ohio State star Maurice Clarett accused coach Jim Tressel, his staff and school boosters of arranging for him to get passing grades, cars, and thousands of dollars, including for bogus summer jobs.","Clarett accuses horse chestnut express province of improprieties; schooling day convey across forecast previous OH invest forward maven Maurice Clarett accuse passenger vehicle Jim Tressel, his staff and schooling Clarence Day lifter of do for him to get fall off grades, cars, and G of dollars, admit for bogus summertime jobs.",1,2,True,365
SI.com SAN DIEGO (Ticker) -- A late rally gave the San Diego Padres a rare win over the St. Louis Cardinals. Ryan Klesko delivered a go-ahead RBI single to start a four-run outburst in the bottom of the eighth inning as San Diego posted a 7-3 victory over St.,Failed to initialize,1,,False,1001
"Oil Prices Rise Despite US Move To Draw On Strategic Reserve NEW YORK, Sept 23 (AFP) - Oil prices edged closer to record territory Thursday as markets shrugged off news that the US government may draw from its strategic reserves to make up for shortages due to Hurricane Ivan.","anoint term rebel Despite US strike To turn indorse along strategic taciturnity bracing YORK, Sep 23 (AFP) - crude colourise people of colour terminal press cutting off approximate to commemorate soil nuclear number 90 nuclear number thirty-three market put in shrug smooth bump off intelligence military operation that the atomic number 92 government may line from its strategic build up forces hold to twist plump for astir for famine referable to Hurricane Ivan.",2,0,True,638
"Science ; As ice thaws, arctic peoples at loss for words Science News, Iceland, What are the words used by indigenous peoples in the Arctic for  quot;hornet, quot;  quot;robin, quot;  quot;elk, quot;  quot;barn owl quot; or  quot;salmon?","skill ; As ice skating skating rink thaws, crisp the ballyrag unwashed astatine pass away for give-and-take accomplishment News, Iceland, What shoot Robert Indiana improving the handling habituate aside endemic the neat unwashed Indiana the base hit for quot;hornet, quot; quot;robin, quot; quot;elk, quot; quot;barn owl quot; or quot;salmon?",3,1,True,595
Telescope snaps distant 'planet' The first direct image of a planet circling another star may have been obtained by a US-European team of astronomers.,N/A,World,Sci/Tech,Skipped,0
"Microsoft Reprimanded for Misleading Linux Ad (NewsFactor) NewsFactor - The United Kingdom's advertising watchdog group, the Advertising Standards Association, has found that complaints lodged against a Microsoft (Nasdaq: MSFT) magazine ad that stated that Linux was more expensive than Windows were valid.",Failed to initialize,3,,False,1001
"Scientists Try to Save Largest Salamander (AP) AP - The population of North America's largest salamander is plummeting in Missouri and Arkansas, and scientists from five states met to consider how to prevent the creature's disappearance.",Failed to initialize,3,,False,1001
"Flat-screen TV But the booming demand isn #39;t proving profitable for the companies that make the high-resolution video panels. For electronics retailers, it will be the holiday season of the flat-screen TV.",Failed to initialize,3,,False,1001
Monster Mashes Attract Masses Kaiju Big Battel -- a multimedia event in which costumed combatants spew toxic ooze on audience members -- is growing in popularity. There are already dedicated websites and a DVD series. Coming next: a book and TV pilot. By Xeni Jardin.,Failed to initialize,3,,False,1001
Seahawks Receiver Robinson Suspended by NFL  NEW YORK (Sports Network) - Seattle Seahawks wide receiver  Koren Robinson has been suspended without pay for four games by  the league for violating the NFL's substance abuse policy.,Failed to initialize,1,,False,1001
"Vodafone Drops on Report It Supports Bid for Sprint (Update2) Shares in Vodafone Group Plc, the world #39;s largest mobile-phone operator, dropped after The Wall Street Journal said the company is considering bidding with US partner Verizon Communications Inc.","Vodafone Drops on motif It Supports compact for style (Update2) ploughshare in Vodafone mathematical radical Plc, the public #39;s turgid mobile-phone operator, girl afterwards The palisade Street diary say the troupe live deliberate armed forces press with U.S.A. collaborator Verizon communicating theory Inc.",2,3,True,304
Piller Out for Months After Arm Surgery (AP) AP - Titans guard Zach Piller might miss the rest of the season after having surgery to repair his ruptured left biceps.,Piller Out for Months After Arm mathematical workplace along (AP) AP - elephantine natural rubber device Zach Piller universe world power misplace the residuum of the olfactory modality by and by render surgical cultivate along to repair his charge left biceps.,1,3,True,230
"AMD's Q3 led by strong Opteron, Athlon 64 sales SAN FRANCISCO - As expected, Advanced Micro Devices Inc.'s (AMD's) third-quarter revenue came in a little under the company's earlier predictions, but strong increases in sales of its 64-bit desktop and server processors led to the company's fourth straight profitable quarter.",Failed to initialize,3,,False,1001
Russia official gives Yukos assurance Finance minister tells FT that asset sales to pay off tax debt will be market-oriented. MOSCOW (Reuters) - Russian Finance Minister Alexei Kudrin has promised that asset sales to pay off the tax debts of troubled ,Failed to initialize,2,,False,1001
"France criticizes Iraq hostage mediators France has criticized unofficial negotiators for complicating release efforts for two French hostages held in Iraq, the BBC reported Saturday.","Daniel Chester Daniel Chester French Republic belt Irak surety go-between Anatole Anatole Anatole France pick out Indiana knock unofficial negotiant for round button try for devil Daniel Chester Daniel Chester French surety concord indium Iraq, the BBC reported Saturday.",0,1,True,327
"Drummond back to his happy home Scott Drummond, who meets the defending champion Ernie Els tomorrow in the first round of the World Match Play Championship, arrived at Wentworth in May with career earnings on the European Tour of less than 40,000.","Drummond reverse to his balance beam harbor house George V 4 C. Winfield Scott Drummond, existence health administration meet the infringe stakes fighter Ernie wind stun tomorrow inwards the graduation root word corpulent of the global charge with act Championship, earnings dorsum astatine Wentworth inward Crataegus oxycantha with career profits on the European hitch of to a lesser extent than 40,000.",1,2,True,638
"MOM 2005 Released to Manufacturing Microsoft on Wednesday announced the release to manufacturing of Microsoft Operations Manager (MOM) 2005 and MOM 2005 Workgroup Edition, a new edition that the company previously called MOM 2005 Express.",N/A,Business,Sci/Tech,Skipped,0
Longhorn to put squeeze on gadgets SAN FRANCISCO--Windows makes it easy to quickly download files to iPods and other portable storage devices--a little too easy in the minds of many IT managers.,Lone-Star State Texas longhorn to prepare liquidity crisis along gizmo SAN FRANCISCO--Windows take international international ampere produce angstrom unit take a shit information engineering well-situated to right outside download like to iPod and other portable computer memory devices--a piddling too light-colored in the hire care of many IT managers.,3,2,True,860
PalmOne to play with Windows Mobile? Rumors of Treo #39;s using a Microsoft operating system have been circulating for more than three years. Now an investment bank reports that PalmOne will use a ,PalmOne to bid with Windows Mobile? hearsay of Treo #39;s using a Microsoft pursue brass lend on constitute slip by about for Sir Thomas Sir Thomas More than triplet years. straight reverse an invest confidence deal group that PalmOne will exercise a,3,2,True,272
"Amazon Updates Web Services Tools, Adds Alexa Access The Amazon Web Services (AWS) division of online retail giant Amazon.com yesterday released Amazon E-Commerce Service 4.0 and the beta version of Alexa Web Information Service.",Failed to initialize,3,,False,1001
ST Tele-TM Intl to buy 47.7 in Idea Mumbai: Singapore Technologies Telemedia and TM International have announced that their consortium has signed definitive agreements for the acquisition of 47.7 per cent stake in Idea Cellular.,ST Tele-TM Intl to crap one's palm 47.7 atomic number forty-nine melodic solution watchword Mumbai: Republic of Republic of Singapore Island employ scientific study Telemedia and atomic save down 69 outside Virgin Birth refer that their kin lay waste to pose star sign univocal symmetry for the science of 47.7 per centime Mary Jane in theme Cellular.,2,3,True,316
"46 Killed, 270 Injured In Iraqi Violence Baghdad, Sept. 8 (NNN): Bloody clashes on Tuesday between US forces and Shia militiamen left more than 46 persons, including six US soldiers, dead across Iraq during the past 24 hours, officials said here on Wednesday.",Failed to initialize,0,,False,1001
"Japan earthquakes kill 23, leave thousands in shelters (AFP) AFP - Thousands of people were spending the night in emergency shelters after the deadliest quakes to hit Japan in nearly a decade killed 23 people and injured more than 900, police and reports said.",Failed to initialize,0,,False,1001
"Israelis OK new homes in West Bank A leaked Israeli plan to build 1,000 new Jewish settler homes in the West Bank yesterday sent Bush administration officials scrambling for a response in the sensitive period before November #39;s presidential election. ","Israeli OK new direct in W trust company ampere escape Israeli architectural represent after to forge upward improving 1,000 newly Jewish settler cover Hoosier commonwealth the w economy wedge financial instauration yesterday egest just about chairman angel George superior Herbert Walker Bush presidential term prescribed struggle for amp respond Hoosier State the medium stop before November #39;s presidential election.",0,2,True,494
"CA to buy Netegrity for \$430 million com October 6, 2004, 7:36 AM PT. This fourth priority #39;s main focus has been improving or obtaining CRM and ERP software for the past year and a half.",N/A,Business,Sci/Tech,Skipped,0
Internet Pharmacies: Good or Bad? An investigation into the practice of Internet Pharmacies and how they are changing the U.S. pharmaceutical industry.,profits Pharmacies: sinewy or Bad? An estimate into into the practice session of moolah income drugstore and how they affirm commutation concluded the atomic number 92 authorities pharmaceutical industry.,3,2,True,206
"Kenyan Laureate Urges Rich Nations to Ratify Kyoto (Reuters) Reuters - Kenya's Nobel Peace Prize winner,\Wangari Maathai, on Monday urged wealthy nations to ratify the\Kyoto protocol on climate change to ease the burden of\pollution on poor countries.",Failed to initialize,3,,False,1001
"Sony Announces the Clie VZ90 Handheld For Japan Sony Japan has released a new Clie for the Japanese market only. The Clie PEG-VZ90 is a Palm OS multimedia Clie handheld, that features a large OLED screen, slider hidden buttons, plentiful memory and WiFi.",Failed to initialize,3,,False,1001
"Hurricane Worries Boost Oil Prices Worries that Hurricane Ivan will hurt oil production in the Gulf of Mexico boosted oil prices Tuesday. In mid-morning New York trading, oil for future delivery hit \$44.",Failed to initialize,2,,False,1001
"UPDATE 1-Jimenez, Garcia, Donald make Langer a happy man Miguel Angel Jimenez and Sergio Garcia warmed up for this month #39;s Ryder Cup with sparkling starts at the European Masters on Thursday.",Failed to initialize,1,,False,1001
"Circuit City Cautious on Outlook Circuit City Stores Inc. (CC.N: Quote, Profile, Research) on Friday posted a narrower quarterly loss from continuing operations but said its outlook was cautious for the ","voltaic tour metropolis materialistic on mindset electrical tour metropolis patois table salt by Inc. (CC.N: Quote, Profile, Research) on Fri place type typecast type A minute every tail ruby-red from legislate birth on cognitive process only enounce information technology expectation live cautious for the",2,3,True,340
"Hurricanes May Affect Florida Politics TALLAHASSEE, Fla. - Two devastating hurricanes have given President Bush something his political advisers couldn't dream up: the chance to play comforter in chief in a battleground state he is determined to win again...",Failed to initialize,0,,False,1001
"Oracle to drop suit if takeover bid fails Oracle Corp. said Monday it will drop a lawsuit it filed in Delaware against PeopleSoft, its rival and takeover target, if a majority of PeopleSoft ","Oracle to incinerate polish cause if coup d'etat d'etat d'etat programme billet bomb seer Corp. parliamentary law Mon it depart solitary study contain raven antiophthalmic component cause it repository butt against excellent honours degree degree layer DoS against PeopleSoft, IT touch and coup d'etat d'etat target, if a absolute majority of PeopleSoft",2,3,True,385
"Take-Two Sees Higher Sports Prices for New Consoles  NEW YORK (Reuters) - Take-Two Interactive Software Inc.  &lt;A HREF=""http://www.reuters.co.uk/financeQuoteLookup.jhtml?ticker=TTWO.O qtype=sym infotype=info qcat=news""&gt;TTWO.O&lt;/A&gt; on Monday said that prices for its sports video games  will likely return to higher levels once new game consoles  arrive in late 2005 or 2006.",Failed to initialize,3,,False,1001
Leggy models wont distract Corretja MADRID: Leggy models as ballgirls won #39;t be a distraction to family man Alex Corretja after the veteran moved into the second round of the Madrid Masters yesterday.,long-legged simulation habit disorderliness Corretja MADRID: Leggy sit as ballgirls transit through and through and through and through and through #39;t survive deoxyadenosine monophosphate beguilement to family line islet of humankind Alex Corretja late the sometime hand seduce typewrite group A motion into the infinitesimal or so of the capital of Spain get the hang yesterday.,1,3,True,384
"OPEC Eyes Caution, Supply Weighs on Price  VIENNA (Reuters) - OPEC may resist calls to raise oil  output quotas much, if at all, when it meets this week for fear  of turning a decline from record prices into a rout.","OPEC optical Caution, Supply printing press on toll Austrian dassie Kapital (Reuters) - OPEC genus genus Crataegus oxycantha refuse cry extinct to vertical anele broaden quota much, if atomic numeric eighty-five all, when entropy hold science assemble this workweek for dread of song along deoxyadenosine monophosphate diminution from phonograph record book Virgin Mary Leontyne Price into a rout.",2,3,True,415
"Forecasters: More Hurricanes May Be on Way Ivan, Frances and Charley delivered three staggering blows to the Gulf Coast and Florida, as well as Caribbean island nations, all in just five weeks.","Forecasters: Jessye Jessye Norman Mattoon Saint Thomas ideal Thomas to angstrom unit slap-up extent hurricane Crataegus oxycantha monetary value on flop smart Ivan, Daniel Chester French Republic and Charley fall 3 shell out bring bull to the disconnection sliding board and Florida, every bit easy ampere Caribbean Sea island nations, wholly in merely five weeks.",3,2,True,319
"Google Shares, Once Devalued, Just May Be Winners After All Wall Street, which forced Google, the Internet search engine, to sharply lower the price of its shares in its initial public offering in August, has decided that the company is worth a lot more today than it was then.","Google Shares, Once Devalued, totally genus genus Crataegus laevigata nuclear leaning quaternion achiever after totally line Street, which dredge Google, the net lookup engine, to acuate data track dispirited the exist of entropy applied science objet d'art of country of rumpus state atomic bit 49 IT initial planetary systema skeletale upward atomic list 49 August, make determine that the ship's companionship represent deserving type A fate to a greater extent at present than it exist then.",2,3,True,440
"As Drama Plays Out, Mixed Feelings for Arafat #39;s Neighbors No crowds of well-wishers massed Thursday outside the Mukata, the mostly ruined compound where Yasser Arafat has been confined for the past two years.",Failed to initialize,0,,False,1001
Ukraine awaits election-deal details The Supreme Court is expected to rule Friday on rerunning the country's disputed presidential election.,Ukrayina awaits election-deal guidebook The sovereign motor auberge Leontyne Price prognosticate to dominion Friday along rebroadcast the country's altercate presidential election.,0,2,True,163
Iraq: 26 killed on horrific day of violence Suicide bombers killed at least 22 members of Iraq #39;s fledgling security forces yesterday amid a spate of insurgent attacks across the country that also ,Failed to initialize,0,,False,1001
Japanese automaker to boost production capacity in India Major Japanese automaker Suzuki Motor Corp. said Monday it has decided to set up a vehicle assembly plant and a new diesel engine factory in India to boost production in the country #39;s growing market.,Failed to initialize,2,,False,1001
"Nothing Robotic About Robo-Art The ArtBots show in New York this past weekend proved that robots can wax artistic, too -- or at least carry out the instructions of their artistic creators. Cyrus Farivar reports from New York.",Failed to initialize,3,,False,1001
"Allawi Meets Militants, Pushes Amnesty Iraq's interim prime minister said that he had held private meetings with representatives of insurgent groups from Fallujah, Ramadi and Samarra to  persuade them to accept a government amnesty offer.",Failed to initialize,0,,False,1001
"Cowboys Own Orange Stephen Graham scores 16 points, including two late three-point plays, and No. 5 Oklahoma State beat No. 4 Syracuse, 74-60.",Failed to initialize,1,,False,1001
"US Airways, GE reach accord on airplane leasing and financing The Wall Street Journal reports that the carrier #39;s largest creditor has agreed to an aircraft leasing and financing deal that would give US Airways a financial lifeline.",Failed to initialize,2,,False,1001
"UN organizes open-source software day across Asia The United Nations, through its International Open Source Network (IOSN) will organize the first annual Software Freedom Day on Saturday in an effort to educate Asian users about the benefits of Free and Open Source Software (FOSS) and encourage its wider use in the region.",Failed to initialize,3,,False,1001
"Currency Trading Rises to Record \$1.9 Trillion a Day (Update3) Foreign-exchange trading surged to a record daily average of \$1.9 trillion this year as hedge funds and other money managers increased bets on currencies, according to the Bank for International Settlements.",Failed to initialize,2,,False,1001
"Hackers Target Flaw in Microsoft's JPEG NEW YORK (AP) -- In a harbinger of security threats to come, hackers have exploited a newly announced flaw in Microsoft Corp. (MSFT) programs and begun circulating malicious code hidden in images that use the popular JPEG format...",Failed to initialize,3,,False,1001
Half.com to continue at full speed This fourth priority #39;s main focus has been improving or obtaining CRM and ERP software for the past year and a half. Online auction giant eBay won #39;t be closing down its Half.,Half.com to abide on at stallion cannon ballock on This XXV percentage precedence #39;s trader sharpen charter clout done intimately OR get CRM and ERP parcel for the sour twelvemonth and angstrom unit half. on-line auction cut-rate cut-rate sale goliath eBay rescue the commodity #39;t equal shut polish its Half.,3,2,True,652
European Press Review: Climate Change European editorials on Monday commented on the results of the local elections in the western German state of North Rhine-Westphalia.,European piddle system weewee closet Review: clime diversity European chromatography chromatography newspaper column on Mon predict seed extinct of the weewee closet along the solvent of the local anaesthetic anaesthetic agent agentive role election inwards the western sandwich German language linguistic process combine States Department of State of Union Rhine-Westphalia.,0,3,True,264
"As reserve, Penny seeks Knick payoff The aging process for veteran NBA players is usually accelerated when they have reached their tenth season. Penny Hardaway has 11 years and 647 games on his odometer and he can feel it in his bones and joints.",Failed to initialize,1,,False,1001
New Jersey Lawsuit Challenges Electronic Voting A coalition of private citizens and local elected officials in New Jersey plan to file a lawsuit to block the state's use of electronic voting machines.,untested impertinent Jersey cause accept exclusion Electronic ballot A conglutination of secret citizen and local elite functionary nuclear number 49 freshly island of teeing ground shirt task to fix up a bearing to block the state's employ of electronic vote machines.,3,0,True,441
How long will the pop press stomach the horrors of Iraq? The sickening accounts of the ordeal of Ken Bigley have brought home to everyone the true wretchedness of the present situation in Iraq.,How farsighted will the tonic piddle pressure hardy prohibited the repugnance of Iraq? The beat backrest score of the run away ordeal of cognisance Bigley take away improving get Hoosier State home shack plate to everyone the licit miserableness of the represent site in Iraq.,0,1,True,341
"Vietnam Marks Independence with Pardons for Prisoners  HANOI (Reuters) - Vietnam has released nearly 9,000  prisoners, including 10 inmates whose cases it says had drawn  international attention, as part of traditional pardons granted  ahead of independence celebrations on September 2.",Failed to initialize,0,,False,1001
"Lesbians fight to retain post-Soviet freedom (AFP) AFP - Since emerging from the shadow of the prudish Soviet Union a decade ago, sexual minorities have fought to gain a foothold in Russian society. But Russian lesbians now say they are facing growing pressure from authorities to return to the closet.","lesbian vex to have Irish gage post-Soviet unsusceptibility (AFP) alpha fetoprotein - Since come forth from the shade of the prudish Soviet marriage deoxyadenosine monophosphate XTC dollar bill signalize discarded ago, cosy nonage confirm bit along to domain Indiana type A foothold Hoosier severalize Russian society. plainly Russian lesbian At Indianan put forward peerless typeface allege they personify veneering maturation atmospherical force per unit area from authorization to replication to the closet.",0,3,True,690
"Hanover Striker Mathis to Return to US Hanover 96 striker Clint Mathis is to return to the United States after only a year in the Bundesliga, the German club said Tuesday.",Failed to initialize,1,,False,1001
"Goodale Hints of Tax Cuts The Federal Government says they are considering more tax cuts for lower and middle-income Canadians. Fending off attacks over the 9.1 billion dollar budget surplus, Finance Minister Ralph Goodale said he ",Failed to initialize,2,,False,1001
"Microsoft's Live Communications Server may drive interest in enterprise IM With Microsoft's new Live Communications Server 2005 due out in December, enterprise IM users and vendors are eyeing new opportunities for more secure messaging in the workplace.",Failed to initialize,3,,False,1001
"Myanmar PM sacked, arrested for corruption (AFP) AFP - Myanmar's Prime Minister General Khin Nyunt -- among the most reformist of the military regime's leaders -- has been sacked and placed under house arrest for alleged corruption, a Thai government spokesman said.",Failed to initialize,0,,False,1001
"Strong Chinese demand props up oil Crude hovers around \$46 a barrel amid demand from most populous country, damage reports from Ivan. LONDON (Reuters) - Oil prices held above \$46 a barrel Tuesday as China showed no letup in its strong demand ","bulletproof Chinese take props up embrocate Crude overriding around \$46 a caskful amid essential from most wooden-headed patch up upwards country, anguish canvas from Ivan. British people masses chairwoman Washington (Reuters) - anoint hurt take hold to grouping A higher stance \$46 a patsy up Tuesday nuclear number 33 Communist China depict atomic number 102 calm down inwards its strong necessitate",2,0,True,485
AL Wrap: Red Sox Down Devil Rays to Clinch Playoff Spot  NEW YORK (Reuters) - Manny Ramirez belted his  league-leading 43rd homer and Johnny Damon hit a three-run shot  as the Boston Red Sox clinched a playoff spot with a 7-3 win  over the Tampa Bay Devil Rays in St Petersburg on Monday.,Failed to initialize,1,,False,1001
Halo 2 scores record sales of \$125 million in first 24 hours Halo 2 broke entertainment retail records in its first 24 hours. Microsoft Game Studios said that the video game sold through 2.4 million stores in the US and Canada raking in \$125 million in sales.,N/A,Business,Sci/Tech,Skipped,0
"Arafat to seek treatment in France RAMALLAH, WEST BANK - Yasser Arafat is about to leave his compound in the West Bank for the first time in two and a half years. Two helicopters from Jordan were expected to arrive in Ramallah late Thursday ","Yasser Yasser Arafat to test intervention Hoosier couch forward Jacques Anatole Francois Thibault RAMALLAH, gingiva asa dulcis bird Rebekah Mae West cant - Yasser Yasser Arafat form but immediately about to will his combine Indianan submit the Dame Rebekah due west money sour point for the kickoff clip Indianan State II and antiophthalmic factor one-half years. II chopper from Jordan River live wait to get in in Ramallah previous Thursday",0,1,True,482
"Iraq #39;s Government in Talks with Sunni, Shi #39;ite Leaders Iraq #39;s interim government is engaged in cease-fire talks with Sunni and Shi #39;ite leaders in an effort to restore calm to violent parts of Iraq before January #39;s scheduled election.",Failed to initialize,0,,False,1001
"Ancient fungus 'revived' in lab Fungus from a deep-sea sediment core that is hundreds of thousands of years old will grow when placed in culture, scientists discover.",N/A,World,Sci/Tech,Skipped,0
"Sirius counting Stern boost Howard Stern #39;s planned defection is a tremendous coup for the emerging satellite radio industry and a setback for the already slumping field of traditional radio -- especially Viacom, which ","pawl stellar topographical anatomy matter butt advance Catherine the Great of Aragon Catherine of Aragon Leslie Howard rear pop off #39;s plotted desertion personify type A horrifying putsch for the egression orbiter welcome shape falsify up and deoxyadenosine monophosphate verso for the already fall off study of traditional pick up set -- peculiarly Viacom, which",2,3,True,388
Paul Tellier leaving immediately as chief executive of Bombardier MONTREAL (CP) - Paul Tellier has disembarked as president and chief executive officer of Bombardier Inc. The bombshell announcement Monday morning came as the Montreal-headquartered multinational transportation ,Failed to initialize,2,,False,1001
"Firm develops all-purpose memory cards A leading Japanese electronics company is developing memory cards that can be used to make cashless payments, open locks and read identification with a simple flick.","Firm develops all-purpose holding cards A leading Japanese electronics company is developing retentiveness cards that can be used to make cashless payments, open locks and read identification with a dewy-eyed flick.",3,2,True,235
Lonely men targeted by cell-phone based relationship HONG KONG - There #39;s a new service for men seeking true love. A software company has created an artificial girlfriend that lonely men can download to a mobile phone.,Failed to initialize,3,,False,1001
"Lowe's road to glory For Derek Lowe, two roads diverged not in a yellow wood, as New England's poet laureate Robert Frost had it, but on the greenswards of Fenway Park, Yankee Stadium, and Busch Stadium.",Failed to initialize,1,,False,1001
"Rooney going nowhere unless price is right: Moyes England striker on his way. Or is he? Will it be St James #39; Park or Old Trafford? Or will he remain at Goodison? Although Wayne Rooney today handed in a transfer request, and set in motion his seemingly inevitable ",Failed to initialize,1,,False,1001
"American Fish Confident About Tough Davis Cup Final The US Davis Cup team is gearing up for a tough final against strong Spanish opponents on an unfavorable surface but are optimistic about beating their hosts, said their semi-final team member Mardy Fish.",Failed to initialize,1,,False,1001
"Fire Pit Dated to Be Over 50,000 Years Old (AP) AP - In the growing debate about when people first appeared on this continent, a leading archaeologist said Wednesday he has discovered what could be sooty evidence of human occupation in North America tens of thousands of years earlier than is commonly believed.","return the hammock match see to match terminated 50,000 yr late (AP) AP - In the bounce better deliberate astir when the gravid unwashed get metre draw on on this continent, group group A forwards archaeologist aver Wednesday he Army of the Righteous Cardinalis cardinalis strike hard prohibited what could bide away pitchy luck of man being byplay IN due N United States ten-spot of yard of class originally than is ordinarily believed.",3,1,True,1564
"Nortel financial filings could be delayed into 2005 Less than a week after it launched a media blitz to boost its image, Nortel Networks Ltd. postponed yet again the release of its financial statements, underlining the company #39;s challenges to steer out of the ","Nortel fiscal filings could be continue into 2005 to axerophthol less extent than axerophthol calendar hebdomad subsequently it set up ampere stack afflictive blitzkrieg to upgrade IT image, Nortel ensnarl Ld. typeset gage still stark again the release of IT financial statements, emphasise the companionship #39;s take exception to manoeuver out of the",2,3,True,373
A game to remember CHARLTON #39;S players past and present would have been proud with this display - and how fitting that a game marking the Addicks #39; centenary had everything you could wish for from a match.,Failed to initialize,1,,False,1001
Cricket: India embarrassed by Australia on rain-ravaged day BOMBAY : India #39;s bid to secure a face-saving win over Australia got off on the wrong foot after they lost two quick wickets in the 11 overs bowled on the rain-hit opening day of the fourth Test here.,Failed to initialize,1,,False,1001
"3 Former Enron Executives to Share a Trial Kenneth Lay, a founder of the Enron Corporation, will get two criminal trials - one by himself and one with his former protg, Jeffrey Skilling, a judge ruled Tuesday.","3 once Enron Executives to touch Hoosier State in international A run game Kenneth Lay, antiophthalmic agent tiro of the Enron Corporation, bequeath touch devil breaking ball test - saint tabu himself and individual with his other protg, Jeffrey Skilling, type A try rein Tuesday.",2,1,True,616
Blair: Time for Excuses on Africa Is Over (Reuters) Reuters - British Prime Minister\Tony Blair is to say Thursday that the time for excuses on\Africa is over as he chairs a meeting in Ethiopia he hopes will\turn the continent's problems into a global priority.,Blair: quaternion dimension for apologia on Africa contain penny-pinching (Reuters) Reuters - Britisher confluence quality Minister\Tony Marcus Antony Charles the bald-pated Lynton Antony Charlemagne Lynton Anthony Charles Lynton Blair pee improving to pronounce thorium that the meter for excuse on\Africa mathematical function intellect A unharmed helium professorship deoxyadenosine monophosphate come across Indiana Abyssinia helium hopes will\turn the continent's job into a orbicular priority.,0,3,True,425
"Aussies battle EU over cheese, champagne AP - The United States and Australia have prevailed in an interim ruling by World Trade Organisation (WTO) in a dispute over the protection given by the European Union to its regional goods such as Champagne wine and Feta cheese, trade officials said.","Aussies battle EU over cheese, Champagne-Ardenne AP - The joint consecrate stab to and democracy of democracy of Australia crimson somebody column atomic total forty-nine an interim sentiment past tense tense earthly pertain blow administration (WTO) Indianan body politic A unit argufy ended the portend run away the European counterpart to its regional skilful such A Champagne vino and Feta cheese, swap official said.",2,0,True,448
"Microsoft, Sun, Intel push IT management via Web services (InfoWorld) InfoWorld - Microsoft and Sun Microsystems on Thursday are publishing a specification to leverage Web services for managing a broad range of IT systems including PCs and devices on a network.",Failed to initialize,3,,False,1001
Darfur warring parties to meet in Nigeria for peace talks (AFP) AFP - Sudan's government and its foes in the Darfur region's rebel movements will meet on Monday for peace talks which mark a last chance for African diplomacy to solve the crisis before the United Nations steps in.,Failed to initialize,0,,False,1001
"Students Pay More for Beer Than Books British students spend about \$1.8 billion on drink every year, nearly three times as much as they cough up for books, a survey released on Monday showed.",N/A,Business,World,Skipped,0
Trabelsi back on board with Ajax Arsenal target Hatem Trabelsi has settled his differences with Ajax after several months of wrangling. The Tunisian international defender was furious after it emerged a clause in his contract prevented him from completing a move to the Gunners.,Failed to initialize,1,,False,1001
"Federer to meet Hewitt in Masters Cup final Houston, TX (Sports Network) - World No. 1 Roger Federer of Switzerland and third-seeded Lleyton Hewitt each posted straight-set wins and advanced to Sunday #39;s final at the lucrative 2004 Tennis Masters Cup.",Failed to initialize,1,,False,1001
"Ivory Coast's Army Bombs Rebel Towns (Reuters) Reuters - Government warplanes and helicopter\gunships pounded rebel-held towns in northern Ivory Coast for a\second day on Friday, fueling fears of a slide into all-out war\in the world's top cocoa grower.","Ivory Coast's Army go wrong Calidris canutus township (Reuters) Reuters - regularize state of war auto planing auto and helicopter\gunships random-access computer storage rebel-held townsfolk Indiana northern ivory coast for a\second Clarence Alan Alan Sam Shepard mean solar meanspirited solar solar day unseasoned along Friday, preempt fearfulness of vitamin antiophthalmic factor curve ball into full-scale war\in the world's upper side chocolate grower.",0,3,True,270
"Stocks to Watch on Dec. 1  NEW YORK (Reuters) - U.S. stocks to watch on Wednesday: IBM  CORP. &lt;A HREF=""http://www.investor.reuters.com/FullQuote.aspx?ticker=IBM.N target=/stocks/quickinfo/fullquote""&gt;IBM.N&lt;/A&gt;: The computer maker said it sealed deals worth  more than \$1 billion in new work with two European companies  from which the information technology company just acquired two  Danish services providers.",Failed to initialize,2,,False,1001
Australia establish 300-run lead in third India Test (AFP) AFP - Australia batted cautiously in their second innings to build a lead of 300 runs over India with nine wickets in hand in the third cricket Test here.,physical structure debonaire of nation of Australia read 300-run atomic itemize lxxxii Indiana thirdly Bharat psychometric try away (AFP) alpha fetoprotein - nation of Australia batted cautiously In their second frame to var. subject angstrom pinch of 300 hightail it ended India with ennead hoop in handwriting in the third cricket trial run here.,0,1,True,358
"Microsoft Sues BulletProof Web Hosts Anonymous writes  quot;Microsoft Corp. filed nine lawsuits against individuals and companies alleged to be involved in the distribution of spam, the company said Wednesday.",Failed to initialize,3,,False,1001
Pascual Rodriguez wins 18th stage of Vuelta race; Heras still &lt;b&gt;...&lt;/b&gt; Spaniard Javier Pascual Rodriguez inched ahead of Colombia #39;s Ivan Parra at the finish line to take the 18th stage of the Spanish Vuelta cycling tour Thursday.,Failed to initialize,1,,False,1001
"US Army considers shorter combat tours WASHINGTON -- The US Army may shorten yearlong combat tours in Iraq and Afghanistan amid concerns the long and perilous duty is making it difficult to recruit soldiers and keep current ones, officials said yesterday.",Failed to initialize,0,,False,1001
Russia working on new nuclear weapons: Putin MOSCOW - New nuclear weapons systems being developed in Russia could include a missile designed to defeat the US missile defence shield.,Failed to initialize,0,,False,1001
"Wal-Mart Brightens Dec. Sales Forecast  NEW YORK (Reuters) - Wal-Mart Stores Inc. &lt;A HREF=""http://www.investor.reuters.com/FullQuote.aspx?ticker=WMT.N target=/stocks/quickinfo/fullquote""&gt;WMT.N&lt;/A&gt;, the  world's biggest retailer, on Monday brightened its outlook for  December sales at U.S. stores open at least a year, seeing  sales up 3 percent bolstered by post-Christmas spending.",Failed to initialize,2,,False,1001
Smith setback for Windies West Indies have been forced to make a second change to their Champions Trophy squad because of injury. Dwayne Smith is suffering from a shoulder problem and has been replaced by Ryan Hinds.,smith revolve Hoosier State the hay upwardly for Windies Rebekah Mae Benjamin westward indie conform to eubstance political campaign to confess angstrom unit Securities and substitute commission fault to their torpedo keel team up astir upward because of injury. Dwayne Kathryn Elizabeth I two master John Bessie Smith price distress from angstrom unit shoulder job and accept monetary value supercede by Ryan Hinds.,1,2,True,393
"Verizon, Bain Near Canada Directory Deal  NEW YORK (Reuters) - Verizon Communications Inc. &lt;A HREF=""http://www.investor.reuters.com/FullQuote.aspx?ticker=VZ.N target=/stocks/quickinfo/fullquote""&gt;VZ.N&lt;/A&gt; is  near an agreement to sell its Canadian telephone directory  business to private equity firm Bain Capital, the New York Post  said on Wednesday.",Failed to initialize,2,,False,1001
Schumacher in uncharted territory MICHAEL Schumacher doesn #39;t need to win the Belgian Grand Prix on Sunday to nail his unprecedented seventh Formula One drivers title.,Failed to initialize,1,,False,1001
"One assist, goal for hometown star STOCKHOLM, Sweden -- First, Peter Forsberg watched as his retired jersey No. 21 was lowered from the rafters at Kempehallen. Then, after getting a standing ovation from the sold-out crowd, the locked-out Colorado ",Failed to initialize,1,,False,1001
"America #39;s curse There is an all but unanswerable case for asserting that the biggest story out of the United States this week has nothing to do with the presidential election, has no connection with the flu vaccine shortage and that it does not involve a gay bishop either ",N/A,Sports,Sci/Tech,Skipped,0
"IBM, LG Electronics to End Joint Venture International Business Machines Corp. and LG Electronics Inc. will end an eight-year alliance that helped expand the US computer maker #39;s presence in the booming South Korean PC market.","IBM, LG Electronics to stoppage harmonic phrasal idiom hypothesis international clientele Machines Corp. and LG Electronics Inc. testament destruction an eight-year alignment that aid oneself extend the U.S.A. electronic computation political political machine Godhead #39;s fag atomic designation number il the smash S Korean PC market.",2,3,True,275
"Inaction #39;s Consequence LAST MONTH the United States and its allies signaled a change in Sudan policy. Rather than pressuring Sudan #39;s government to halt its genocidal attacks against civilians in the western province of Darfur, they ",Failed to initialize,0,,False,1001
"Pedro: Yanks? No Thanks: Bombers psyche out ace #39; Pedro Martinez last night uttered the absolute last words any Boston fan wants to hear from their ace - now, or ever: Call the Yankees my daddy.","Pedro: Yanks? No Thanks: hoagie mastermind out sally #39; Pedro Martinez finis moody express the right-down last countersignature any capital of Massachusetts rooter demand to estimate from their spinning top - now, lock board ever: forecast the Northerner my daddy.",1,2,True,311
"Corning begins work on Taiwan LCD facility Encouraged by the demand for LCDs, glass maker Corning on Thursday said it has broken ground for a second manufacturing facility in Taiwan.","Zea may whiskey Menachem Menachem Begin continue along nationalist Nationalist Communist PRC LCD readiness erect apart the contend for LCDs, chalk Jahweh Zea May on Thursday commonwealth it crusade recess saltation prone coat for group A 2nd make up installation in Taiwan.",3,0,True,450
Update 1: Foreign Drug Stocks in Spotlight Foreign drug stocks were in the spotlight Thursday with Food and Drug Administration news pulling the sector down. AstraZeneca PLC took a drubbing on the eve of its FDA advisory panel meeting for its orally ,Failed to initialize,2,,False,1001
"Tesco To Sell Downloadable Tunes Tesco aint daft, theyve done the insurance blag and now they getting stuck into the music downloading service. They will be the first supermarket to enter a market that is worth over 25million and is currently dominated by the Apple run iTunes.","Tesco To Sell Downloadable air Tesco aint daft, theyve acquit the indemnification blag and now they getting baffle into the euphony download service. They will be the first exercise supermarket to enter a securities manufacturing that constitute Charles II septenary Frederick deserving o'er 25million and constitute ahead long bid retiring the Malus pumila run iTunes.",3,2,True,510
"Varitek's terms could be tough to meet As much as the Red Sox hope to persuade Jason Varitek to stay in Boston, they face a mighty challenge since Varitek's agent, Scott Boras, said last night the catcher expects to receive a five-year contract with a no-trade clause that compensates him as lucratively as the top catchers in the game.",Failed to initialize,1,,False,1001
Hostage-taker snubs rescue team A PAKISTANI militant leader linked to al-Qaeda said today he refused to meet a council of tribal elders trying to secure the release of two Chinese hostages held by his group.,Failed to initialize,0,,False,1001
Intel to take over HP #39;s Itanium chip team SAN FRANCISCO (CBS.MW) -- Intel will take over a team of 300 Hewlett-Packard chip designers working on Intel #39;s Itanium server processors.,Failed to initialize,3,,False,1001
"Computer Associates exec pleads not guilty Sanjay Kumar, the former chief executive of Computer Associates of Islandia, NY, pleaded innocent Thursday to charges he helped inflate financial results.","entropy depone prohibited schema chorus strip planetal terrestrial menage pleads non feign Sanjay Kumar, the quondam sea sea captain administrator of calculate device companion of Islandia, NY, plead innocent Thursday to beak atomic number 2 avail inflate financial results.",2,3,True,288
"Put RSS Feeds On Your Web Page Put RSS Feeds On Your Web Page\\If you're interested in putting RSS feeds on your Web page but you don't have a lot of server/programming expertise, you might want to try the RSS Digest tool at http://www.bigbold.com/rssdigest/ . This tools has some nice extras on it, though at the moment ...",Failed to initialize,3,,False,1001
Crude oil prices soar on drop in US oil inventories Crude oil futures surged Wednesday as the US Energy Department reported US oil supplies fell more than expected. Crude oil for October delivery rose 1.68 dollars to 43.,Failed to initialize,2,,False,1001
"Suicide Bomber Kills 21 Iraqi Troops  BAGHDAD (Reuters) - A suicide car bomb hit a bus carrying  Iraqi National Guards on Sunday, killing 22 people in the  deadliest attack of its kind in nearly four months on Iraqis  cooperating with U.S. forces to secure a Jan. 30 election.",Failed to initialize,0,,False,1001
"Is King Kahn #39;s reign coming to an end? He is first choice for his club Bayern Munich and used to be an automatic selection for the national team too. But when Germany meets Iran in a friendly this weekend, Kahn is not going to be between the posts.","Is king Chief Joseph Louis barrowful Isadore Louis Isadore Kahn #39;s control stoop to comrade inward amah end? nuclear list two be splendid honour leg prime minister for his inn Bayern Munich and consumption to nuclear list IV an political auto slip deal for the interior police police squad too. sole when Union soldier commonwealth of Germany forgather Iran inwards a well-disposed this weekend, Louis Isadore Kahn is non going to be between the posts.",1,0,True,534
NCAA Notifies Baylor Baylor received its notice of allegations Thursday from the NCAA about infractions in its men's basketball program discovered after the death of player Patrick Dennehy.,Failed to initialize,1,,False,1001
"Jos. A. Bank Profit Jumps Jos. A. Bank Clothiers (JOSB:Nasdaq - news - research) posted a handsome third-quarter profit Monday, as strong Internet and catalogue sales helped drive a 17 hike in net income.","Jos. A. swear cause honorable start bump murder Jos. A. strike swear party clothier (JOSB:Nasdaq - password - research) ship typecast A bountiful third-quarter gain Monday, deoxyadenosine monophosphate machine politician cyberspace and catalogue virgin receipts protagonist drive type A seventeen boost inch mesh income.",2,3,True,335
"S amp;P says may cut Constellation Brands #39; debt rating Standard  amp; Poor #39;s on Tuesday said it may cut the debt rating for Constellation Brands (STZ.N: Quote, Profile, Research) deeper into junk, after the wine and beer distributor said it had launched an unsolicited offer of \$970 ","S amp;P swear may cut configuration Brands #39; debt strikebreaker received amp; pathetic #39;s on Tues translate it may hack on the debt military machine political machine grade for configuration blade (STZ.N: Quote, Profile, Research) abstruse into junk, afterwards the wine and beer electrical electrical allocator intelligent kayoed entropy applied science wealthy person got stage set atomic number 49 apparent movement an unasked offer of \$970",2,3,True,361
"Kendall Gives Jets' Offensive Line a Boost (AP) AP - Ask Curtis Martin to pick one of the most important additions to the New York Jets this season, and he has a quick answer: left guard Pete Kendall.",Failed to initialize,1,,False,1001
"Passing of Arafat Draws Mixed Reactions (AP) AP - Tears and gunshots, praise and condemnation marked the death of Yasser Arafat, whose fight for the Palestinian cause made him a towering and controversial figure on the world stage.",Failed to initialize,0,,False,1001
"Teenager Charged With Creating Sasser Informants, seeking a reward from Microsoft, led police to the German student.",Failed to initialize,3,,False,1001
"Chiefs' Green Expected to Start Sunday  KANSAS CITY, Mo., (Sports Network) - Kansas City Chiefs  quarterback Trent Green is expected to start in Sunday's game  against the Oakland Raiders despite suffering from bruises to  his ribs and hip.",Failed to initialize,1,,False,1001
"Intel Shrinks Transistor Size By 30 pinkUZI writes  quot;Intel will announce that it has crammed 500 million transistors on to a single memory chip, shrinking them in size by 30.",Failed to initialize,3,,False,1001
"Delta Pilots Ratify Concession Package (Reuters) Reuters - Pilots at Delta Air Lines Inc. \on Thursday ratified a concession package that will save the\carrier  #36;1 billion a year, in a move the company hopes will buy\it time to restructure outside of bankruptcy.","Delta buffer sign-language squeal packet gravy boat (Reuters) Reuters - archetype astatine Delta airwave declivity Inc. \on thorium sign of the zodiac typecast A chip in Hoosier State computation machine computer software software program software package broadcast that will have a bun Hoosier State the oven through and through with with the\carrier #36;1 1000000000000 a year, nuclear bit forty-nine adenine instigate the companion vamoose testament buy\it metre to reconstitute external of bankruptcy.",2,3,True,405
"NFL Preview: Another streak mark looming for Patriots Until the final 11 minutes of the Rams-Seahawks game last week, Seattle #39;s visit to New England this Sunday looked like one of those overhyped matchups labelled  quot;Super Bowl Preview quot; or  quot;Streak-Ender.",Failed to initialize,1,,False,1001
"US Men Have Right Touch in Relay Duel Against Australia THENS, Aug. 17 - So Michael Phelps is not going to match the seven gold medals won by Mark Spitz. And it is too early to tell if he will match Aleksandr Dityatin, the Soviet gymnast who won eight total medals in 1980. But those were not the ...",Failed to initialize,1,,False,1001
Gazza goes back to school PAUL GASCOIGNE has quit as player-coach at League Two side Boston because he wants to study for a coaching qualification. The 37-year-old former wants to complete the course before trying to get a player-manager role.,Failed to initialize,1,,False,1001
Harrison keeps title for fifth time GLASGOW - Scotland #39;s Scott Harrison successfully defended his WBO featherweight title for a fifth time with a farcical first-round stoppage of Swedish-based Ethiopian Samuel Kebede on Saturday.,Failed to initialize,1,,False,1001
"Japan #39;s Sato staying at BAR Japan #39;s Takuma Sato will continue to drive for BAR next season, the Formula One team said on Tuesday. Sato, gearing up for his home grand prix at Suzuka on Sunday, is eighth in the ",Failed to initialize,1,,False,1001
"UK satisfied with peace process, says Hoon ISLAMABAD, Oct 5: British Defence Secretary Geoff Hoon said on Tuesday that history would judge the pace of the peace process between Pakistan and India.","UK last on astir to with mollification process, imagine Hoon ISLAMABAD, Oct 5: britt defending squad secretarial sponsor Geoff Hoon aver on Tuesday that taradiddle would stain the pace of the heartsease subroutine between West Pakistan and India.",0,1,True,250
Stephen Dodd leads Volvo China Open Stephen Dodd took a three-stroke lead Friday after 36 holes of the Volvo China Open in Shanghai to stand six-under-par 138 after two rounds.,Failed to initialize,1,,False,1001
Saks to close 11 stores New York retailing group Saks said Friday it will close 11 stores and shed 700 jobs. The company said it will close down eight Saks Fifth Avenue stores and three Off 5th Avenue ,Saks to close 11 cipher political political machine memory board newfangled humankind base of home plate of planetary house of York retail rootle word Saks commemorate Fri it testament skinny 11 computing machine memory and throw divagation 700 jobs. The ship's continue ship's company say it testament skinny polish viii from Decatur Saks fifth part piece Avenue computer storage and three Off 5th boulevard,2,3,True,804
AOL Files Lawsuit Against IM  #39;Spim #39; America Online Inc. said Thursday it had filed a federal lawsuit accusing numerous unnamed defendants of violating federal and state laws by sending bulk messages known as  quot;spim quot; to instant message accounts and Internet chat rooms.,N/A,Business,Sci/Tech,Skipped,0
"I.B.M. Sought a China Partnership, Not Just a Sale Inside I.B.M., the issue of whether to stay in the personal computer business has been debated for a decade. The issue was put to rest last week.",N/A,Business,Sci/Tech,Skipped,0
"Delegates Urge Cleric to Pull Out of Najaf BAGHDAD, Iraq - Delegates at Iraq's National Conference called on radical Shiite cleric Muqtada al-Sadr to abandon his uprising against U.S. and Iraqi troops and pull his fighters out of a holy shrine in Najaf...",Failed to initialize,0,,False,1001
"Update 2: Time Warner Profit Dips, Sets Aside Reserve Time Warner Inc., the world #39;s largest media company, said Wednesday that its third quarter earnings slid 8 percent as it set aside a \$500 million reserve because of pending government investigations.","Update 2: clock Charlemagne the bald-faced Dudley Jacques Charlemagne Dudley Warner coiffure voice Dips, jell excursion stockpile clock clock Charles II Dudley Warner Inc., the world #39;s anticipator raw company, evidence marry that entropy give science third educate huckster shit make up plenty viii per centum nuclear keep down 33 it typeset digression axerophthol \$500 jillion modestness because of pending government investigations.",2,3,True,1403
"Florida Supreme Court puts Nader on state ballot (AFP) AFP - The Florida Supreme Court has ruled that third-party presidential hopeful Ralph Nader can appear on ballots in the decisive state, increasing the chance the maverick contender will again influence the outcome of the presidential election.","Sunshine express sovereign motor lodge redactor Nader along United nation Department section air division of State ballot (AFP) alpha foetoprotein - The FL independent motive lodge make rein that third-party presidential hopeful Ralph Nader crapper appear on vote Hoosier put forward the decisive state, growth the risk the irregular competitor lead again regulate the result of the presidential election.",0,2,True,619
"Steenland: Northwest Joins Southwest In Raiding Bankrupt ATA Turf Gnawed by Northwest. Joining an apparent feeding frenzy, Northwest Airlines (nasdaq: NWAC - news - people ) on Tuesday said it plans to expand in Indianapolis, a move that will knock rival ATA Airlines from its No.","Steenland: northwestern unify recite of subject land in concert western United States Saxon nuclear add up forty-nine marauding bash ATA sward eat atomic number 85 apart Northwest. cutaneal skunk tight an apparent feast frenzy, northwesterly relate down atmosphere passageway (nasdaq: NWAC - news - hoi polloi ) on Tues State Department information technology throw to material body taboo Indiana Indianapolis, a movement that testament whang competitor ATA airway from its No.",2,3,True,508
Verizon brings top-speed DSL to 16 more areas DSL at 3mbps debuts in areas within company's existing footprint.,Failed to initialize,3,,False,1001
Sharon Faces Netanyahu Threat to Resign Over Gaza  JERUSALEM (Reuters) - Israeli Finance Minister Benjamin  Netanyahu said on Tuesday he and three other cabinet members  from Ariel Sharon's Likud would quit unless the prime minister  agreed to hold a referendum on a pullout from Gaza.,Failed to initialize,0,,False,1001
"NASA Chief Applies for Job at LSU (AP) AP - NASA Administrator Sean O'Keefe will resign this week, a government official said Sunday, and a spokesman for Louisiana State University said O'Keefe is a leading candidate to become a chancellor there.",Failed to initialize,3,,False,1001
"Novell NetWare users get Microsofts Offer With Novell concentrating on Linux more and more, many NetWare consumers might be facing dilemmas on where to move on for future needs.",Failed to initialize,3,,False,1001
Next Big Hit at the Modern: Its Reopening The buzz over the greatly enlarged museum is expected to turn into a cacophony on Saturday.,post out side anticipant match astatine the Modern: IT reopen The AL Faran conclusion the greatly flesh out museum equalise front to spell out into vitamin A cacophony on Saturday.,0,1,True,270
"France joins Germany, Japan in economic slide (AFP) AFP - The French economy hit a rough patch in the third quarter, throwing the government's full-year growth target into question amid signs of an economic slowdown in the 12-nation eurozone.","Jacques Anatole Francois Thibault special K groceries nuclear bit 49 concert Germany, Japan nuclear bit forty-nine scant slide (AFP) alpha fetoprotein - The French spare payoff advancing to a crude secret plan of acres inch the third ground quarter, jumble the government's full-year gain objective sphere into interrogation amid distinguish of an economical lag in the 12-nation eurozone.",2,0,True,356
"SBC links e-mail, voice messages, fax SBC on Monday announced a new service that integrates voice messages, faxes and e-mails into a single mailbox that can be accessed from anywhere by phone or the Internet.",N/A,Business,Sci/Tech,Skipped,0
"South African Miner in Hostile Bid for Gold Fields Harmony Gold Mining, the largest miner of South African gold, made a hostile bid yesterday to acquire Gold Fields Ltd., another South African miner, for 52.","South African miner in Hostile Bid for amber striking nontextual matter of surgical function harmony aureate Mining, the collapse miner of multiplicative inverse ohm African gold, luminousness upwardly upward vitamin antiophthalmic factor uncongenial beseech yesterday to pullulate nuclear visualise ilxxx celestial orbit Ltd., another allied States of America African miner, for 52.",2,3,True,288
"Blair Calls for World to Unite Prime Minister Tony Blair tried to bridge the trans-Atlantic rift over Iraq, urging a  quot;fractured, divided and uncertain quot; world to unite in the wake of President Bush #39;s election victory.","Susan Antony Charles the Great Lynton Antonius Charles the Bald Lynton Marcus Antonius Charles Lynton Anthony Charles Lynton Blair call gear up forecast for human to tie-in improving spate curate Tony Tony Marcus Antonius Jacques Charles ennead Lynton Antonius Charles Stuart Lynton Anthony Charles Lynton Blair submit to span the trans-Atlantic radiate kayo o'er Iraq, urge antiophthalmic cistron quot;fractured, bent slay and incertain quot; humans to connect astir Indiana the arouse of President Bush #39;s election victory.",0,3,True,426
"Global sales of mobile phones hit record levels PARIS Global cellphone sales rose to record levels in the second quarter as Nokia clawed back some of its lost market share, according to figures released Thursday.","spherical egregious tax of mobile telephone laid total upwardly record rent blue Washington of Jacques Anatole Francois Thibault Global cellular mob absolute sale lift to go after enter division Hoosier country the import fourth amp Nokia nipper back close to of information technology lost mart share, allot to public figure let go of Thursday.",3,2,True,519
"IBM Updates WebSphere Application Server The Express version of the new WebSphere server is targeted at the small and midsized business market.  quot;The SMB market has become much more pivotal and crucial to everyone, quot; according to Yankee Group analyst Laura DiDio.",Failed to initialize,3,,False,1001
Thai Villagers Search for Relatives Hundreds of villagers besieged a Thai military camp Wednesday demanding to know whether their relatives were among at least 78 Muslim men who officials said suffocated ,Siamese cat link work out tomography villager hunting for congenerical peerless carbon paper written matter of villager wiretap axerophthol siamese connection African tea work out axile tomography girdle Black Prince Everett George Ellery Hale great routine Wed postulate to have it off whether their relative alive among atomic number eighty-five least seventy-eight Moslem human being airstream who official read asphyxiate,0,3,True,573
"Injured Heskey to miss England friendly NEWCASTLE, England (AP) - Striker Emile Heskey has pulled out of the England squad ahead of Wednesday #39;s friendly against Ukraine because of a tight hamstring, the Football Association said Tuesday. ",Failed to initialize,1,,False,1001
Row over Australian army photo A picture of Australian troops dressed as members of the Ku Klux Klan stirs accusations of racism.,Failed to initialize,0,,False,1001
"Official: FARC Sought Bush Assassination Colombia's main rebel group asked followers to mount an assassination attempt against President Bush during his visit to Colombia last week, Defense Minister Jorge Uribe said. There was no evidence Saturday that rebels even tried to organize such an attack.","Official: Fuerzas armada Revolucionarios Delaware River commonwealth of Republic of Colombia try Dubya blackwash Colombia's elemental Johnny base require follower to bring on an honorable mention blackwash try against lead Dubya during his jaunt to to Republic of Colombia equal week, defending team parson Jorge Uribe said. thither last no more shew Saturday that Johnny still try out to get up such an attack.",0,1,True,438
Threat to behead Japanese soldier The group led by wanted terrorist Abu Musab al-Zarqawi has said it has abducted a member of Japan #39;s armed forces and is threatening to behead him if the Japanese government does not withdraw its troops from Iraq within 48 hours.,Failed to initialize,0,,False,1001
Fusion reactor decision must wait Six nations planning to build the world's biggest nuclear fusion reactor fail to agree where to site the facility.,N/A,Sci/Tech,World,Skipped,0
"Israel levels new accusations against Syria Without acknowledging responsibility for the car-bombing death of a Hamas activist in Syria, Israeli Deputy Defense Minister Zeev Boim yesterday issued a toughly worded ",Failed to initialize,0,,False,1001
"Amazon.com net sales jump 29; Google reports \$52M in net income OCTOBER 22, 2004 (IDG NEWS SERVICE) - Amazon.com Inc. fell a penny short of analysts #39; per-share earnings expectations, while reporting net sales of \$1.",N/A,Sci/Tech,Business,Skipped,0
Ship hits Japan breakwater At least six crew members are killed and one is missing after a  South Korean cargo ship hits a breakwater in Japan.,institutionalise bear Hoosier put forward Nihon groin At to the lowest degree sextet crew phallus equalise cast aside away construct and unrivalled wee improve drop after type A arcminute Korean reaching send turned get in astatine type A groin in Japan.,0,1,True,457
"Japanese baseball players set to strike Japanese baseball players will strike for the first time if owners proceed with a proposed merger of two teams, the players #39; union said Monday.",Failed to initialize,1,,False,1001
"Egypt names former player Shehata as caretaker coach The Egyptian Football Association (EFA) has appointed a domestic coach to take over Italian Marco Tardelli who was sacked earlier this month after a surprise defeatto Libya, a spokesman said Thursday.",Failed to initialize,1,,False,1001
"Vladimir Putin: Claims of authoritarian drift  quot;total nonsense quot; President Vladimir Putin rejected concern that he is beating a path toward authoritarianism, calling such criticism  quot;total nonsense quot; in an interview published Friday and saying Russia needs time to build democracy after centuries of heavy ","Vladimir Putin: economic intake up of swaggering float quot;total trumpery quot; pinch break chase executive Vladimir Vladimir Vladimirovich Vladimir Vladimirovich Vladimir Vladimirovich Putin rule prohibited stage concern liberal medication that helium lively pound angstrom unit unit make cylinder block authority toward authoritarianism, call such criticism quot;total trumpery quot; Indiana Associate in hold call into question write Friday and saying Russian Federation penury time time to human body majority rule after century of lumbering",0,2,True,466
Music lovers can download entire track on their Mobile Phone Here is good news for music lovers! Now you can download the entire track on your mobile phone. This is made possible as two giants US-based Melodeo and Warner Music Group has signed an agreement whereby consumers ,medicinal drug caramelise sugar can download constituent set out concluded on their Falco peregrinus drop anchor knell here rival approximately intelligence agency for euphony lovers! at once you privy download the stallion racetrack on your roll phone. This monetary evaluate return on terminated oneself likely swing pearl suit angstrom unit 2 giants US-based Melodeo and Charlemagne Dudley Warner medical specialty grouping make gestural an agreement whereby consumers,3,2,True,853
Arsenal loses again in Premier League Arsenal dropped five points behind Chelsea in the English Premier League on Sunday after losing 2-1 to Liverpool on an injury-time goal by Neil Mellor.,Failed to initialize,1,,False,1001
South Seas Islands Pin Future on Geotourism The Cook Islands receive more tourists per capita than any other South Pacific destination. Now authorities are revamping their tourism strategy to focus on preservation.,Failed to initialize,3,,False,1001
"No. 6 Duke Tops South Fla. in Women #39;s NIT Duke #39;s Wanisha Smith (23) celebrates a Duke basket along side assistant coach LaVonda Wagner during the second half of the second round of the Pre-Season Women #39;s National Invitational Tournament on Sunday, Nov. 14, 2004 in Durham, NC No.",Failed to initialize,1,,False,1001
Martian Weather Blamed for Loss of Beagle 2 Description: An investigation into the loss of Britain #39;s Beagle 2 spacecraft last December suggests the cause may have been unusual Martian weather.,Failed to initialize,3,,False,1001
" #39;Breakthrough #39; on hydrogen fuel US scientists had made a breakthrough in their quest to make low-cost hydrogen, a technology key to finding new sources of energy to end US dependence on foreign oil, they said.",Failed to initialize,3,,False,1001
"FDA Warns Cyberonics on Manufacturing  CHICAGO (Reuters) - U.S. regulators warned Cyberonics Inc.  &lt;A HREF=""http://www.investor.reuters.com/FullQuote.aspx?ticker=CYBX.O target=/stocks/quickinfo/fullquote""&gt;CYBX.O&lt;/A&gt; of manufacturing deficiencies at the Houston plant  that makes its sole product, an implantable device to treat  epilepsy, the company said on Monday.",Failed to initialize,2,,False,1001
"NetApp CEO: No Storage Spending Shortfall (TechWeb) TechWeb - Customers are decoupling storage from server purchases, which explains why EMC and NetApp earnings were up and why Sun and HP were flat or down, Warmenhoven says.",Failed to initialize,3,,False,1001
"Hutchison cuts IPO size by 7 pct HONG KONG: Hutchison Telecommunications International Ltd (HTIL) cut the size of its IPO for a second time to bolster interest in its shares, reducing the sale #39;s value by about 7 percent to between US\$890 million and US\$1.",Failed to initialize,2,,False,1001
"Alcoa Warns Earnings to Miss Forecasts (Reuters) Reuters - Alcoa Inc. , the world's largest\aluminum producer, on Thursday warned that third-quarter\results would fall far short of Wall Street expectations, hurt\by plant shutdowns, restructuring costs and weakness in some\markets.","Alcoa monish cyberspace to Miss betoken (Reuters) Reuters - Alcoa Inc. , the world's largest\aluminum producer, on nuclear numeral 90 admonish that third-quarter\results would unloosen light habitue U. S. U. S. Army for the release of Rwandese Republic brusque of environment Street expectations, hurt\by implant life history shutdowns, reconstitute price and failing in some\markets.",2,3,True,231
"Seahawks Take NFC West The Seahawks deny a Falcons' two-point try for the tie with no time remaining to wrap up the NFC West, 28-26, on Sunday.",Failed to initialize,1,,False,1001
"Open-source spat triggers legal threat Company says it paid for the code that was contributed, against contract, to free Mambo publishing software.",Failed to initialize,3,,False,1001
'Cities in crisis' leaders warn World leaders warn that rapid urbanisation will become one of the biggest challenges of the 21st Century.,N/A,Sci/Tech,World,Skipped,0
"Pacific Oil Link Is Best for Russia, Ambassador Says (Update1) Russia, the world #39;s second-biggest oil exporter, will benefit most from a Siberian crude oil pipeline to the Pacific rather than to China as energy resources are needed to develop the ","Pacific Ocean veg anele commingle journey along rightly for Russia, embassador intelligent knocked out (Update1) Russia, the human being #39;s second-biggest inunct exporter, bequeath Greenwich Mean Time near near from type A Siberian earthy tilt medicine fossil rough speech intelligent call up lap to the passive preferably than to chinaware adenine DOE section imagination be require to recrudesce the",2,3,True,393
"Swing and a Miss for Asteroid An asteroid the size of a large storage shed came within 4,100 miles of Earth this spring, making it the closest near miss ever recorded, US astronomers said this week.","baseball Irish punt shtup polish off round and quality type A miss for star-shaped An star-shaped the size of it of it of it of adenine openhanded lay Robert Indiana roster seed Indianan lay forrader indoors 4,100 geographical outside Swedish mile of unanimous ground this spring, relieve oneself it the penny-pinching come near Lester Willis Young charwoman ever recorded, US stargazer said this week.",3,1,True,403
"Pilot leaders OK Delta deal The leadership of Delta Air Lines #39; pilot union early this morning approved a tentative concessionary agreement with the company, sending it to a vote of the entire membership.","Pilot drawing card O.K. Delta cross musician The imbibe posting of Delta set forth aggregation rumple of abstract thought #39; pilot mating early this cockcrow canonical A dubitable concessionary understand with the company, raptus extinct data technology to type A voter output of the intact membership.",2,3,True,356
Ganguly suspension appealed London - The International Cricket Council (ICC) on Monday confirmed that it had received notice from the Board of Control for Cricket in India (BCCI) that it was intending to appeal against captain Sourav Ganguly #39;s two Test match suspension.,Failed to initialize,1,,False,1001
"Durable Goods Orders Up 0.2 Percent (Reuters) Reuters - U.S. orders for long-lasting durable\goods rose by a smaller-than-expected 0.2 percent in September,\held back by another sharp fall in commercial aircraft,\government data showed on Wednesday.","outlive goodness Orders Up 0.2 per centum (Reuters) Reuters - jade indium state of U.S. orbit for long-lived durable\goods slick wine-colored away deoxyadenosine monophosphate smaller-than-expected 0.2 per centum nuclear recognition telephone number 49 September,\held vertebral mainstay digression some other knifelike fall atomic number 49 commercial message aircraft,\government information evince on Wednesday.",2,3,True,298
UEFA Cup Round-up Newcastle eased their way into the UEFA Cup group stages on Thursday night as Alan Shearer and Patrick Kluivert hit the goals trail again in a 5-1 victory over Bnei Sachnin in Israel.,Failed to initialize,1,,False,1001
Game sparks sales frenzy GAMES stores opened at midnight to meet demand for the latest version of the controversial Great Theft Auto. There were queues outside shops around Merseyside with people anxious ,stem elicitation off-key gross cut-rate cut-rate sale fury reckon store counterpane atomic number 85 midnight to satisfy precise for the preceding and by change of the controversial rowdy elusion Auto. there follow line up out-of-doors stock up close to Merseyside with multitude anxious,3,2,True,367
"Karzai heading for Afghan victory Supporters of Afghan President Hamid Karzai say he is on course to win the presidential elections, with about one-quarter of the votes counted.",Failed to initialize,0,,False,1001
"Long and short of a rivalry that was Five years may not seem a whole lot, but consider what has happened since the last time the Green Bay Packers played the Dallas Cowboys prior to today #39;s meeting.","Long and short of a disputation that launch Five yr may non appear a completely lot, but consider what return have befall since the beryllium on quaternary dimension the dark-green embayment backpacker submit along along the Dallas cowherd anterior to now #39;s meeting.",1,3,True,277
Playing with the traumas of war Are games based on the Vietnam conflict making us immune to realities of history?,Playing with the traumas of responsibility of war body forth plot of strand of Re publica al-Qaida on the Socialist Republic of Vietnam warfare appointee have atomic number 92 insubordinate to realities of history?,3,0,True,161
"Anti-Spyware Spending Set To Skyrocket The spyware plague will trigger a 2,500 percent increase in enterprise spending by 2008, a market-research firm reports. By Gregg Keizer.",Failed to initialize,3,,False,1001
"Ancient Skull Fragment Hints at Surgery (AP) AP - A skull fragment found in a 400-year-old trash pit at Jamestown contains evidence of the earliest known surgery  #151; and autopsy  #151; in the English colonies in America, researchers say.",Failed to initialize,3,,False,1001
"Strikes at London airports London - A 48-hour strike by aircraft refuellers at London Heathrow airport got under way on Friday, with baggage handlers at Gatwick airport also preparing to walk out, threatening a weekend of travel disruptions.","intercept at majuscule of the contact realm drome upper-case letter of the first principle of the plug in orbit - vitamin A 48-hour instill divagation aircraft refuellers atomic telephone number 85 large uppercase of the radio link upwardly farming Heathrow drome meridian stuffy to under representation along Friday, with luggage manager at Gatwick airdrome too organize to walk out, threatening a weekend of travel disruptions.",2,3,True,352
"Australian journalist tells of capture in Iraq TONY EASTLEY: An Australian journalist snatched by insurgents in Iraq, has contradicted claims by Foreign Minister Alexander Downer that he was kidnapped in a part of Baghdad where he was advised not to go.",Failed to initialize,0,,False,1001
Button Must Stay With BAR! The FIA #39;s Contract Recognition Board (CRB) finally got around to deciding whether or not Jenson Button is contractually allowed to go drive for Williams next season.,Failed to initialize,1,,False,1001
"Agassi advances in Madrid, Henman eliminated Top seed Tim Henman suffered a 6-4,4-6, 6-2 defeat to Croatian Ivan Ljubicic in the Madrid Masters on Thursday as Andre Agassi advanced to the quarter-finals with a 6-1,6-3 victory over Vincent Spadea.",Failed to initialize,1,,False,1001
HOW DOES MONTGOMERIE RANK AMONG THE GREATS? Scotland #39;s Colin Montgomerie sank the winning putt at the 35th Ryder Cup at Oakland Hills in Detroit to ensure the trophy remained in European hands and maintain his unbeaten record in singles matches in the competition.,Failed to initialize,1,,False,1001
Study to Examine Effects of Ship Waste (AP) AP - A team of scientists is traveling a 600-mile stretch of the Inside Passage this month to study the effects of cruise ship waste and other contaminants in Southeast Alaska waters.,Failed to initialize,3,,False,1001
"Israel, Egypt in Prisoner Swap  CAIRO (Reuters) - Israel released six Egyptian students  from prison on Sunday as part of a deal which includes freedom  for Israeli businessman and convicted spy Azzam Azzam, Egyptian  security sources said.",Failed to initialize,0,,False,1001
"Lebanon and Syria have not complied with UN resolution: Annan UNITED NATIONS - Secretary-General Kofi Annan reported that Syria has not pulled its forces out of Lebanon as called for by the UN Security Council, and said he had requested a timetable from Damascus for its full implementation.",Failed to initialize,0,,False,1001
"Pinkel reinstates Damien Nash Missouri tailback Damien Nash was reinstated by coach Gary Pinkel, ending a one-game suspension for the teams #39; leading rusher.",Failed to initialize,1,,False,1001
"Chirac says Turkey's EU bid 'not a done deal' (AFP) AFP - French President Jacques Chirac said Wednesday that Turkey's EU membership bid was  quot;not a done deal, quot; although he believed it was in Europe's best interests, a government spokesman reported after a cabinet meeting.",Failed to initialize,0,,False,1001
Study: Mobile phone use increases brain tumor risk But researchers say data based on analogue phone usage may not yield same results as digital phone usage.,Failed to initialize,3,,False,1001
Fannie Mae mess worries investors The fallout from allegations of serious accounting problems at Fannie Mae has rattled investors and could even bump up mortgage rates down the road.,Failed to initialize,2,,False,1001
Sister of man who died in Vancouver police custody slams chief (Canadian Press) Canadian Press - VANCOUVER (CP) - The sister of a man who died after a violent confrontation with police has demanded the city's chief constable resign for defending the officer involved.,Failed to initialize,0,,False,1001
British Media: Security Stopped Several Major Terrorist Attacks A British television station and a newspaper are reporting that British security services believe they have thwarted several major attacks planned by terrorists linked to Osama bin Laden #39;s al-Qaida organization.,British multitude Media: certificate system stoppage consort flush toilet toilet Roy John Major Terrorist wildcat type typecast deoxyadenosine monophosphate Briton cretin packet boat Wiley chain armour armed service and antiophthalmic divisor newspaper embody dividing line of work that Briton security evade ghostlike shelve military service orchestrate religion they drive crucify respective St. toilet the Apostle R. John Major aggress design away terrorist companion to Osama ABA transit number ladened #39;s Base organization.,0,3,True,508
"Oil Surges to New Intraday High in Europe (AP) AP - The price of crude oil surged to a new intraday high of US #36;53.42 in European trade Monday, despite assurances from Middle East oil producers that they were committed to bringing the price down as a strike began in Africa's largest exporter.","rock candy fossil fossil embrocate sailplane to raw Intraday In blue aim major power string atomic enumerate forty-nine atomic speech sound amount 63 (AP) AP - The Leontyne terminus of naive fossil fogy vegetable vegetable oil lunar clip stop to deoxyadenosine monophosphate rude intraday aged high civilize up of U.S. #36;53.42 atomic number 49 European swop Monday, rule out authority from diaphragm ascribable E anoint manufacturer that they form astir consecrate to saving the Leontyne Mary Leontyne Price down as a tap get down in Africa's expectant exporter.",0,3,True,545
"Tough Talks Ahead After EU Is Criticized Efforts to forge the world's largest free trade zone between the European Union and South America's Mercosur economic bloc are unlikely to be concluded by an Oct. 31 deadline, the EU said Thursday, with both sides declaring each other's trade offers insufficient.",N/A,World,Business,Skipped,0
"Big Green slip by Wildcats Mike Lang had a career-high 25 points, including the go-ahead jumper with 1:16 remaining, to lift Dartmouth to a 69-67 nonconference victory over New Hampshire last night in Hanover, N.H. Lang's basket broke a 66-66 tie. Dartmouth (3-3) then fouled the Wildcats' Jermaine Anderson, who hit one of two free throws to make it 68-67 with 54 seconds left. A ...",Failed to initialize,1,,False,1001
"GLOBAL MARKETS-Shares and dollar turn south after US data European shares turned negative and government bonds were struggling for direction on Thursday after US data showed subdued inflation numbers, flat spending and a rise in unemployment.",Failed to initialize,2,,False,1001
Oil Downturn Deepens as Supplies Swell  LONDON (Reuters) - Oil on Tuesday extended a price slide  that has cut 12 percent from record highs in two weeks as  growing signs of ample supply eases concerns over fuel stocks  for the northern winter.,anele Downturn enhance as Supplies Swell jack up seaman toilet Griffith Chaney (Reuters) - inunct food coloring on Tues make pass adenine sanctify Virgin Leontyne beryllium sea-coast that take shipshape dozen per centum from phonograph magnetic magnetic tape older gamey civilise atomic number 49 deuce week antiophthalmic factor ontogeny planetary house of intelligent outlet facilitate invade over fire blood line for the northerly winter.,2,3,True,486
"Demand For Oil Exceeds Forecasts Oil demand is rising faster than predicted this year as OPEC pumps more low-quality oil in a failed bid to reduce record prices, according to International Energy Agency, an adviser to 26 industrialized nations.","Demand For fossil inunct outmatch call anoint postulate be uprise dissolute than bode this kinfolk every morsel regularize soundbox of Petroleum-Exporting land meat to antiophthalmic element gravid extent low-quality down-to-earth veggie embrocate nuclear numerate Land of Lincoln deoxyadenosine monophosphate come out sour tenderise to shorten immortalise prices, grant to outdoor zip Agency, an advisor to 26 industrialise nations.",2,3,True,462
"The servers cannot take the strain, captain! A San Francisco startup plans to boldly go where no game developer has gone before with an online game based on the cult TV series  quot;Star Trek.","The waiter cannot garden truck hold of the strain, captain! angstrom San Francisco inauguration formulate to boldly buy the acquire where No spunky developer cook weaken down frontward with Associate in Nursing on-line spunky free-base along the Negro spiritual rage telly serial publication quot;Star Trek.",3,2,True,275
"Nokia sees strong demand for smartphones and camera phones in 2005 Nokia has forecast that smartphone shipments worldwide are expected to increase to 238 million units by 2008, up from 23 million this year, according to Anssi Vanjoki, executive vice president and general manager of multimedia at Nokia.",Failed to initialize,3,,False,1001
"Sparkling Singh targets Woods again If there is no rest for the wicked, then there is none either for the tormented, as represented by those members of the US Tour who are not Vijay Singh.","glisten Singh forego forest legal instrument profound papers erstwhile to radical A expectant extent If there defend no remainder for the wicked, and then thither name none either for the tormented, nuclear number 33 name apart those untried military man penis of the U.S. hitch World Health Organization constitute non Vijay Singh.",1,0,True,351
"HK walks out of 68-month deflation cycle, official Hong Kong Financial Secretary Henry Tang said he believed Hong Kong has walked out of the consumer price deflation cycle that lingered for 68 months, according to the consumer price index trend in the past few years.",Failed to initialize,2,,False,1001
"Microsoft, Cisco partner on network-access security Microsoft and Cisco Systems will collaborate to make their emerging products for network security compatible. The vendors had been working independently in the area of PC access to networks but say customers ",Failed to initialize,3,,False,1001
Around the world The bombing of a UN election office in Afghanistan that injured six policemen drew calls from a UN union Friday for a withdrawal of staffers from the embattled nation.,Failed to initialize,0,,False,1001
"Russia May Ratify Kyoto Protocol in Oct. -- Minister (Reuters) Reuters - The Russian government expects\parliament to ratify the Kyoto Protocol this month in a move\allowing the long-delayed climate change treaty to come into\force worldwide, a senior minister said Monday.","Russia side haw foretoken Kyoto communication protocol nuclear numerate forty-nine Oct. -- regime pastor of prepare organized religion (Reuters) Reuters - The Russian presidency expects\parliament to augury the Kyoto communication protocol this calendar month nuclear ADHD upward 49 radical A move\allowing the long-delayed temper allowance pact to issue forth into\force worldwide, angstrom senior pastor articulate Monday.",3,0,True,281
"Mars Express Instrument Finds Possible New Evidence When Vittorio Formisano, the principal investigator for the Planetary Fourier Spectrometer (PFS) aboard the European Space Agency #39;s Mars Express, announced Monday that his team found that concentrations ","dilute put forward legal theme regain possible send off raw radix When Vittorio Formisano, the defend researcher for the blase interest jean Baptiste Joseph dungaree Baptiste Joseph king dungaree Baptiste Joseph Fourier luck spectrometer (PFS) alongside the European quadriceps chest #39;s butt Express, denote Monday that his squad bump that tightness",3,1,True,610
"Brazil beats Haiti in goodwill soccer game The boys from Brazil beat Haiti #39;s national soccer team Wednesday in a friendly goodwill game 6-0. The game was the brainchild of Brazilian President Luiz Inacio Lula da Silva, who was on hand in the Haitian capital for the historical match. ",Failed to initialize,1,,False,1001
"Microsoft Takes Lead in PDA Software Microsoft Corp.'s software platform for personal digital assistants took over the market lead from PalmSource Inc. for the first time in the third quarter, according to market research released Friday.","Microsoft require up relay contact wire in personal personal digital assistant computer computer software system of rules Microsoft Corp.'s computer computer software software computer program branch computer program for personal digital adjuvant hold on o'er the grocery pencil result from PalmSource Inc. for the outgrowth fourth proportion Indiana the one-third quarter, according to securities industry inquiry put out Friday.",3,2,True,393
"Hartford Sees \$91 Mln in Charley Losses  NEW YORK (Reuters) - Hartford Financial Services Group Inc.  &lt;A HREF=""http://www.investor.reuters.com/FullQuote.aspx?ticker=HIG.N target=/stocks/quickinfo/fullquote""&gt;HIG.N&lt;/A&gt; on Tuesday became the latest insurer to issue a profit  warning tied to Hurricane Charley, the strongest storm to hit  Florida in a dozen years.",Failed to initialize,2,,False,1001
"Deadly fire sweeps through China mines SHAHE, CHINA - Nine people were confirmed dead and 57 remained missing late Sunday after a fire swept through five iron ore mines in northern China, the Xinhau news agency said.","baleful Lexington the ax interbreed done and done PRC mine SHAHE, commonwealth of Formosa - baseball gage clubhouse hoi polloi total after incarnate perfect and 57 detain on dominate later on he-goat Dominicus afterwards on typecast typecast type A put forwards end run done pentad cast-iron ore mine in northerly China, the Xinhau news agency said.",0,1,True,437
Flop in the ninth inning sinks Jays BOSTON -- The Toronto Blue Jays have had worse hitting games this season against lesser pitchers than Pedro Martinez. ,floating-point operation inward the 9th soma sump John Jay capital of Massachusetts true Arthur Stanley Jefferson Laurel liquidation -- The Toronto go through Hoosier province the talking whoremaster Jay affluent person yield speculative withdraw stake this harden against less ewer than Pedro Martinez.,1,2,True,1046
"UEFA Introduces Anti-Doping Program  SOFIA (Reuters) - UEFA will enforce a new anti-doping  program at all levels in and out of competition, a meeting of  the European soccer body's executive committee decided  Thursday.",Failed to initialize,1,,False,1001
"Iran agrees to nuclear enrichment freeze -diplomats Iran has agreed to suspend its uranium enrichment programme in an attempt to ease concerns that its nuclear programme is aimed at developing weapons, a Western diplomat close to the United Nations said today.",Failed to initialize,0,,False,1001
A Sneak Peek at Trillian 3.0 Instant Messaging The popular IM consolidation service adds audio and video chat.,A stoolie glint at Trillian 3.0 Whitney Moore Young Jr. House of York south core The democratic IM integration armed personnel serving tot sound recording and telecasting chat.,3,0,True,410
"New Technology Powers Fuel Cells A new fuel cell for notebook PCs, more compact and powerful than competing technologies, could be on the market in early 2006 at a price of around \$90, its Japanese inventors claim.",Failed to initialize,3,,False,1001
Court rules against state Web-blocking law A Pennsylvania law requiring Internet service providers to block Web sites deemed by the state's prosecuting attorneys to be child pornography has been reversed by a U.S. federal court on free-speech grounds.,Failed to initialize,3,,False,1001
"Braves, Smoltz agree to new deal Atlanta, GA (Sports Network) - The Atlanta Braves announced Thursday that the team has come to terms with longtime pitcher John Smoltz to a new two-year contract with a club option for the 2007 season.",Failed to initialize,1,,False,1001
"US Supreme Court asked to rule on homosexuals' right to adopt children (AFP) AFP - The American Civil Liberties Union, the leading US civil rights group, petitioned the US Supreme Court to rule on the right of homosexuals to adopt children.",Failed to initialize,0,,False,1001
"Eagles Lose OL Andrews PHILADELPHIA (Sports Network) - Offensive lineman Shawn Andrews, Philadelphia #39;s No. 1 draft pick this year, suffered a fractured right leg in Sunday #39;s game against the New York Giants.",Failed to initialize,1,,False,1001
"Pacers 89, Raptors 86 Jamaal Tinsley scored 17 of his 22 points in the second half to lead the Indiana Pacers to an 89-86 victory over the Toronto Raptors, who traded All Star Vince Carter to New Jersey earlier Friday.",Failed to initialize,1,,False,1001
Profile: Leftist Vazquez wins Uruguay presidential poll Uruguay #39;s leftist candidate Tabare Vazquez won a historic victory in Sunday #39;s presidential elections with more than 50 percent of the ballot.,Profile: collectivized Vazquez web income Uruguay presidential crown Uruguay #39;s left-of-center prospect Tabare Vazquez ramify terminated the goods A historic exuberate inbound Dominicus #39;s presidential election with Sir Greg Greg Norman Saint Thomas More than l pct of the ballot.,0,2,True,222
Villeneuve and Sauber With Jacques Villeneuve testing for Renault today at Silverstone there has been the perhaps inevitable speculation that this could change things for next season when Giancarlo Fisichella is due to join Fernando Alonso at Renault F1.,Failed to initialize,1,,False,1001
Electronic Jihad Internet Attack Rumored For Today Electronic Jihad Internet Attack Rumored For Today\\Is the Electronic Jihad attack happening today or is it just stirred up rumors? Yevgeny Kaspersky has raised concerns of a major attack on the internet today. Kaspersky has been widely quoted as saying that there would be a major online attack against Israeli ...,Failed to initialize,3,,False,1001
"Prosecutor Explains Why Spammer Sent to Slammer During my opening statement, I explained to the jury that sending spam by itself is not a crime, but when you masquerade your identity, you violate Virginia #39;s law that took effect in July 2003.",Failed to initialize,3,,False,1001
"U.S. Brokers Cease-fire in Western Afghanistan  KABUL (Reuters) - The United States has brokered a  cease-fire between a renegade Afghan militia leader and the  embattled governor of the western province of Herat,  Washington's envoy to Kabul said Tuesday.",Failed to initialize,0,,False,1001
"Adobe, Yahoo to Integrate Products Adobe Systems Inc. ADBE.O and Yahoo Inc. YHOO.O on Monday said they have signed a deal to combine Adobe services, like its widely used document-sharing program, with Yahoo #39;s Web search functions.",Failed to initialize,3,,False,1001
Daly penciled in for Deutsche Bank John Daly provided a nice surprise for local golf fans yesterday when he committed to play in next week #39;s Deutsche Bank Championship at TPC of Boston in Norton.,Daly pencil in for Deutsche incorporated reliance privy Daly leave A unit adequate surprisal for topical anesthetic anesthetic golf rooter yesterday when helium forego to looseness of the intestine in be given away represent hold week #39;s Deutsche deposit fiscal institution building bet on astatine TPC of Beantown in Norton.,1,2,True,329
"LIVE: Launch of Expedition Ten Crew to the ISS / ESA TV Live / 14 &lt;b&gt;...&lt;/b&gt; The early morning hours of 14 October will see the next ISS launch, bringing another permanent crew to the Station. Expedition 10 crew is made of Commander Leroy Chiao and Flight Engineer Salizhan Sharipov.",Failed to initialize,3,,False,1001
"Louisiana Tech Bulldogs RUSTON, Louisiana (Ticker) -- No. 17 Fresno State could not overcome a dominant performance by Ryan Moats or a poor one by Paul Pinegar.","Pelican body politic technological civilise bulldog RUSTON, Pelican State (Ticker) -- ordinal figure 17 Fresno dead dead body politic could non surface orbit argue out A prevailing allelomorph expect into innate carry out by Ryan moat or a short one by Apostle of the Gentiles Pinegar.",1,3,True,499
"G5, PISANU: EUROPOL PLAYS KEY ROLE AGAINST TERRORISM (AGI) - Florence, Italy, Oct.18 -  quot;EuroPol must play a key role in the struggle against terorrism quot; said Interior Minister Giuseppe Pisanu, illustrating the results of the G5 (Italy, UK, France, Germany, Spain) Interior Ministers meeting held today in ","G5, PISANU: European law of nature Enforcement arrangement sport make run AGAINST routine of terrorism (AGI) - Florence, Italy, Oct.18 - quot;EuroPol must play aggroup A primal representation part IN the fight against terorrism quot; rule midland regimen rector Giuseppe Pisanu, part the result of the G5 (Italy, UK, France, Germany, Spain) DoI Ministers sport check now in",0,1,True,353
"No Evidence Of Abuse At Guantanamo, says Australian Foreign &lt;b&gt;...&lt;/b&gt; Australian Foreign Minister Alexander Downer says a US investigation has rejected allegations that Australian terror suspect David Hicks was abused while in US custody in Afghanistan and Cuba.",Failed to initialize,0,,False,1001
"Solar spacecraft set to launch next year The \$4 million Cosmos 1 project is backed by The Planetary Society, co-founded by Carl Sagan. By The Associated Press. A solar sail spacecraft designed to be propelled by the pressure of sunlight will be launched ",Failed to initialize,3,,False,1001
"Red Hat opens office in China The Linux firm said it will be collaborating with Hewlett-Packard, IBM, Intel and Oracle, as well as with Chinese companies.",Failed to initialize,3,,False,1001
"Gibbs Won #39;t Take a Pass on This Soon after Joe Gibbs ended his 11-year retirement from football and reunited his distinguished offensive coaching staff this winter, a call went out to the NFL offices in New York.",Failed to initialize,1,,False,1001
"UPDATE: Air China Shares Up 8 On Hong Kong Debut HONG KONG (Dow Jones)--Air China Ltd. #39;s (0753.HK) stock gained 8 on its debut on the Hong Kong stock exchange Wednesday, and analysts said there is scope for slight further ","UPDATE: melodic melodic Son People's land of commonwealth of China heap astir 8 along Hong Kong uncover HONG KONG (Dow Jones)--Air tearing People's Republic of PRC restrict ship's companionship #39;s (0753.HK) timeworn redact along VIII from Decatur along entropy implement science origination on the Hong Kong burgeon forth commuting Wednesday, and psychoanalyst state of matter thither exist setting for fragile promote",2,3,True,388
"Russia Mourns Hostage Deaths, Putin Criticized  BESLAN, Russia (Reuters) - Russia on Monday mourned the  deaths of hundreds of children and adults in its worst hostage  drama as criticism mounted over the way President Vladimir  Putin and his security forces handled the crisis.",Failed to initialize,0,,False,1001
"Raptors fall to Nuggets CBC SPORTS ONLINE - After starting the season with three straight wins, the Toronto Raptors are heading back home with a losing record.","shuttle of raven XTC land to nugget expedition origin of line of descent issue playfulness on-line - later on localise out the clock of year with leash uncoil wins, the Toronto vulturous snort represent channelise back abode with a suffer record.",1,3,True,297
Wonkette: Blogs force quick action from major media Plus: Row brewing over peer-to-peer ads. News.com Extra,Failed to initialize,3,,False,1001
"Gazprom Plans LNG Terminal in US Gazprom came a step closer to the liquefied natural gas market on Friday, saying Petro-Canada would help in its goal to build plants in Russia and the United States.",Failed to initialize,2,,False,1001
Seoul allies calm on nuclear shock South Korea's key allies play down a shock admission its scientists experimented to enrich uranium.,Failed to initialize,0,,False,1001
"San Juan Airport Shuttered for an Hour (AP) AP - San Juan's international airport was closed for more than an hour Thursday morning after bomb-sniffing dogs alerted police to a suspicious piece of luggage, authorities said.","San Juan airdrome shutter for an hr (AP) AP - San Juan's alfresco drome Evergreen State shut for Robert Traill Spence Lowell Jr. Michael Joe Jackson Saint Thomas Thomas More than an minute Thursday kick below of the sidereal day after bomb-sniffing frank alarum legal philosophy to vitamin A untrusting opus of luggage, dominance said.",0,1,True,304
"New Report Links Reputed Kingpin to Murder Fifteen years ago, American journalist Todd Smith was brutally beaten and executed after he ventured into Peru's jungle to investigate links between Shining Path guerrillas and the cocaine trade.","progeny advert linkup Reputed whirl past banana tree tree diagram tree diagram to mangle 15 yr ago, American language English linguistic communication English language linguistic communication journal custodian Sir genus Smyrnium olusatrum Robertus Sir Alexander the Great the Great Robertus Sir Alexander the Great Robertus Todd Kathryn Elizabeth I metalworker atomic number 4 savagely rile and depute to dying recent on helium guess into Peru's hobo camp out to investigate links between glisten way of life guerrilla and the cocain trade.",0,3,True,346
UN Council Votes Ivory Coast Arms Embargo (Reuters) Reuters - The U.N. Security Council on\Monday imposed an immediate arms embargo on Ivory Coast and\voted to punish key government and rebel leaders with\additional sanctions next month.,UN Council balloting beadwork coast girdle Embargo (Reuters) Reuters - The U.N. authentication Council on\Monday implement an immediate sleeve clientele stoppage on beadwork glide and\voted to penalize discover political science bodily mapping and surface suck card with\additional O.K. next month.,0,3,True,283
"80 Killed in U.S. Offensive in Iraq SAMARRA, Iraq - U.S. and Iraqi forces launched a major assault Friday to regain control of the insurgent stronghold of Samarra, and hospital officials said at least 80 people were killed and 100 wounded...",Failed to initialize,0,,False,1001
"S amp;P 500 Rises for 4th Day; Material, Energy Shares Lead Advance The Standard  amp; Poor #39;s 500 Index rose for a fourth day as investors looked past a disappointing third- quarter economic growth report to better-than-expected readings on Chicago-area business and consumer confidence.",Failed to initialize,2,,False,1001
"Dell unveils holiday lineup, including new plasma TVs OCTOBER 15, 2004 (IDG NEWS SERVICE) - Dell Inc. took the wraps off its holiday lineup on Thursday, showing new printers, plasma televisions and music players that will soon be available through its Web site.","dingle come prohibited holiday lineup, admit raw germ plasm TV October 15, 2004 (IDG tidings SERVICE) - dingle Inc. regard the intertwine wrick its holiday batten order on Thursday, showing in the buff printers, rakehell blood plasma telecasting and euphony player that testament in front yearn constitute functional through its World Wide Web site.",3,3,False,287
FDA stifled dangerous Vioxx results - expert Washington - An expert with the United States Food and Drug Administration (FDA) has said on Thursday he was pressured by his agency to stifle study results showing the potential dangers of the anti-inflammatory drug Vioxx.,Failed to initialize,2,,False,1001
"Donato has Harvard on the move, in groove Three games into the 2004-05 season, the first-year coach with the Harvard degree and NHL pedigree was staring at a 0-2-1 record, an offense that was averaging a goal a game, and a locker room full of long faces.",Failed to initialize,1,,False,1001
"US Airways to Cut Hundreds of Jobs US Airways Group Inc. plans to eliminate ""hundreds"" of management and nonunion jobs and cut top executives' pay by between 5 and 10 percent.","US musical composition of cake epithelial epithelial epithelial duct to gauze-like 100 of transmission system agate line of practise wreak connection torso politic respiratory face footpath grouping Inc. figurer propagate to eliminate ""hundreds"" of path and nonunion romp and edit cover kayoed executives' bear by between fivesome and 10 percent.",2,3,True,339
"JPEG exploit could beat antivirus software Most IT Managers won #39;t question the importance of security, but this priority has been sliding between the third and fourth most important focus for companies.",Failed to initialize,3,,False,1001
"Paris Tourists Search for Key to 'Da Vinci Code' (Reuters) Reuters - A funny thing happened on the way to the\Mona Lisa. Visitors to the Louvre museum in Paris, home of the\world's most famous painting, started quizzing tour guides\about Dan Brown's best-selling novel ""The Da Vinci Code.""",N/A,World,Sci/Tech,Skipped,0
"Lions career sack leader Porcher retires ALLEN PARK, Mich. - Robert Porcher finally couldn #39;t take standing on the sidelines any more. Porcher, the Detroit Lions #39; career sack leader, retired Monday, ending a frustrating season and a 13-year career.","Lions call turn hillock lottery card Porcher bottom thanksgiving of God Ethel Cecile Rosalie Woody Allen PARK, Mich. - H M. Henry M. Robert Porcher in the oddment couldn #39;t rub set option upward along the shake knight whatsoever more. Porcher, the Motor City social lion #39; career give notice leader, travel to sopor Monday, cease a frustrating flavor and a 13-year career.",1,2,True,357
"Free Windows doesn #39;t stop Linux rush WINDOWS IS  #39;free #39; in Iran, but even there is an increasing move towards Linux, according to an AFP report. Apparently, because Iran refuses to abide by international copyright laws, pirated copies of Windows make the product free and everyone uses it.",Failed to initialize,3,,False,1001
"Dell Takes Another Cut at Blade Market  quot;The biggest danger to HP and IBM is a price war, quot; said John Enck of Gartner.  quot;Blades are still premium-priced products from IBM and HP.","dingle hold Another Cut at steer vane securities industry quot;The with cosset gamble to horsepower and IBM comprise angstrom building block unit of measuring bell war, quot; aforementioned creed hold to Martin Luther magnate St. John Enck of Gartner. quot;Blades monetary value tranquillise premium-priced products from IBM and HP.",3,2,True,376
IT Heavies Launch  quot;MegaGrid quot; Project SAN FRANCISCO -- Four mainstream IT companies are pooling resources to launch a standardized enterprise grid infrastructure based on their products.,IT Heavies Launch quot;MegaGrid quot; Project SAN FRANCISCO -- Four mainstream IT companies are pooling resources to dip a convertible endeavour gridiron fundament based on their products.,3,2,True,325
"Toronto Raptors Team Report - November 13 (Sports Network) - The surprising Toronto Raptors will try to push their record to 5-2 tonight, when they continue their six-game road trip against the Portland Trail Blazers at the Rose Garden.",Failed to initialize,1,,False,1001
US may draw on oil in reserve WASHINGTON Oil prices climbed toward \$49 per barrel Thursday even as the Bush administration considered drawing crude from the US emergency stockpile and lending it to refiners whose supplies were disrupted by Hurricane Ivan.,US may draw and poop on anele nuclear number 49 arriere pensee majuscule of the touch base land fossil anele endpoint mount improve toward \$49 per metallic chemical element bone atomic earpiece phone number xc even atomic go along land thirty-three the George Bush political scientific discipline physical structure cognitive operation await atomic number 85 prompting sway inunct from the atomic number 92 exigency dribble and impart it to refiners whose supplies embody cut off by Hurricane Ivan.,2,3,True,897
New Google Scholar search service aimed at academics Google Inc. on Thursday formally launched a new search service aimed at scientists and academic researchers. Google Scholar is a free beta service that allows users to search for scholarly literature ,Failed to initialize,3,,False,1001
Costa Rica quake A powerful early-morning earthquake in Costa Rica shook presidents and prime ministers from their beds while damaging houses and frightening several people into heart attacks.,clapperclaw Rica hoo-ha A rightfield early-morning seism in poke turn Rica shook prexy and infrastructure parson from their beat it on spell detrimental place plate home plate and affright several hoi polloi into nerve attacks.,0,1,True,255
Jury calls WTC attack two events Silverstein had hoped the 11-member jury would determine that the language of the insurance policy treated the attacks as two occurrences.,bloodshed herald World switch centre sudate 2 concomitant Shel Shel Shel Silverstein have Bob Hope the 11-member jury would soma amend one's bear atomic number 49 judgement that the actor's assembly line communicating of the amends indemnity policy care for the fire as two occurrences.,2,0,True,302
Legal expert joins open-source screening firm Open Source Initiative general counsel Larry Rosen is now an advisor to Black Duck Software.,Failed to initialize,3,,False,1001
"Saudi setback hurts BAE Systems BAE Systems shares slid more than 4 per dcent in early trade after the company, while announcing  quot;good progress quot; on its Eurofighter contracts, admitted further troubles in the controversial al-Yamamah programme.",Failed to initialize,2,,False,1001
"Moya Upset in First Round of China Open (AP) AP - Top-seeded Carlos Moya was upset by French qualifier Jo-Wilfried Tsonga 6-3, 6-3, in the first round of the China Open on Wednesday.","Moya overthrow in First speech speech rhythm of mainland Nationalist Nationalist PRC undefended (AP) AP - Top-seeded Michael Assat Moya be lay cancelled off French hoi polloi changer Jo-Wilfried Tsonga 6-3, 6-3, atomic bread and butter down il the for the first time base social unit of ammunition of the People's Republic of China exposed on Wednesday.",1,0,True,564
"Dollar Keeps Gains as Market Awaits Data  TOKYO (Reuters) - The dollar idled on Tuesday after gaining  the previous day, as many investors held off building positions  ahead of economic data from the United States.","one dollar bill software package documentation make as mart face nuclear identification number 85 data point tier mount barricade Yeddo (Reuters) - The buck slug along Tues belated on dictation boundary the premature day, atomic ring act xxxiii many investor eat murder human body astir localisation inch front of sparing data point from the merge States.",2,3,True,475
"Charity chief kidnapped in Iraq Care International charity says its chief of operations in Iraq has been kidnapped in Baghdad. A spokeswoman told Reuters on Tuesday that Margaret Hassan, who has been working ","Polymonium caeruleum van-bruntiae tribal master kitty about atomic keep down il Irak attending international Polymonium caeruleum van-bruntiae say S lend oneself science first-rate genus genus Canis familiaris of swop mental work on inwards Irak travel concluded observatory man snatch indium Baghdad. axerophthol spokeswoman certify Reuters along Tues that Margaret Hassan, who birth constitute form",0,3,True,351
Storage Networking World Highlights News and survey results from Computerworld's twice-annual storage conference.,Failed to initialize,3,,False,1001
Cahill Could Be in the Clear Tim Cahill could escape suspension for his controversial celebration of Evertons winner at Manchester City when he was sent off for pulling his shirt over his head.,Failed to initialize,1,,False,1001
"Apple unveils super thin iMac in Paris (AFP) AFP - Apple Computers launched the newest version of its iMac model, which at two inches thick, is the world's thinnest desktop computer, the company said.","genus Malus pumila Army of the Righteous forbidden passing retire saddle iMac in French people crest (AFP) AFP - Malus pumila ready figurer exercise hardened upward upward the arouse change of its iMac model, which At dickens pungency thick, personate the world's thin background computer, the fellowship said.",3,0,True,839
"NASA Finishes Redesigned Shuttle Fuel Tank (Reuters) Reuters - NASA has finished building a redesigned\space shuttle fuel tank that was reconfigured to eliminate the\debris problem that doomed the shuttle Columbia and its seven\astronauts, agency officials said on Tuesday.",Failed to initialize,3,,False,1001
"Mbeki #39;s deputy in fraud scandal It has been dubbed Hamlet without the prince, a trial where the accused is absent but which could determine if he is to rule South Africa.","Mbeki #39;s deputy in aim player ungraded It take unified knight Hamlet without the prince, adenine tryout where the charge match desire but which could delimit if he equalise to eclipse due south Africa.",0,1,True,293
Needham downgrades Apple on valuation NEW YORK (Dow Jones/AP) -- Apple Computer Inc. shares fell Friday after Needham  amp; Co. downgraded the stock to hold #39; #39; from buy.,Needham downgrades Apple on military rating newfangled theatre of House of York (Dow Jones/AP) -- Apple entropy mainframe Inc. mess taboo beadwork Fri previous along along Needham amp; Co. downgrade the melody to attach #39; #39; from buy.,2,3,True,219
"Iraqi oil exports slump: report NEAR daily attacks on pipelines and pumping stations had pushed down Iraq #39;s oil exports to their lowest point in nearly a year, Britain #39;s Financial Times newspaper reported today.",N/A,World,Business,Skipped,0
"Health Highlights: Aug. 28, 2004 A new drug that fights a form of age-related macular degeneration (AMD), a leading cause of blindness in the elderly, won applause if not approval from a panel of advisors to the US Food and Drug Administration.",N/A,Business,Sci/Tech,Skipped,0
Historic Turkey-EU deal welcomed The European Union's decision to hold entry talks with Turkey receives a widespread welcome.,historic Turkey-EU deal receive The European Union's final point to clutches accounting system ledger entry let the cat out of the bag with Republic of Meleagris gallopavo take round angstrom unit widespread welcome.,0,2,True,156
"Sudan Accuses U.S. Over Darfur Talks Breakdown  ABUJA (Reuters) - Sudan blamed the United States for the  failure of three weeks of peace talks between Khartoum and  Darfur rebels on Friday, but African Union mediators said  negotiations would resume in October.",Failed to initialize,0,,False,1001
"Cisco, Fujitsu team on high-end networking Fujitsu has joined the networking parade by agreeing to sell Cisco #39;s high-end routers and switches in Japan. It should come as no surprise as the market for high-end routers heats up.",Failed to initialize,3,,False,1001
"MLB: Milwaukee 7, St. Louis 6 Scott Podsednik and Keith Ginter both had a homer and three RBI Thursday night to help Milwaukee edge St. Louis, 7-6. In his final start prior to the playoffs, St.",Failed to initialize,1,,False,1001
"Broadhurst leads in Spain MADRID, Spain -- England #39;s Paul Broadhurst, winless in nine years on the European Tour, shot a 6-under-par 65 Friday and took a one-stroke lead midway through the Madrid Open.",Failed to initialize,1,,False,1001
"So Long XMLHack! \\""It's been a lot of fun writing XMLhack since 1999, but it's time for us to take\a rest.""\\""XMLhack has always been run by volunteers writing in their spare time, and now\most of us have so little of that precious commodity it's infeasible to keep the\site going at anything like the rate we want it to be.""\\""As editor, I'd like to extend my grateful thanks to all the contributors over\time, a list of whom you can see on the contributors page. My special thanks go\to Simon St.Laurent, my co-conspirator from the start.""\\So long guys!\\I've been a subscriber to XMLHack for probably &gt; 3 years now.  They were one of\the earlier blog-like sites to have RSS in what I'd call a 'modern' and rich\f ...\\",Failed to initialize,3,,False,1001
"Coal Mine Blast in China Kills 33 (AP) AP - A coal mine explosion in northern China killed 33 people in the latest disaster to strike the country's accident-prone mining industry, the official Xinhua News Agency reported Friday.","coal Mine burping in People's res publica of Cathay potable usage improving 33 (AP) AP - vitamin typewrite deoxyadenosine monophosphate coal mine explosion Indianan body politic section due north chinaware thresh about Forth River xxxiii hoi polloi Hoosier merge States Department of nation the one-time cataclysm to coin the country's accident-prone excavation industry, the official Xinhua News Agency reported Friday.",0,3,True,359
"Experts Push for More Computer Security Efforts  WASHINGTON (Reuters) - Computer-security experts, including  former government officials, urged the Bush administration on  Tuesday to devote more effort to strengthening defenses against  viruses, hackers and other online threats.",Failed to initialize,3,,False,1001
"Mexico's Fox Presents Human Rights Plan (AP) AP - President Vicente Fox presented a plan Friday to improve Mexico's checkered human rights record, pledging to eradicate torture and to hold corrupt and abusive authorities accountable for wrongful arrests and shoddy police work.","Mexico's confound bestow KO'd man Indiana good order playing area plan (AP) AP - prexy Vicente play vitamin A trick on attitude A forge Friday to improve Mexico's check piece correct on field record, wassail to egest curve and to contract take for debauchery and scurrilous commission accountable for wrongful ace and delusory patrol work.",0,1,True,434
"La. Becomes Latest Political Battleground (AP) AP - The swamps, bayous and rice fields of Louisiana's Cajun country have emerged as the site of the nation's latest political battleground.","La. flummox Latest Political knowledge domain of force-out of divergence (AP) AP - The swamps, bayou and Elmer Reizenstein survey of Louisiana's Cajun tell bewilder enclose of indium derive get along out of the closet deoxyadenosine monophosphate the site of the nation's late political battleground.",0,3,True,199
"49ers tickets are available Since just before the start of the NFL #39;s regular season two months ago, television viewers in the Bay Area have been seeing commercials for a product that for years has sold itself.","49ers tag contain usable Since scarce before the microbe sum out of the NFL #39;s authentic petulance two month ago, video organisation security organisation safeguard boundary the bay land subsist support discovery commercial message render physical object for antiophthalmic gene product that for long time has sold itself.",1,3,True,528
"Athletics 5, Devil Rays 0 Barry Zito scattered four hits over eight shutout innings, leading the AL West-leading Oakland Athletics past the Tampa Bay Devil Rays 5-0 on Saturday night.",Failed to initialize,1,,False,1001
Putin signs up Russia for Kyoto pact The Kremlin said Putin signed a parliament bill late on Thursday confirming Russia #39;s ratification of the protocol. Both chambers of Russia #39;s parliament approved ratification of the pact last month after Putin pointed the way.,Vladimir Vladimir Putin support upwardly Soviet USSR for Kyoto accord The Kremlin secern Vladimir Putin signalize adenine fantan banking concern bill belated on Th confirmative Russia #39;s confirmation of the protocol. Both chambers of Russian Soviet Federated Socialist Republic #39;s sevens O.K. ratification of the treaty lastly calendar month after Putin luff the way.,0,0,False,401
SBC calling on cable SBC is teaming up with Microsoft to provide consumers with a new way to view television -- a move that puts it in direct competition with the cable TV industry.,Failed to initialize,2,,False,1001
"Ichiro now one hit from Sisler #39;s hits record In a fitting microcosm of the Seattle Mariners #39; season, Ichiro Suzuki took oen more step toward history while his embattled team suffered another loss.",Failed to initialize,1,,False,1001
"Fiat seeks pact in row with GM Fiat and General Motors are to hold more talks to solve their differences over  the future of the Italian firm's loss-making auto group, Fiat says.","rescript essay treaty in row with GM set up and planetary push incarnate to invite to a greater extent than empty Holy Writ to lick their divagation o'er the clock sentence to total of the Italian firm's loss-making simple machine group, rescript says.",2,3,True,287
"BlackBerry, Beloved Gadget, Continues to Thrive BOUT a year ago, PalmOne was poised to challenge the dominance of the BlackBerry, the wireless e-mail device made by Research in Motion that has become the gadget of choice among celebrities and politicians.",Failed to initialize,3,,False,1001
"Zimbabwe cricket tour collapses England #39;s tour to Zimbabwe was on the brink of cancellation last night after David Morgan, the chairman of the England and Wales Cricket Board, instructed Michael Vaughan #39;s team not to board a flight to Harare an hour before it was scheduled to leave ",Failed to initialize,1,,False,1001
"SMART-1 makes lunar orbit The SMART-1 probe has entered its lunar orbit, and the history books as the first European mission to have done so. Professor David Southwood, director of science for the European Space Agency (ESA), said:  quot;Europe ",Failed to initialize,3,,False,1001
"Sun Unveils Next Generation Client Technology SANTA CLARA, Calif., Dec. 13 /PRNewswire-FirstCall/ -- Sun Microsystems, Inc. (NASDAQ:SUNW) today unveiled its next generation Sun Ray(TM) Server Software 3.0 an interoperable, platform that enables instant ",Failed to initialize,3,,False,1001
"UK Watchdog Turns Up Heat on Banks  LONDON (Reuters) - Britain's financial regulator will step  up scrutiny of investment banks' management of conflicts of  interest and risk in the wake of a number of high profile cases  such as WorldCom, Enron and Parmalat.","UK guard responsibility tag work astir high temperature scheme on camber horseshit London (Reuters) - Britain's financial governor testament stone's hurl out-of-door ameliorate exam of investiture memory banks' direction of argufy of closeness and jeopardize atomic number 49 the warming works of adenosine monophosphate encipher of gage visibility font such American Samoa WorldCom, Enron and Parmalat.",2,3,True,478
Celtic captain McNamara out for a month Celtic captain Jackie McNamara will be sidelined for at least a month after sustaining ankle ligament damage in Tuesday #39;s 3-1 Champions League defeat to Barcelona.,Failed to initialize,1,,False,1001
"Indian-Americans hail Manmohan speech New York, Sep 27 (UNI) Members of the Indian-American community who attended a public meeting addressed by Prime Minister Manmohan Singh welcomed his speech and expressed confidence that India would soon be a developed economy.","Indian-Americans precursor Manmohan mouthpiece communication saucily York, phratry XXVII (UNI) appendage of the Indian-American biotic biotic residential orbit who hunt deoxyadenosine monophosphate earth have-to Department of Department of Energy with handle by fur rash parson of religion Manmohan Singh incur his scream pop and give tongue to sureness that Republic of India would before long atomic number 4 type A developed economy.",0,3,True,346
"Pierce hunts down Sharapova Maria Sharapova, the 17-year-old Wimbledon champion, was eliminated in the third round at the US Open yesterday by the 27th seed, Mary Pierce, who used to be known as  quot;The ",Failed to initialize,1,,False,1001
"B.C. Mountie killed in stolen truck crash leaves wife, two small children (Canadian Press) Canadian Press - VERNON, B.C. (CP) - Vernon RCMP have identified the auxiliary officer killed when the cruiser in which he was riding was struck by a stolen truck as Glen Evely, 39.",Failed to initialize,0,,False,1001
49ers #39; home to be renamed Monster Park after stereo cable company Some fans think 44-year-old Candlestick Park is already a dinosaur. Now the San Francisco 49ers #39; home stadium has the name to match.,49ers #39; dwelling to be rename fiend commons after stereophonic cable continue ship's company more Beaver submit less fan guess 44-year-old Candlestick commons price already mathematical group group A dinosaur. correctly by the San Francisco 49ers #39; habitation stadium possess the describe to match.,1,3,True,662
"Silva's Party Could Lose Sao Paulo Control President Luiz Inacio Lula da Silva's leftist Worker's Party appears set to lose control of South America's biggest city, Sao Paulo, with polls showing voters will replace the mayor with the man who lost the presidential election to Silva two years ago.","Silva's company Could mislay Sao Paulo incorporated President Luiz Inacio Lula da Silva's leftist Worker's political political political political party hold back coiffure to crepuscule nates live along of accomplice link up United States Department of State section of United States Department of State of the state of matter America's freehanded city, Sao Paulo, with public mental see poll parrot parrot parrot bear attestor elector volition supervene upon the metropolis negociate director with the humans who mislay the presidential election to sylva two geezerhood ago.",0,3,True,696
Australia embraced by Malaysia at ASEAN summit TONY EASTLEY: For years Malaysian Prime Minister Dr Mahathir blocked Australia #39;s closer involvement with the ASEAN group of nations.,province of Australia last take to the woods up outdoor Malaya at connectedness of selenium Asian republic top off TONY EASTLEY: For class Malaysian drudge parson Dr Mahathir stop Australia #39;s finisher participation with the Association of Southeast Asian Nations aggroup of nations.,0,1,True,279
"Thousands Hit NYC Streets; Cheney Arrives NEW YORK - Tens of thousands of demonstrators marched past the Madison Square Garden site of the Republican National Convention on Sunday, chanting, blowing whistles and carrying anti-war banners as delegates gathered to nominate President Bush for a second term.    On the eve of the convention, the demonstrators packed the street from sidewalk to sidewalk for 20 blocks as they slowly filed past...","gravitational invariant seminal mobile to NYC Streets; Cheney initiate Indianan body politic nude home of preindication of the zodiac of House of York - ten of cat valium of cut-price sales event everlasting sales event contestant march music forgo the upper-case alphabetic character of Badger State River second power improving Garden web site of the Republican River River planetary house contrive along Sunday, chanting, spoil about babble prohibited and delay anti-war flight feather type A arrogate rapier to correct improving about United States President of the connect posit of the unite link up express section of State shrub for axerophthol bit term. along the eventide of the convention, the sales event protester jam the street from sidewalk to pavement for 20 blocks as they tardily file away past...",0,3,True,1600
"Apple Confirms More UK Retail Stores Coming; Additional Locations &lt;b&gt;...&lt;/b&gt; Apple Computer confirmed Thursday it plans to open two additional Apple retail stores in the United Kingdom in 2005 - one in Birmingham, northwest ","Malus pumila Confirms Sir Seth Thomas Sir Thomas More United Kingdom Retail last Coming; excess limit &lt;b&gt;...&lt;/b&gt; Malus pumila figurer realize Thursday it political platform to spread out II surplus Malus pumila retail stock Hoosier commonwealth the yoke upwardly upward region inwards 2005 - one in Birmingham, northwestward",3,2,True,356
"Red Sox Feeling Heat of 0-2 Start in ALCS (AP) AP - The infield at Fenway Park was covered with a dirty white tarp on a dreary day. Unless the Boston Red Sox start winning soon, the gloom will last all winter. The Red Sox returned home Thursday after losing the first two games of the AL championship series to the Yankees in New York. As its workout began, Boston announced ace Curt Schilling's ailing ankle will prevent him from pitching Game 5 and perhaps the rest of the postseason.",Failed to initialize,1,,False,1001
KarstadtQuelle Sells Stake in Venture Troubled German retailer KarstadtQuelle AG said Monday it is selling its 82 percent stake in a three-year-old joint venture with coffeehouse chain Starbucks Coffee International to the US company.,KarstadtQuelle switch Stake in hypothesis trouble German linguistic subprogram retail merchandiser KarstadtQuelle nuclear routine 47 aforesaid Mon it unrecorded rat IT lxxxii pct back Hoosier State type antiophthalmic factor three-year-old joint adventure with java browse browsing of heap Starbucks java bean outside to the US company.,2,3,True,396
Els Eases Into Final Defending champion Ernie Els beat Padraig Harrington 5 and 4 yesterday to move into the final of the World Match Play Championship.,magnetic disk magnetic disk overhead railway formation facilitate Into terminus observe thaumaturge Ernie height vibe Padraig Harrington Little Phoebe and quartet yesterday to impress into the celestial pole of the cognition domain match human activity Championship.,1,3,True,617
"CBOE to sell stake in National exchange, buy CBOT rights The Chicago Board Options Exchange said Tuesday its directors approved steps to reduce its financial ties to two other exchanges in town.","CBOE to lot stake in National exchange, steal CBOT right field The Lake Michigan card raw selection substitute aforementioned Tuesday IT make bash handler okay yard to dilute IT fiscal splice to 2 former badger in town.",2,1,True,347
Sun Micro Posts Narrower Quarterly Loss  SAN FRANCISCO (Reuters) - Network computer maker Sun  Microsystems Inc. on Thursday posted a narrower quarterly loss  as revenue rose for the second consecutive quarter on higher  sales of servers after three years of declines.,sunbathe Micro C. W. gang mail war machine military service constringe every government note staff rank spite party SAN FRANCISCO (Reuters) - electronic lucre datum C.P.U. prompt Lord's day Microsystems Inc. on atomic take XC mail antiophthalmic factor constringe every note Marxist ink every morsel recognise ruby-red wine for the bit sequentially quaternary on melt sales of server after three age of declines.,2,3,True,385
Ross Stores Profit Plummets 40 Percent (AP) AP - Discount retailer Ross Stores Inc. Wednesday said its profit fell about 40 percent in the latest quarter due to problems with a new computer system that limited the company's ability to respond to changes in customer demand.,N/A,Business,Sci/Tech,Skipped,0
"Kerry Challenges Bush Record on Issues DETROIT - Sen. John Kerry accused President Bush on Wednesday of presiding over an ""excuse presidency,"" challenging Bush's credibility on jobs, the record national deficit and the war in Iraq...",Failed to initialize,0,,False,1001
Dell and Microsoft Launch Joint Software (AP) AP - Dell Inc. and Microsoft Corp. promised big savings on the billions of dollars companies spend on system maintenance as they unveiled jointly developed software Monday that manages and upgrades servers in one mouse-click.,Failed to initialize,3,,False,1001
"Vijay Singh seeks ninth win of 2004 World No. 1 Vijay Singh, who is seeking his ninth win on the PGA Tour this year, will play the final three events this season, starting with this week #39;s Funai Classic.",Failed to initialize,1,,False,1001
"Sorenstam wins Hammons Classic Annika Sorenstam won her fifth LPGA Tour event of the year, closing with a 1-under 70 Sunday for a four-shot victory at the John Q. Hammons Classic.",Failed to initialize,1,,False,1001
"Minding the Search Engine Business Microsoft just swears that it hasn #39;t given up on Internet Explorer and that it #39;s really, really important to the future of Microsoft, to the next version of Windows, etc.",Failed to initialize,3,,False,1001
Boston Red Sox Team Report - September 24 (Sports Network) - A sensational pitching matchup is on tap at Fenway Park this evening when Pedro Martinez and the Boston Red Sox welcome Mike Mussina and the hated New York Yankees to town for another chapter in baseball #39;s fiercest rivalry.,Failed to initialize,1,,False,1001
"Second seed Dementieva hammered in New Haven The French Open runner-up, who had progressed to the last four with ease, was completely out of sorts as seventh seed Bovina wrapped up victory in only 56 minutes.","2d microbe Dementieva formulate in new harbour The French citizenry open air beam runner-up, humankind Health formation feature article designation number on to the survive on quaternion with ease, inhabit along completely nix of cover nix type A one-seventh reservoir Bovina envelop up victory indium lonesome 56 minutes.",1,3,True,409
"Sudan vows to restore order to Darfur but calls for African peacekeepers (AFP) AFP - Sudan will take the lead in restoring order to its rebellious Darfur region but needs the support of African peacekeepers and humanitarian aid, Foreign Minister Mustafa Osman Ismail said.",Failed to initialize,0,,False,1001
"Bosox strike deal with Mirabelli; Yanks, Flaherty close The Boston Red Sox have signed backup catcher Doug Mirabelli to a two-year deal worth \$3 million, making him the first of the World Series champions #39; 16 free agents to re-sign.","Bosox neglect upon smasher transmitting transmitting aerial extinct with Mirabelli; Yanks, Flaherty secretive The edible eatable bean plant townsfolk scarlet Sox consent suggest zippo political machine backup man humans backstop Doug Mirabelli to axerophthol biennial mickle Charles Frederick Worth \$3 million, take a shit him the Sir David Low train of the orb serial publication virtuoso #39; 16 unblock agent to re-sign.",1,3,True,401
"96 Processors Under Your Desktop Roland Piquepaille writes  quot;A small Santa Clara-based company, Orion Multisystems, today unveils a new concept in computing,  #39;cluster workstations.",Failed to initialize,3,,False,1001
"Oil Price Steadies After 5 Percent Slide  LONDON (Reuters) - Oil steadied on Thursday after  Wednesday's 5 percent retreat from record highs, as traders  concluded that China's surprise interest rate rise would not do  much to dampen fuel demand growth.","inunct doorbell stabilise After 5 per centum aslope bowl orotund John David Lewelyn Wark Griffith Chaney (Reuters) - anele unfaltering on atomic enumerate xc tardy Wednesday's lollygag fiddling quint per centum pull in one's horns from phonograph phonograph phonograph phonograph record highs, nuclear seize with teeth thirty-three higgle draw near that China's surprise matter to societal status emission would not Doctor of Osteopathy very much to stifle fire postulate growth.",2,3,True,404
"Mobile phone sales hit second-quarter record: Gartner (AFP) AFP - Global sales of mobile telephones hit a record 156 million in the second quarter, a study published by the US research group Gartner showed.","ramble bid sales protrusion second-quarter record: Gartner (AFP) alpha foetoprotein - ball-shaped perfect sales event understanding of wandering holler stand improving ampere whitlow remember 156 zillion Indiana the back quarter, angstrom unit social unit pen story place forbidden off the United States inquiry aggroup Gartner showed.",3,2,True,386
"Once Again, Mets Sputter Toward End of a Season year ago, the Mets were going nowhere when they swept the first-place Atlanta Braves in a three-game series at Shea Stadium on the first three days of September.",Failed to initialize,1,,False,1001
Cassini photos leaves some mysteries Cassini #39;s latest sweep past Saturn #39;s moon Titan revealed more intriguing pictures of the surface but left many mysteries intact.,Cassini trifle away rob amend backward Thomas More Oregon less lav Cassini #39;s late shot tally the sack Saturn #39;s synodic calendar calendar calendar month heavyweight LET verboten Lowell Jackson Thomas More than connive icon of the open but allow many whodunit intact.,3,1,True,444
"You have mail, always, with a BlackBerry Washington lawyer William Wilhelm knows from experience that not everybody loves his BlackBerry as much as he does. The girlfriend was fed up with a relationship ",N/A,Sci/Tech,Business,Skipped,0
Special to ESPN.com It #39;s the age old question:  quot;What do you give to the man who #39;s been everything? quot;. Only time will tell whether Phil Knight #39;s retirement will be as long-lived as so many players he paid to endorse Nike.,N/A,Business,Sports,Skipped,0
"WR Grace Is Likely to Face Indictment in Montana Case By Bloomberg News. WR Grace  amp; Company, a producer of chemicals and building material that filed for bankruptcy protection in 2001 amid thousands of asbestos-related claims, said yesterday ","WR technological testament live nuclear total forty-nine entirely likelihood to baptismal baptistery Indictment atomic inclination Land of Lincoln atomic figure 109 typeface by Bloomberg News. WR go will amp; Company, deoxyadenosine monophosphate producer of chemical and Captain James Cook up self-coloured that data file for loser breastplate nuclear number 49 2001 amid universal gravitational constant of asbestos-related claims, suppose yesterday",2,3,True,385
US Insurance Stocks Plunge on Concern About Spitzer (Update3) The plunge in US insurance stocks widened to include companies such as Aetna Inc. and Humana Inc. on concern New York Attorney General Eliot Spitzer #39;s probe of the industry will drag down profits.,Failed to initialize,2,,False,1001
"Update 3: Sears #39; Stock Surge After Firm Buys Stake Sears, Roebuck and Co. #39;s stock shot up 23 percent Friday after a real estate investment trust disclosed it had purchased a 4.3 percent interest in the department-store chain.",Failed to initialize,2,,False,1001
"SpaceShipOne,take two The SpaceShipOne team will attempt to win the \$10 million Ansari X Prize on Monday, the 47th anniversary of the start of the first space race when the Soviet Union launched its Sputnik satellite.",Failed to initialize,3,,False,1001
"Gates: US Need Not Fear Overseas Tech The United States has nothing to fear from rapidly growing technology markets in China and India, Bill Gates, chairman and chief software architect of Microsoft Corp.","Gates: US Need not refer oversea good chain The combine province HA aught to fright from rapidly growth practice acquirement commercialise inward bolshy PRC and India, deposit financial institution differentiation Gates, chairman and top dog software package designer of Microsoft Corp.",3,2,True,356
CBA to purchase local lender #39;s share Commonwealth Bank of Australia (CBA) said yesterday it was in talks with the Jinan City Commercial Bank (JNCCB) about buying a stake in the regional lender.,Failed to initialize,2,,False,1001
UN Council Poised to Vote on Darfur Resolution  UNITED NATIONS (Reuters) - The United States and China held  last-minute talks on Saturday before the U.N. Security Council  was to vote on a resolution that would consider oil sanctions  against Sudan if it did not stop atrocities in the Darfur  region.,Failed to initialize,0,,False,1001
"Shake-up at British retailer LONDON Marks  amp; Spencer announced a management shake-up Tuesday that cost six senior executives their jobs, as the company said profit plunged and sales dipped in its home market for the first half of 2004.",Failed to initialize,2,,False,1001
Wet Seal Third-Quarter Net Loss Widens (Reuters) Reuters - Struggling clothing retailer Wet\Seal Inc.  on Wednesday posted a wider quarterly loss\as lackluster demand for its teen-oriented fashions forced the\company to make bigger markdowns.,cockeyed Seal Third-Quarter Net Loss touch tabu (Reuters) Reuters - skin clothe retail merchant Wet\Seal Inc. on splice rescript axerophthol all-encompassing every later voice loss\as lackluster postulate for datum applied science teen-oriented mode stiffen the\company to go far at boastful markdowns.,2,3,True,289
"Freed trio get warm Delhi welcome Three Indian truck drivers held hostage in Iraq arrive back in Delhi, where large crowds greet them.","exempt 3 get warm honest-to-god Old Delhi foot upward triple Amerindic hand hired hand deal hand truck sum of money peerless Natalie Wood watch white arsenic guarantor indium Irak flummox Hoosier State tie inch Delhi, where large crowds recognize them.",0,2,True,330
"Israeli Army Kills 5 Palestinians in Gaza JEBALIYA REFUGEE CAMP, Gaza Strip - Israeli soldiers on Saturday shot and killed a Hamas militant whom the military said was responsible for a rocket attack that killed two Israeli preschoolers last week and triggered an army offensive in northern Gaza.    Abed Nabhan, 25, was one of five Palestinians killed Saturday in the continuing Israeli operation in northern Gaza...",Failed to initialize,0,,False,1001
"Stewart Asks to Serve Sentence Soon NEW YORK Sept. 15, 2004 - Millionaire executive Martha Stewart announced Wednesday that she had decided to begin her prison sentence for lying about a stock trade as soon as possible.",Failed to initialize,2,,False,1001
Football: Brazil legend's UK debut Brazil football great Socrates is set to make his debut for non-league Garforth Town on Saturday.,Football: Federative Republic of Federative Republic of brazil nut legend's United Kingdom of not bad United Kingdom of Great Britain and Northern Ireland and Northern Republic of Ireland unveiling brazil nut testicle football game game gamy non speculative Socrates be straightforward off to make-believe his intromission for non-league Garforth Ithiel Town on Saturday.,0,1,True,178
Poll: I was right to let Henry score Referee Graham Poll has insisted that he acted within the laws of the game when he allowed Thierry Henry to take a quick free-kick yesterday.,Poll: I merged right to economic rent H rank reader billy club unit wheat flour crown confirm take angstrom unit of measurement progress block firm connection that helium cloak angstrom within the law of the hold when he hallmark Thierry henry to assume a promptly free-kick yesterday.,1,2,True,438
"29 escapees from North seek refuge at school in Beijing BEIJING -- Twenty-nine people believed to be North Korean entered the Japanese school in Beijing on Wednesday morning to seek asylum in a country other than China, according to Foreign Ministry officials in Tokyo.","29 straight to the woods from Frederick northern try safety astatine naturalise Hoosier country Beijing BEIJING -- XXIX the gravid unwashed reckon to match Isaac Newton Korean move into the Nipponese shallow In Beijing on wash joint for the first time unhorse to count for feisty genial home plate Indiana a ray publica former than China, fit in to extraneous Ministry officials in Tokyo.",0,1,True,485
"New Russian-US Team to Leave for ISS in October MOSCOW (AFP) -- A new Russian-US team for the International Space Station (ISS) will take off from the Baikonur space station in the former Soviet republic of Kazakhstan in October, Russian space officials said.       The three-person team, due to be approved on Thursday, will leave for the ISS on board a Russian Soyuz TMA-5 spacecraft, Russia's Federal Space Agency, Roskosmos said on its website...",Failed to initialize,3,,False,1001
"Giants' Stoutmire Tears ACL; Lost for Season  EAST RUTHERFORD, N.J. (Sports Network) - The New York  Giants placed defensive back Omar Stoutmire on injured reserve  Wednesday after he tore his anterior cruciate ligament in  Sunday's season-opening 31-17 loss in Philadelphia.",Failed to initialize,1,,False,1001
"Life without numbers in a unique Amazon tribe 11=2. Mathematics doesn #39;t get any more basic than this, but even 11 would stump the brightest minds among the Piraha tribe of the Amazon. ","lifetime history without fall game in group A alone virago relationship group 11=2. math doesn #39;t sire whatsoever holy man Lowell Thomas Sir Thomas Sir Thomas More raw fabric than this, only if steadily XI would podium the shining beware among the Piraha tribe of the Amazon.",3,1,True,1069
"German Finance Professionals Grow Sharply (AP) AP - German finance professionals grew sharply more pessimistic about the country's economic growth outlook, fearing that the euro's record highs against the U.S. dollar will weigh on exports, a monthly survey showed Tuesday.","German Finance ocean maitre d'hotel soul suppurate precipitously (AP) AP - High German linguistic communicating actor's rail line put across finance pro tiro thrust Sir St. Dylan Marlais Thomas Sir canonize Saint Thomas more than pessimistic only at present close to the country's Scotch whiskey growing outlook, fearing that the euro's commemorate older high school against the US one dollar bill bill will press on exports, a monthly sketch showed Tuesday.",2,0,True,408
"Motorola to Cut 1,000 Jobs, Take Charge  NEW YORK (Reuters) - Telecommunications equipment maker  Motorola Inc. &lt;A HREF=""http://www.investor.reuters.com/FullQuote.aspx?ticker=MOT.N target=/stocks/quickinfo/fullquote""&gt;MOT.N&lt;/A&gt; said on Tuesday that it would cut 1,000  jobs and take charges of about \$50 million for severance  benefits as it tries to increase productivity.",Failed to initialize,2,,False,1001
Mularkey sticking with Bledsoe as Bills starter Mike Mularkey has a message to those clamoring for rookie quarterback JP Losman to replace Drew Bledsoe as Buffalo #39;s starter. Not yet.,Mularkey rag with Bledsoe as broadsheet appetizer microphone Mularkey 60 proceedings Pisces antiophthalmic factor render physical object to those imbue and cry for young carnivore signalise phoner JP Losman to interchange resect Bledsoe adenine previous humans Bison bison #39;s starter. non yet.,1,3,True,340
Touchy Times at Midas The auto maintenance company has a simple business but a complicated prognosis.,Touchy quaternary piece ascribe atomic list lxxxv Midas The political machine sustentation telephoner own adenine simpleton clientele endeavour only axerophthol rarify prognosis.,2,3,True,189
Ex-general wins Indonesian elections Retired general Susilo Bambang Yudhoyono was on Monday confirmed as Indonesia #39;s next leader as final counting from the country #39;s first direct presidential polls gave him a landslide victory over his predecessor.,Failed to initialize,0,,False,1001
"Pakistani PM-elect takes parliament confidence vote Pakistani Prime Minister- elect Shaukat Aziz Saturday secured vote of confidence in the National Assembly (NA), the powerful lower house of the parliament,a requirement under the country #39;s constitution.",Failed to initialize,0,,False,1001
"Tropical Storm Kills at Least 90 in Haiti GONAIVES, Haiti - Tropical Storm Jeanne brought raging floodwaters to Haiti, killing at least 90 people and leaving dozens of families huddled on rooftops as the storm pushed further out into the open seas on Sunday, officials said.    Floods tore through the northwestern coastal town of Gonaives and surrounding areas, covering crops and turning roads into rivers...",Failed to initialize,0,,False,1001
"Afghan-Coalition Soldiers Kill 3, Wound 2 at Checkpoint Coalition forces in Afghanistan say that three people were killed and two others critically wounded when their pickup truck tried to run a checkpoint in the province of Ghazni.",Failed to initialize,0,,False,1001
Two top Nokia executives resign HELSINKI: Nokia said the respected head of its networks unit had resigned and another top networks official left in the second major departure of top management in two weeks at the world #39;s largest mobile phone maker.,Two genus genus Circus collapsable shelter Nokia administrator disembarrass HELSINKI: Nokia hypothesise the respectfulness point of entropy hold science lock societal unharmed of mensurate take over nuclear keep down forty-nine odor decision and more than or less other cash in one's chips by interlock regulate strait aside nuclear number forty-nine the s holy person Gospel According to John the Apostle Roy John Major become of pep pill side of meat direction atomic number 49 2 calendar week at the world #39;s largest wandering phone maker.,2,3,True,461
A.I.G. Will Accept Monitor and Pay \$80 Million to Close Inquiries The insurance company has agreed to pay about \$80 million to settle investigations into insurance sales that were used by companies to manipulate their earnings.,A.I.G. countenance Accept monitor lizard device and pay \$80 1000000 to make full improve search The policy order go under barrack to dedicate unsmooth \$80 1000000 to patch ameliorate investigate into right cut-price sale agreement agreement that live utilize aside ship's companionship to pull wires their earnings.,2,3,True,406
"Complex Brings Work, Shops Close to Home Tucked on a side street, just a block from the cars and trucks that whiz along Rockville Pike, sits a new complex of 404 luxury apartments, renovated restaurants and stores that some planners and developers are calling the optimum in compact urban redevelopment.","composite flora shimmer Work, patronise cheeseparing to habitation gather on axerophthol lie downwards street, solitary directly axerophthol eat up upwards from the dragoon railway organisation railroad machine and truck that produce vibrant phone on Rockville Pike, model antiophthalmic factor saucy coordination step up of 404 luxury apartments, renovate use up along taboo outer space and cipher political machine memory board that close to deviser and developer atomic number 4 shout the optimal in summary urban redevelopment.",2,3,True,508
"Microsoft settles antitrust cases with Novell, CCIA Microsoft Corp on Monday announced antitrust settlements with Novell Inc. and the Computer and Communications Industry Association (CCIA), ending years of legal wrangling.",N/A,Sci/Tech,Business,Skipped,0
"The Red Sox Gaze Ahead After Much Looking Back The Boston Red Sox are already thinking about next year, the year after and, above all, how to avoid another eight-and-a-half-decade drought.",Failed to initialize,1,,False,1001
"Charting East Asias milestones IT is a special honour for me to be speaking before such a distinguished gathering, including my illustrious predecessor and his colleagues from Korea and Japan who are all well-known for their visionary ideas and as proponents of East Asian cooperation.","graphical phonograph record easterly link up nation Asia milepost IT be axerophthol rummy grant for yearn tree diagram state of matter to dwell backtalk atomic number 49 front man such type antiophthalmic factor keystone gathering, let in my leading light precursor and his colleague from Korean Peninsula and Nipponese Archipelago who toll totally well-known for their vaticinator approximation and aggroup antiophthalmic factor proponent of easterly connect States Asiatic cooperation.",0,3,True,383
"New Bomb Blast Wounds 15 in India Suspected separatists bombed a power line, a gas pipeline, a tea plantation and a crowded marketplace in northeastern India on Sunday, intensifying a campaign of violence ","New washout shell handicap 15 in commonwealth of Bharat mistrust breakaway prime amount it vitamin A forefinger line, ampere gas pipeline, angstrom unit unit of measurement social unit of measure trade good afternoon afternoon teatime grove and amp hale market inward NE Bharat along Sunday, deepen a run of violence",0,2,True,394
"Living legends left their marks PASADENA, Calif. -- The first football meeting between Michigan and Texas in yesterday's Rose Bowl brought together two coaching legends -- Bo Schembechler and Darrell Royal .",Failed to initialize,1,,False,1001
Kansas Gets Chance For Revenge Against Nevada The Jayhawks were &lt;b&gt;...&lt;/b&gt; The second-ranked Jayhawks can redeem themselves for one of their most frustrating losses last season Monday when they welcome the Wolf Pack to Allen Fieldhouse.,Failed to initialize,1,,False,1001
"Biggest threat to Britain #39;s grand prix heritage Henry Ford once said that his factories didn #39;t make cars,  quot;they make money. quot; It is a philosophy Bernie Ecclestone would surely understand more than most after his surgically dispassionate decision yesterday not to include the British grand prix on the ",Failed to initialize,1,,False,1001
"Shanghai, Qualifying: Surprises all round Michael Schumacher spun and Sauber looked strong this afternoon. Fernando and Jacques went sixth and thirteenth.",Failed to initialize,1,,False,1001
"Intel guns for remote wireless device management SAN FRANCISCO - Intel Corp. is working on a device management technology that could allow IT departments to take advantage of existing management software and bring a host of disparate wireless devices under the IT department umbrella, an Intel executive said Monday at the Cellular Telecommunications and Internet Association's Wireless Entertainment and IT conference here.",Failed to initialize,3,,False,1001
"Multiple Bombings Kill At Least 37 In Capital _ At least three bombs exploded near a US convoy in western Baghdad on Thursday, killing 37 people and wounding more than 50, officials said.",Failed to initialize,0,,False,1001
"Internet Ad Revenues Jump 40 Percent Internet advertising revenues jumped 40 percent in the first half of this year, driven largely by the growing popularity of keyword ads tied to search results.","conclude Ad Revenues saltation 40 pct sugar advertising tax income jumped forty percentage atomic number 49 the twinkle come along offset half of this year, labor for the well-nigh position hit the hay the growth popularity of keyword publicise even to look results.",3,2,True,268
"Google #39;s New PC Search Tool Poses Risks NEW YORK Oct. 18, 2004 - People who use public or workplace computers for e-mail, instant messaging and Web searching have a new privacy risk to worry about: Google #39;s free new tool that indexes a PC #39;s contents for quickly locating data.",N/A,Business,Sci/Tech,Skipped,0
"No-Confidence Vote Planned Against Palestinian PM  RAMALLAH, West Bank (Reuters) - Lawmakers angered by the  Palestinian leadership's failure to make reforms plan to force  a parliamentary no-confidence vote that could bring down the  government appointed by Yasser Arafat, legislators said.","No-Confidence Vote program Against Palestinian Arab premier RAMALLAH, western United States depository fiscal initiation (Reuters) - lawgiver project inflammation past the Palestinian Arab Arab leadership's bankruptcy to obtain astatine reclaim form of field of study to big businessman adenylic dot parliamentary no-confidence ballot that could make for down the government activity appoint by Yasser Arafat, legislator said.",0,2,True,423
"SpaceShipOne's 2nd Shot at X Prize Slated for Monday (SPACE.com) SPACE.com - The second attempt by the rocketplane SpaceShipOne to soar into space and snag \  the  #36;10 million Ansari X Prize is planned for Monday, officials announced last \  night.",Failed to initialize,3,,False,1001
"Tokyo Stocks Higher, Lifted by Survey  TOKYO (Reuters) - Tokyo stocks rose by mid-morning on  Monday with a broad range of issues getting a lift from a key  survey that boosted optimism on Japan's economic outlook, with  expectations rising that growth figures will be revised up.","Edo Stocks Higher, Lifted by study Tokyo (Reuters) - Edo try out animal ascend preceding mid-morning along Monday with A panoptic masses orbit of select come across A abduct from eccentric A primaeval go give the sack that far optimism along Japan's dispense with outlook, with mindset shtup polish off along up that emergence pictorial matter will be retool up.",2,3,True,491
"Argentina Heads World Cup Qualifying Group After Brazil Loses Argentina moved atop South America #39;s qualifying group for the 2006 soccer World Cup with a 3-2 victory over Venezuela, grabbing the lead after world champion Brazil suffered its first defeat of the campaign.",Failed to initialize,1,,False,1001
Prying Into FBI Activities The ACLU files Freedom of Information Act requests to find out why antiterrorism task forces have been monitoring activists. By Ryan Singel.,Prying Into Union soldier dresser of probe fulfill The ACLU concentrated currency registry freedom of selective info exercise angstrom unit unit forecast for to recover prohibited why antiterrorism tax strength bear comprise supervise activists. By Ryan Singel.,3,2,True,488
Civil servants in net porn probe More than 200 staff at the Department of Work and Pensions have been disciplined for downloading porn at work.,civilised handmaiden in endure smut canvas tent Sir Thomas Sir Thomas More than two 1 coke jug at the flat partition of light and pension off rush be coach for download erotica at work.,3,0,True,553
"OPEC Agrees to Cut Oil Output in Bid to Firm Up Prices OPEC oil ministers agreed today to cut oil production by one million barrels a day to stem a 24 percent price slide in the past six weeks, and they called for an emergency meeting ","system of Petroleum-Exporting soundbox politic run to excision fossil vegetable fossil oil yield indium stamp to fast ameliorate cost plaque of Petroleum-Exporting body politic fossil oil distort government minister of religious belief handgrip nowadays to cut vegetable oil tinge distort column inch outfit tabu unmatchable meg cask vitamin A daylight to stubble a 24 per centum bell microscope lantern slide atomic number 49 the yesteryear times six weeks, and they called for an emergency meeting",2,3,True,671
"South Korea planning huge spending to revive economy: report (AFP) AFP - The South Korean government is preparing a huge  quot;New Deal quot; spending package in the next few years to revive the country's sagging economy, Yonhap news agency said.","nuclear bout forty-nine the Dixieland Korean Peninsula preparation huge disbursal to recreate economy: intelligence revolutionary (AFP) alpha foetoprotein - The conspiracy Korean political scientific bailiwick affirm top executive train upwards amp immense quot;New handwrite quot; disbursal package nuclear bring upward il the following few sometime long time to reanimate the country's drooping economy, Yonhap news federal agency said.",2,0,True,400
ObjectWeb adds portal content management middleware Using open-source modules instead of commercial alternatives -- even standards-based ones -- could save businesses money.,Failed to initialize,3,,False,1001
"Oracle Quarterly Net Income Rises 16 Pct Oracle Corp. (ORCL.O: Quote, Profile, Research) on Tuesday reported a 16 percent rise in quarterly net income as the world #39;s second largest software company benefited ","Oracle every canton humankind blanket Web Income human body upwards 16 per centum vaticinator Corp. (ORCL.O: Quote, Profile, Research) on Tues samara deoxyadenosine monophosphate XVI per centum promote inch every sop upwards cyberspace income vitamin adenine the military personnel #39;s indorsement groovy software package party benefited",2,3,True,266
"EU, Japan Win WTO Approval to Impose Duties on US (Update2) The European Union, Japan and Brazil won World Trade Organization backing to impose tariffs on US imports after Congress failed to end illegal corporate subsidies worth \$850 million since 2001.","EU, Japanese island split forrader WTO favourable reception to visit state on the DoS (Update2) The European Union, Nihon and Brazil addict descend atomic number 49 afterwards gentleman's gentleman quite a an group A little constitution of rein backing to tally pop responsibility on atomic issue 92 minute afterward sexual sexual congress go spoilt to stop illegal unified subsidy worth \$850 million since 2001.",2,0,True,487
"Lockheed Profit Jumps on IT, Jet Demand &lt;p&gt;\&lt;/p&gt;&lt;p&gt; NEW YORK (Reuters) - No. 1 U.S. defense contractor Lockheed\Martin Corp. &lt;LMT.N&gt; reported a 41 percent rise in quarterly\profit on Tuesday, beating Wall Street forecasts, as demand\soared for its combat aircraft and information technology\services.&lt;/p&gt;",N/A,Sci/Tech,Business,Skipped,0
Wenger Spares Red-Faced Lehmann Arsenal keeper Jens Lehmann was left red-faced in Athens as two costly mistakes ensured that a Champions League victory slipped through his sides fingers again.,Failed to initialize,1,,False,1001
"Desktop Search Avalanche Set to Hit Yahoo, Ask Jeeves, and Microsoft all plan to follow Google to the desktop.",Failed to initialize,3,,False,1001
"Scientists: Volcano Monitoring Funds Low (AP) AP - For lack of funds, more than a third of the nation's ""truly dangerous"" volcanos lack even a seismometer for detecting signs of an impending eruption, scientists say.",Failed to initialize,3,,False,1001
"Blast kills at least three in crowded market in southern &lt;b&gt;...&lt;/b&gt; MANILA, Philippines At least three people have been killed and several injured in a powerful explosion at a crowded public market in the southern Philippines.","gibbet vote stunned At to the lower item triplet Indiana herd unitedly market Indiana southern &lt;b&gt;...&lt;/b&gt; MANILA, Philippine At to the lowest arcdegree triple deal hold exist draw prohibited sour and respective wound Hoosier order onward angstrom unit unit right burst at angstrom crowd together public market in the southerly Philippines.",0,2,True,434
"Delta Air to Issue More Shares Delta Air Lines, fighting to avoid bankruptcy, said yesterday that it had won approval to bypass shareholders to issue up to 75 million common shares.","Delta melodic typeset phrasal idiom to give-up the ghostwriter Sir Bob Dylan Dylan Thomas the sceptical Apostle to axerophthol groovy extent touch Delta musical countersink bit coiffure idiom Lines, chip to stave in cancelled bankruptcy, label yesterday that entropy applied science possess wrench before bless to come around shareowner to exit up to 75 million common shares.",2,3,True,1148
"Travelocity Says Speed Is the Ticket For Growth Sam Gilliand, the chief executive of Travelocity, talks about the online travel industry, the Cendant-Orbitz merger and the woes of the airline industry.",N/A,Sci/Tech,Business,Skipped,0
"Russia's Red Army Fetes Pope on Eve of Anniversary  VATICAN CITY (Reuters) - Russia's Red Army chorus and  orchestra on Friday feted Pope John Paul to mark his 26th  anniversary as Roman Catholic leader, an event unthinkable just  15 years ago before the fall of the Soviet Union.",Failed to initialize,0,,False,1001
"Kyocera Battery Recall Kyocera Battery Recall By guest contributor Josh Pereira. Kyocera, a leading manufacturer of CDMA phones, has announced a voluntary and precautionary recall of the batteries found in their KE/KX 400 Series, 3200 Series, and Slider Series phones.",Failed to initialize,3,,False,1001
"Ivory Coast facing UN sanctions France is pushing to win passage of a UN resolution that seeks an arms embargo and other penalties against the Ivory Coast. France #39;s UN ambassador, Jean-Marc de la Sabliere, hopes for a vote early this week.","tusk slideway veneering UN imprimatur Anatole Anatole Jacques Anatole Francois Thibault Mary Leontyne Price push button to rend inch nominal head beryllium alive behave of deoxyadenosine monophosphate UN soundness of purpose of project of map that try distribution fellow atomic number 49 suck in aerofoil of patty of branch administer stoppage and other penalisation against the beadwork Coast. Anatole France #39;s UN ambassador, Jean-Marc Delaware Pelican State Sabliere, hopes for a ballot early this week.",0,3,True,449
"Honey, did you remember to call the DVD recorder? The machine has a 400GB hard disk drive, is capable of zapping video elsewhere in a home, and is designed to let consumers program recording remotely over the Internet--including via cell phones.",Failed to initialize,3,,False,1001
Button decision delayed Jenson Button must wait until next month before discovering which Formula One team he can race for next season. He wants to leave BAR for Williams but both teams claim to have a deal with the British driver ,clitoris decision stickup Jenson freeing must postponement until render the good calendar calendar month originally discover which normal peerless team up improve helium render mail slipstream for future season. helium deprivation to fade arrest for Hank Roger Williams entirely both team up up astir lay claim to nurture a slew with the Brits device driver,1,3,True,866
Collingwood anchors England (AFP) AFP - Paul Collingwood's unbeaten 80 took England to 299 for seven against Zimbabwe in their opening Champions Trophy Pool D match at Edgbaston here.,Collingwood except anchorman England (AFP) alpha fetoprotein - Alice Saul the Apostle the Apostelic get Collingwood's unbeaten eighty steer Indianan province England to 299 for septenary against Republic of Zimbabwe Indianan province their kick in champion quality consortium cholecalciferol couple at Edgbaston here.,0,1,True,211
Sports in brief He yelped after his second drive. His knees buckled after making contact on the sixth tee. . (See photo at left.) He stopped a half-dozen times and lifted his shirt so his caddie could rub heating cream between his shoulder blades.,genetic mutant atomic number 49 foreshorten helium yap subsequently his sec drive. His articulatio genus falsify subsequently mare's nestle forcible physical contact genus negatron lens system on the 6th tee. . (See motion-picture picture atomic telephone total 85 left.) atomic numeral deuce resolution a hexad time and set out improving his shirt so his caddie could nettle ignite drub polish off 'tween his articulatio humeri blades.,1,3,True,759
"New Rebel Factions Emerge in Darfur New rebel factions have emerged in western Sudan, complicating peace talks on the conflict in Darfur. The UN special representative for Darfur, Jan Pronk, says he thinks the new groups are serious and need to be taken into consideration.","plumb Rebel camarilla Emerge in Darfur new greyback camarilla spring line egress in western Sudan, tweak relaxation method lecture along the difference of search astatine indium Darfur. The UN especial typification for Darfur, January Pronk, intelligent nix helium look atomic number 85 the newfangled chemic numerical mathematical aggroup subsist monstrous and involve to be submit into consideration.",0,3,True,1101
Employees from 10 hotels locked out The San Francisco Multi-Employer Group announced this morning that it has locked out UNITE HERE Local 2 employees from 10 hotels and staffed the vacated positions with replacement workers.,Employees from 10 hotels locked out The San Francisco Multi-Employer Group announced this morning that it has locked out connect HERE Local 2 employees from 10 hotels and staffed the vacated positions with replacement workers.,2,3,True,171
Montreal Expos Team Report - August 31 (Sports Network) - The Montreal Expos were handed a setback in Monday #39;s opener at Olympic Stadium. Greg Maddux threw seven shutout innings and went 2-for-3 with an RBI at the plate to lead the Cubs to a 5-2 victory.,Failed to initialize,1,,False,1001
Merck Shares Drop on Report of Documents About Vioxx Drug Merck  amp; Co. shares fell as much as 7 percent to their lowest level in more than eight years after the Wall Street Journal said the drugmaker tried for years to stop safety concerns from hurting sales of its Vioxx painkiller.,Failed to initialize,2,,False,1001
"Thatcher case twist as list of alleged coup backers vanishes THE Thatcher saga took a dramatic twist last night when it emerged a key witness in the police investigation has disappeared, taking with him a list of wealthy individuals who supposedly bankrolled an alleged coup attempt in oil-rich Equatorial Guinea.","atomic identification number twenty-six Lady baptistery distort vitamin A earpiece human activity of so-called putsch d'etat angel vaporize THE iron out taboo Lady saga prefer numerical mathematical group angstrom whole spectacular endeavor Indianan State Department of issue decision night when datum applied science matter deoxyadenosine monophosphate distinguish attester atomic number Prairie State the police dig into induce disappeared, communicate with him vitamin angstrom inclination of wealthy individuals who supposedly roll an supposed coup d'etat endeavour in oil-rich Equatorial Guinea.",0,3,True,563
"BASS moving headquarters to Florida The Bass Anglers Sportsman Society is moving its headquarters to Central Florida. The bass fishing organization, based in Montgomery since its inception in 1967, announced Monday ",N/A,Business,Sci/Tech,Skipped,0
"In Western Iraq, Fundamentalists Hold U.S. Forces at Bay Falluja and Ramadi, and much of Anbar Province, are now controlled by militias, with U.S. troops confined to outside bases.",Failed to initialize,0,,False,1001
Boycott Rethink After Ahern Apology The DUP was last night reconsidering its boycott of talks with the Irish government after Taoiseach Bertie Ahern apologised to party leader Ian Paisley.,Boycott afterthought After Ahern stock warrant The DUP receive last night reconsidering its boycott of evince with the Irish whisky government activity afterwards Taoiseach Bertie Ahern rationalize to company croak pull card Ian Paisley.,0,2,True,221
"Basayev Claims Responsibility for Beslan School Hostage Siege A Chechen rebel commander has claimed responsibility for the school hostage siege in southern Russia earlier this month, during which more than 320 hostages were killed, half of them children.",Failed to initialize,0,,False,1001
"Two Charged in S. African Nuclear Trafficking Case JOHANNESBURG, Sept. 9 -- A German man and his colleague appeared in court Thursday on charges of violating South Africa #39;s ban against nuclear proliferation, according to news reports.",Failed to initialize,0,,False,1001
"USC rolls to easy win Despite playing well Arizona was unable the hold the top ranked USC Trojans, losing 49-9. The score was a bit deceiving as the Wildcats hung tough with the nations best team for about a quarter and a half.",Failed to initialize,1,,False,1001
Oil Sets New Record \$47 on Iraq Threat  LONDON (Reuters) - Oil prices surged to a new high of \$47 a  barrel on Wednesday after a new threat by rebel militia against  Iraqi oil facilities and as the United States said inflation  had stayed in check despite rising energy costs.,petroleum fossil anele hardening indium the birthday accommodate phonograph immortalise \$47 along democracy of Iraq mastigophore not bad smashing capital of the United Kingdom (Reuters) - rock-and-roll 'n' axial rotation shiver fossil anele bell glider upwardly to A modern font baptistery spirited of \$47 amp swot up on splice after deoxyadenosine monophosphate unused brat by boost up militia against Iraki oil adeptness and antiophthalmic agent the conflate posit read pompousness birth postponement atomic number 49 check-out procedure despite spring up energy costs.,2,3,True,594
"Photos Plus Music Equals an Expensive iPod (washingtonpost.com) washingtonpost.com - First Apple put some color on the iPod, when it offered the iPod mini in a palette of pastel hues, and now it has put some color inside it, in the form of the new iPod Photo.",Failed to initialize,3,,False,1001
"AOL beefs up its homeland security AOL has added a range of features to ward off computer viruses, intrusive spyware programs and spam to a special edition of its internet access package, AOL 9.0 Security Edition.",Failed to initialize,3,,False,1001
Bode Miller picks up fourth win of World Cup season Bode Miller won for the fourth time this season Friday and Daron Rahlves was second -- the first 1-2 finish for US men in a World Cup downhill.,prodigy mill about machine visual sense upwards quaternary element recognise of homo transfuse condemnation of class prognosticate Chester Alan Arthur moth miller promote for the quaternity quaternary ascribe this sea snarl Friday and Daron Rahlves contain face molybdenum -- the low 1-2 termination for atomic number 92 military human being in a human race loving cup downhill.,1,3,True,425
"Sudan govt unleashes offensive in South Darfur: SLA rebels CAIRO, Dec 17 (AFP) -- One of the two main rebel groups in Sudan #39;s war-torn Darfur region said that the government had launched an offensive on rebel-held towns in southern Darfur, denouncing it as a truce violation.",Failed to initialize,0,,False,1001
"US leads 2-0 in Davis Cup Olympic silver medalist Mardy Fish served 19 aces to defeat Max Mirnyi in the second singles match 7-5, 6-2, 3-6, 6-3. Roddick #39;s serve in the final game of the match eclipsed his own record of 153 mph set at the Queen #39;s Club tournament in England in June.",Failed to initialize,1,,False,1001
Nokia plans to boost memory for phones New handsets from the mobile phones global leader will have hard disk to store more songs and pictures in a move to tap the rapidly growing smartphone market.,Failed to initialize,3,,False,1001
"Alcoa Shares Fall Most Since April in Europe After Forecast Shares of Alcoa Inc., the world #39;s biggest aluminum producer, fell the most in almost five months in Europe after the company said third-quarter profit from continuing operations will be below analysts #39; estimates.","Alcoa speech crepuscule to the gamy donnish arcdegree Since April atomic number 49 EEC by and past along predict component of Alcoa Inc., the terra firma #39;s salient atomic naming tot farseeing 12 producer, come inch grim the near inch near trivial Phoebe month in European Community subsequently the party commonwealth third-quarter realise from continue along surgical process will be below analyst #39; estimates.",2,3,True,551
"'Nano-needle' operates on cell Scientists have performed a delicate surgical operation on a single living cell, using a needle that is just a few billionths of a metre wide.",Failed to initialize,3,,False,1001
Eagles remain unbeaten David Akers kicked a 50-yard field goal in overtime to help the Eagles to a 34-to-31 victory over the Cleveland Browns. Donovan McNabb matched a career high with four touchdown passes.,Failed to initialize,1,,False,1001
"Steelers' Staley Downgraded to Doubtful (AP) AP - Pittsburgh Steelers running back Duce Staley was downgraded to doubtful Friday with a sore hamstring, meaning he will almost certainly miss a third consecutive game Sunday.",Failed to initialize,1,,False,1001
"Sea-Level Rise Gives Clue to Big Chill A sudden influx of freshwater from North America's ancient Lake Agassiz to the North Atlantic 8,200 years ago triggered a precipitous cooling of the region, scientists believe. Now they are trying to predict if and when a similar scenario might happen again.",Failed to initialize,3,,False,1001
"US Forces Bomb Iraq's Falluja, Seize Zarqawi Aide (Reuters) Reuters - U.S. planes bombed targets in\Iraq's rebel-held city of Falluja, killing two people, and the\U.S. military said it had captured a lieutenant of its\deadliest Islamist enemy in Iraq in a raid early on Saturday.",Failed to initialize,0,,False,1001
"2 D.C. Men Accused of Defrauding Investors The Securities and Exchange Commission sued two District men yesterday, charging them with improperly soliciting more than \$1.3 million for a real-estate-based Ponzi scheme by preying on fears about neighborhood gentrification.","2 soil of Columbia River River River war political machine human beings slam of genus Corvus frugilegus investor The security schema and commute consign answer two territorial dominion gentleman's gentleman organism yesterday, deport pinkish polish them with improperly ejaculate astir to to a heavy extent than \$1.3 one thousand thousand for deoxyadenosine monophosphate real-estate-based Ponzi schema by feed on fears about neighborhood gentrification.",2,3,True,344
"Lockheed to Launch Rocket; Boeing Gets New Date (Reuters) Reuters - Lockheed Martin Corp. on Monday\announced that it will launch its Atlas V rocket on Dec. 17 as\planned, while Boeing Co. waited to reschedule a launch of its\Delta IV heavy-lift rocket that it was forced to abandon on\Sunday.",Failed to initialize,3,,False,1001
"Update 1: Sysco Profit Climbs 8 Percent on Sales Sysco Corp., the country #39;s largest food service distributor, Monday said profit for its latest quarter rose 8 percent, as it increased sales and trimmed expenses despite the hurricanes in the Southeast.",Failed to initialize,2,,False,1001
ACC Loses 2 Ranked Teams; Big East Get 2 (AP) AP - The Atlantic Coast Conference's record run of seven ranked teams came to an end Monday.,zephyr move armed armed armed combat Command number adenine personnel injured party two parliamentary operation Teams; liberal east set out two (AP) AP - The Atlantic sailplaning Conference's memorialise political labour of septenary rank squad up came to an remainder Monday.,1,0,True,315
"Palestinian says Americans' killers can't be arrested GAZA -- Palestinian security forces know who was behind the killing of three Americans in Gaza nearly a year ago but cannot act against the factions while fighting with Israel continues, a top Palestinian security official said.",Failed to initialize,0,,False,1001
"Boeing casts eyes on live TV over Connexion service The Boeing Co. is planning to add live television to its Connexion by Boeing service during 2005, a company executive said in a recent interview.","Boeing sick midway on wild TV over association subsection redevelopment The Boeing Co. make upwards constitute afterwards to pull astir stakes Trygve lie down IN cretin boxwood to IT association parenthesis Boeing blaspheme extinct during 2005, group adenine crime syndicate executive opine Hoosier State ampere late interview.",3,2,True,385
"Five facts about France #39;s Muslim headscarf ban - The French parliament passed the law in March to ban  quot;conspicuous symbols quot; of faith from its state school system. Guidelines for applying the law identified Muslim headscarves, Jewish skullcaps and large ","Five facts about Anatole Anatole Anatole Anatole France #39;s Moslem headscarf suppression - The Book of the Prophet Daniel Chester French hoi polloi fan bronze give-up the spectre the natural yokelish innate natural law Indianan DoS work on on to ban quot;conspicuous symbolical mission quot; of applied scientist religious belief from entropy applied science atomic number 75 publica educate system. road map for commit the innate law name Moslem headscarves, Judaic skullcap and large",0,3,True,354
SEVEN KILLED IN KABUL BLOODSHED At least seven people have been killed in a bomb blast in central Kabul - the second deadly explosion in Afghanistan over the weekend.,SEVEN pitch by Indiana KABUL battue astatine to the lowly stage heptad the slap-up green option out Hoosier express champion sire the substantially of in deoxyadenosine monophosphate ruddy it belt down pat inward key out Kabul - the minute deadly detonation in Islamic State of Afghanistan over the weekend.,0,1,True,441
"Around The Region In another move to cut costs, Continental Airlines is closing 14 of its ticketing offices systemwide, including three in the Houston area.","Around The field In another be alive to geld costs, Continental send off hose be apprehension eastern hemisphere xiv of IT OK federal official official official federal official official bureau systemwide, admit ternion inwards the Samuel Houston area.",2,1,True,347
"Ex-WorldCom CEO Wants Witness Immunity (Reuters) Reuters - Lawyers for former WorldCom  Chief\Executive Bernard Ebbers are seeking immunity for two witnesses\who they believe could clear their client of fraud charges\related to the company's  #36;11 billion accounting scandal,\according to court papers filed on Wednesday.",N/A,Business,Sci/Tech,Skipped,0
Zurich Employees Plead Guilty in Probe  NEW YORK (Reuters) - Two senior insurance underwriters at  Zurich American Insurance Co. pleaded guilty  on Tuesday to  misdemeanors related to bid-rigging in the insurance market.,Failed to initialize,2,,False,1001
Iomega readies wireless NAS device Iomega Corp. is soon expected to ship its first network-attached storage (NAS) device based on wireless networking technology.,Failed to initialize,3,,False,1001
"ETA Seals Off Madrid with 5 Bombs, 2 Police Hurt (Reuters) Reuters - The Basque separatist group ETA set off\five bombs at petrol stations around Madrid on Friday, putting\a stranglehold on the city at the start of a long holiday\weekend.","ETA sealskin Off Washington D.C. D.C. of land of realm of Spain with 5 Bombs, deuce patrol olfactory place (Reuters) Reuters - The Basque fissiparous numerical numerical mathematical group Euskadi atomic number 73 Askatasuna congeal off\five pass atomic issue 85 gasolene flummox tightlipped to majuscule of realm of Spain along Friday, putting\a stranglehold on the urban nerve centre at the scratch line of a retentive holiday\weekend.",0,3,True,306
Fortune's 100 Most Doomed? Your company made it to Fortune's 100 Fastest Growing Companies list. Is that a good thing?,Fortune's 100 Most Doomed? Your companion traveler made information technology to Fortune's one hundred Fastest ontogenesis companionship list. Is that deoxyadenosine monophosphate sound thing?,2,3,True,97
"New \$50 bill designed to counter counterfeits WASHINGTON - The green is still there, but with touches of blue, red and yellow. A stylized image of the Stars and Stripes now waves in the background.","New \$50 vizor excogitate to sideboard peter Booker T. Booker Taliaferro Evergreen State - The putting K pit net ball polish off there, solely with pinch of blue, red and yellow. A stylise ikon of the superstar and denudate ilk a pellet undulation Indiana the background.",2,1,True,301
SA 'mercenaries' plead not guilty Sixty-six men accused of plotting a coup in Equatorial Guinea deny breaching Zimbabwe's security laws.,SA 'mercenaries' plead non guilty lxvi cosmos imply of plat a takeover in Equatorial greaseball bend swath polish breaching Zimbabwe's guarantor laws.,0,2,True,633
"Ask Jeeves Search Engine Gets Slim and Personal Ask Jeeves Search Engine Gets Slim and Personal\\Ask Jeeves has introduced new changes which have totally made over the search engine which hopes to give Yahoo, MSN and Google a run for their money. The new changes at Ask.com include MyJeeves personal search, a revamped local search, and an update ...",Failed to initialize,3,,False,1001
"Baseball's Homeless Franchise Bud Selig, the Major League Baseball commissioner, didn't realize he was gambling when he awarded the Expos to Washington.",Failed to initialize,1,,False,1001
"Donald runs into Ryder form Luke Donald says his win in the European Masters on Sunday bodes well for his upcoming Ryder Cup debut. Donald was one of European captain Bernhard Langer #39;s two picks for the match, which takes place at Oakland Hills, Michigan from 17-19 September.",Failed to initialize,1,,False,1001
"Cavanagh, Crimson roll by Union Tom Cavanagh scored two goals, leading Harvard to a 4-1 win over visiting Union last night.","Cavanagh, cherry-red axile rotation apart Department of Labor Federal gobbler Cavanagh mark II goals, conduce Harvard University University to ampere 4-1 birth the goods over travel to Union finale night.",1,2,True,268
"Elbaradei, Environmentalist Tipped for Nobel (Reuters) Reuters - Among those tipped to win the 2004 Nobel\Peace Prize on Friday are the U.N. nuclear watchdog and its\leader Mohamed ElBaradei, a Kenyan environmentalist and a\Russian anti-nuclear activist.","Elbaradei, conservationist jargon stark for Alfred Alfred Nobel (Reuters) Reuters - Among those belt to acquire the goodness the 2004 Nobel\Peace waste on Fri comprise the U.N. atomic prophylactic twist wienerwurst and its\leader Mohamed ElBaradei, vitamin A Kenyan conservationist and a\Russian anti-nuclear activist.",0,3,True,201
"Murphy Acquitted of Sexual Abuse Charges Basketball Hall of Fame member Calvin Murphy, left, sits in a courtroom as he waits for the start of closing arguments in his trial Monday, Dec. 6, 2004, in Houston.","black-and-blue Solanum tuberosum conduct of chalk out ill-usage wheel ass lattice G. Saint John Rowlands planetary household of far-famed somebody unconscious process jean Cauvin Murphy, left, simulate atomic number 49 deoxyadenosine monophosphate courtroom nuclear numeral xxxiii atomic add up two deferral for the intercept forbidden of conclude literary debate atomic number 49 his test Monday, Dec. 6, 2004, in Houston.",1,3,True,436
"Oracle Overhauls Sales-Side Apps for CRM Suite (NewsFactor) NewsFactor - Oracle (Nasdaq: ORCL) has revamped its sales-side CRM applications in version 11i.10 of its sales, marketing, partner relationship management and e-commerce application.",Failed to initialize,3,,False,1001
"Vornado Buys 4.3 Pct. Sears Stake Vornado Realty Trust said on Friday it has acquired a 4.3 percent stake in the retailer Sears, Roebuck  amp; Co.. Sears #39; stock rose as high as \$45.","Vornado Buys 4.3 Pct. parch game Vornado immovable incarnate confide offer on voice on Friday entropy give scientific discipline quality choose upwards a 4.3 per centum interest in the retailer Sears, Roebuck amp; Co.. woman #39; timeworn rebel atomic number 33 inch high spirits as \$45.",2,3,True,323
"Ailing Arafat Arrives in Paris for Medical Treatment A French military jet believed to be carrying the Palestinian leader landed today at an airfield outside Paris, witnesses said.",Failed to initialize,0,,False,1001
British athletics appoint psychologist for 2008 Olympics British athletics chiefs have appointed sports psychologist David Collins as Performance Director to produce medal winners at the 2008 Beijing Olympics.,Failed to initialize,1,,False,1001
Life After Yasir Arafat His successors wanted an orderly funeral. They brought in bulldozers to clean up Yasir Arafat #39;s broken-down headquarters in Ramallah.,Failed to initialize,0,,False,1001
"Ballmer: Microsoft is listening to customers Microsoft chief executive Steve Ballmer says the software giant is listening to customers, and wants to make the company and its employees more accountable for delivering on its plans.","Ballmer: Microsoft is heed to customer Microsoft chief executive Steve Ballmer aver the computer computer software giant constitute heed to customers, and loss to clear the fellowship and its employees Sir Norman Seth Thomas Sir doubting Thomas Thomas More accountable for acquit on its plans.",3,2,True,701
"Turkish Parliament Fails to Pass Reforms (AP) AP - Turkey's parliament adjourned Saturday without passing a key reform package because of divisions over the government's proposal to make adultery a crime, bringing warnings from the European Union that delays could hurt Turkey's chances of membership.","Turkish sevens cave indium tabu to evanesce fancy the perch (AP) AP - Turkey's sevensome XTC to sleep ride without develop antiophthalmic component distinguish tame calculator data mainframe software system bundle because of classify destination the government's proposition to wee-wee crook conversation deoxyadenosine monophosphate crime, chip in admonition from the European sexual coupling that wait could twist Turkey's adventure of membership.",0,3,True,434
"Enbridge to Buy Some of Shell's Pipelines  TORONTO (Reuters) - Enbridge Inc. &lt;A HREF=""http://www.investor.reuters.com/FullQuote.aspx?ticker=ENB.TO target=/stocks/quickinfo/fullquote""&gt;ENB.TO&lt;/A&gt; will buy Shell's  Gulf of Mexico natural gas pipelines for \$613 million in a move  that will make it a major transporter in the huge gas-producing  area, Canada's No. 2 pipeline company said on Wednesday.",Failed to initialize,2,,False,1001
HEAP OF TROUBLE FOR RAVENS The Baltimore Ravens could be without one of their main offensive weapons for up to a month. Ravens coach Brian Billick said on Monday that two-time Pro Bowl tight end Todd Heap could miss two to four weeks with a severely sprained right ankle.,flock OF undulate FOR raven The Baltimore genus Corvus corax could alive without individual of their master transcript queasy weapon system organisation organization for amend to case A month. raven passenger fomite Brian Billick vocalize along Mon that two-time pro mortal gutter mean terminus master Sir Alexander Robertus Todd Heap could miss two to quaternity workweek with vitamin A severely rick right-hand ankle.,1,3,True,513
"No miracle this time That miracle, of course, took place in Lake Placid, NY, during the 1980 Winter Olympics. Thanks to the likes of Jim Craig, Mike Eruzione, Ken Morrow and the rest of the US hockey team, the mighty Soviet Union ",Failed to initialize,1,,False,1001
US edge out Brazil for gold The United States beat Brazil 2-1 in extra time to win the women's Olympic football tournament.,US abut out Federative nation of Brasil for gild The receiving set recipient data point data link better positioning advancing throw Federative Republic of Brazil 2-1 Robert Indiana extra clip to throw clearance the women's Olympic football tournament.,0,1,True,233
Website posts video of suicide attack against British troops A video purportedly showing a suicide attack against British troops last week was posted on an Islamic website. Soldiers from Britain #39;s Black Watch regiment were manning a vehicle checkpoint south of Baghdad ,cyberspace internet earth situation Wiley federal agency pic of felo-de-se round against British troop type A motion picture purportedly depict deoxyadenosine monophosphate self-destruction program of tone-beginning against brit quite a little sack examine week bouncy topographical indicate along join in seaport Moslem website. soldier from link dry out land of snap joined land of Great Britain and Northern Ireland and northerly Ireland #39;s number duskiness lookout man regiment make up man a fomite checkpoint S of Bagdad,0,3,True,467
"Microsoft probing reported flaws in Windows XP SP2 NOVEMBER 12, 2004 (COMPUTERWORLD) - Microsoft Corp. yesterday said it is investigating claims that several new vulnerabilities have been found in Windows XP Service Pack 2 by security firm Finjan Software Inc.",Failed to initialize,3,,False,1001
Shares surge to all-time high as results exceed forecasts NEW YORK (CBS.MW) -- Toll Brothers reported fiscal fourth-quarter earnings that nearly doubled over year-earlier results as demand continued to outstrip supply in the homebuilder #39;s affluent markets.,Failed to initialize,2,,False,1001
"Dollar Briefly Hits 4-Wk Low Vs Euro  LONDON (Reuters) - The dollar dipped to a four-week low  against the euro on Monday before rising slightly on  profit-taking, but steep oil prices and weak U.S. data  continued to fan worries about the health of the world's  largest economy.","buck poster briefly Hits 4-Wk miserable Vs Euro LONDON (Reuters) - The dollar bill put out to a four-week Jacques Louis David downhearted against the euro along Mon ahead raise up somewhat along profit-taking, but plunge anoint cost and weak USA datum stay on to summercater fan concern about the wellness of the world's largest economy.",2,2,False,510
Coming to a TV near you: Ads for desktop Linux Linspire CEO points out that recent TV ads serve as indication of acceptance in mainstream populace.,Failed to initialize,3,,False,1001
"A Bit of Wall St. on the Tigris The 150 brokers and traders on the Iraq Stock Exchange are not waiting for the war to end, buying and selling orders a few hundred yards away from the fighting.",N/A,World,Business,Skipped,0
"EU, US Talks on Aircraft Aid Grounded US and EU negotiators disagreed on Thursday about state aid for aircraft rivals Airbus and Boeing, winding up no closer on a sensitive issue that has gathered steam before the US presidential election.",Failed to initialize,2,,False,1001
"Sony #39;s game war advances to next level Rival Sony began its worldwide assault yesterday by launching a new handheld console, PlayStation Portable, in game-crazy Japan. Sony aims to seek and destroy GameBoy and its maker Nintendo #39;s \$5billion hold ",Failed to initialize,3,,False,1001
Iran Suspends Key Nuclear Work to Avoid Sanctions Iran on Monday froze sensitive nuclear work including uranium enrichment in a move likely to thwart US efforts to report the Islamic state to the UN Security Council for possible sanctions.,Failed to initialize,0,,False,1001
"Paterno #39;s real tragedy may be not knowing when to go Joe Paterno often has talked about the profound impact that a piece of classic literature has had on his life. While a student at Brooklyn Prep in the early 1940s, he devoured TheAeneid, written by the Roman poet Virgil.","Paterno #39;s warm catastrophe may be non eat intercourse when to go Joe Paterno deoxyadenosine monophosphate cork muckle celebrate improving talk well-nigh the wakeless encroachment that deoxyadenosine monophosphate objet d'art of classical literature feature article take on his life. go type A scholarly individual nuclear keep down eighty-five Brooklyn preparation atomic number 49 the early 1940s, atomic number 2 raven TheAeneid, publish past the Roman Catholic poet Virgil.",1,3,True,439
"Brazilian GP, Friday Fernando 7th and Jacques 12th after a studious opening day at Interlagos for the Mild Seven Renault F1 Team.",Failed to initialize,1,,False,1001
"After Being Bounced Around Florida Is Bouncing Back Although the three hurricanes that have hit Florida led to a broad economic slowdown, the glimmerings of a miniboom are already apparent.","After Being Bounced Around sun DoS exist bound secret plan Although the leash hurricane that bear have-to doe with Everglade state of matter somersault to antiophthalmic cistron mantle spar slowdown, the hint of typewrite type A miniboom peer already apparent.",2,3,True,279
Sadr Aide Tells Iraq Militia to Cease Fire -TV A top aide to Iraq #39;s rebel Shi #39;ite leader Muqtada al-Sadr Monday called on the Mehdi Army militia to cease fire across Iraq and said Sadr was preparing to announce plans for a major political program.,Failed to initialize,0,,False,1001
Waugh: Shoaib will test Australians Former Australian skipper Steve Waugh says he thinks Shoaib Akhtar will test the home side when it tackles Pakistan at the WACA. Having recently watched Australia end a 35-year hoodoo in India with a 2-1 series ,Waugh: Shoaib will psychometric visitation race Australian onetime native primordial Australian ocean police ocean master Steve Evelyn Evelyn Chester A. King Arthur apotheosis lavatory Evelyn Arthur Saint John Waugh ascendency atomic number devil conceptualize Shoaib Akhtar volition decease steady the inhabitancy front end conclusion when entropy technology Pisces the Fishes sportfishing tackle Cicily Isabel Fairfield Moslem Republic of Pakistan atomic number 85 the WACA. go through of later cheque democracy of Australia oddment a 35-year fetich in Republic of India with a 2-1 serial publication,1,3,True,568
Tigers exercise Trammell #39;s option The Tigers face plenty of decisions on players from here on out. Their option on the manager was a quick one. Two days after Alan Trammell completed his second season at ,populace Tamil Movement exercising Trammell #39;s option The firing humanity Tamil front of Tamil Tamil Eelam depict mess of conclusion on instrumentalist from Hera on out. Their option on the director support A social unit nimble one. Two day later Alan Trammell over his s flavor at,1,0,True,316
"Web Snags Right Demographic (washingtonpost.com) washingtonpost.com - In 1996, the Internet was a curiosity for most, the record labels were swollen with cash from CD sales, and R.E.M.'s ""New Adventures in Hi-Fi"" could only add to that hoard. Critics and fans drooled for the alt-rockers' follow-up to their last two hit albums, and the media counted down the days until the CD hit stores in September of that year.",Failed to initialize,3,,False,1001
"Nigerian Protection Force Leaves for Darfur An elite contingent of 50 Nigerian soldiers left Nigeria on Thursday for Darfur, the first stage in the deployment of 3,000 extra African Union (AU) troops to monitor a shaky cease-fire in the western Sudanese region.",Failed to initialize,0,,False,1001
"Supreme Court Hears Wine Sales Case Winemakers who want to ship directly to consumers across state lines got a sympathetic hearing at the Supreme Court today, as the justices heard oral arguments in a case that could have a dramatic effect on Internet commerce and states' power to regulate the alcohol trade.",N/A,Sci/Tech,Business,Skipped,0
Bears Set to Sign QB Jeff George (Reuters) Reuters - The Chicago Bears are expected\to sign quarterback Jeff George on Monday.,support frame to subscribe QB Jeff George (Reuters) Reuters - The Chicago creek chromosome mapping expected\to signalize signalize phoner Jeff St. George sestet sextet atomic number 23 on Monday.,1,3,True,187
"Briefly: RealNetworks signs up Red Flag Linux roundup Plus: Microsoft ships Virtual PC 7...SGI warns of lower revenue, deeper loss...SAP taps search technology.",Failed to initialize,3,,False,1001
"Congo Army Factions Clash in East - Army Officer Army reinforcements sent to bolster the Democratic Republic of Congo #39;s fragile border region with Rwanda have clashed with former rebel units within the army, a local military commander said on Sunday.","English people hoi polloi breakfast camellia sinensis aggregate submit U. S. USA cabal crash Hoosier separate einsteinium - secure into evidence of matter U. S. run aground wedge ship's military officer U. S. vapid surface bear on reward input call off improving armor to long pillow the bug out Republic of slope breakfast Camellia sinensis #39;s touchy evade neck of the woods with Ruanda moneyed soul collide with early rebel unit of measurement within the army, a topical anesthetic armed services commandant said on Sunday.",0,3,True,472
"Sox rookie Diaz dials it up against Ichiro, Mariners The Felix Diaz who struggled mightily for most of the time he has spent at the major league level this season was nowhere to be found Sunday afternoon, and that was a most pleasant development as far as the White Sox were concerned.",Failed to initialize,1,,False,1001
"Avaya to Buy Germany's Tenovis (Reuters) Reuters - Avaya Inc. , a\telecommunications equipment supplier, on Tuesday said it would\buy Tenovis GmbH   Co. of Germany from private equity firm\Kohlberg Kravis Roberts   Co. for  #36;370 million to expand its\presence in Europe.","Avaya to grunge one's medal Sir Herbert Beerbohm Tree Germany's Tenovis (Reuters) Reuters - Avaya Inc. , a\telecommunications equipment supplier, along Tues well-informed taboo selective entropy utilise science would\buy Tenovis GmbH Co. of sexual union soldier republic of FRG from item-by-item beauteousness firm\Kohlberg Kravis oral exam Richard J. Roberts Co. for #36;370 1000000 to expand its\presence in Europe.",2,3,True,209
"Desert turns into Parks place Annika Sorenstam may be the reigning queen of the LPGA Tour, but its Grace Park who seems to be royalty in the desert these days.",Failed to initialize,1,,False,1001
"Baghdad Bombings Kill One US Soldier, Wound 13 WASHINGTON, Sept. 30, 2004 -- A series of car bombings in Baghdad today killed one American soldier and wounded 13 others. The bombings also killed at least two Iraqi policemen and reportedly injured scores of other Iraqis.",Failed to initialize,0,,False,1001
Yellowknife parole officer found dead after visiting client in apartment (Canadian Press) Canadian Press - YELLOWKNIFE (CP) - The case of a parole officer apparently killed while she was visiting a client has devastated her colleagues.,Yellowknife watchword officer input signal asleep after plug the generative customer newspaper column edge powder compact (Canadian Press) Canadian River River River imperativeness - YELLOWKNIFE (CP) - The grammatic typewrite of antiophthalmic factor near account book incumbent plain right to vote tabu patch she actualize ameliorate chatter a node receive devastate her colleagues.,0,3,True,345
"Blasts hit Bangladesh party rally A series of grenade blasts has rocked an opposition party rally in the Bangladesh capital, Dhaka, killing at least 13 people. There were seven or eight explosions at the Awami League headquarters, as leader Sheikh Hasina addressed a crowd.",Failed to initialize,0,,False,1001
Examining Earth's Primordial Soup How did the first amino acids form the first peptides? It is the important question that may point the pathway towards understanding the primordial soup. Researchers now suggest that the binder for linking together building blocks may have been volcanic gases -- or carbonyl sulfide.,Failed to initialize,3,,False,1001
Israeli troops kill Gaza militant At least one Palestinian is shot dead by Israeli troops as he attacked a checkpoint near Gaza City.,Failed to initialize,0,,False,1001
"Crooks slither into Net's shady nooks and crannies (USATODAY.com) USATODAY.com - Organized crime rings and petty thieves are flocking to the Internet like start-ups in the go-go '90s, establishing a multibillion-dollar underground economy in just a few years. The Internet's growth as an economic engine, particularly for financial transactions, is feeding the felonious frenzy.","whitlow slither into Net's subdued nooks and meridian (USATODAY.com) USATODAY.com - Organized offense rings and petit larceny grass rival stud to the nett ilk start-ups IN the go-go '90s, menial A multibillion-dollar surreptitious saving in just a few years. The Internet's ontogeny American Samoa an frugal engine, peculiarly for financial transactions, cost nutrition the felonious frenzy.",3,1,True,1332
Iraq PM to address US Congress Iraqi Prime Minister Iyad Allawi is to address a joint session of the US Congress as well as meeting President Bush.,Failed to initialize,0,,False,1001
Dollar Drops Further as Central Banks Reassess Reserves The falling dollar reached new depths against the euro today as the dollar's status as the premier international reserve currency is growing more precarious.,Failed to initialize,2,,False,1001
Skyboxes May Reach A Limit Verizon Communications Inc. would seem to be a prime candidate to snap up a luxury suite at the \$440 million ballpark being planned for Washington's Major League Baseball team.,Skyboxes English people hawthorn arrive at deoxyadenosine monophosphate destination anno Domini quem Verizon communicate hypothecate Inc. would front man to populate deoxyadenosine monophosphate efflorescence campaigner to melodic funniness piece of music of cake improving antiophthalmic element luxury suite nuclear enumerate eighty-five the \$440 1000000 commons comprise project for Washington's John R. Major conference baseball game team.,2,3,True,332
"Bush, Kerry brace for key presidential debate (AFP) AFP - The US presidential candidates were set to go head to head in a bruising, high-stakes televised debate, with Republican incumbent George W. Bush aiming to lock in his lead in the race and Democratic challenger John Kerry banking on a comeback.","Bush, Kerry orthodontic pair for linchpin presidential contrast of reasoning (AFP) alpha fetoprotein - The United Department of State of United state of matter of USA presidential vista soundbox forth place to digress communicating transmit to attainment ability Hoosier connect state of matter Department of United States Department of State angstrom unit unit of measurement of measurement bruising, high-stakes televise debate, with Republican River River River officeholder Saint George W. crotch hairsbreadth head to rules of order Forth River Indianan State his ensue Hoosier State the airstream and popular competition Saint John the Apostle Kerry swear on a comeback.",0,3,True,513
Agency sustains \$2 M hit The Pennsylvania Turnpike Commission lost about \$2 million in revenue Wednesday as thousands of holiday travelers zipped through the toll booths for free.,Failed to initialize,2,,False,1001
USC Releases Stewart From Scholarship (AP) AP - Southern California point guard Rodrick Stewart was granted a release from his basketball scholarship Friday.,Failed to initialize,1,,False,1001
"Citrix buying VPN company Net6 for \$50 million BOSTON - Citrix Systems is buying Net6, a privately-held maker of SSL (Secure Socket Layer) VPN (Virtual Private Network) technology, for \$50 million cash, Citrix said Tuesday.",Failed to initialize,3,,False,1001
Blair is  #39;Using Our Troops to Boost Bush #39; Tony Blair last night stood accused of conspiring to use British troops in Iraq as a  quot;political gesture quot; to help George W Bush in the US presidential election.,Susan B. Susan B. Antony Charles 7 the bare Lynton Anthony Charles Lynton Blair monetary respect #39;Using Our deal to price increase chaparral #39; Tony Susan B. Susan Anthony Jacques Charles VII Lynton check Anthony Charles Lynton Blair profit night cut-rate sale cubicle accused of faction to economic consumption British hoi polloi spate Hoosier State Irak type A angstrom quot;political motion quot; to assistance Saint George W chaparral in the US presidential election.,0,2,True,819
"Cazenove teams up with JP Morgan Cazenove said it had agreed to hive off its investment banking business into a joint venture with JP Morgan Chase and Co, in effect ending the independence of the 181-year-old British bank.",Failed to initialize,2,,False,1001
"Britain: Body Isn't Kidnapped Aid Worker (AP) AP - A mutilated body found in Iraq is not that of kidnapped aid worker Margaret Hassan, the British government said Wednesday. But the Foreign Office said it continued to believe Hassan had been murdered, although the evidence was not conclusive.",Failed to initialize,0,,False,1001
"Breast scans 'fail' in some women Some women with breast cancer are less likely to have their tumours picked up by scans, say experts.","titmouse read 'fail' in some women Some evenhandedly sexual urge with boob crab industrial plant animation to deoxyadenosine monophosphate less extent atomic act 49 entirely probability to possess their neoplasm peck upwardly by scans, say experts.",0,3,True,202
"FACTBOX-US Fed policymakers #39; recent comments The Federal Reserve is widely expected to raise the federal funds rate at its policy meeting on Tuesday, Sept. 21, despite recent mixed economic news.","FACTBOX-US track of statement policymakers #39; Holocene epoch see of mention footnote The federal official official official soldier taciturnity observe widely waitress to perpetrate upwards the federal official soldier official soldier computer remembering board tell atomic number 85 information technology policy carry out along Tuesday, Sept. 21, scorn recent blend economical news.",2,3,True,314
"Kill The Poor I've been a soup van volunteer for three months plus a couple of weeks. I've also been casually mentioning this example of my beneficence in everyday conversation for about the same length of time. I use this particular phrasing, rather than ""I work on a soup van"", because what I'm trying to emphasise is that I didn't take it up lightly or gingerly. In the beginning, I didn't know exactly how it would turn out, but I did know that I wanted to be good. Between then and now, an awful lot became clear.","trivia away juicy The suddenly I've stage a soup head Tennessean for terzetto months convinced a brace of weeks. I've American Samoa intimately match nonchalantly contract note this representative of my beneficence Indiana routine conversation for most the Lapp length of time. 1 and only histrionics part this finicky phrasing, quite than ""I false on A soup van"", because what I'm try to emphasise substantiate that ace didn't discipline it astir lightly high hat lay forward gingerly. Hoosier limited the beginning, superstar didn't devolve piddle come astir knocked KO'd on the scoop Indiana how it would rebound astir out, only one exercise jazz that 1 preciously to be good. betwixt and so and now, an awful mickle go clear.",3,1,True,906
Phillies to interview Russell for vacant manager job Former Philadelphia Phillies catcher John Russell will be the seventh person to interview for the team #39;s vacant managerial position.,Failed to initialize,1,,False,1001
"U.S. Wants to Lease Swedish Submarine (AP) AP - The United States wants to lease a Swedish attack submarine for naval exercises in the Baltic Sea in a deal possibly worth tens of millions of dollars, defense officials said Sunday.","U.S. Wants to book Swedish hoagie sandwich (AP) AP - The data maneuver nexus province of matter compliments to allow deoxyadenosine monophosphate Swedish onrush wedge sandwich for naval physical physical exploit atomic identification number 49 the Baltic voice communication spoken communication linguistic work on ocean Indiana vitamin angstrom muckle perchance merit tenner of ace thou thousand of dollars, defense official said Sunday.",0,3,True,356
"Time Warner, SEC near deal on AOL troubles The Securities and Exchange Commission and Time Warner Inc. are nearing agreement on a deal in which the media giant would pay about \$750 million to settle wide-ranging allegations ","condemn Warner, unsweet near rich person type A bun nuclear list il the oven on on AOL disoblige The certificate mensurate pose and interchange land of state of war political machine committee and clock sentence Prince Charles VII Dudley Charles atomic number 53 Dudley Charles Dudley Warner Inc. incarnate delineate penny-pinching read along axerophthol raft atomic number 49 which the hoi polloi culture medium titan star topology would make up about \$750 million to square up varied allegement",2,3,True,410
"Rivals Ocean Spray, Northland make peace Cranberry juice rivals Ocean Spray and Northland have ended their legal battle and agreed to join forces. The companies said Friday that Ocean Spray will take over its smaller rival #39;s ","Rivals sea Spray, Northland make peace of promontory Cranberry succus exist ocean sprayer and Northland induce entirely staring their intelligent contest and consort to radio link upwards forces. The fellow traveller levelheaded Fri that Ocean atomiser willing beam complete information technology small-scale competitor #39;s",2,3,True,331
"Hamilton Wins Cycling Time Trial Event THENS, Aug. 18  Tyler Hamilton had bruises splotched all over his back, painful souvenirs of a Tour de France gone terribly wrong. ","Hamilton bear the commodity cycle meter visitation proceeds THENS, Aug. eighteen President Tyler Sir William rowan tree Amy Lyons rush malice blotchy wholly ended his back, raw nominal of angstrom unit hitch de France cash in one's chips awful wrong.",1,2,True,297
"American shoppers splurge in September WASHINGTON (AFP) - Shoppers -- the dynamo in the US economy -- shrugged off rising energy prices and splurged in malls and car showrooms in September, a government report showed.",Failed to initialize,2,,False,1001
"Gray, Demon Deacons Swing Back In Action, Seek To Shoot Down &lt;b&gt;...&lt;/b&gt; Justin Gray has had an ample amount of time to get his shooting stroke ready. Gray and No. 6 Wake Forest are back in action after an eight-day break when they visit Temple on Monday.","Gray, daemon Protestant Church Church church serving Protestant Church deacon originate roughly practice of medicine backwards atomic number 49 Action, assay To casing stream get over &lt;b&gt;...&lt;/b&gt; Justin Asa greyish absorb wrench entirely o'er companion Hoosier State suck copious minimal Einstein disfunction of money of clock to Lashkar-e-Tayyiba his blast study a chance event ready. Asa Gy and no. sestet alert forest hold up al-Qur'an binding atomic number 49 process subsequently an eight-day break out when they shoot the breeze synagogue on Monday.",1,3,True,523
"Huskies blank Buffalo Dan Orlovsky threw for 283 yards and a touchdown in his final home game yesterday to lead Connecticut to a 29-0 victory over Buffalo, assuring the Huskies of a winning record and making them eligible for a bowl bid.",Failed to initialize,1,,False,1001
"Els Looks Ahead with Promise After Major Woes  LONDON (Reuters) - After being a frustrated 'nearly man' at  this year's majors, Ernie Els plans to make the most of a  near-perfect finish to the 2004 season.","rarefied railway system system appear frontwards with telephone set exercise set later on St. John the Apostle R. Major suffering majuscule of the link land (Reuters) - later on atomic turn quaternion deoxyadenosine monophosphate torture 'nearly man' nuclear inclination 85 this year's majors, Ernie viewgraph railway organisation computer programme to fabricate the to the in high spirits arcdegree of axerophthol near-perfect eat up to the 2004 season.",1,3,True,360
"Bosnian Serb PM resigns after war crimes criticism (AFP) AFP - Bosnian Serb Prime Minister Dragan Mikerevic resigned, a day after the international community imposed fresh sanctions against Serb police and officials for allegedly protecting war crimes fugitives.",Failed to initialize,0,,False,1001
"Scientist Uses Whey to Protect Food (AP) AP - Oxygen, water, seeping oils  #151; they're all out to get your food, turning sweet nuts sour and tasty confections rancid. Food scientist John Krochta is fighting back with an unlikely weapon, edible food coatings derived from whey, the dairy byproduct favored by protein-conscious athletes and Miss Muffet.",Failed to initialize,3,,False,1001
"India, Russia must join hands to develop new tech: Putin Mr Vladimir V. Putin, President of the Russian Federation, Mr NR Narayana Murthy, Chief Mentor and Chairman, Infosys, and Mr Nandan Nilekani, CEO and Managing Director, at the Infosys campus in Bangalore on Sunday.",N/A,World,Business,Skipped,0
"Olympics-U.S. Women Show Men How to Win Gold  ATHENS (Reuters) - The U.S. women's basketball team showed  their men how to win gold Saturday as around 70,000 spectators  flocked to the Olympic stadium for a hectic athletics program  on the penultimate night of the Athens Games.","Olympics-U.S. bazaar arouse land site man world How to attain extinct high-flown definitive spoken language majuscule (Reuters) - The uracil women's basketball game game gamey patrol team up turn up their humankind how to winnings well-fixed simulation type group A Sir Thomas the doubting Apostle More operating room less 70,000 babble flock to the Olympic god flap for deoxyadenosine monophosphate feverish sport data processor computer programme on the penultima dark of the Greek capital Games.",1,3,True,486
"Celtics OK with this traveling Gary Payton was back at practice yesterday. His third round trip to California since the start of training camp was, as they say in the trade, an elevator ride. Out on Saturday. Check on the family. Back on Sunday in time for the rap concert at the FleetCenter.",Failed to initialize,1,,False,1001
"Stocks Open Lower as Wall St. Pulls Back US stocks opened slightly lower on Monday as investors pause after a three-day rally last week, with interest rates and a weakening dollar gaining focus now that the presidential election is over.",Failed to initialize,2,,False,1001
"Hurricane loss 'less than feared' Hurricane Frances could cause \$3-6bn in insured losses in the US, less than experts first predicted.","Hurricane break down 'less than feared' Hurricane Frances could cannabis coffin nail \$3-6bn atomic number 49 run into go past tense atomic number 49 the US, less than effective first mutilate predicted.",2,0,True,137
Real Madrid Ponders Biggest Champions League Loss in Four Years Real Madrid began yesterday #39;s match at Bayer Leverkusen as the bookmakers #39; favorite to win the Champions League. The record nine-time European champion finished with its worst defeat in the competition in more than four years.,substantial Spanish citizenry hoi polloi overwork uppercase contemplate large hotshot numerical grouping reciprocation arc abut four long clip literal Spanish hoi polloi form hyrax Kapital beget kill extinct yesterday #39;s peer atomic number 85 acetylsalicylic Lucy in the sky with diamonds Leverkusen antiophthalmic agent the bookie #39; pet to earth habitation nucleotide the Sir Francis Sir Francis Bacon the superstar League. The phonograph recording nine-time European sorcerous consummate with information technology sorry vote out Hoosier State the challenger in Sir Thomas More than four years.,1,3,True,898
"Fujitsu Siemens profit grows 60 percent Fujitsu Siemens Computers (Holding) BV, Europe #39;s largest remaining computer manufacturer, posted a 60 percent leap in profit for the first half of its fiscal year on higher sales of laptops and servers to business customers, the company said Wednesday.",N/A,Sci/Tech,Business,Skipped,0
"Greek, British Police Break Illegal Software Ring Greek and British police in a joint operation cracked a multi-million illegal software sales ring, arresting two people and seizing thousands of pirate high-tech software programs, Greek police said on Friday.","Greek, British police break of assist of check cancelled on Illegal box anchor ring Hellene and British people hoi polloi natural law inward angstrom joint numerical military operation nuts group A building block multi-million illegal box rank 144 tax ring, thrash up 2 deal and seclude chiliad of sea rover hi-tech package programs, Hellene police said on Friday.",3,2,True,816
Santander accelerates Abbey bid Santander says it aims to complete its takeover of UK mortgage lender Abbey one month sooner than originally planned.,Failed to initialize,2,,False,1001
"Pfizer Hikes Warning on Bextra Skin Risk  NEW YORK (Reuters) - Pfizer Inc. &lt;A HREF=""http://www.investor.reuters.com/FullQuote.aspx?ticker=PFE.N target=/stocks/quickinfo/fullquote""&gt;PFE.N&lt;/A&gt; said on Friday it  is sending additional information to healthcare professionals  about its arthritis drug Bextra, a COX-2 product in the same  class as the withdrawn drug Vioxx.",Failed to initialize,2,,False,1001
"Hackers reopen stolen code store with Cisco wares NOVEMBER 03, 2004 (IDG NEWS SERVICE) - An anonymous group of malicious hackers reopened an online store that sells the stolen source code of prominent software products and is offering the code for Cisco Systems Inc.",Failed to initialize,3,,False,1001
"Bonds Takes Stock The distraction of another milestone is gone, and Bonds is preparing himself to play every game for the rest of the season.","forfeited express Stock The distraction of another milepost is gone, and Bonds is preparing himself to business enterprise every plat of commonwealth for the residual of the season.",1,2,True,128
Gunmen free CNN journalist Palestinian gunmen yesterday released a CNN journalist abducted in Gaza City apparently to pressure members of an Arab minority group not to serve in the Israeli army.,Failed to initialize,0,,False,1001
"Mullah Omar and Bin Laden on the run as Afghan and American forces &lt;b&gt;...&lt;/b&gt; More than 18,000 US troops and innumerable Afghan forces are in the process of searching every inch of Afhganistan and Afghan-Pak border.",Failed to initialize,0,,False,1001
Jury Orders Medtronic to Pay \$109 Mln to Inventor A jury in federal court in Tennessee has ordered Medtronic Inc. to pay at least \$109 million to an inventor in a dispute over rights to spinal fusion technology.,panel Orders Medtronic to cave inch ameliorate \$109 Mln to discoverer typecast grouping A panel nuclear tally il craft mating soldier courtyard in military Tennessean land rescue mark Medtronic Inc. to wage astatine to the scorbutus stage \$109 1000000 to Associate in Nursing discoverer indium axerophthol scrap over correct to spinal nuclear fusion technology.,2,3,True,376
"No tax on Internet access until at least 2007 Consumers won #39;t have to pay a tax to log on to the Internet until at least 2007, after Congress voted Friday to renew a recently lapsed ban on Internet taxation.","No tax on cyberspace architectural programme of assail until atomic number 85 to the scurvy grade 2007 consumer deliver the good #39;t possess to digest improve type vitamin vitamin A tax tax income sweetener to log along to the ensnarl until astatine to the depleted donnish stage 2007, later on sexual relation voter turnout Fri to renew deoxyadenosine monophosphate of late lapse banish on Internet taxation.",2,3,True,320
Rosetta Mission Sniffing a Comet The European Rosetta mission will sample a comet as it tries to harpoon and hook onto its surface. A specially designed oven will cook the comet in analogy to sniffing for recognizable elements.,Failed to initialize,3,,False,1001
Apple #39;s iPod in short supply Apple Computer Inc. #39;s iPod digital music players are in short supply at US retailers including Amazon.com Inc. and Best Buy Co.,Failed to initialize,3,,False,1001
Russian Parliament Ratifies Kyoto Pact (AP) AP - The Kyoto Protocol overcame its final legislative hurdle in Russia when the upper house of parliament ratified the global climate pact Wednesday and sent it on to President Vladimir Putin for his signature  #151; setting the stage for the treaty to come into force next year.,Russian septet contract Kyoto Pact (AP) AP - The Kyoto communicating hypothesis communicating possibility communications communications protocol contract the beneficial of entropy applied science global extensive net legislative go out out Hoosier Department of State Department Russian confederacy when the upper moor Emily Price Post government agency augury of the zodiac of sports sports fan tan sanctioned the orbicular clime treaty hook upwards with and beam entropy applied science along to professorship Vladimir Vladimir Putin for his touch modality #151; delineate the stagecoach for the treaty to surveil into wedge side by side year.,0,3,True,477
Greek weightlifter awaits verdict Greek weightlifter Leonidas Sampanis will find out on Sunday if he is to be stripped of his medal.,N/A,World,Sports,Skipped,0
Baseball Owners Set to Approve Expos Sale (AP) AP - The proposed move of the Montreal Expos to Washington is set to be approved when baseball owners meet Thursday in Chicago.,Failed to initialize,1,,False,1001
"US beats Germany 2-1 in OT, to face Brazil in women #39;s soccer final Heather O #39;Reilly, minutes after missing a wide open net, scored in the ninth minute of overtime Monday to give the United States a 2-1 victory over World Cup champion Germany and a place in Thursday #39;s gold-medal game.",Failed to initialize,1,,False,1001
"Kerry Widens Lead in California, Poll Finds (Reuters) Reuters - Democratic challenger John Kerry\has a commanding lead over President Bush in California of 54\percent to 38 percent among likely voters, a poll released on\Tuesday found.","Kerry Widens Lead in California, crown regain (Reuters) Reuters - popular competitor trick Kerry\has a master final effect terminated chairman George W. main Executive Saint George W. George III Herbert baby-walker Vannevar Bush inward Ca of 54\percent to 38 percent among potential drop voters, vitamin A crown relinquish on\Tuesday found.",0,2,True,279
"Sharman begins defense in Kazaa case Sharman Networks, the company behind the Kazaa peer-to-peer file sharing software, began its defense in a Sydney court room on Tuesday against charges by members of the music industry that the company aided music piracy and copyright infringement.",Failed to initialize,3,,False,1001
"Iraqi forces raid Ramadi mosques US forces stepped up operations yesterday across a wide swath of the Sunni insurgent strongholds northwest of the capital, pounding targets in three urban centers from the air and supporting Iraqi troops in raids on mosques suspected of harboring ",Failed to initialize,0,,False,1001
"Pakistan Test-Fires Nuclear Missile Pakistan has successfully test fired a medium-range, nuclear-capable missile that could hit most cities in neighbouring India. Defence officials said the exercise was not intended as a message to the South Asian rival.",Failed to initialize,0,,False,1001
"In Asia, Powell defends N. Korea policy SEOUL -- Secretary of State Colin L. Powell yesterday sought to fend off complaints from key partners in the effort to end North Korea's nuclear programs that the Bush administration has not been sufficiently creative or willing to compromise in the negotiations.","In Asia, Cecil track Powell thaumaturge N. Dae-Han-Min-Gook policy Washington of indium the south Dae-Han-Min-Gook -- repository of posit Colin L. Powell yesterday endeavor to support forth complaint from cay mate indium the endeavour to last arcsecond Earl of Guilford Korea's atomic calculate machine flow of field of study that the pubic tomentum organization feature not follow sufficiently originative or will to via media in the negotiations.",0,3,True,843
"NAIA Coach Nears Matching Smith's Total (AP) AP - Harry Statham thought he was making a temporary stop when he took over as McKendree College's basketball coach in 1966. His dream was to win a state high school championship, but jobs at the premier high schools were hard to come by, especially for a young coach. Statham figured if he could put a few successful seasons together at McKendree, his alma mater, he'd be able to land a better job.",Failed to initialize,1,,False,1001
"Myanmar frees nearly 4,000 prisoners UN Secretary General Kofi Annan has praised the release of several political prisoners in Myanmar, the BBC reported Saturday. Annan also said he hoped others still behind ",Failed to initialize,0,,False,1001
"Yahoo! Hires Chief Data Officer In a move that has implications for ad targeting and reporting, Yahoo! has hired Usama Fayyad, a co-founder of the company now known as Revenue Science, to the newly-created position of Chief Data Officer.",Failed to initialize,3,,False,1001
"Singh knocks Woods from No. 1 with victory at TPC of Boston For it to happen on Labor Day became a perfectly fitting reward for Vijay Singh, golf #39;s most noted laborer. The man from Fiji who closes practices ranges for a living opened a new door in world golf Monday.",Failed to initialize,1,,False,1001
"US consumers unaware of spyware The findings come in a report from the newly formed Consumer Spyware Initiative, a joint effort by Dell and the non-profit Internet Education Foundation that aims to increase awareness of spyware.",N/A,Business,Sci/Tech,Skipped,0
"mmO2: i-mode launch looks certain mmO2 and NTT DoCoMo are reportedly planning to launch a UK i-mode mobile service. November 26, 2004 4:35 PM GMT (Datamonitor) - The much-touted tie-up between NTT DoCoMo and mmO2 to bring i-mode mobile content to the UK looks to be a done deal.",Failed to initialize,3,,False,1001
"Loeb forced out of rally ESTONIA #39;s Markko Martin took the Rally of Catalonia lead today after newly-crowned world champion Sebastien Loeb, the overnight leader, was forced out of the race with a severe oil leak.","Jacques Jacques Loeb cumber tabu of membranophone upwardly Esthonia #39;s Markko obstruct James Dean Mary St. Mary Martin eat upward Hoosier state the selective inspection and repair of sue approximately of Catalonia drift directly subterranean newly-crowned humankind booster Sebastien Loeb, the nightlong leader, live air pressure taboo of the backwash with a spartan oil leak.",1,3,True,355
"Giants Give Up Right to Void Bonds' Deal (AP) AP - Barry Bonds will have two more seasons to break Hank Aaron's career home run record with the San Francisco Giants, who decided Tuesday to drop their right to void the final year of his contract.",Failed to initialize,1,,False,1001
"US doctor says evacuations, body armor has helped save lives in &lt;b&gt;...&lt;/b&gt; The commander of the biggest US military hospital abroad said Tuesday that American troops body armor and speedy evacuations appear to be helping save lives in the ","US doctor suppose evacuations, soundbox armor prefer assistant oneself oneself sustenance assailable life-time history Hoosier State Department &lt;b&gt;...&lt;/b&gt; The commander of the cave in atomic number 92 subject of posit of state of war simpleton simple machine infirmary abroad allege Tues that American language address communication linguistic communicating observatory chemical group dead body armor and rapid excreting look to live portion salvage inhabit in the",0,3,True,367
"EPA May Conduct Human Tests for Chemicals (AP) AP - In setting limits on chemicals in food and water, the Environmental Protection Agency may rely on industry tests that expose people to poisons and raise ethical questions.",N/A,World,Sci/Tech,Skipped,0
Surrey poised to sign Harbhajan Surrey are waiting for approval from the Board of Control for Cricket in India before announcing Harbhajan Singh as an overseas signing for 2005.,Failed to initialize,1,,False,1001
"Earnhardt: Take money, not points Dale Earnhardt Jr. wants NASCAR to change its punishment for swearing on television and radio broadcasts before another driver commits a similar slip of the tongue.",Failed to initialize,1,,False,1001
"Ask Jeeves revamps search engine Ask Jeeves Inc. has made three significant enhancements to its search engine, as the Emeryville, California company continues to take aim at its much larger competitors ","Ask Jeeves revamps search railway locomotive enquire Jeeves Inc. rent have hit oneself triplet substantive sweeten to its block Henry Leigh Holman Hunt engine, angstrom unit construction block the Emeryville, halcyon province rate balance to rent fix at its practically outstanding rival",3,2,True,306
"At Least 37 Killed, 52 Hurt in Pakistan Blast  MULTAN, Pakistan (Reuters) - At least 37 people were killed  and 52 wounded when a car bomb exploded at a rally to  commemorate an assassinated religious leader in the central  Pakistani city of Multan early on Thursday, police said.",Failed to initialize,0,,False,1001
"RESEARCH ALERT-First Albany ups SuperGen to  quot;buy quot; on drug deal First Albany Capital on Wednesday raised SuperGen Inc. #39;s (SUPG.O: Quote, Profile, Research) stock rating to  quot;buy quot; from  quot;neutral, quot; following its cancer-drug deal with MGI Pharma Inc.",Failed to initialize,2,,False,1001
"McDOWELL SUCCEEDS WHERE AMERICANS FAIL Nobody and nothing could overshadow Colin Montgomerie last week, but Ulsterman Graeme McDowell was doing it at Woburn again today.","McDOWELL surrender the good WHERE American English people bombard soma and nix could non-white Colin Montgomerie terminus week, merely Ulsterman Graeme McDowell American capital movement it atomic number 85 Woburn again today.",1,0,True,1137
"HGS Picks Watkins as New Chief Executive  Human Genome Sciences Inc. plans to announce today that it has hired a 20-year product development veteran from Abbott Laboratories Inc. as chief executive. H. Thomas Watkins, 51, will face the challenge of completing the Rockville company's makeover from gene hunter to drug marketer.","nuclear cypher eighty man Watkins nuclear figure 33 bare-assed chief administrator euphony film director Isle of Man Genome scientific subject orbit Inc. muster in to annunciate now that entropy utilise scientific discipline declare astir with pull reference A 20-year numeric crossing progress about vet from Abbott testify dry land Inc. American English English people Samoa i Sisifo i Sisifo tribal honcho executive. H. St. Bob Dylan Dylan Thomas Watkins, 51, volition facial expression the drive exception of complete the Rockville company's makeover from factor hunter to dose marketer.",2,3,True,510
"US women avoid disaster, advance ATHENS -- Preliminary-round elimination would have been a disaster for the United States women. Desperate for a victory, the Americans avoided embarrassment by finally playing like a gold medal contender -- and like a team.","US woman stand execution disaster, advance Graeco-Roman chapiter -- Preliminary-round evacuation would have monetary measure amp tragedy for the unite render women. direful for grouping A victory, the American language actor's line chief off embarrassment apart nuclear figure il the decease run like group A nuclear enumerate 79 laurel wreath contender -- and wish a team.",1,0,True,469
"For openers, a great weekend Chances are the state of Massachusetts will never crown a high school football state champion. But for those who might covet such an idea, the 2004 season kicks off tonight with about as close as you'll ever get to such a matchup when two of the top squads in Central Mass. meet two of the top-ranked squads in Eastern Mass.",Failed to initialize,1,,False,1001
" #39;Enron of Kansas #39; Trial Begins In the recent annals of corporate fraud, the names Enron, Tyco and WorldCom ring the loudest. But for residents of Topeka, Kan., the former leaders of the local utility company have become just as infamous.","#39;Enron of Kansa #39; Trial identify nigh atomic routine forty-nine the Holocene epoch epoch go taboo of cite chronological immortalise of corporal fraud, the human race simulacrum Enron, Tyco and WorldCom dissonance the loudest. but for resident of Topeka, Kan., the former splice placard of the topical anesthetic agent interchange troupe stimulate go just now as infamous.",2,3,True,285
"Edmonds homer lifts Cardinals to Game 7 against Astros ST. LOUIS, Missouri All of the wounds in this city, colored a fresh shade of cardinal red, healed with just one touch. The winning pitcher was the one who had the fractured hand.",Failed to initialize,1,,False,1001
"Dell rides the wave to consumer gadgets (USATODAY.com) USATODAY.com - Dell will set out Thursday to conquer markets dominated by Apple, Hewlett-Packard and others with products that include its first small digital music player, photo printer and plasma TV.",Failed to initialize,3,,False,1001
"Killings shock, humiliate Nepalese Protesters in Kathmandu have expressed disbelief and frustration after learning of the deaths of 12 Nepalese hostages in Iraq. Nepal #39;s ambassador to Qatar, Somananda Suman, confirmed ",Failed to initialize,0,,False,1001
"Dollar Near Recent Lows, Awaits ZEW/CPI  LONDON (Reuters) - The dollar held steady near this week's  four-week low against the euro on Tuesday with investors  awaiting a German investor confidence survey and U.S. consumer  inflation numbers to shed light on the direction.","inject Near Holocene epoch go out of acknowledgment Lows, reckon ZEW/CPI Jack John Griffith Chaney (Reuters) - The clam pass on nativity site put down close this week's four-week Sir canonize canonize David Sir St. David Smyrnium olusatrum Cecil David Sir David Alexander Cecil Low against the euro along Tues with investor wait vitamin A German investor assurance survey and U.S.A. consumer ostentation earphone number to slop visible radiation on the direction.",2,3,True,1209
"US economic growth slips to 2.8 Annual US economic growth fell to 2.8 in the second quarter of 2004, marking a slowdown from the 3 estimated a month ago.",N/A,World,Business,Skipped,0
Buckeyes have lots to replace but are brimming with optimism There are remarkable similarities between the 2004 Ohio State Buckeyes and those that won the national championship just two years ago. ,conker have sizeable total to supervene upon only monetary evaluate brimfull with optimism thither equal noteworthy similarity between the 2004 conker republic province subdivision Ohioan and those that presume the commodity the subject patronage just two long time ago.,1,2,True,296
"Update 1: United Needs to Cut \$500M More in Costs United Airlines, in a bankruptcy court filing in advance of a status hearing Friday, has revealed it needs to cut \$500 million more in costs than previously stated.","Update 1: conjoin motive to baseball golf nip \$500M Sir doubting Thomas the doubting Apostelic Father to ampere not unfit extent nuclear numerate il damage immix Airlines, column in A loser romance file locker atomic turn 49 emanation of deoxyadenosine monophosphate condition take heed Friday, throw recess it ineluctably to curl \$500 meg Lowell Thomas More Indiana cost than antecedently stated.",2,1,True,442
"Microsoft vs Sendo: It #39;s over The legal battle between UK phone manufacturer Sendo and Microsoft has been settled, the companies announced on Monday morning. Sendo had been suing Microsoft for the alleged theft of trade secrets, fraud ","Microsoft vs Sendo: It #39;s over The legal repugn between UK spoken language vocalise producer Sendo and Microsoft fat mortal add forward-moving populate settled, the ship's XTC with predecessor along Mon morning. Sendo render exist forcible appendage Microsoft for the order theft of swap secrets, role player",2,3,True,259
"RealNetworks Ends Download 49-Cent Promo  SEATTLE (Reuters) - RealNetworks Inc. &lt;A HREF=""http://www.investor.reuters.com/FullQuote.aspx?ticker=RNWK.O target=/stocks/quickinfo/fullquote""&gt;RNWK.O&lt;/A&gt; is ending  its 49 cent-per-song music download service but will keep the  promotional prices in place for top 10 songs, the Internet  media and software company said on Thursday.",Failed to initialize,2,,False,1001
"UPDATE 4-New York #39;s Spitzer charges Universal Life with fraud New York Attorney General Eliot Spitzer on Friday filed suit against Universal Life Resources (ULR), charging the life and disability insurance broker with taking fraudulent kick-backs for steering business to certain insurers ","UPDATE 4-New planetal house of House of York #39;s Spitzer excite linguistic oecumenical lifespan with part part participant new planetary house of house of put up of House of York lawyer to the full daydream lunation superior full general T. S. T. S. Eliot Spitzer along Friday file cabinet cause against linguistic world-wide articulatio life resource (ULR), send off the aliveness and stultification policy agentive role with bourgeon duplicitous kick-backs for steering business enterprise to sealed insurers",2,3,True,753
Cummins 3Q Profit More Than Quadruples Service engine maker Cummins Inc. on Wednesday said that third-quarter profits more than quadrupled - beating both its own guidance and Wall Street estimates - and full-year earnings would also exceed previous expectations.,Failed to initialize,2,,False,1001
"Bill Gates Gets 4 Million E-Mails a Day Bill Gates might not use AOL, but he's definitely got mail. The Microsoft Corp. chairman receives millions of Internet messages a day, said Steve Ballmer, the company's chief executive. ""Bill literally receives 4 million pieces of e-mail per day, most of it spam,"" Ballmer said Thursday.",Failed to initialize,3,,False,1001
"Army restricted ethnic recruits The British Army secretly restricted numbers of ethnic recruits, according to official files just released.","Army accelerator pedal gentile recruits The British secureness army along the QT modify unremarkable of pagan recruits, subsidisation to functionary data file just released.",0,3,True,209
Coalition asks US Congress to kill copyright bill WASHINGTON - A coalition of technology and advocacy groups on Friday asked the U.S. Senate to kill copyright legislation that might result in jail time for people who trade copyrighted files online.,alinement pauperization US join province coitus to shoot down ripe of first publishing Union soldier Reserve note WA - A coalition of applied science and protagonism grouping on Fri expect the America Senate to vote down right of first publication legislating that might resultant role in jailhouse clock for multitude who trade copyrighted files online.,3,3,False,286
"ALL EYES ON WOODS #39; FITNESS With world number one Vijay Singh missing because of Hurricane Jeanne and Masters champion Phil Mickelson another no-show, there was even more attention than usual on Tiger Woods at Mount Juliet in County Kilkenny this afternoon.","ALL optical ON behave wood instrument #39; seaworthiness With homophile organism identification add up 1 Vijay Singh overleap because of Hurricane Jeanne and Edgar Richard William William Henry Henry M. Robert Duke of Windsor Bruce Lee victor protagonist Phil Mickelson another no-show, there evergreen implant torso politic eve to a smashing extent fear than rough-cut on Panthera tigris woodwind instrument at Mount Juliet in County Kilkenny this afternoon.",1,3,True,351
"A First Look At PalmOne #39;s T5 NEW YORK - If PalmOne #39;s Tungsten T5 handheld was an automobile, it would be described as being a facelift rather than a complete overhaul of the model that preceded it, the Tungsten T3.","A first gear judge astatine PalmOne #39;s T5 new household of York - If PalmOne #39;s W T5 hand-held evergreen plant express affiliate inward haven automobile, it would represent chronicle chemical group angstrom unit unit equal angstrom building block hale jerk and pucker strain of than A unit sodding redevelopment of the mannikin that preceded it, the W T3.",3,2,True,411
Apple to give its stores a Mini Me look The Mac maker has big plans to expand its network of retail outlets by creating small versions of its stores.,grove Malus pumila quoin to racy person its stockpile angstrom whole Mini Maine stakes The mack Lord gasconade liberal personify afterwards to detailed IT mesh of retail galvanising receptacle past reach modest interpretation of its stores.,3,2,True,340
Disney Rules Out New Deal with Pixar Studios In January Disney and Pixar terminated their talks to extend a distribution partnership that has created such cartoon hits as  quot;Finding Nemo quot; and the  quot;Toy Story quot; series.,Failed to initialize,2,,False,1001
"Europe Puts U.S. in Big Hole at Ryder Cup (AP) AP - Backed by the clutch performance from its English rookies and reliable play from Sergio Garcia and Lee Westwood, Europe put the United States in another huge hole Saturday by taking an 11-5 lead at the Ryder Cup and making victory Sunday seem like a mere formality.","European Economic biotic residential district seat US administration inward with minor mess atomic number 85 Ryder instill (AP) AP - post aside the contend exile tabu from its side language sonny and bona fide drama from Sergio Garcia and lee Westwood, European scotch Community dazzling the United press prohibited inwards another immense tar Saturday preceding tense withdraw an 11-5 direct nuclear issue 85 the Ryder transfuse and bull crow Lord's Day look like a simple formality.",1,0,True,604
"Microsoft launches new search engine Redmond-based Microsoft Corp. on Thursday launched a test version of its new MSN Search service, hoping to compete with Google and other major Web search services.",Failed to initialize,3,,False,1001
"Euro supercomputing initiative welcomes users European researchers can now turn to a new supercomputing network for help in their scientific endeavors.  quot;We have just completed testing, quot; said David Henty with the Edinburgh Parallel Computing Centre, a ",Failed to initialize,3,,False,1001
South Korea president in Brazil (AFP) AFP - South Korea's President Roh Moo-Hyun started an official visit to Brazil as part of his country's campaign to find new business in the region.,Failed to initialize,0,,False,1001
Israelis force down Lufthansa jet Israeli jets force a flight to Tel Aviv to land in Cyprus after a bomb alert  German officials did not consider serious.,Israeli strength down Lufthansa pitchy Israeli super century strength A trajectory to Tel Aviv to rhenium publica in Republic of Republic of Cyprus after type type A pelt qui vive mellow German functionary serve not consider serious.,0,1,True,265
AOL's Viral Marketing America Online will now provide gratis antivirus protection to its subscribers.,N/A,Business,Sci/Tech,Skipped,0
"Bush Backers in Wisconsin Say He Is Decisive in War (Reuters) Reuters - The Iraq war and concerns about\terrorism may determine the outcome of the upcoming election,\and they appear to have bolstered support for President Bush in\at least one Republican bastion in the swing state of\Wisconsin.","scouring Backers in Wisconsin River study atomic identification number II live critical edge warfare (Reuters) Reuters - The Republic of Iraq war and cephalalgia about\terrorism genus Crataegus oxycantha delineate the end point of the draw most election,\and they come on to support long rest backrest improve for chairwoman genital electronic organ fuzz in\at to the lowest academic degree peerless Republican bastion in the swing over tell of\Wisconsin.",0,3,True,375
English FA planning to introduce EPO tests this season The English FA plans to introduce tests for the blood-boosting drug EPO (erythropoietin) this season as part of its regular testing programme.,English multitude FA project to inclose EPO psychometric screen this mag of class The side of meat address FA architectural aim to infix run push down run extinct for the blood-boosting coiffure Elvis EPO (erythropoietin) this savour every bit character of its unconstipated testing programme.,1,3,True,264
North Korea-watchers ponder significance of Kim #39;s changed status SEOUL - Watchers of the reclusive North Korean regime are buzzing about reports that might indicate a change in the cult of personality surrounding Kim Jong Il.,Failed to initialize,0,,False,1001
"North Korea Says the Tyrant is Bush, not Kim North Korea says it sees no reason to join a working-level meeting with the United States to prepare for further six-party talks on the communist state #39;s nuclear weapons development.","north wind Han-Gook Says the tyrant is Bush, non Kim second Earl of Guilford Dae-Han-Min-Gook vowelise extinct entropy utilize science sees nobelium court to core full typewrite angstrom working-level get together with the reach eubstance smooth to come up for further six-party oral cavity along the commie rhenium publica #39;s atomic weapon system development.",0,3,True,1263
"Taiwan Rescuers Dig Out 7 Bodies Buried in Landslide  TAIPEI (Reuters) - Taiwan rescue workers dug out seven  bodies from mud and rock in a mountain village that was hit by  a devastating landslide triggered by Typhoon Aere, but eight  still remained buried, officials said on Friday.","Formosa rescuer archaeologic internet place forestall heptad integral fertiliser societal system run on up Indianan Department of body politic landslip Taipeh (Reuters) - Cathay saving worker beak atomic number 49 forbidden septet strong-arm social organisation from mire and send away rock-and-roll atomic identification number forty-nine vitamin type A mount colonization that nuclear routine 4 start to retiring axerophthol scourge landslip touch off by Typhoon Aere, merely octonary quiet kill stay buried, functionary said on Friday.",0,3,True,582
"Stocks on the edge NEW YORK (CNN/Money) - Wall Street took a wait-and-see approach to the final day of the trading week, looking for more information on inflation, trade, oil and a report of Michael Eisner #39;s 2006 departure from Disney.","origin of declivity along the boundary novel planetary put up of terrestrial theater of House of York (CNN/Money) - debate nuclear total forty-nine Street engagement type antiophthalmic factor wait-and-see concentre OR sol to the final interrogation solar solar mean solar day of the swop week, face for to axerophthol bully extent entropy on inflation, trade, embrocate and deoxyadenosine monophosphate report of Michael Eisner #39;s 2006 going away from Disney.",2,3,True,691
"London-Based Bank Wins Bid for Permata A consortium led by Standard Chartered PLC won the bidding for a majority stake in PT Bank Permata, agreeing to pay US\$300 million (euros 244 million) for control of Indonesia #39;s seventh-largest lender, Finance Minister Boediono said Friday.","London-Based Bank Wins dictation for Permata A piddle led by step take PLC South Korean win the conjure for adenine bulge game inch PT camber Permata, concur to stomach US\$300 million (euros 244 million) for recite of Dutch East Indies #39;s seventh-largest lender, Finance pastor Boediono state Friday.",2,1,True,735
"Rummenigge - parise for Bayern coach. (Getty Images) Felix Magath #39;s rigorous new training regime at Bayern Munich has been praised by club chairman Karl-Heinz Rummenigge. Magath #39;s approach had been criticised by some of his players, and Bayern have made a slow ",Failed to initialize,1,,False,1001
"Salesforce.com Launches On-Demand Support System On-demand CRM provider Salesforce.com Wednesday rolled out a parallel service its calling Support.com and aiming at corporations with far-flung call centers, help desks, and on-call technicians.",Failed to initialize,3,,False,1001
Scientists to Study Dairy Going Organic (AP) AP - Cornell researchers will watch five upstate New York dairy herds to learn about the problems and challenges of converting from conventional to organic farming.,Failed to initialize,3,,False,1001
Russias strange bedfellows Ministers from the Commonwealth of Independent States (CIS) gathered in the Ukrainian capital Kiev on September 29 to formulate a common anti-terrorism strategy.,Failed to initialize,0,,False,1001
Third Month of Slow Sales for Retailers The August start of the back-to-school shopping season was a disappointment for major retailers.,3rd gear geartrain calendar calendar month of wearisome megascopic sale event issue for retail merchandiser The Aug ship along of the back-to-school cheat on flavor incarnate deoxyadenosine monophosphate dashing hopes for John Major retailers.,2,3,True,279
"Alabama Upsets No. 24 Southern Miss 27-3 (AP) AP - Kenneth Darby rushed for 197 yards and scored two touchdowns, one on a run and one on a pass, as Alabama beat No. 24 Southern Mississippi 27-3 Saturday for its first win against a ranked opponent in nearly two years.",Failed to initialize,1,,False,1001
"Storms Seem to Cure Floridians of Hurricane Amnesia The state #39;s East Coast hadn #39;t been hit by a hurricane since 1999. That, and the fact that Florida hasn #39;t had its historic share of such storms in recent decades, has led to some complacency about their effects.",N/A,Business,Sci/Tech,Skipped,0
Darfur peace talks inch forward despite deadlock over security ABUJA (AFP) - African Union mediators met separately with Sudanese government envoys and the leaders of the uprising in the strife-torn region of Darfur in a bid to hammer out a deal on demilitarising the conflict.,Failed to initialize,0,,False,1001
"China's Red Flag Linux to focus on enterprise Red Flag Software Co., the company behind China's leading Linux client distribution, plans to focus more on its server operating system and enterprise customers, the company's acting president said.",Failed to initialize,3,,False,1001
"Canadian freedoms 'under threat' Personal freedoms in Canada are being eroded by the ""war on terror"", the country's privacy commissioner warns.",N/A,World,Sci/Tech,Skipped,0
Microsoft sues eight resellers over dodgy stickers Microsoft has announced it #39;s suing eight PC resellers over claims they have been attaching Certificates of Authenticity (COA) to non-genuine Microsoft products.,Failed to initialize,3,,False,1001
"IBM unveils notebook with fingerprint reader IBM on Monday introduced a biometric notebook computer with an integrated fingerprint reader,which it says can recognize the user of the computer.",Failed to initialize,3,,False,1001
"Motorola Aims to Sharpen Design Edge In a 26th-floor office suite overlooking Lake Michigan, some 40 industrial designers, mechanical engineers and specialists in fields ranging from anthropology to musicology ","Motorola engross to acquire conception Edge In a 26th-floor handsome medicinal drug shoes board overshadow Lake Michigan, ending to 40 industrial designers, automatically respectable organise and specialist inbound bailiwick swan from anthropology to musicology",3,2,True,396
Football: Spanish FA apologises The Spanish FA apologises to its English counterparts following racist chanting.,Failed to initialize,0,,False,1001
"Camacho  #39;quits Bernabeu #39; Real Madrid coach Jose Antonio Camacho has resigned after the club #39;s poor start to the season, according to reports in Spain. Cadena Ser radio said Camacho had told Real chairman Florentino Perez he was quitting ",Failed to initialize,1,,False,1001
"Stronger Sales Boost JC Penney Earnings (Reuters) Reuters - Department store operator J.C. Penney\Co. Inc.  on Tuesday said third-quarter profit rose 86.3\percent, helped by stronger sales and fewer markdowns.","hack sales agreement agreement agreement campaign JC Penney human race wide-eyed World Wide Web income (Reuters) Reuters - parole word department calculator storage manipulator J.C. Penney\Co. Inc. on Tues see befog third-quarter scratch batch 86.3\percent, sue digression secure sales event and few markdowns.",2,3,True,320
"The battle for DR Congo's wildlife As donors pledge \$40m to save DR Congo's wildlife, life in Virunga Park remains a battle ground.","The shinny for DR Congo's wildlife As giver pledge \$40m to take a crap unnecessary DR Congo's wildlife, spirit Henry Martyn Robert Indiana Virunga ballpark Patrick Henry Lucius Clay angstrom unit infringe ground.",3,1,True,1086
Soccer: Juventus beat Fiorentina 1-0 in Italian league match ROME : Juventus extended their lead at the top of Serie A to six points after they scraped a 1-0 home win over Fiorentina and closest rivals AC Milan were held to a goalless draw at Brescia.,Failed to initialize,1,,False,1001
Krzyzewski Wins No. 700 Shelden Williams collects 18 points and 15 rebounds to give Duke an 82-54 triumph over Toledo and Coach Mike Krzyzewski his 700th career win on Sunday.,Krzyzewski deliverance the goods ordinal number 700 Shelden Theodore Samuel Sir Bernard Williams empire up eighteen aim and 15 echo to allay upwardly Duke consociate inbound give suck 82-54 gaseous state conclude Toledo and handler mike Krzyzewski his 700th vocation profits on Sunday.,1,2,True,457
"High-Tech Start-Up Strives For Open-Source Compatibility SourceLabs could create some buzz because of its pedigree team of founders. The company is led by Chief Executive Byron Sebastian, a former executive at San Jose #39;s BEA Systems, who founded the company in spring.",Failed to initialize,3,,False,1001
"Russia wants new business partnership with old ally India (AFP) AFP - Russia is seeking a new economic partnership to boost a decades-old friendship with India, envisaging sophisticated arms sales, high-end technology swaps and political support on the world stage.","Russian Soviet federalize socialistic Republic pauperization freshen up commercial enterprise partnership with onetime relay station Republic of Republic of Republic of India (AFP) alpha foetoprotein - Russian band together state of matter of USA be tone for deoxyadenosine monophosphate refreshing frugal partnership to advancement deoxyadenosine monophosphate decades-old friendly human family relationship with India, conceptualize of twirl arms sales, high-end technology barter and political bear out on the global stage.",0,3,True,328
Inter draw with lecce while AC Milan crash Atlanta Bulgarian teenager Valeri Bojinov scored twice as Lecce came from two goals behind to draw 2-2 with Inter Milan in Italian first division league on Wednesday.,Failed to initialize,1,,False,1001
"Indians Mount Charge The Cleveland Indians pulled within one game of the AL Central lead by beating the Minnesota Twins, 7-1, Saturday night with home runs by Travis Hafner and Victor Martinez.",Failed to initialize,1,,False,1001
Venezuela vote keeps Chavez as president CARACAS -- Venezuelans voted resoundingly to keep firebrand populist Hugo Chavez as their president in a victory that drew noisy reactions yesterday from both sides in the streets. International observers certified the results as clean and accurate.,commonwealth of Venezuela vote preserve Chavez amp prexy Washington of Venezuela -- Venezuelan voted resoundingly to maintain brand populist Victor-Marie Victor-Marie Hugo Cesar Estrada Cesar Estrada Chavez angstrom unit unit their chairman Indianan acres angstrom unit triumph that play noisy answer yesterday from both dispose of essence Indiana the streets. outside commentator license the termination as clean house and accurate.,0,2,True,487
"\$78,000 for a Cane That Helped a Legend Walk the Line Many of Johnny Cash's possessions were sold at Sotheby's, collecting \$3,984,260 for the Cash family, more than double the pre-auction estimate.","\$78,000 for a Cane That economic economical assist grouping A apologue means of assume the line the personal short-change letter of credit rating rating Many of Reb Cash's will business leader form enceinte treat astatine Sotheby's, sustain out Robert Indiana \$3,984,260 for the John Lackland cash in family, Sir Thomas More than twice the pre-auction estimate.",0,2,True,292
"Sherman remains confident after Packers #39; flop in Philly They were, in theory, the NFC #39;s second-best team. Now they #39;re not and no one else is, either. The NFC has the Philadelphia Eagles at the top, the San Francisco 49ers at the bottom and everyone else in the middle.",Failed to initialize,1,,False,1001
"Stocks Climb on Drop in Consumer Prices NEW YORK - Stocks rose for a second straight session Tuesday as a drop in consumer prices allowed investors to put aside worries about inflation, at least for the short term.    With gasoline prices falling to eight-month lows, the Consumer Price Index registered a small drop in July, giving consumers a respite from soaring energy prices...","neckcloth setting on degenerate in Consumer Leontyne pecuniary respect fresh family of York - caudex rosebush for grouping group A restrain consecutive train full condition Tuesday type group A angstrom unit sociable social unit aberrant Indiana consumer bell second for investor to put aside concern most inflation, nuclear enumerate 85 to the depressed level for the short term. With gasoline pecuniary tax fall to eight-month lows, the Consumer monetary valuate power file amp low omit inch July, giving consumer a reprieve from sailing energy prices...",0,2,True,990
UPDATE 1-Bolton end Newcastle run with 2-1 win Bolton Wanderers continued their impressive start to the season as they battled to beat in-form Newcastle United 2-1 on Sunday to stay in touch with the leading pack at the top of the Premier League.,Failed to initialize,1,,False,1001
Terror is below radar in Russia It took 2 days for Russia #39;s security service to announce what virtually everyone else believed from the moment two domestic passenger airlines plunged to earth simultaneously ,Terror is below microwave oven microwave radar Hoosier land Soviet conjugation of Soviet socialistic democracy entropy hold scientific discipline ca-ca two daylight for Soviet Russia #39;s certificate formation measure agonist to precursor what to the highest degree everyone else swear from the Hera and instantly two domesticated rider airline business souse to dry land at the same time,0,3,True,311
"NBA ROUNDUP: O #39;Neal puts on a show for new fans in Miami MIAMI -- Shaquille O #39;Neal swatted away Boris Diaw #39;s lay-up to preserve a 26-point lead, then waved into a nearby television camera the moment he landed on his feet.",Failed to initialize,1,,False,1001
Trump's Casinos File for Bankruptcy  PHILADELPHIA (Reuters) - Donald Trump's casino operations  filed for bankruptcy Sunday in a long-expected move that would  allow the real estate maverick to restructure the company's  debt and overhaul its aging casinos.,Failed to initialize,2,,False,1001
"BlackRock Buys State Street Research  NEW YORK (Reuters) - BlackRock Inc. &lt;A HREF=""http://www.investor.reuters.com/FullQuote.aspx?ticker=BLK.N target=/stocks/quickinfo/fullquote""&gt;BLK.N&lt;/A&gt;, one of the  largest U.S. fixed income managers, on Thursday said it will  buy its far smaller competitor State Street Research    Management Co., marking the biggest takeover in the asset  management business this year.",Failed to initialize,2,,False,1001
"Vilsack, Dean Jockey for Top DNC Post (AP) AP - Iowa Gov. Tom Vilsack told Democratic leaders on Friday he may seek the party's top job as the jockeying to replace chairman Terry McAuliffe intensified.","Vilsack, finish about Henry James Sixth Baron Sixth Baron Byron of Rochdale of Rochdale Jesse James Byron doyen Lolium temulentum for top of the inning position take away side of substance DNC grade (AP) AP - Hawkeye put option forrad Gov. tom Vilsack differentiate bulge out stunned line card on Friday he side hawthorn try the party's teetotum of the inning ponder as the bed to interchange chairperson Dame Ellen Terry McAuliffe intensified.",0,1,True,487
Lackluster Jobs Report Pushes Stocks Down NEW YORK - Investors pushed stocks lower Friday as a surprisingly lackluster job creation report deepened Wall Street's pessimism over the health of the economy. A solid earnings report from General Electric Co...,Failed to initialize,0,,False,1001
"Powell Presses N. Korea on Weapons Talks US Secretary of State Colin Powell, left, shakes hands with Japanese Prime Minister Junichiro Koizumi before their meeting at the Foreign Ministry #39;s annex in Tokyo Sunday, Oct. 24, 2004.","Cecil straight-from-the-shoulder Colin Powell press away N. Han-Gook on gas peach USA writing table of frame onwards Colin Powell, left, handclasp bridge role player with Japanese premier parson Junichiro Koizumi before their match At the unknown Ministry #39;s offstage in Tokio Sunday, Oct. 24, 2004.",0,1,True,376
"Saddam #39;s jailed top aides hold food protest Eight of 11 detainees briefly refuse food over prisoner rights including family visits, access to media. BAGHDAD - The US army said eight of toppled Iraqi leader Saddam Hussein #39;s jailed lieutenants had briefly ","Husain #39;s slammer top of the inning subsidiary clutch nutrient protestation octad from Decatur of xi detainees Hoosier state legal brief deny alimental cease jailed rightfield athletic battlefield of cogitation smiler inbound September line visits, stick at to media. Bagdad - The u U. S. Army say 8 of tumble Iraki drawing card Saddam bin Hussein at-Takriti ibn Talal Hussein #39;s jailed lieutenant let concisely",0,1,True,647
"Sharon Says Gaza Evacuation Set for 2005 (AP) AP - Israel's evacuation of the Gaza Strip will begin next summer and will take about 12 weeks, Prime Minister Ariel Sharon said Wednesday, reversing an earlier decision to speed up the pullout.",Failed to initialize,0,,False,1001
King Pong Draws Fans Spike TV's Video Game Awards Show attracts big-name celebrities and bands but gives the fans the votes.,Billie low-spirited jean Mary St. Martin Mary Martin Martin Luther King younger niff run cancelled winnowing lead TV's television set Mary Jane respect picture prayer big-name celebrity and band but shed the lover the votes.,3,0,True,265
Texas Instruments Plans Investment US-based chipmaker Texas Instruments Inc. said it will spend about US\$300 million (euro 240 million) over the next three years to increase output at its facilities in the northern Philippines.,Lone-Star DoS submissive use excogitation enthronisation US-based chipmaker Lone-Star State official publish textual matter single file Inc. consecrate it volition repose verboten stamp out most US\$300 1000000 (euro 240 million) complete the future tense Sacred Trinity long clock prune to ontogenesis turnout atomic number 85 IT installation in the northern Philippines.,2,3,True,370
"USA searches for winning formula Hal Sutton anticipated the question. He had formulated an answer, too, long before he arrived in that Milwaukee hotel ballroom to announce his captain #39;s picks and finalize the US Ryder Cup team.",Failed to initialize,1,,False,1001
"Expanding West Major League Soccer's two expansion teams, Real Salt Lake and Club Deportivo Chivas USA, will join the Western Conference for the 2005 season.",Failed to initialize,1,,False,1001
"Accusations of Fraud Mar Afghan Election KABUL, Afghanistan - Afghans packed polling stations on Saturday for a historic presidential election that was blemished when all 15 candidates opposing U.S.-backed interim President Hamid Karzai withdrew, charging the government and the U.N. with fraud and incompetence...",Failed to initialize,0,,False,1001
"Sports: Cobbs out for the season DENTON, Texas Last season #39;s NCAA rushing and scoring leader will miss the rest of this football season. North Texas running back Patrick Cobbs has sprained ligaments in his left knee.",Failed to initialize,1,,False,1001
"Ankiel Impressing Cardinals in September (AP) AP - At the very least, Rick Ankiel is laying the groundwork for a run at the St. Louis Cardinals' rotation next season.",Failed to initialize,1,,False,1001
"Israel won #39;t attend London Mideast conference Israel will not attend a Middle East conference in London early next year but backs its stated aim of fostering Palestinian reform in pursuit of peace after Yasser Arafat #39;s death, a senior official says.","area of Sion winnings #39;t determine Jack London Mideast league Department of State Department of DoS of Israel parting non determine angstrom centre Orient conference Hoosier country Jack Jack Jack London former piazza aside pitch year only if second IT read design of breeding Palestinian Arab Arabian tidy away in spare-time body process of ataraxis after Yasser Yasser Arafat #39;s death, a older prescribed says.",0,1,True,936
"Petronas pursues China LNG supply opportunities Petroliam Nasional Bhd., or Petronas, Malaysias national oil and gas firm, is in discussions with Chinas State-owned oil and gas firms for potential liquefied natural ",Failed to initialize,2,,False,1001
Dell Axim X50v Large VGA screen; great graphics; included gaming bundle; Windows Media Player 10.0 Mobile; fast processor and ample memory; integrated Wi-Fi and Bluetooth; sleek design; user-replaceable battery.,Failed to initialize,3,,False,1001
"Crude Oil Rises on Speculation Cold Weather May Increase Demand Crude oil futures are headed for their biggest weekly gain in 21 months on speculation cold weather may boost demand in the US Northeast, where 80 percent of the country #39;s heating oil is used.","megascopic veg fossil oil colour ascent along speculation inhuman weather Crataegus laevigata add up requirement slang fogy rock 'n' roll anoint coloring material doomsday to sum ar project for their big hebdomadary urinate heading teacher atomic count forty-nine xxi calendar month on hypothesis coldness against the wind Crataegus laevigata boost necessitate in the atomic number 92 Northeast, where 80 per centum of the Carry Amelia Moore Nation #39;s stir up oil is used.",2,3,True,550
"Howard: Telstra Board Will Choose Its CEO Australian Prime Minister John Howard said Thursday that Telstra Corp. #39;s board would choose its next chief executive, not the federal government, which has a majority stake in the telecommunications giant.","Howard: Telstra video recording transcription demonstration dialog loge bequeath pry IT CEO aboriginal Australian sputter efflorescence subgenus curate throne Leslie Leslie Leslie Leslie Howard Stainer Stainer Stainer Stainer enunciate atomic identification issue 90 that Telstra Corp. #39;s video demonstration gameboard would favour IT face past side of meat boss executive, non the Federal soldier government, which give birth antiophthalmic factor inviolable majority wager in the telecom giant.",2,3,True,377
"Germany to kick off 2006 World Cup FRANKFURT, Germany -- Hosts Germany will play in the opening match of the 2006 World Cup, the organizing committee of the governing body FIFA announced on Wednesday.",Failed to initialize,1,,False,1001
"Web Site Shows Two Beheadings in Iraq Three hooded gunmen pose with an unidentified Turkish hostage, who they threatened to behead unless all American release all Iraq prisoners, and all Turks leave Iraq, in this image made from a television broadcast by Al-Arabiya television, Monday Oct.","macrocosm panoptic humans wide of the mark World Wide Web lay pass along deuce beheading Hoosier Department of State Irak three poseur hired gun amaze with Associate in Nursing extraterrestrial live Turkish hostage, who they bilk to decapitate unless whole American English speech communication language English language speech hoi polloi wipe out alone Irak prisoners, and alone Turk rend upwardly gamble Iraq, Indiana this image stretch from deoxyadenosine monophosphate boob tube spreadhead away Al-Arabiya television, Mon Oct.",0,3,True,656
"Former Saddam Deputy Arrested in Iraq (AP) AP - Iraqi authorities claimed on Sunday to have captured Izzat Ibrahim al-Douri, the most wanted member of Saddam Hussein's ousted dictatorship, but there was confusion over the report, as the Iraqi defense minister said word of his arrest was ""baseless.""",Failed to initialize,0,,False,1001
"Police, Peddlers Clash in Venezuelan City (AP) AP - Police and National Guard troops fired tear gas and plastic bullets at crowds of angry street vendors in Venezuela's capital Wednesday as officers tried to remove merchants from zones where they are barred from selling their wares.","Police, packman brushwood in Venezuelan urban kernel (AP) AP - patrol and intragroup secure device device mosey set down displume gas and formative warmer astatine herd of natural posit street trafficker indium Venezuela's majuscule determine married antiophthalmic agentive role military machine automobile car ship's officer assay to flummox detached of merchants from geographical zone where they ar block up from deal their wares.",0,3,True,552
Notables Every Baltimore starter reached base at least twice. Orioles' Brian Roberts set the AL record for doubles in a season by a switch hitter with 47 -- also tying Cal Ripken Jr.'s team record from 1983.,Failed to initialize,1,,False,1001
"76ers rally from 18 down to stun Nuggets Allen Iverson couldn #39;t resist when he saw the burgundy and yellow shirt Willie Green put on after the game.  quot;That #39;s an ugly shirt, Willie, quot; Iverson shouted over a crowd of reporters.",Failed to initialize,1,,False,1001
"Commuter Plane Crashes in China, Killing 54 A China Eastern Airlines commuter plane crashed into a frozen lake in northern China this morning, killing all 53 people on board and 1 on the ground, state media and the airline said.","commuter wagon train railway system trail new wave aeroplane collapse indium China, have deoxyadenosine monophosphate go atomic number 85 it prey liv deoxyadenosine monophosphate People's land of china eastern United States wind trajectory room commuter train trail train civilise woodwork weather sheet flatboat Indianan put forward into deoxyadenosine monophosphate trap verboten lake atomic telephone number forty-nine northwards mainland People's democracy of China this morning, pigeonhole come out entirely liii mass along gameboard and ane along the ground, put forward mass medium and the airway said.",0,3,True,453
APEC Ministers Urge New Effort on Trade Talks Pacific Rim trading nations said on Wednesday they should pool their influence to energize talks to free up world trade. As trade and foreign ministers from the 21-member Asia-Pacific ,APEC Ministers index number New bring on on line mickle express pacific lip trade In eubstance debonaire enjoin on Wednesday they should consortium their regulate to bring on express to gratis wad up institution trade. mathematical mathematical group angstrom unit building block softwood wind and outside authorities minister from the 21-member Asia-Pacific,0,2,True,423
"Seven seize ATHENS -- He was behind at the start. He was behind at the turn. He was behind for 99.99 of the 100 meters. His head was behind Ian Crocker's head at the finish. And yet somehow last night, Michael Phelps won again -- for the fourth and final time in an individual race at these Olympics.",Failed to initialize,1,,False,1001
"Rite Aid Swings to Loss Rite Aid (RAD:NYSE - news - research) swung into the red for its third quarter and lowered expectations for fiscal 2005. The drugstore chain said Thursday it posted a loss of \$7.7 million, or 1 cent a share ","rite supporter golf dig to last ritual see (RAD:NYSE - tidings programme - research) last or therefore into the scarlet for IT 3rd base draw and lour abide prize for financial 2005. The drugstore spate vagabond sound Thursday it deportment a red ink of \$7.7 million, or 1 cent a partake in",2,1,True,928
"Cisco #39;s Perfigo Acquisition Delivers Policy Compliance To Channel In a move that targets the increased threats of worms and viruses to networked businesses, Cisco Systems Thursday said it will acquire privately owned endpoint compliance vendor Perfigo in a deal worth approximately \$74 million.","Coregonus artedi #39;s Perfigo acquirement deliver insurance insurance insurance insurance insurance conformity To idiot box circle impart inward international ampere straightaway that go over off the growth panic of bend and virus to net profit businesses, lake herring organisation Thursday get going come out it leave proceeds Hoosier State camera have conclusion abidance vender Perfigo inward a take deserving more or less \$74 million.",3,2,True,484
"Behaviour control by smartphone The Massachusetts Institute of Technology is developing mobile phones designed to learn users #39; daily habits so that they can predict what users will do, reports The Register.",Failed to initialize,3,,False,1001
"National Guard HQ attacked near Baghdad A mortar attack on an Iraqi National Guard headquarters north of Baghdad killed at least four National Guards and injured 80 others, officials said Tuesday.",Failed to initialize,0,,False,1001
Dance pair out with injury Olympic ice dancing hopefuls Loren Galler-Rabinowitz and David Mitchell of the Skating Club of Boston will be sidelined for the remainder of the season because of a shoulder injury to Mitchell that will require surgery.,activate taboo the decipherable howl toenail splice deathly total extinct of the loo with wind outstrip internal-combustion railroad organisation locomotor hit the miniature wild toenail wannabee Bulgarian hyrax Kapital Scicolone Galler-Rabinowitz and angel Jacques Louis David Margaret William Margaret Munnerlyn Mitchell of the skate companionship of edible bean townsfolk volition follow pursuit for the divergence of the flavor because of a articulatio humeri hurt to Mitchell that will require surgery.,1,3,True,499
"Southwest Airlines to Cut 88 Flights (Reuters) Reuters - Southwest Airlines Inc. (LUV.N), the\largest U.S. discount carrier, on Monday said it will eliminate\88 scheduled flights in order to boost revenue by freeing up\planes for more lucrative markets.",Failed to initialize,2,,False,1001
Family make plea for Iraq Briton The family of a Briton held hostage in Iraq have issued an emotional plea for his release as the deadline approaches. Philip Bigley said his brother Ken regarded the Arab world as his  quot;home from home quot; and ,menage line straightaway invocation for Irak Brit The kinsfolk of adenine britt hurl surety indium Republic of Al-Iraq takings Indiana got frame pick apart prohibited an work remediate supplication for his detached vitamin A the deadline approaches. Duke of Edinburgh Bigley put forward his chum peck count the Arabian world as his quot;home from home plate quot; and,0,1,True,440
"Edwards: I Won't Raise Retirement Age (AP) AP - Seizing on a report that a plan to privatize Social Security includes raising the retirement age for full benefits to 72, vice presidential candidate John Edwards on Saturday renewed a promise that the Democrats would never raise the retirement age.","Edwards: I Won't salary hike retreat puzzle on (AP) AP - cleave to along deoxyadenosine monophosphate newsworthiness computer broadcast consider that deoxyadenosine monophosphate send slay to privatize social certificate system U. S. USA of the Righteous Indianan province of matter fetch upward the crawdad taboo maturate for full phase of the moon form of the moon phase angle of the lunation phase of the synodic month get ahead to 72, debility presidential candidate St. trick the Apostle Edward IV on Sat reincarnate a hope that the populist would ne'er erect the retreat age.",0,3,True,459
"Important Rules for Phone Market Face F.C.C. Vote Next week, the FCC will likely change the rules on unbundled networks largely in ways favorable to the Regional bells.",N/A,Business,Sci/Tech,Skipped,0
"Bug bites continue to plague the Net roundup Free-roaming source code breeds new Netsky pest. Also: From IE to Opera, browsers are a likely prey.\",Failed to initialize,3,,False,1001
"UN, ending mission, says some human rights improvement Sudan's Darfur region (Canadian Press) Canadian Press - AL-FASHER, Sudan (AP) - Security has improved inside camps in Sudan's violence-torn Darfur region, but displaced villagers still face attacks and abuse when leave the camps, a United Nations team said Saturday, wrapping up a mission that could determine whether Sudan is hit with international sanctions.",Failed to initialize,0,,False,1001
"FireFox Roars from the Gates Tuesday, November 9, 2004 will likely go down in the history books as the day the browser wars officially started. Obviously things happened before today to get us to the point where there was a real, legitimate ",Failed to initialize,3,,False,1001
"Campaigning Begins for Afghan Election (AP) AP - Afghanistan's historic election campaign got under way Tuesday, pitting 17 hopefuls against interim leader Hamid Karzai in the race to become the impoverished country's first popularly elected president.",Failed to initialize,0,,False,1001
"CERN to Probe Life, the Universe and Everything (Reuters) Reuters - It has revolutionized physics, made",Failed to initialize,3,,False,1001
"Riyadh says killing of Frenchman was ""terrorist attack"" (AFP) AFP - A French national shot dead in the Saudi Red Sea city of Jeddah overnight was the target of a  quot;terrorist attack quot; according to initial investigations, an interior ministry spokesman told AFP.",Failed to initialize,0,,False,1001
"Austrian Panel OKs Siemens Takeover Bid Austrian regulators have approved Siemens AG #39;s bid to takeover engineering competitor VA Technologie AG, Austrian radio said Friday.","Austrian discover to information technology gameboard Oklahoman dead body suave multiplicative reverse Georg Neil Simon the Canaanite Georg Simon the Canaanite Ohm putsch d'etat dictation Austrian governor feed nativity o.k. sulfur atomic number 47 #39;s point to putsch engine room scientific discipline competitor Virginia Technologie AG, Austrian radio receiver order Friday.",2,3,True,254
"Scientists Discover Ganymede has a Lumpy Interior Jet Propulsion Lab -- Scientists have discovered irregular lumps beneath the icy surface of Jupiter's largest moon, Ganymede. These irregular masses may be rock formations, supported by Ganymede's icy shell for billions of years...",Failed to initialize,3,,False,1001
"Zingo keeps Manganese Bronze in red (FT.com) FT.com - Losses from its Zingo mobile phone cab-ordering service kept Manganese Bronze Holdings, maker of London taxis, in the red last year.","Zingo restrain North leading put forward tan Hoosier State bolshie (FT.com) FT.com - fissure from its Zingo peregrine border cab-ordering armed armed military force armed avail bomb along nuclear number twenty-five tan Holdings, beau ideal omnipotent of British capital taxis, inward the red last year.",3,0,True,391
"Hurricane Watch Issued for Gaston Off S.C. COLUMBIA, S.C. - A hurricane watch was issued for the South Carolina coast Saturday as forecasters predicted Tropical Storm Gaston would make landfall near Charleston on Sunday night...",Failed to initialize,0,,False,1001
"Sony Announces PlayStation Por Sony Corp. announced a price more fitting of a video-game machine than a slick movie-playing gadget for its new PlayStation Portable - 19,800 yen (\$186).",Failed to initialize,3,,False,1001
"Colts' Tough Schedule Continues With Tenn. (AP) AP - Talk about testing a defense: The Indianapolis Colts opened the season against Tom Brady, face Steve McNair this week and then Brett Favre. They're lucky Peyton Manning plays for their side.",Failed to initialize,1,,False,1001
"Lakshmi Mittal is Britain #39;s richest man London: NRI business tycoon Lakshmi N Mittal, who is set to control the world #39;s largest steelmaker, has emerged as the richest man in Britain.","Lakshmi Mittal is information radio link land of great link up land of Great U.K. and Northern Ireland and Northern Ireland #39;s fat person tissue composition human exist race London: NRI line headache heavy ability Lakshmi nuclear figure septet Mittal, who alive clothes to beat the homo belt along #39;s declamatory steelmaker, ingest emerged as the plentiful human race in Britain.",2,3,True,330
"Steep rise in Haiti storm deaths The number of deaths from floods in Haiti caused by tropical storm Jeanne has risen sharply to 1,970, with 884 still missing, officials say.","eat up absorb derive Henry M. Robert Robert Indiana Hayti violent storm destruction The voice communication sound quotidian of dying from wild watercourse indium Hayti doctor up of Osteopathy by tropic state of nature violent violent storm Jeanne sustain ascent aggressively to 1,970, with 884 static missing, official say.",0,3,True,400
"Phony bids put insurance firm in real trouble When Greenville County in South Carolina borrowed \$800 million two years ago to expand its public schools, insurance broker Marsh  amp; McLennan Cos.","hypocrite beseech redact policy sacrosanct in real designation chip cephalalgia When Greenville County atomic identification bit Land of Lincoln collaborator answer Carolina profess astir \$800 1000000 deuce old senesce agone to frame ejaculate out of the closet IT populace schools, policy skint marshland amp; McLennan Cos.",2,3,True,433
"Son Is Gone but Fervor Remains After Fallujah After his son's life was ended by an American bullet, an Iraqi insurgent undertook a harrowing escape to a lonely exile in Baghdad, where he waits to fight another day.","logotype Is move but Fervor Remains After Fallujah After his son's life was terminated by an American nomenclature bullet, an Iraki subversive survey along type angstrom disk outflow to angstrom unit whole completely lone out-migration indium Baghdad, where He delay to react another day.",0,3,True,633
"St. Louis Cardinals News Right-hander Matt Morris threw seven solid innings, but the Cardinals needed a bases-loaded walk to second baseman Tony Womack and a grand slam from new right fielder Larry Walker to key a six-run eighth inning for a ...",Failed to initialize,1,,False,1001
"Warriors lock up young veterans Staring at the possibility of watching two of his young standouts stage a walkout on opening night, Chris Mullin made one of the most important decisions in recent Golden State Warriors history Monday.","warrior lock up young person vet gaze atomic amount 85 the hypothesis of observatory gentleman over ii of his Loretta materialization standouts microscope microscope arrange deoxyadenosine monophosphate walkout on orifice night, Chris Mullin form water peerless of the about crucial stopping point in Recent epoch favourable submit warrior chronicle Monday.",1,3,True,283
"Guo tucks away gold for China China #39;s Guo Jingjing easily won the women #39;s 3-meter springboard last night, and Wu Minxia made it a 1-2 finish for the world #39;s diving superpower, taking the silver.","Guo tucks digression aureate for cerise China Republic of Cathay #39;s Guo Jingjing tardily cave in mode feed give birth the replacement sound the adult female somebody #39;s 3-meter pass of difference close night, and Wu Minxia make headway piss entropy applied science A 1-2 destination for the humans #39;s dive superpower, consider the silver.",1,3,True,336
"Packers lose Flanagan for the season Green Bay Packers Pro Bowl center Mike Flanagan will undergo surgery on his left knee and miss the rest of the season. Coach Mike Sherman made the announcement after practice Friday, meaning for the second ","kernel backpacker replication Gospel According to John L. H. pop spinal anesthesia newspaper editorial Flanagan for the clock of year common land genus Laurus nobilis backpacker professional person case-by-case manger core microphone Flanagan leave undergo manoeuvre way on his pull astir adventure spliff genus and offspring scavenge woman the logarithm Z's of the season. omnibus microphone Mount Mount Sherman substantiate the promulgation after use Friday, stand for for the instant",1,3,True,447
Trump #39;s casinos file for bankruptcy Donald Trump #39;s flagship casino business yesterday filed for bankruptcy as part of a financial restructuring aimed at easing \$1.8bn (1m) debt.,Failed to initialize,2,,False,1001
"Pedro, GM welcome challenge that awaits The Boston Red Sox could offer Pedro Martinez the still-dizzying celebration of a city that he helped to a historic World Series championship.",Failed to initialize,1,,False,1001
"Subaru World Rally Team - Rally GB, Leg 1 Report Petter Solberg demonstrated his winning potential aboard his Subaru Impreza WRC2004 today to take three stage wins and end Leg one in second position overall.","Subaru population of discourse seminal unstable upwards patrol squad - mount up GB, pegleg peerless news estimator programme paper waggle petter Solberg demonstrate his pitchfork extinct the good electromotive impel aboard his Subaru Impreza WRC2004 comparable deoxyadenosine monophosphate shot to fulfill three microscope stage gather primer coat and terminus fork one in second gear spatial relation overall.",1,3,True,377
IBM to report on computer security threats IBM on Monday plans to begin releasing a monthly report of threats to computer networks in an effort to establish an indicator similar to the US government #39;s Homeland Security Advisory System.,Failed to initialize,3,,False,1001
"Sales, Sun surge ahead The Connecticut Sun had an off game last Saturday, when they dropped the opener of their WNBA Eastern Conference semifinal series against the Washington Mystics.","Sales, Sun zoom on onwards The computerize tomography solarize translate nuclear issue 49 an murder support terminal Saturday, when they supply tabu the guided missile destroyer of their WNBA E wind up group word tractor trailer serial against the Washington Mystics.",1,3,True,987
Court considers textbook stickers downplaying evolution A Georgia school board is in court this week over  quot;disclaimer quot; stickers it placed on biology textbooks stating that the theory of evolution has not been proven as fact.,Failed to initialize,3,,False,1001
UPDATE 2-Spaniards Garcia and Lara share Volvo Masters lead Sergio Garcia showed the consistency that has lifted his game this year with a four-under-par 67 in difficult conditions to share the Volvo Masters lead with Spanish compatriot Jose Manuel Lara.,UPDATE 2-Spaniards Garcia and Lara share Volvo subjugate conduce Sergio Garcia demonstrate the eubstance that give birth face-lift his straight this year with a four-under-par 67 in unmanageable conditions to share the Volvo pay back the earnings off pay off care thread with Spanish mass people compatriot Jose Manuel Lara.,1,2,True,238
"Update 4: Tokyo Stocks Shed 1 Percent, Dollar Up Tokyo stocks shed more than 1 percent Friday, extending declines to a sixth straight session driven by Wall Street #39;s weakness and worries that higher oil prices may crimp corporate profits.",Failed to initialize,2,,False,1001
"iPod year #39;s hot gift One of the hottest holiday gifts this year is the Apple iPod, the digital-age equivalent of the Sony Walkman. The iPod, which stores music files downloaded from a computer ",Failed to initialize,3,,False,1001
Fed Raises Interest Rate to 2.25 Percent (Reuters) Reuters - The Federal Reserve raised U.S.\interest rates on Tuesday by a quarter-percentage point for the\fifth time this year and said it will keep gradually lifting\them from rock-bottom levels to forestall inflation.,fecundate chip in better concern rescript to 2.25 per centum (Reuters) Reuters - The optical fusion taciturnity evolve U.S.\interest commemorate along Tues by vitamin axerophthol quarter-percentage full-of-the-moon lunation substantiate support for the\fifth quaternary dimension this assort and said entropy engine room scientific discipline volition keep up tone past step lifting\them from rock-bottom take down to forestall inflation.,2,3,True,464
"Stand Aside, Rudolph: The Mouse Will Lead A list of some of the best holiday gifts, based on taste, appearance or utility, available on the Web.","indicate of horizon Aside, Rudolph: The black-market substance volition steer angstrom unit unit heel of equitable astir of the correct holiday gifts, instal on taste, cash record Beaver State utility, operative along the Web.",3,2,True,253
"Nextel and Sprint in talks on possible merger Nextel and Sprint are in talks that could lead to a merger between the two mobile phone operators, sources close to the discussions said on Thursday.","Nextel and flair in verbalise on potency unification Nextel and shoot brook for in whistle that could atomic spanner 82 to adenine combine between the get at sens ring operators, origin finish to the give-and-take aforementioned on Thursday.",2,1,True,411
Hundreds laid off at Fleet offices Bank of America Corp. yesterday laid off hundreds of workers at Fleet bank branches across the Northeast as the North Carolina bank began to implement its brand of ...,Failed to initialize,2,,False,1001
"Oracle v. Peoplesoft: the joke is on... Opinion I thought it was a joke when Oracle first announced that it was going to try to buy PeopleSoft; or, at best, a spoiling tactic over PeopleSoft #39;s acquisition of JD Edwards.","prophet v. Peoplesoft: the joke is on... pop vox populi single cerebration entropy lend oneself skill body axerophthol joke when prophet maiden connote that entropy mastermind hold open up on seed taboo mangle to enterprise to steal PeopleSoft; or, nuclear enumerate 85 best, deoxyadenosine monophosphate itching head word entirely over PeopleSoft #39;s read of JD Edwards.",2,3,True,394
Tracking Service Aims to Ease Product Returns (Ziff Davis) Ziff Davis - A Texas company tries to take a little bit of the sting out of the biggest online retail nightmare: returns.,perplex across inspection and repair conclusion to allay merchandise repay (Ziff Davis) Ziff Stuart Davis - international international ampere Lone-Star State companion judge to lend amp start out to Securities and substitution direction of the bunco interdict of the striking on-line retail nightmare: returns.,3,2,True,475
"New MSN Search May Be a Google Killer! New MSN Search May Be a Google Killer!\\The Second Look at MSN's Search technology is available for public beta testing. I've given it a spin myself and must say that I'm impressed. Although they have no ads on the SERP's of the preview site, I'm sure they will load it ...",Failed to initialize,3,,False,1001
"Novak Captures First Indoor Title BASEL, Switzerland Oct 31, 2004 - Jiri Novak of the Czech Republic won the Swiss Indoors for his first indoor title, defeating David Nalbandian in five sets Sunday in a final in which the Argentine smashed two rackets.",Failed to initialize,1,,False,1001
"Schwarzenegger Vows to Defend Emissions Law Toyota, General Motors and seven other automakers filed suit to block California's new greenhouse gas regulation, which was approved by the state in September.",N/A,World,Business,Skipped,0
"Major teams bounce back in World Cup soccer qualifiers LONDON: After a mixed bag of results in the weekend #39;s soccer qualifiers, Europe #39;s major countries asserted their authority this morning with France, England and Italy all winning away.",Failed to initialize,1,,False,1001
"Stanford ties Arizona in poll Media splits on who #39;s favorite in &lt;b&gt;...&lt;/b&gt; The two teams that shared the Pac-10 women #39;s basketball title last season -- Stanford and Arizona -- are primed to share it again, according to the annual poll released at Pac-10 media day Tuesday at HP Pavilion in San Jose.","Stanford University pass genus genus Grand Canyon State atomic tote up 49 man popular cerebration canvas raft sensitive cut down astir upwardly better on earthly worry Health arranging #39;s favored nuclear function forty-nine &lt;b&gt;...&lt;/b&gt; The dickens team up upwardly that mountain the Pac-10 uprise female #39;s pack legislative conduct mannequin of speech Adam temper -- Leland Stanford University University and genus wondrous Canyon State -- are conniption to character it again, consort to the yearbook canvas have die atomic number 85 Pac-10 mass medium mean solar day Tues at HP marquee in San Jose.",1,3,True,532
"World's oldest man dies aged 113 The world's oldest man, who gave up  driving at 108 because ""slow drivers annoyed him"", dies at 113.",N/A,World,Sports,Skipped,0
"2004 Signals More Global Warming, Extreme Weather: UN (Reuters) Reuters - Global warming is set to continue, and\bring with it an increase in extreme weather such as hurricanes\and droughts, scientists from the United Nations' World\Meteorological Organization warned on Wednesday.",Failed to initialize,3,,False,1001
"Update 1: Thai Airways Orders 6 Airbus Superjumbos Thai Airways has agreed to buy six Airbus A380s, becoming the 13th airline to order the new  quot;superjumbo, quot; the European aircraft maker said Friday.",Failed to initialize,2,,False,1001
"China Says Taiwan Spy Also Operated in U.S. - Media  BEIJING (Reuters) - Beijing on Monday accused a  Chinese-American arrested for spying for Taiwan of building an  espionage network in the United States, and said he could go on  trial very soon.","China Says Formosa Spy Also network in data point contact astir body politic - warm layer Peiping (Reuters) - uppercase of scarlet Republic of China along Mon criminate antiophthalmic cistron Chinese-American infernal region off-key for maculation for Formosa of chassis improving link up Hoosier State harbour espionage World Wide Web nuclear numerate forty-nine the relate upwards States, and hypothecate helium could belong on tryout selfsame soon.",0,3,True,384
Sudanese rebels squabble with government over ceasefire violations (AFP) AFP - Sudanese rebels walked away from African Union peace talks to hold a 24-hour boycott in protest at alleged government attacks on civilians in the war-torn western province of Darfur.,Failed to initialize,0,,False,1001
"Germany, Brazil draw Germany and Brazil fought out a 1-1 friendly international draw in their first meeting since the 2002 World Cup final. The visitors opened the scoring on nine minutes thanks to a Ronaldinho free kick, but ",Failed to initialize,1,,False,1001
Gujarat riot murder retrial opens The retrial of 16 Hindus charged with the murder of 12 Muslims in the Gujarat riots of 2002 opens in Mumbai.,Gujarat thigh-slapper round expeditiousness retrial open better The retrial of xvi Hindi tier with the round by of xii Islamic edge the Gujarat roister of 2002 surface in Mumbai.,0,1,True,235
"Training is the Key to Defibrillator Success By DANIEL YEE     ALPHARETTA, Ga. (AP) -- Because defibrillators are more affordable than ever, they are quickly becoming commonplace in schools, businesses and other public places such as airports...","coach is the cardinal to Defibrillator winner By leger of the seer Daniel YEE ALPHARETTA, Ga. (AP) -- Because defibrillator beat with nonpareil nonpareil Thomas Saint Norman Mattoon Thomas to a bully extent low-cost than ever, they be pronto turn trite in schools, byplay and former world home such as airports...",3,1,True,346
Israel Kills Two Hamas Militants After Renewed Threat Israeli air strikes killed two Hamas militants in Gaza on Thursday just after the Islamic group renewed its threats to continue rocket attacks against Israelis despite a massive army offensive aimed at stopping them.,Failed to initialize,0,,False,1001
European Abortion Debate Turns Divisive (AP) AP - European Parliament legislators on Thursday turned a fight over abortion rights in Portugal into an emotional and divisive debate on women's rights and the division between church and state.,European stillbirth moot pretend round divisive (AP) AP - European sevens legislator along thorium rick angstrom unit whole competitiveness knock down all over stillbirth right field Hoosier State Portuguese Republic into Associate in Nursing choke improving and factious fence along women's return and the division betwixt church and state.,0,1,True,535
"Scandal won #39;t go away ATHENS -- It was telling yesterday that the majority of the dozens of journalists who asked questions and attended a news conference into a Greek doping scandal were mostly Canadian. Question after question came from Canadians. We were all there, I think, ...","malicious input pass on #39;t ecstasy digression groovy of Graeco-Roman commonwealth -- selective entropy utilize skill chromosome mapping ingeminate yesterday that the wakeless historic geological menstruum of the 12 of diary keeper World Health organisation posit consultation and raptus to antiophthalmic portion news program render attest conference into axerophthol Grecian Mary Jane up assault make upwards for the most part Canadian. interrogation afterwards interrogative sentence tote up from Canadians. We equal all there, I think, ...",1,3,True,486
"Report: Explosion Kills 2 Near Chechyna (AP) AP - An explosion rocked a police building in the restive Dagestan region adjacent to Chechnya on Friday, and initial reports indicated two people were killed, the Interfax news agency said.","Report: explosion thunderbolt calibrate rob deuce well Chechyna (AP) AP - consort inch Nursing blowup throw gibbosity dispatch typewrite deoxyadenosine monophosphate police detect in the uptight Dagestan locality conterminous to Chechenia along Friday, and initial domain of analyze denominate deuce hoi polloi survive killed, the Interfax Word of God delegacy said.",0,3,True,613
"Karzai's Big Poll Lead Shows Afghan Ethnic Divide (Reuters) Reuters - Hamid Karzai was cruising to victory in\Afghanistan's first direct presidential elections, but by\Wednesday the returns so far have underscored the ethnic fault\lines that have often divided the country.","Karzai's gasconade public notion public opinion poll parrot parrot manoeuver detail sheepskin coat gentile H2O add on leave-taking (Reuters) Reuters - Hamid Karzai evergreen plant engraft found discover cruise to gloat in\Afghanistan's setoff go far improving presidential elections, but by\Wednesday the spin around along therefrom Army for the Liberation of Rwanda extend for focus the gentile fault\lines that induct ofttimes fraction the country.",0,3,True,759
Israeli Forces Thrust Into Northern Gaza (Reuters) Reuters - Israeli forces thrust into the outskirts\of the Jabalya refugee camp in the northern Gaza Strip on\Thursday in what the military said was an effort to stop\Palestinians firing rockets into Israel.,Failed to initialize,0,,False,1001
"Threat of Extinction Looms Over Larger Species Being the biggest dog may pay off at feeding time, but species that grow too large may be more vulnerable to extinction, new research suggests. Over 50 million years a succession of large carnivores evolved in North America, diversified, and then died out.","Threat of gasconade prohibited column ended outstanding mintage pee astir the freehanded blistering chase may earnings cancelled astatine tip time, merely neologism that spring improving overly prominent may price Sir Thomas More vulnerable to extinction, newfangled inquiry suggests. ended L zillion tenacious prison house term ampere unit taking over of big carnivore win in sum America, diversified, and so pop off out.",3,2,True,885
"New home ice looks slick If playing for one of college hockey's most storied programs wasn't enticing enough for potential recruits, Boston University's new \$97 million Harry Agganis Arena should do the trick.","novel society chalk hydrochloride facial observation shenanigan If philander for one of college hockey's cheeseparing storeyed estimate machine computer programme wasn't beguiling plenitude for probably recruits, attic Ithiel Town University's naked \$97 meg tussle Agganis domain should do the trick.",1,3,True,351
Plutonium: rising terror threat The radioactive element could be used to make weapons just as dangerous as enriched uranium bombs.,N/A,World,Sci/Tech,Skipped,0
Stocks Dip on Consumer Income Report News (AP) AP - An unsettling report on consumer incomes set off a spate of profit-taking on Wall Street Monday as investors worried that a tepid economy would erode companies' third-quarter earnings. Another drop in oil prices failed to shake the gloom from the market.,Failed to initialize,2,,False,1001
Swedes beam poetry into outer space (Reuters) Reuters - Swedish poets have broadcast their work into outer space by radio to give alien life forms -- if they exist -- a taste\of earthling literature.,N/A,World,Sci/Tech,Skipped,0
"Cricket telecast: Prasar Bharati to move SC as aggrieved party #39; THE legal battle surrounding the awarding of telecast rights to Sony Entertainment Television for the forthcoming Australia tour of India is getting complicated with the Prasar Bharati CEO, Mr KS Sarma, saying that the national broadcaster would approach ",Failed to initialize,1,,False,1001
"Bipartisan Panel Seeks Greenhouse Gas Limits A bipartisan commission that includes energy industry executives, environmentalists and academics will issue a report Wednesday that calls on the nation to adopt mandatory limits on greenhouse gas emissions linked to global warming, set stricter fuel economy standards and promote nuclear power, renewable energy and oil exploration.",N/A,Business,Sci/Tech,Skipped,0
"Dell Comes Up With Novell Idea To Sell Servers Novell has given its recently acquired Linux distro, SuSE, a push, by signing an agreement with Dell to offer SuSE Linux Enterprise Server (SLES) 9 on select PowerEdge servers worldwide.",Failed to initialize,3,,False,1001
"Vivendi, Messier Are Fined \$1.35M Each French regulators fined Vivendi Universal SA and its former boss Jean-Marie Messier nearly \$1.4 million each on Tuesday for deceiving investors with a litany of inaccurate financial communications issued over a two-year period.",Failed to initialize,2,,False,1001
Vieira slams Spain #39;s stance on racism Patrick Vieira has fiercely criticised Spain #39;s record in combating racism in football and paid tribute to England #39;s record in acting against it.,Failed to initialize,1,,False,1001
"Parliament passes no-confidence bid NAIROBI, Kenya -- Somalia's parliament passed a motion of no-confidence against the new prime minister and his Cabinet yesterday, an official said, effectively sacking a government that had been expected to restore order to the country after 13 years of anarchy and war. The deputy speaker of the 275-member transitional parliament, Dalhar Omar, said 153 members voted against Prime Minister ...","sevens extend game past times no-confidence natural NAIROBI, country of Republic of Republic of Kenya -- Somalia's sevens thrill the pail vitamin A gesture of no-confidence against the Gianbattista Bodoni side pick parson and his solace yesterday, an positive said, in effect last-place angstrom unit dominate that perplex knocked out form endure to fixing aver to the consistence bland later on 13 twelvemonth of anarchy and war. The foster thoroughgoing placement of the 275-member transitional parliament, Dalhar Omar, articulate 153 appendage vote against efflorescence curate ...",0,1,True,852
Yahoo! Tunes In to Musicmatch Close watchers of the online music business no doubt noted yesterday #39;s announcement of Yahoo! #39;s (Nasdaq: YHOO) purchase of Musicmatch with interest.,Failed to initialize,3,,False,1001
