original,adversarial,original_label,final_label,success,queries
"unpretentious , charming , quirky , original","unpretentious , fascinate , quirky , original",1,0,True,36
"a film really has to be exceptional to justify a three hour running time , and this isn't .",Failed to initialize,0,,False,1001
working from a surprisingly sensitive script co-written by gianni romoli . . . ozpetek avoids most of the pitfalls you'd expect in such a potentially sudsy set-up .,set up to play proscribe from vitamin A surprisingly middling script co-written by gianni romoli . . . ozpetek stave off most of the match you'd play out atomic number il such angstrom whole potentially sudsy set-up .,1,0,True,233
"it may not be particularly innovative , but the film's crisp , unaffected style and air of gentle longing make it unexpectedly rewarding .","it may non be particularly forward-looking , but the film's patch up bonytongue microprocessor check , in-situ title of respect and pogy verboten of placate hankering horseshit data technology circumstantially repay .",1,0,True,191
"such a premise is ripe for all manner of lunacy , but kaufman and gondry rarely seem sure of where it should go .",Failed to initialize,0,,False,1001
the lead actors share no chemistry or engaging charisma . we don't even like their characters .,Failed to initialize,0,,False,1001
"we started to wonder if  some unpaid intern had just typed 'chris rock , ' 'anthony hopkins' and 'terrorists' into some univac-like script machine .","we solidify forth to marvel if close to unskilled interne Army of the Pure scarce character 'chris shake , ' 'anthony hopkins' and 'terrorists' into ending to univac-like reach political machine .",0,1,True,201
"the metaphors are provocative , but too often , the viewer is left puzzled by the mechanics of the delivery .","the metaphor works provocative , but also a outstanding draw , the witness embody bring mystify past the automobile mechanic of the obstetrical delivery .",0,1,True,239
marinated in clichés and mawkish dialogue .,Failed to initialize,0,,False,1001
an uneasy mix of run-of-the-mill raunchy humor and seemingly sincere personal reflection .,N/A,neg,pos,Skipped,0
"it has the right approach and the right opening premise , but it lacks the zest and it goes for a plot twist instead of trusting the material .","it take in the right survive about and the good unfastened upwardly forego , only information technology wish the tanginess and it blend for a patch twist instead of trust the substantial .",0,0,False,107
"the film . . . presents classic moral-condundrum drama : what would you have done to survive ? the problem with the film is whether these ambitions , laudable in themselves , justify a theatrical simulation of the death camp of auschwitz ii-birkenau .","the manoeuvre . . . contribute edge classical music moral-condundrum outstanding free draw rein in : what would you live make come out to appreciation kayo ? the capriole with the cinema touch whether these ambition , admirably inwards themselves , trim international ampere histrionics performance simulation of the death intimate rotary of auschwitz ii-birkenau .",0,1,True,399
"as it stands , crocodile hunter has the hurried , badly cobbled look of the 1959 godzilla , which combined scenes of a japanese monster flick with canned shots of raymond burr commenting on the monster's path of destruction .","as it sales event John Wilkes Booth , crocodile hunt down take in ingest the look sharp , mischievously cobblestone look of the 1959 godzilla , which combine tantrum of a japanese freak flip with tin stroke of raymond bur gloss on the monster's track of wipeout .",0,0,False,126
there is more than one joke about putting the toilet seat down . and that should tell you everything you need to know about all the queen's men .,N/A,neg,pos,Skipped,0
"fails in making this character understandable , in getting under her skin , in exploring motivation . . . well before the end , the film grows as dull as its characters , about whose fate it is hard to care .","empower elbow room of life-time of spirit Henry M. Robert Indiana acclaim at this character graspable , inbound mystify chthonic her pour , Indianan commonwealth search prompt . . . well forward-moving the goal , the motion-picture evidence boost every mo softened as information technology character , nigh whose show information technology embody intemperately to fear .",0,1,True,447
the wild thornberrys movie is pleasant enough and the message of our close ties with animals can certainly not be emphasized enough .,N/A,pos,neg,Skipped,0
a charming and funny story of clashing cultures and a clashing mother/daughter relationship .,a fascinate and funny trash garbage dump of collide add in up and A shake up mother/daughter relationship .,1,0,True,139
"it's like a "" big chill "" reunion of the baader-meinhof gang , only these guys are more harmless pranksters than political activists .",N/A,pos,neg,Skipped,0
"what ensues are much blood-splattering , mass drug-induced bowel evacuations , and none-too-funny commentary on the cultural distinctions between americans and brits .","what firmness embody a soundly plenty blood-splattering , mountain drug-induced intestine elimination , and none-too-funny commentary on the cultural speciality between American English English people English people and British .",0,1,True,379
"director lee has a true cinematic knack , but it's also nice to see a movie with its heart so thoroughly , unabashedly on its sleeve .","director Henry M. Robert E. downwind get amp professedly cinematic idle set , just it's too priggish to confer angstrom picture showing with data technology gist and then thoroughly , unabashedly on information technology arm .",1,0,True,284
the stunt work is top-notch ; the dialogue and drama often food-spittingly funny .,N/A,neg,pos,Skipped,0
goldmember is funny enough to justify the embarrassment of bringing a barf bag to the moviehouse .,goldmember is pansy up passable to justify the overplus of return inch typecast type angstrom disgorge come out to the moviehouse .,1,0,True,163
an unsophisticated sci-fi drama that takes itself all too seriously .,an rustic sci-fi spectacular result that bring itself whole also earnestly .,0,1,True,127
an original and highly cerebral examination of the psychopathic mind,Failed to initialize,1,,False,1001
"death to smoochy tells a moldy-oldie , not-nearly -as-nasty -as-it- thinks-it-is joke . over and over again .","death to smoochy promise a moldy-oldie , not-nearly -as-nasty -as-it- thinks-it-is dramatic play . accomplished and over unity fourth dimension to a greater extent .",0,1,True,111
"i prefer soderbergh's concentration on his two lovers over tarkovsky's mostly male , mostly patriarchal debating societies .",N/A,pos,neg,Skipped,0
meticulously uncovers a trail of outrageous force and craven concealment .,N/A,pos,neg,Skipped,0
"a rip-off twice removed , modeled after [seagal's] earlier copycat under siege , sometimes referred to as die hard on a boat .",Failed to initialize,0,,False,1001
one of those joyous films that leaps over national boundaries and celebrates universal human nature .,Failed to initialize,1,,False,1001
"if you're looking for an intelligent movie in which you can release your pent up anger , enough is just the ticket you need .","if you're looking for an intelligent movie in which you can release your pent up probationary probationary ire , adequacy personate merely the hardly the ticket you require .",1,0,True,121
"what might have been readily dismissed as the tiresome rant of an aging filmmaker still thumbing his nose at convention takes a surprising , subtle turn at the midway point .","what might have reasonableness monetary value pronto crapper character angstrom unit the tedious gross impinge on of tie in atomic number 49 Nursing suppurating raw photographic pic producer pipe down flip over his pound at formula thrust aside vitamin A storm , knotty ferment atomic number 85 the center gunpoint .",1,0,True,366
one gets the impression the creators of don't ask don't tell laughed a hell of a lot at their own jokes . too bad none of it is funny .,Failed to initialize,0,,False,1001
"the dialogue is cumbersome , the simpering soundtrack and editing more so .",Failed to initialize,0,,False,1001
"less cinematically powerful than quietly and deeply moving , which is powerful in itself .",N/A,pos,neg,Skipped,0
master of disguise runs for only 71 minutes and feels like three hours .,master cardinal of mask Holman Hunt ball club canonise John L. H. Down for lone 71 instant and tactual belongings alike three hr .,0,1,True,174
a moving and not infrequently breathtaking film .,a smutty grocery store game and non infrequently breathtaking cue picture .,1,0,True,74
"a so-so , made-for-tv something posing as a real movie .","a acceptably , made-for-tv something posing as a real movie .",0,1,True,25
"pratfalls aside , barbershop gets its greatest play from the timeless spectacle of people really talking to each other .","foul up digression , barbershop make puzzle IT fashion plate dally from the dateless spectacle of the peachy uncouth really lallation tabu to apiece former .",1,0,True,186
"an engrossing story that combines psychological drama , sociological reflection , and high-octane thriller .","an gild in tidings news show picture drop a line report that chemical compound psychological dramatic make for , sociological mirror image , and high-voltage thriller .",1,0,True,444
"in imax in short , it's just as wonderful on the big screen .","in imax in short , it's just as peppy on the turgid mental mental block verboten .",1,0,True,70
steven soderbergh doesn't remake andrei tarkovsky's solaris so much as distill it .,N/A,pos,neg,Skipped,0
"a dreadful day in irish history is given passionate , if somewhat flawed , treatment .","a awfully day in irish indite account is off-key over passionate , if average blob , interpellation .",1,0,True,136
fans of the modern day hong kong action film finally have the worthy successor to a better tomorrow and the killer which they have been patiently waiting for .,rooter of the modernistic solar hateful solar daytime hong kong sue film last license the become put back to angstrom right tomorrow and the killer which they payoff chromatography column column inch cost patiently detention off for .,1,0,True,264
"a big-budget/all-star movie as unblinkingly pure as the hours is a distinct rarity , and an event .","a big-budget/all-star image seem typecast group ampere unblinkingly utter angstrom ramp up lug the sixty minute do up vitamin vitamin A trenchant ending , and an case .",1,0,True,215
"even fans of ismail merchant's work , i suspect , would have a hard time sitting through this one .","withal winnowing of ismail merchant's mould , i good narrative , would fertile individual radical A whole unwaveringly cadency strength close to through and through this one .",0,1,True,212
an odd drama set in the world of lingerie models and bar dancers in the midwest that held my interest precisely because it didn't try to .,an uneven dramatic play plan atomic telephone number 49 the land of adumbrate enclothe manikin and patty dancers atomic bit 49 the halfway imputable imputable due west that hold my inconvenience just because information technology didn't strain to .,1,0,True,294
the rules of attraction gets us too drunk on the party favors to sober us up with the transparent attempts at moralizing .,the club of attraction gets us American Independent State of Samoan Islands skillful love along the beau monde perk to sombre U.S. astir with the see-through strive At sermonise .,0,1,True,238
"'dragonfly' dwells on crossing-over mumbo jumbo , manipulative sentimentality , and sappy dialogue .","'dragonfly' dwells on crossing-over mumbo jumbo , manipulative sentimentality , and cockamamie negotiation .",0,1,True,57
manages to accomplish what few sequels can -- it equals the original and in some ways even betters it .,negociate to play extinct what few sequel rump -- selective info engineer partake the hold in written subject and indium just almost board even bettor it .,1,0,True,228
"twohy knows how to inflate the mundane into the scarifying , and gets full mileage out of the rolling of a stray barrel or the unexpected blast of a phonograph record .",N/A,pos,neg,Skipped,0
a film of delicate interpersonal dances . caine makes us watch as his character awakens to the notion that to be human is eventually to have to choose . it's a sight to behold .,a film of delicate interpersonal terpsichore . caine gain priming cake atomic identification number xcii sentry post arsenous oxide his agency usage ejaculate out snappy to the whimsey that to feign about gentleman's valet First State chambre name eventually to feature to happen flaw out . it's amp muss to lay eyes on .,1,0,True,333
nothing but an episode of smackdown ! in period costume and with a bigger budget .,nothing but an instalment of smackdown ! in flow embellish improving and with a great budget .,0,1,True,115
too slick and manufactured to claim street credibility .,alike slick and invent to claim street credibility .,0,1,True,56
""" what really happened ? "" is a question for philosophers , not filmmakers ; all the filmmakers need to do is engage an audience .",N/A,pos,neg,Skipped,0
supposedly authentic account of a historical event that's far too tragic to merit such superficial treatment .,supposedly authentic account of a historical event that's far vitamin A intimately tragical to meritoriousness such picayune advocate .,0,1,True,125
"you come away thinking not only that kate isn't very bright , but that she hasn't been worth caring about and that maybe she , janine and molly -- an all-woman dysfunctional family -- deserve one another .","you come inward by trustingness not lonely that kate isn't material call , but that she hasn't feel deserving wish most and that perchance she , janine and mollie -- Associate in Nursing all-woman nonadaptive fellowship -- deservingness unrivalled another .",0,1,True,281
connoisseurs of chinese film will be pleased to discover that tian's meticulous talent has not withered during his enforced hiatus .,cognoscente of Formosan render will be dandy of to add up across that tian's punctilious scrub up endowment stock computer memory diddly-squat become non wizen during his implement hiatus .,1,0,True,232
"cherry orchard is badly edited , often awkwardly directed and suffers from the addition of a wholly unnecessary pre-credit sequence designed to give some of the characters a 'back story . '",Failed to initialize,0,,False,1001
a rehash of every gangster movie from the past decade .,N/A,neg,pos,Skipped,0
""" one look at a girl in tight pants and big tits and you turn stupid ? "" um . . isn't that the basis for the entire plot ?",Failed to initialize,0,,False,1001
"yes they can swim , the title is merely anne-sophie birot's off-handed way of saying girls find adolescence difficult to wade through .","yes they can swim , the title of award present good anne-sophie birot's off-handed veracious burnished of articulate female person individual nestling experience adolescence yobbo to Virginia Wade through .",0,1,True,333
we get the comedy we settle for .,N/A,neg,pos,Skipped,0
charly comes off as emotionally manipulative and sadly imitative of innumerable past love story derisions .,charly comes off as emotionally manipulative and deplorably imitative of innumerable past love story derisions .,0,1,True,89
much smarter and more attentive than it first sets out to be .,much impertinent and to ampere uppercase extent serious-minded than information technology downcast cogwheel drop dead under out to be .,1,0,True,132
a movie of riveting power and sadness .,a dubiousness limn of shopping condense gloat businessman and sadness .,1,0,True,121
"franco is an excellent choice for the walled-off but combustible hustler , but he does not give the transcendent performance sonny needs to overcome gaps in character development and story logic .","entire general General ALT Caudillo subsist an first-class plunk for the walled-off just combustible fabric stuff wheeler dealer , just atomic build deuce exert non take up the outdo function blighter bear to overmaster snag up in character underdeveloped and fib logic .",1,0,True,394
"tully is worth a look for its true-to-life characters , its sensitive acting , its unadorned view of rural life and the subtle direction of first-timer hilary birmingham .","tully is worth a wager for its dead on direct to liveliness mention full stop , randomness engineering huffy behave , IT undecorated picture of rural brio and the plaguey file of first-timer hilary Brummagem .",1,0,True,575
"the high-concept scenario soon proves preposterous , the acting is robotically italicized , and truth-in-advertising hounds take note : there's very little hustling on view .",Failed to initialize,0,,False,1001
the movie is a little tired ; maybe the original inspiration has run its course .,the moving-picture express alive group A footling jade verdancy ; by take aim ampere chance the overcome divine guidance affluent person acquire add together its course .,0,1,True,216
[scherfig] has made a movie that will leave you wondering about the characters' lives after the clever credits roll .,[scherfig] nascency cast downcast pile typewrite angstrom whole fictile motion-picture show that leave ensue you oppugn barely just about the characters' make up after the cunning deferred payment malarkey .,1,0,True,240
"symbolically , warm water under a red bridge is a celebration of feminine energy , a tribute to the power of women to heal .",Failed to initialize,1,,False,1001
"if a few good men told us that we "" can't handle the truth "" than high crimes poetically states at one point in this movie that we "" don't care about the truth . ""","if a few honorable humanity told us that we "" can't plow the Sojourner the true "" than inwards high gear flavor shepherd's crook offense poetically secure atomic number 85 I pointedness Indiana this motion-picture bear witness that we "" don't rouse most the true statement . """,0,0,False,176
"i was hoping that it would be sleazy and fun , but it was neither .",Failed to initialize,0,,False,1001
"this new zealand coming-of-age movie isn't really about anything . when it's this rich and luscious , who cares ?","this unexampled zealand coming-of-age unravel flick isn't genuine or so anything . when it's this fill out up and toothsome , Earth Health Organization charge ?",1,0,True,154
it's hard to understand why anyone in his right mind would even think to make the attraction a movie . and it's harder still to believe that anyone in his right mind would want to see the it .,it's warm to understand why anyone in his suppurate creative creative creative creative thinker would fifty-fifty believe to ballad fight down rap the attractive guide in a motion-picture stand witness . and it's laborious simpleness to conceptualise that anyone inbound his powerful creative heed would inadequacy to watch the it .,0,1,True,307
it has the requisite faux-urban vibe and hotter-two-years-ago rap and r&b names and references .,N/A,neg,pos,Skipped,0
"this is one of mr . chabrol's subtlest works , but also one of his most uncanny .","this is one of mr . chabrol's problematic works , but too one of his to the high-pitched degree uncanny .",1,0,True,59
"scherfig , the writer-director , has made a film so unabashedly hopeful that it actually makes the heart soar . yes , soar .","scherfig , the writer-director , time of sidereal 24-hour interval lean list type A ramp up obturate charter consequently unabashedly desirous that information orchestrate really start A crap the rawness scend . yes , sailplane .",1,0,True,229
"[lee] treats his audience the same way that jim brown treats his women -- as dumb , credulous , unassuming , subordinate subjects . and lee seems just as expectant of an adoring , wide-smiling reception .",N/A,neg,pos,Skipped,0
the densest distillation of roberts' movies ever made .,N/A,neg,pos,Skipped,0
you can practically hear george orwell turning over .,you can a exquisite deal hear enshrine George II Eric Arthur Blair twist o'er .,0,1,True,121
a wannabe comedy of manners about a brainy prep-school kid with a mrs . robinson complex founders on its own preciousness -- and squanders its beautiful women .,a vivid comedy of manners about a bright prep-school youngster with a Mr . Lennox Esme Stuart Lennox Robert Robinson coordination compound instauration make for forward along information applied science ain invaluableness -- and product its beautiful charwoman .,0,1,True,224
"seeing as the film lacks momentum and its position remains mostly undeterminable , the director's experiment is a successful one .",N/A,neg,pos,Skipped,0
one funny popcorn flick .,one mistrust popcorn flick .,1,0,True,32
"a brilliant , absurd collection of vignettes that , in their own idiosyncratic way , sum up the strange horror of life in the new millennium .","a brilliant , idiotic aggregation of trash proscribed that , nuclear number 49 their own idiosyncratic guess of , pith of money up the unidentified incompatibility of lifespan atomic number 49 the newfangled millennium .",1,0,True,221
"a pointed , often tender , examination of the pros and cons of unconditional love and familial duties .","a blame , type A parcel out closet , run run of the professional and leave game of savorless shoot ramble up and genetic obligation .",1,0,True,216
a penetrating glimpse into the tissue-thin ego of the stand-up comic .,a brain-teaser putsch d'oeil into the tissue-thin egotism of the stand-up comic .,1,0,True,66
"jolie gives it that extra little something that makes it worth checking out at theaters , especially if you're in the mood for something more comfortable than challenging .","jolie chipping atomic number il data engineer that excess petty something that mark it Charles Frederick deserve delay by At house , indium fussy if you're atomic phone numeral il the snappishness for something to angstrom greater extent well-situated than take exception .",1,0,True,294
. . . hopefully it'll be at the dollar theatres by the time christmas rolls around . wait to see it then .,. . . hopefully it'll be at the dollar theatres by the 4th dimension Christmas scroll rhythm . standstill to empathise information applied science and so .,0,1,True,148
leaves viewers out in the cold and undermines some phenomenal performances .,testament beauty out in the inexorable temperature and countermine closing to phenomenal execution .,0,1,True,110
"a much more successful translation than its most famous previous film adaptation , writer-director anthony friedman's similarly updated 1970 british production .","a practically more successful deracination than its most notability quondam course course credit posting flick discrepancy , writer-director Susan Brownell Antony friedman's too update 1970 british product .",1,0,True,182
"this chicago has hugely imaginative and successful casting to its great credit , as well as one terrific score and attitude to spare .","this stops causal office staggeringly imaginative and successful disgorge to IT nifty set hinder payment , A puff up angstrom one and only holla grudge and military machine model to pantie .",1,0,True,347
"the film may not hit as hard as some of the better drug-related pictures , but it still manages to get a few punches in .","the film may not hit as hard as some of the better drug-related pictures , but it still manages to suffer a few punches in .",1,0,True,77
"remember back when thrillers actually thrilled ? when the twist endings were actually surprising ? when the violence actually shocked ? when the heroes were actually under 40 ? sadly , as blood work proves , that was a long , long time ago .","ring back backbone when thriller IN realism resonate ? when the bend decisiveness monetary treasure in realism surprising ? when the violence sincerely shock ? when the hold full in brave authentically under 40 ? deplorably , every turn draw appealingness professor , that affirm vitamin group A farsighted , tenacious fourthly dimension agone .",0,1,True,439
there's something to be said for a studio-produced film that never bothers to hand viewers a suitcase full of easy answers .,there's something to be pronounce for a studio-produced moving-picture decimal fraction point that ne'er get at to lead turned security measures precaution angstrom unit out bag encompassing of tiresome do .,1,0,True,197
"ice age is the first computer-generated feature cartoon to feel like other movies , and that makes for some glacial pacing early on .","glass historic full point body forth the set up close computer-generated characteristic of personal personal manner of viva presentation toon to live care former exposure , and that makes for close to wintry tempo former on .",0,1,True,268
there's no denying that burns is a filmmaker with a bright future ahead of him .,there's no denying that flip one's palpebra is angstrom whole flick fix up byplay with group A undimmed hereafter tense up out front of him .,1,0,True,166
it collapses when mr . taylor tries to shift the tone to a thriller's rush .,it springiness way of spirit when Mr. . Zachary chairperson Taylor demonstrate to reposition the heart to a thriller's vibrate .,0,1,True,245
"there's a great deal of corny dialogue and preposterous moments . and yet , it still works .","there's a heavy plough of platitudinal dialogue and idiotic second . and indium clip , it even out form .",1,0,True,168
"ah , the travails of metropolitan life ! alas , another breathless movie about same !",N/A,neg,pos,Skipped,0
'opening up' the play more has partly closed it down .,Failed to initialize,0,,False,1001
you don't know whether to admire the film's stately nature and call it classicism or be exasperated by a noticeable lack of pace . or both .,N/A,pos,neg,Skipped,0
"plunges you into a reality that is , more often then not , difficult and sad , and then , without sentimentalizing it or denying its brutality , transforms that reality into a lyrical and celebratory vision .","flump down you into a erratic that is , Jessye Greg Norman sceptical Thomas Sir St. Thomas St. Thomas Thomas More oft therefore non , uncontrollable and miserable , and and and so , without sentimentalize info engineering operating theater traverse information mastermind science barbarity , metamorphose that worldly concern into type A language and celebratory optical modality .",1,0,True,426
"as allen's execution date closes in , the documentary gives an especially poignant portrait of her friendship with the never flagging legal investigator david presson .","as allen's pack out date vomit up donjon verboten stack atomic routine forty-nine , the documental declension dreary In tie in in nurse especially put up upon imposture of her well-disposed family relationship with the ne'er swag sound research worker david presson .",1,0,True,847
"skillful as he is , mr . shyamalan is undone by his pretensions .",N/A,neg,pos,Skipped,0
what emerges is an unsettling picture of childhood innocence combined with indoctrinated prejudice . promises is a compelling piece that demonstrates just how well children can be trained to live out and carry on their parents' anguish .,what emerges is an unsettling picture of childhood innocence combined with indoctrinated prejudice . promises is a obligate piece that evidence incisively how well children can be imposter to live out and carry on their parents' bother .,1,0,True,232
yet another self-consciously overwritten story about a rag-tag bunch of would-be characters that team up for a can't-miss heist -- only to have it all go wrong .,Failed to initialize,0,,False,1001
"not exaggerated enough to be a parody of gross-out flicks , college flicks , or even flicks in general . it merely indulges in the worst elements of all of them .","non blow up enough to be a parody of gross-out flick , college icon bear witness , surgery even out film atomic number 49 wide ecumenical . information technology fair pander in the forged element of whole of them .",0,0,False,133
demonstrates a vivid imagination and an impressive style that result in some terrific setpieces .,Failed to initialize,1,,False,1001
bears is even worse than i imagined a movie ever could be .,bears is nonetheless forged than i remember a movie of all time could be .,0,1,True,105
"standing in the shadows of motown is the best kind of documentary , one that makes a depleted yesterday feel very much like a brand-new tomorrow .","standing in the shadows of motown is the computable kind of documentary , one that dumbfound a depleted yesterday feel very much like a spotless tomorrow .",1,0,True,122
a solidly entertaining little film .,a solidly prison condition lag petty gesticulate depict .,1,0,True,78
"the beautiful , unusual music is this film's chief draw , but its dreaminess may lull you to sleep .",N/A,neg,pos,Skipped,0
"deuces wild treads heavily into romeo and juliet/west side story territory , where it plainly has no business going .","deuces wild stride to a smashing extent into romeo and juliet/west boldness even out out soil , where information hold science manifestly ingest no occupation cash in one's chips .",0,1,True,180
"proves a servicable world war ii drama that can't totally hide its contrivances , but it at least calls attention to a problem hollywood too long has ignored .","proves a servicable blase come in to hypothecate of state of war deuce comport angstrom unit that can't whole documentation biz info engineering whatchamacallit , but info engineering At to the junior-grade class address run to a problem hollywood likewise retentive throw neglect .",1,0,True,294
the skills of a calculus major at m . i . t . are required to balance all the formulaic equations in the long-winded heist comedy who is cletis tout ?,the skill of a Draco Gospel According to John the Maker Gospel According to John Roy John Major at grand . integrity . thymine . personify understand to poise unharmed the formulaic equality in the windy holdup comedy who live cletis swash ?,0,1,True,316
"whether it's the worst movie of 2002 , i can't say for sure : memories of rollerball have faded , and i skipped country bears . but this new jangle of noise , mayhem and stupidity must be a serious contender for the title .",N/A,neg,pos,Skipped,0
intriguing and stylish .,Failed to initialize,1,,False,1001
the story is smart and entirely charming in intent and execution .,the story is smart and only charming in intent and execution .,1,0,True,40
"its use of the thriller form to examine the labyrinthine ways in which people's lives cross and change , buffeted by events seemingly out of their control , is intriguing , provocative stuff .","its use of the thriller form to examine the labyrinthine ways in which people's lives cross and change , buffeted by events seemingly out of their control , is fascinate , provocative stuff .",1,0,True,104
if you open yourself up to mr . reggio's theory of this imagery as the movie's set . . . it can impart an almost visceral sense of dislocation and change .,if you open yourself up to mr . reggio's theory of this imagery as the movie's set . . . it can final result an almost nonrational George gumption of breakdown and alter .,1,0,True,130
you have no affinity for most of the characters . nothing about them is attractive . what they see in each other also is difficult to fathom .,you journey complete nobelium phyletic narrate for well-nigh of the brilliant emblematical theatrical performance . encrypt most them lively attractive . what they insure Henry M. Robert Robert Indiana from for each one unrivalled former as well equal difficult to bottom .,0,1,True,277
"while hollywood ending has its share of belly laughs ( including a knockout of a closing line ) , the movie winds up feeling like a great missed opportunity .","while hollywood open flame drive its persona of endure convey joyfulness ( grip a sweetheart of group A closing pureblood melodic draw ) , the motivate build aura galvanising current improving savour alike a keen missed chance .",0,1,True,373
"i've yet to find an actual vietnam war combat movie actually produced by either the north or south vietnamese , but at least now we've got something pretty damn close .","i've yet to find an actual socialistic Republic of Viet Nam war thrust fill out picture rattling produce away either the norther channelize field southerly Vietnamese , just At to the low-spirited stage nowadays we've produce something moderately damn secretive .",1,0,True,282
more intellectually scary than dramatically involving .,to a cracking extent intellectually chilling than dramatically imply .,0,1,True,65
serious movie-goers embarking upon this journey will find that the road to perdition leads to a satisfying destination .,serious movie-goers embarking upon this journey will find that the road to perdition leads to a overindulge net up .,1,0,True,86
. . . a rather bland affair .,. . . a rather fluent sociable juncture .,0,1,True,65
"it's provocative stuff , but the speculative effort is hampered by taylor's cartoonish performance and the film's ill-considered notion that hitler's destiny was shaped by the most random of chances .",Failed to initialize,0,,False,1001
"stripped almost entirely of such tools as nudity , profanity and violence , labute does manage to make a few points about modern man and his problematic quest for human connection .","denudate nigh entirely of such woodpecker exactly about angstrom unit unit building block nudity , profanity and wildness , labute spend a centime wield to take indium A whole few decimal indicate Indiana clip just some mod gentleman's man and his baffling call for for man connectedness .",1,0,True,330
"why sit through a crummy , wannabe-hip crime comedy that refers incessantly to old movies , when you could just rent those movies instead , let alone seek out a respectable new one ?","why tail through a hindquarters , wannabe-hip crime comedy that seminal fluid to endlessly to old scene establish , when you could scarcely rip those flick instead , Army of the Righteous solo assay tabu amp honorable fresh one ?",0,0,False,468
"steers , in his feature film debut , has created a brilliant motion picture .","steers , in his feature of blab come out of the closet to spud outset appear , hour angle grow typecast A brainy apparent movement depiction .",1,0,True,155
as refreshing as a drink from a woodland stream .,as spanking as a drink from a woodland stream .,1,0,True,43
heartwarming and gently comic even as the film breaks your heart .,heartwarming and mildly comic even as the film ruining your heart .,1,0,True,67
"provides a porthole into that noble , trembling incoherence that defines us all .","provides a porthole into that stately , trembling incoherency that defines us all .",1,0,True,60
no amount of good intentions is able to overcome the triviality of the story .,no amount of undecomposed intentions is able-bodied to overcome the triviality of the story .,0,1,True,122
"if it were any more of a turkey , it would gobble in dolby digital stereo . if nothing else , "" rollerball "" 2002 may go down in cinema history as the only movie ever in which the rest of the cast was outshined by ll cool j .",Failed to initialize,0,,False,1001
"unless there are zoning ordinances to protect your community from the dullest science fiction , impostor is opening today at a theater near you .","unless there rival zoning ordinances to protect your biotic biotic community of intimacy from the muted attainment fable , pseud make up simplicity upwardly activate accolade atomic number 85 A dramaturgy well-nigh you .",0,1,True,226
weighty and ponderous but every bit as filling as the treat of the title .,weighty and cloggy but every bit as fill as the expatriation extinct of the class of address .,1,0,True,95
[hell is] looking down at your watch and realizing serving sara isn't even halfway through .,[hell is] face down at your watch and agnize serve well adept sara isn't yet extinct heart through .,0,1,True,176
director tom shadyac and star kevin costner glumly mishandle the story's promising premise of a physician who needs to heal himself .,director tom commonwealth of commonwealth of Turkey shadyac and champion kevin costner dourly Lucille Ball upwards the story's brilliantly effrontery of international ampere Dr. who ineluctably to bestow around himself .,0,1,True,210
"ninety minutes of viva castro ! can be as tiresome as 9 seconds of jesse helms' anti- castro rhetoric , which are included","ninety minutes of viva Fidel Fidel Fidel Castro Ruz ! St. can the Apostle touching American Samoa ho-hum every con Nina from Carolina bind of jesse helms' anti- Fidel Castro Ruz grandiloquence , which embody let in",0,1,True,153
"kapur fails to give his audience a single character worth rooting for ( or worth rooting against , for that matter ) .","kapur blend to deliver his audience a single character worth taking steady pop for ( or deserving firmness of purpose blue against , for that librate ) .",0,1,True,188
"with a completely predictable plot , you'll swear that you've seen it all before , even if you've never come within a mile of the longest yard .","with a completely predictable plot , you'll imprecate that you've seen it all before , even if you've never come within a mile of the longest yard .",0,1,True,67
"if you can push on through the slow spots , you'll be rewarded with some fine acting .","if you can push on through the slow spots , you'll be pay sour backwards with operating theatre so amercement dissemble .",1,0,True,89
there's a lot of tooth in roger dodger . but what's nice is that there's a casual intelligence that permeates the script .,there's a dish up antenna antenna out of tooth in roger corn plash . simply what's mince make up that there's A nonchalant word religious service that brain-teaser the handwriting .,1,0,True,218
"rarely has skin looked as beautiful , desirable , even delectable , as it does in trouble every day .",N/A,pos,neg,Skipped,0
"this is very much of a mixed bag , with enough negatives to outweigh the positives .","this is very a secure return of group A blend in clutches , with skilful mete kayoed interdict to outweigh the positive degree .",0,1,True,199
the threat implied in the title pokémon 4ever is terrifying  like locusts in a horde these things will keep coming .,the affright wonder in the title pokémon 4ever is wonderful  like locusts in a master of ceremony these things will uphold coming .,0,1,True,163
some of the most inventive silliness you are likely to witness in a movie theatre for some time .,some of the only about imaginative fatuousness you personify probably to watcher indium a movie theatre for some whammy .,1,0,True,149
"even though the film doesn't manage to hit all of its marks , it's still entertaining to watch the target practice .","even though the motion-picture simulate find doesn't sing terminal to make totally of IT dwelling house running , it's procrastinate scam with to sentry the get practice .",1,0,True,202
'tobey maguire is a poster boy for the geek generation . ',N/A,pos,neg,Skipped,0
in terms of execution this movie is careless and unfocused .,Failed to initialize,0,,False,1001
"as relationships shift , director robert j . siegel allows the characters to inhabit their world without cleaving to a narrative arc .","as put up kinship duty catamenia , household manager Henry M. Patrick Henry M. Henry Martyn Robert j . siegel backlog the delusive histrionics office to dwell their planetary without cohere to a narrative arc .",1,0,True,222
lurid and less than lucid work .,shocking and to amp lesser extent than lucid turn .,0,1,True,85
"it's not a particularly good film , but neither is it a monsterous one .",Failed to initialize,0,,False,1001
this feature is about as necessary as a hole in the head,this feature is about as essential as a hole in the manoeuvre,0,1,True,57
"the film has too many spots where it's on slippery footing , but is acceptable entertainment for the entire family and one that's especially fit for the kiddies .",N/A,neg,pos,Skipped,0
"did we really need a remake of "" charade ? ""","suffice we sincerely need a remake of "" charade ? """,0,1,True,124
the film was immensely enjoyable thanks to great performances by both steve buscemi and rosario dawson . . .,the burden menu photographic shoot cost vastly pamper thanks to corpulence mental abut away both steve buscemi and rosario dawson . . .,1,0,True,936
the sweetest thing leaves a bitter taste .,N/A,neg,pos,Skipped,0
"it's a movie that ends with truckzilla , for cryin' out loud . if that doesn't clue you in that something's horribly wrong , nothing will .","it's a movie that ends with truckzilla , for cryin' out loud . if that doesn't clew you in that something's atrociously wrong , cypher will .",0,1,True,87
rashomon-for-dipsticks tale .,Failed to initialize,0,,False,525
"making such a tragedy the backdrop to a love story risks trivializing it , though chouraqui no doubt intended the film to affirm love's power to help people endure almost unimaginable horror .","way such a tragedy the desktop to a down pat commove write up endanger trivialise datum direct , though chouraqui nuclear telephone set phone number 102 dubiety delineate the running game video recording recording to aver love's pressure to assistant oneself masses bear skinny unimaginable revulsion .",1,0,True,297
"spinning a web of dazzling entertainment may be overstating it , but "" spider-man "" certainly delivers the goods .","gyrate a sack up of daze entertainment may be magnify it , but "" spider-man "" for certain fork up the commodity .",1,0,True,121
a quirky comedy set in newfoundland that cleverly captures the dry wit that's so prevalent on the rock .,a nappy drollery set down knocked out indium Newfoundland frump postmark that modishly fascinate the dry verboten engineer that's so prevailing on the careen .,1,0,True,400
the filmmakers keep pushing the jokes at the expense of character until things fall apart .,the filmmaker support support on the wonderful astatine the outlay of quality until matter twilight apart .,0,1,True,172
"this fascinating look at israel in ferment feels as immediate as the latest news footage from gaza and , because of its heightened , well-shaped dramas , twice as powerful .","this beguile tonus at Sion in ferment get down as like a frivol away angstrom unit the tardy newsworthiness figurer broadcast footage from Gaza Strip ransack Strip loot and , because of randomness engineering compound , well-shaped gaming , doubly atomic number 33 hefty .",1,0,True,277
"even though we know the outcome , the seesawing of the general's fate in the arguments of competing lawyers has the stomach-knotting suspense of a legal thriller , while the testimony of witnesses lends the film a resonant undertone of tragedy .","fifty-fifty though we assimilate got coitus the issue , the teeter-totter of the general's component part nuclear total 49 the ordered contention of contend lawyer fit of clothes the stomach-knotting suspense of angstrom make impede sound thriller , stipple the passport of source lead the picture vitamin A evocative tinge of calamity .",1,0,True,349
it appears to have been modeled on the worst revenge-of-the-nerds clichés the filmmakers could dredge up .,it appears to rich soulfulness touch conventionalism along the regretful revenge-of-the-nerds clichés the cinema Divine could dredge up .,0,1,True,244
"if it's unnerving suspense you're after -- you'll find it with ring , an indisputably spooky film ; with a screenplay to die for .",N/A,pos,neg,Skipped,0
a small independent film suffering from a severe case of hollywood-itis .,a small shrive lance take birth from a strong showcase of hollywood-itis .,0,1,True,137
"missteps take what was otherwise a fascinating , riveting story and send it down the path of the mundane .",N/A,pos,neg,Skipped,0
". . . blade ii is still top-heavy with blazing guns , cheatfully filmed martial arts , disintegrating bloodsucker computer effects and jagged camera moves that serve no other purpose than to call attention to themselves .",". . . boldness ii is calm top-heavy with dazzling fortify , cheatfully filmed warriorlike prowess , moulder bloodsucker reckoner heart and soul and serrated telly photographic camera motility that attention nobelium other function than to call give auricle to themselves .",0,1,True,405
"a huge box-office hit in korea , shiri is a must for genre fans .","a huge box-office collision in Dae-Han-Min-Gook , shiri is a must for literary write mode buffer .",1,0,True,68
the satire is just too easy to be genuinely satisfying .,the satire is just also easy to be genuinely satisfying .,0,1,True,38
"i'm not a fan of the phrase 'life affirming' because it usually means 'schmaltzy , ' but real women have curves truly is life affirming .","i'm non a fan of the watchword 'life affirming' because it unremarkably spurious bank note value 'schmaltzy , ' just typographical error muliebrity travel over waving unfeignedly bouncy lifespan actualize .",1,0,True,226
"though there are many tense scenes in trapped , they prove more distressing than suspenseful .",N/A,neg,pos,Skipped,0
an adorably whimsical comedy that deserves more than a passing twinkle .,Failed to initialize,1,,False,1001
mushes the college-friends genre ( the big chill ) together with the contrivances and overwrought emotion of soap operas .,human body the college-friends tuneful genre ( the greathearted assuredness ) together with the devisal and distraught emotion of well-situated secular opera .,0,1,True,132
as pedestrian as they come .,N/A,neg,pos,Skipped,0
"for this sort of thing to work , we need agile performers , but the proficient , dull sorvino has no light touch , and rodan is out of his league .",Failed to initialize,0,,False,1001
"watching "" ending "" is too often like looking over the outdated clothes and plastic knickknacks at your neighbor's garage sale . you can't believe anyone would really buy this stuff .","watching "" ending "" is as well a keen conduct the care take along aid o'er the superannuate ready and formative knickknackery At your neighbor's service of process department sales outcome outcome . you can't think anyone would very corrupt this englut .",0,1,True,320
an ideal love story for those intolerant of the more common saccharine genre .,an nonesuch have sex routine write up for those illiberal of the Sir Thomas More than uncouth cloying music genre .,1,0,True,147
"the sort of picture in which , whenever one of the characters has some serious soul searching to do , they go to a picture-perfect beach during sunset .",N/A,neg,pos,Skipped,0
"even if the naipaul original remains the real masterpiece , the movie possesses its own languorous charm .","even if the naipaul original remains the real chef-d'oeuvre , the riffle phonograph recording own info engineer ain lackadaisical influence .",1,0,True,124
"this is a movie that refreshes the mind and spirit along with the body , so original is its content , look , and style .",Failed to initialize,1,,False,1001
the big finish is a bit like getting all excited about a chocolate eclair and then biting into it and finding the filling missing .,the big finish is a chip like bring forward solid call forth around angstrom deep brown eclair and indeed arrogate with tooth into it and witness the full drop .,0,1,True,212
"this is a monumental achievement in practically every facet of inept filmmaking : joyless , idiotic , annoying , heavy-handed , visually atrocious , and often downright creepy .","this is a monumental achievement in practically every facet of inept filmmaking : joyless , idiotic , annoying , morganatic , visually atrocious , and often out-and-out creepy .",0,1,True,95
there's something poignant about an artist of 90-plus years taking the effort to share his impressions of life and loss and time and art with us .,Failed to initialize,1,,False,1001
"the histrionic muse still eludes madonna and , playing a charmless witch , she is merely a charmless witch .","the melodramatic muse tranquilize eludes madonna and , guide on adenine charmless witch , she substantiate but adenine charmless witch .",0,1,True,916
strident and inelegant in its 'message-movie' posturing .,N/A,neg,pos,Skipped,0
nearly all the fundamentals you take for granted in most films are mishandled here .,nearly all the basic principle you opus kayo for founding father inwards to the soaring gift motion picture are bollix Hera .,0,1,True,149
"if the full monty was a freshman fluke , lucky break is [cattaneo] sophomore slump .","if the full temperateness Myung moonlight monty embody A appetiser skillful lot , thriving time out live [cattaneo] soph correct .",0,1,True,192
"an entertaining , if ultimately minor , thriller .","an dally jest at with , if atomic phone issue 85 prospicient finale underage , thriller .",1,0,True,86
"a tired , predictable , bordering on offensive , waste of time , money and celluloid .",Failed to initialize,0,,False,1001
"an "" o bruin , where art thou ? "" -style cross-country adventure . . . it has sporadic bursts of liveliness , some so-so slapstick and a few ear-pleasing songs on its soundtrack .",N/A,neg,pos,Skipped,0
"too long , and larded with exposition , this somber cop drama ultimately feels as flat as the scruffy sands of its titular community .","to vitamin antiophthalmic factor break pine , and embellish with exhibition , this weighty copper striking fun at foresightful close-fitting intuitive feeling ameliorate as unconditional adenine the seamy backbone of its titular community of interests .",0,1,True,277
"a grittily beautiful film that looks , sounds , and feels more like an extended , open-ended poem than a traditionally structured story .",Failed to initialize,1,,False,1001
. . . you can be forgiven for realizing that you've spent the past 20 minutes looking at your watch and waiting for frida to just die already .,N/A,neg,pos,Skipped,0
"certainly not a good movie , but it wasn't horrible either .","certainly not a good movie , but it wasn't fearful either .",0,1,True,112
a muddle splashed with bloody beauty as vivid as any scorsese has ever given us .,a mess dally just close to with flashy dish out as in writing angstrom whatever Steve St. Martin Scorsese lease of only clip given us .,1,0,True,195
ramsay and morton fill this character study with poetic force and buoyant feeling .,ramsay and morton fill this stock split up about chew over o'er stop with poetical war machine machine simple machine extremist and floaty palpate .,1,0,True,183
"those of you who don't believe in santa claus probably also think that sequels can never capture the magic of the original . well , this movie proves you wrong on both counts .",N/A,pos,neg,Skipped,0
"in gleefully , thumpingly hyperbolic terms , it covers just about every cliche in the compendium about crass , jaded movie types and the phony baloney movie biz .","in joyfully , thumpingly elevated close material organic fertiliser social organisation , information utilise skill dribbling along just intimately every banality in the capture Oregon so crass , wearable impress icon flakey person and the dissembler bosh moving picture game .",0,1,True,326
"made-up lampoons the moviemaking process itself , while shining a not particularly flattering spotlight on america's skin-deep notions of pulchritude .",N/A,pos,neg,Skipped,0
both a detective story and a romance spiced with the intrigue of academic skullduggery and politics .,both a researcher narration and a court spice up up with the beguile of mental staff penis hanky panky and political relation .,1,0,True,153
"totally overwrought , deeply biased , and wholly designed to make you feel guilty about ignoring what the filmmakers clearly believe are the greatest musicians of all time .","whole distraught , deeply commentary , and totally designed to stimulate you feel guilty about labor by what the moving-picture show noble understandably trustfulness personify the outstanding musician of all time .",0,1,True,291
"reminiscent of alfred hitchcock's thrillers , most of the scary parts in 'signs' occur while waiting for things to happen .",N/A,pos,neg,Skipped,0
as saccharine as it is disposable .,Failed to initialize,0,,False,495
even after 90 minutes of playing opposite each other bullock and grant still look ill at ease sharing the same scene . what should have been a painless time-killer becomes instead a grating endurance test .,Failed to initialize,0,,False,1001
move over bond ; this girl deserves a sequel .,move over stupefy to ; this miss deserve angstrom whole of measurement sequel .,1,0,True,85
ultimately this is a frustrating patchwork : an uneasy marriage of louis begley's source novel ( about schmidt ) and an old payne screenplay .,inbound the finish this embody vitamin A Scottish jumble : an unquiet espouse of louis begley's kickoff refreshen ( faithful to Helmut Heinrich Waldemar Helmut Helmut Schmidt ) and an onetime payne screenplay .,0,1,True,227
"skin of man gets a few cheap shocks from its kids-in-peril theatrics , but it also taps into the primal fears of young people trying to cope with the mysterious and brutal nature of adults .","pare of human be flummox typewrite A few cheap stupefaction from data technology kids-in-peril theatrics , just it too overwork into the primaeval affright of Pres untested pile preference to get past tense with the cryptical and brutish nature of grownup .",1,0,True,339
does anyone much think the central story of brendan behan is that he was a bisexual sweetheart before he took to drink ?,serve anyone a outstanding lot gestate the profound story of brendan behan personify that he embody international international ampere epicene case-by-case beauty leading He bring to imbibe ?,0,1,True,320
"far-fetched premise , convoluted plot , and thematic mumbo jumbo about destiny and redemptive love .","far-fetched premise , Byzantine spirited , and thematic mumbo jumbo about destiny and redemptional represent intimate .",0,1,True,97
"further sad evidence that tom tykwer , director of the resonant and sense-spinning run lola run , has turned out to be a one-trick pony -- a maker of softheaded metaphysical claptrap .","fostering distressful show that nation of Turkey prance tykwer , music conductor of the evocative and sense-spinning melt lola cross ground out , spring twist come out to embody a one-trick pony -- amp providential of softheaded metaphysical fustian .",0,1,True,402
a reworking of die hard and cliffhanger but it's nowhere near as exciting as either .,Failed to initialize,0,,False,1001
"this quiet , introspective and entertaining independent is worth seeking .",Failed to initialize,1,,False,1001
"as earnest as a community-college advertisement , american chai is enough to make you put away the guitar , sell the amp , and apply to medical school .",N/A,neg,pos,Skipped,0
"a visionary marvel , but it's lacking a depth in storytelling usually found in anime like this .",N/A,pos,neg,Skipped,0
the hanukkah spirit seems fried in pork .,the celebrate of the commitment excited state of matter spirit youngster in porc .,0,1,True,191
the best thing i can say about this film is that i can't wait to see what the director does next .,the best thing i can say about this film is that i can't ready and calculate to see what the managing director play pursual .,1,0,True,107
"if you can keep your eyes open amid all the blood and gore , you'll see del toro has brought unexpected gravity to blade ii .","if you can detention on your oculus become astir amid totally the downslope and impanel , you'll rent typecast angstrom unit telephone racing circuit to it del toro have incur unexpected gravitational attractor to leaf blade ii .",1,0,True,212
"dense , exhilarating documentary .","dense , vellicate pinkish documentary film .",1,0,True,46
"in his determination to lighten the heavy subject matter , silberling also , to a certain extent , trivializes the movie with too many nervous gags and pratfalls .","in his determination to lighten astir the profound train able , silberling every bit intimately , to A for for sure extent , trivialize the movement pestle with evenly adept many unquiet gag and bloomer .",0,1,True,1140
visually exciting sci-fi film which suffers from a lackluster screenplay .,visually exciting sci-fi film which give tongue to from a lackluster screenplay .,0,1,True,45
"the 3-d vistas from orbit , with the space station suspended like a huge set of wind chimes over the great blue globe , are stanzas of breathtaking , awe-inspiring visual poetry .","the three-D prospect from scope , with the space put suspended like a huge whap of confidential selective data gong tail end the uppercase gamey creative activity , shoot after stanza of inanimate , dread eye versify .",1,0,True,278
those eternally devoted to the insanity of black will have an intermittently good time . feel free to go get popcorn whenever he's not onscreen .,N/A,neg,pos,Skipped,0
"a formula family tearjerker told with a heavy irish brogue . . . accentuating , rather than muting , the plot's saccharine thrust .","a determination family tearjerker demonstrate with a profound irish spectacular drama horseshoe . . . accentuating , rather than damp , the plot's syrupy drive .",0,1,True,194
the comedy makes social commentary more palatable .,the comedy makes social commentary more scrumptious .,1,0,True,41
"the trouble is , its filmmakers run out of clever ideas and visual gags about halfway through .","the perturb is , its filmmakers flow out of clever ideas and visual gags about center theatre of operations through and through .",0,1,True,162
i could have used my two hours better watching being john malkovich again .,i could have used my two 4th dimension of Clarence Alan Robert Abram Bartlett Alan Bartlett Shepard Jr. Jr. solar day Jr. beloved aspect body forth tooshie malkovich once again .,0,1,True,99
"satisfyingly scarifying , fresh and old-fashioned at the same time .","satisfyingly scarifying , impertinent and old-fashioned at the Lapp MB .",1,0,True,105
"like many western action films , this thriller is too loud and thoroughly overbearing , but its heartfelt concern about north korea's recent past and south korea's future adds a much needed moral weight .","like many western sandwich comport verboten moving-picture render , this thriller lay down up too trashy and thinking imperious , merely info engineering god-fearing business organisation nearly due due north korea's Holocene date stamp of reference date of quotation yesteryear and due south korea's following attending deficit cark type A much needed lesson burden .",1,0,True,375
full of surprises .,full of ramp .,1,0,True,34
"in my opinion , analyze that is not as funny or entertaining as analyze this , but it is a respectable sequel .","in my legal wakeless impression , get wispy that represent not A funny story or act with nuclear count 33 analyze this , simply it make up angstrom respectable subsequence .",1,0,True,292
"the dramatic scenes are frequently unintentionally funny , and the action sequences -- clearly the main event -- are surprisingly uninvolving .","the outstanding panorama are frequently unintentionally funny , and the bring through and through and through and through chronological succession -- understandably the victor event -- organic structure forth astonishingly uninvolving .",0,1,True,224
"the film is all over the place , really . it dabbles all around , never gaining much momentum .","the film is all over the place , authentically . it fitting musical rhythm whole congregation to , never rove on selfsame much impulse .",0,1,True,131
"the 70-year-old godard has become , to judge from in praise of love , the sort of bitter old crank who sits behind his light meter and harangues the supposed injustices of the artistic world-at-large without doing all that much to correct them .","the 70-year-old racy jean Luc blue blue jean Luc dungaree Luc Godard plunk hayrick , to Department of Justice from IN congratulations of delight , the variety of piercingly onetime offer who location can his syncope cadency and jet the surmise iniquity of the aesthetic world-at-large without perform all that angstrom circumstances to discipline them .",0,1,True,413
"by the end of it all i sort of loved the people onscreen , even though i could not stand them . perhaps the film should be seen as a conversation starter . it's not an easy one to review .",Failed to initialize,0,,False,1001
smith finds amusing juxtapositions that justify his exercise .,smith finds beehive sour juxtapositions that excuse his usage .,1,0,True,74
you never know where changing lanes is going to take you but it's a heck of a ride . samuel l . jackson is one of the best actors there is .,you never know where replacement lane is fill verboten upward to film type A crap you simply it's A heck of angstrom unit yawp out . samuel liter . fourth-year hickory box pass group A penny upward unpaired of the undecomposed histrion there exist .,1,0,True,385
this is an elegantly balanced movie -- every member of the ensemble has something fascinating to do -- that doesn't reveal even a hint of artifice .,this is an elegantly balanced mental fancy -- every phallus of the tummy Delaware River ballet grip something spike to cause -- that doesn't unveil level angstrom unit social unit jot of ruse .,1,0,True,185
"the story is far-flung , illogical , and plain stupid .","the story is widespread , unlogical , and unmistakable pud manoeuvre .",0,1,True,311
"as a thoughtful and unflinching examination of an alternative lifestyle , sex with strangers is a success .","as a heedful and unintimidated examination of an alternative modus vivendi , sex with unnamed start up angstrom unit succeeder .",1,0,True,271
"this is a children's film in the truest sense . it's packed with adventure and a worthwhile environmental message , so it's great for the kids . parents , on the other hand , will be ahead of the plot at all times , and there isn't enough clever innuendo to fil","this is a children's motion-picture read Indianan Department of State the honest skillful sensation . it's impart with embark and a worthwhile environmental content , thusly it's keen for the draw in come together . bringing up , on the onetime educate world , testament personify forward of the Mary Jane at all time time , and Indiana that respect isn't the right way cagey insinuation to fil",0,1,True,451
the strength of the film lies in its two central performances by sven wollter as the stricken composer and viveka seldahl as his desperate violinist wife .,the long suit of the motion picture residual in IT deuce headstone slobber out away sven wollter every number the potty composer and viveka seldahl A whole his fearsome twiddler make hitched with woman .,1,0,True,244
this gorgeous epic is guaranteed to lift the spirits of the whole family .,this gorgeous larger-than-life is guaranteed to plagiarise the severe booze of the unit of measurement of measurement Sep .,1,0,True,649
"the movie's downfall is to substitute plot for personality . it doesn't really know or care about the characters , and uses them as markers for a series of preordained events .",Failed to initialize,0,,False,1001
what's so striking about jolie's performance is that she never lets her character become a caricature -- not even with that radioactive hair .,N/A,pos,neg,Skipped,0
overburdened with complicated plotting and banal dialogue,laden mastered with refine plot of solid ground and commonplace dialogue,0,1,True,191
mariah carey gives us another peek at some of the magic we saw in glitter here in wisegirls .,N/A,neg,pos,Skipped,0
. . . in the pile of useless actioners from mtv schmucks who don't know how to tell a story for more than four minutes .,Failed to initialize,0,,False,1001
"how i killed my father would be a rarity in hollywood . it's an actor's showcase that accomplishes its primary goal without the use of special effects , but rather by emphasizing the characters -- including the supporting ones .","how i killed my father would be a oddness in hollywood . it's an actor's lawsuit that accomplishes its primary election snuff it without the utilisation of cook set better , just rather deviation speech pattern the partly -- let indium the put up ane .",1,0,True,235
"the santa clause 2 is a barely adequate babysitter for older kids , but i've got to give it thumbs down .","the enshrine Nick article 2 touch a beneficial tolerable setting hen for formerly nestling , plainly i've mystify to give information applied science live polish .",0,1,True,299
"it's nice to see piscopo again after all these years , and chaykin and headly are priceless .","it's comme il faut to gossip piscopo column inch nonpareil slip more than after entirely these yen time , and chaykin and headly cost priceless .",1,0,True,178
"not a strike against yang's similarly themed yi yi , but i found what time ? to be more engaging on an emotional level , funnier , and on the whole less detached .","non a pile against yang's too root word Holy Scripture yi Yi , just bingle opine pink out what magazine ? to score up to deoxyadenosine monophosphate grownup extent unconscionable on an dumbfound come out up horizontal surface , mistrustful , and along the wholly to a lesser extent unaffectionate .",1,0,True,305
a metaphor for a modern-day urban china searching for its identity .,a metaphor for a modern-day urban china trenchant for its indistinguishability .,1,0,True,56
a film without surprise geared toward maximum comfort and familiarity .,N/A,neg,pos,Skipped,0
a forceful drama of an alienated executive who re-invents himself .,a exclamatory spend a penny for of assort inch Nursing alienate executive director who re-invents himself .,1,0,True,84
"intensely romantic , thought-provoking and even an engaging mystery .",Failed to initialize,1,,False,1001
"in the director's cut , the film is not only a love song to the movies but it also is more fully an example of the kind of lush , all-enveloping movie experience it rhapsodizes .","in the director's stale shoulder stick around , the flick shit up non only A sleep together call dynasty to the fit bespeak just data point mastermind overly make up more to the total an hindrance model of the screen out of plush , all-enveloping motion-picture show see it rhapsodise .",1,0,True,363
you cannot guess why the cast and crew didn't sign a pact to burn the negative and the script and pretend the whole thing never existed .,you cannot guess why the cast and crew didn't sign a pact to burn the disconfirming and the script and dissemble the whole amour ne'er survive .,0,1,True,161
"a vivid , spicy footnote to history , and a movie that grips and holds you in rapt attention from start to finish .","a computing machine computer graphic , naughty footer to pen up , and angstrom unit motion-picture need that junketeer base and prison term immure you atomic routine il enrapture attention from set almost to finish up .",1,0,True,463
very predictable but still entertaining,very predictable but still cripple,1,0,True,33
"the film , like jimmy's routines , could use a few good laughs .",N/A,neg,pos,Skipped,0
narc is all menace and atmosphere .,narcotics agentive persona embody upstanding imperil and atmosphere .,0,1,True,93
"oddly , the film isn't nearly as downbeat as it sounds , but strikes a tone that's alternately melancholic , hopeful and strangely funny .","oddly , the film isn't most as downbeat as it sounds , but blurt to vitamin angstrom vestige that's alternately melancholic , wannabee and fishily suspicion .",1,0,True,153
"a genuinely funny ensemble comedy that also asks its audience -- in a heartwarming , nonjudgmental kind of way -- to consider what we value in our daily lives .","a genuinely funny ensemble comedy that excessively asks its audience -- in a heartwarming , nonjudgmental kind of way -- to consider what we value in our daily lives .",1,0,True,105
it's supposed to be post-feminist breezy but ends up as tedious as the chatter of parrots raised on oprah .,Failed to initialize,0,,False,1001
a passionately inquisitive film determined to uncover the truth and hopefully inspire action .,a stormily bad photographic moving-picture show check to unveil the the on-key and hopefully pass off in natural process .,1,0,True,131
"like a bad improvisation exercise , the superficially written characters ramble on tediously about their lives , loves and the art they're struggling to create .","like a queen improvisation exercise , the superficially redeem fancied fibre apart on tediously to the highest degree their aliveness narration , own a import atomic number 85 it and the fine art they're struggle to make .",0,1,True,1047
scherfig's light-hearted profile of emotional desperation is achingly honest and delightfully cheeky .,Failed to initialize,1,,False,1001
"passion , melodrama , sorrow , laugther , and tears cascade over the screen effortlessly . . .","genus Allium tricoccum , melodrama , regret , laugther , and pluck shower demoralise eat up the propose relegate effortlessly . . .",1,0,True,147
throws in enough clever and unexpected twists to make the formula feel fresh .,fuddle off inch enough cagy and unexpected debauched to make the formula haptic hold impertinent .,1,0,True,177
burns' fifth beer-soaked film feels in almost every possible way -- from the writing and direction to the soggy performances -- tossed off .,burns' fifth beer-soaked photographic movie theatre breakthrough in faithful every capableness counselling of life-time narrative of spirit narrative -- from the scripted material and focusing to the marshy carrying out -- thresh off .,0,1,True,282
"shiner can certainly go the distance , but isn't world championship material",N/A,pos,neg,Skipped,0
a good-looking but ultimately pointless political thriller with plenty of action and almost no substance .,a good-looking but ultimately unaffected political thriller with plenty of action and almost no substance .,0,1,True,75
the master of disguise is awful . it's pauly shore awful . don't say you weren't warned .,the master of disguise is amazing . it's pauly shore awful . don't say you weren't warned .,0,1,True,40
"the best didacticism is one carried by a strong sense of humanism , and bertrand tavernier's oft-brilliant safe conduct ( "" laissez-passer "" ) wears its heart on its sleeve .","the hefty didacticism is one epithelial duct aside angstrom hard sense impression of unhallow misdirect secular humanism , and bertrand tavernier's oft-brilliant dwell bump off up PiB ( "" laissez-passer "" ) meet along demote turned IT kernel on information technology arm .",1,0,True,227
"finely crafted , finely written , exquisitely performed",Failed to initialize,1,,False,1001
too bad writer-director adam rifkin situates it all in a plot as musty as one of the golden eagle's carpets .,A well invent writer-director cristal rifkin situate information technology unanimous inwards ampere stake every bit fusty as unrivalled of the prosperous eagle's carpet .,0,1,True,222
"the art direction and costumes are gorgeous and finely detailed , and kurys' direction is clever and insightful .",Failed to initialize,1,,False,1001
"blade ii has a brilliant director and charismatic star , but it suffers from rampant vampire devaluation .","blade ii lx minute of arc fish ampere glorious dramatics conductor and magnetic grandeur , simply it rich soul from fostering vampire devaluation .",0,1,True,230
"spirit is a visual treat , and it takes chances that are bold by studio standards , but it lacks a strong narrative .","spirit is a visual treat , and it cull stunned reposition that alive bold look past studio flat flat standard , equitable data technology privation adenine potent tale .",0,1,True,206
"the movie worked for me right up to the final scene , and then it caved in .",N/A,pos,neg,Skipped,0
a high-spirited buddy movie about the reunion of berlin anarchists who face arrest 15 years after their crime .,a ebullient crony motion-picture show more or less the reunion of bathroom Irving Berlin nihilist wandering Health makeup facial wait have got 15 age later on their law-breaking .,1,0,True,214
it's a shame that the storyline and its underlying themes . . . finally seem so impersonal or even shallow .,Failed to initialize,0,,False,1001
""" . . . something appears to have been lost in the translation this time . the importance of being earnest movie seems to be missing a great deal of the acerbic repartee of the play . """,N/A,pos,neg,Skipped,0
"this is sandler running on empty , repeating what he's already done way too often .","this is sandler stand on evacuate , repeating what he's already done direction also vitamin A keen deal .",0,1,True,122
"it's up to you to decide whether to admire these people's dedication to their cause or be repelled by their dogmatism , manipulativeness and narrow , fearful view of american life .","it's up to you to fall whether to calculate up to these people's inscription to their reason run theater cost nauseate outside their bigotry , manipulativeness and peg down , dreaded approximation of American English language biography .",1,0,True,245
the rare imax movie that you'll wish was longer than an hour .,the rarified imax charge bill of fare pic that you'll wish head WA prospicient than an threescore minutes .,1,0,True,163
"while this one gets off with a good natured warning , future lizard endeavors will need to adhere more closely to the laws of laughter",N/A,neg,pos,Skipped,0
all mood and no movie .,Failed to initialize,0,,False,1001
i have a new favorite musical -- and i'm not even a fan of the genre,N/A,pos,neg,Skipped,0
"the increasingly diverse french director has created a film that one can honestly describe as looking , sounding and simply feeling like no other film in recent history .","the increasingly diverse Gallic director subscribe to on pluck column inch amp gesticulate word-painting that ane institutionalize away candidly write up plug-in type A count , vowelize and only coloring sentiency the like atomic number 102 too soon motion-picture exhibit indium Holocene chronicle .",1,0,True,312
"maryam is a small film , but it offers large rewards .","maryam is a small film , but it lay down information technology bombastic wages .",1,0,True,63
"it was filled with shootings , beatings , and more cussing than you could shake a stick at .",N/A,pos,neg,Skipped,0
a soul-stirring documentary about the israeli/palestinian conflict as revealed through the eyes of some children who remain curious about each other against all odds .,Failed to initialize,1,,False,1001
generates an enormous feeling of empathy for its characters .,Failed to initialize,1,,False,1001
the best film of the year 2002 .,the outperform film of the year 2002 .,1,0,True,55
entertainment more disposable than hanna-barbera's half-hour cartoons ever were .,Failed to initialize,0,,False,1001
by turns very dark and very funny .,by cock-a-hoop Dipper of write out identical obliterate and selfsame amusing .,1,0,True,94
"the main characters are simply named the husband , the wife and the kidnapper , emphasizing the disappointingly generic nature of the entire effort .",Failed to initialize,0,,False,1001
a joyous occasion,Failed to initialize,1,,False,518
at best this is a film for the under-7 crowd . but it would be better to wait for the video . and a very rainy day .,at C. H. skilful this is a exhibit for the under-7 crowd together . exclusively if information engineering would embody goodness to harbor for the telecast eternalise . and group A genuinely showery solar day .,0,1,True,240
"though the aboriginal aspect lends the ending an extraordinary poignancy , and the story itself could be played out in any working class community in the nation .","though the aboriginal aspect lends the ending an sinful poignancy , and the story itself could be played out in any working class community in the fix .",1,0,True,102
bring on the sequel .,blowout on the sequel .,1,0,True,35
this seductive tease of a thriller gets the job done . it's a scorcher .,N/A,pos,neg,Skipped,0
what [frei] gives us . . . is a man who uses the damage of war -- far more often than the warfare itself -- to create the kind of art shots that fill gallery shows .,N/A,neg,pos,Skipped,0
"the pacing is deadly , the narration helps little and naipaul , a juicy writer , is negated .","the pacing is deadly , the narration helps little and naipaul , a juicy writer , is do in .",0,1,True,64
"the film has a laundry list of minor shortcomings , but the numerous scenes of gory mayhem are worth the price of admission . . . if "" gory mayhem "" is your idea of a good time .","the gesticulate picture cling out vitamin angstrom rinse reheel of pocket-sized fry shortcoming , just the numerous shoot by of butcherly havoc subsist worth the price of debut money . . . if "" bloodstained havoc "" cost your count on of a unspoilt metre .",1,0,True,334
the first shocking thing about sorority boys is that it's actually watchable . even more baffling is that it's funny .,N/A,pos,neg,Skipped,0
"tom green and an ivy league college should never appear together on a marquee , especially when the payoff is an unschooled comedy like stealing harvard , which fails to keep 80 minutes from seeming like 800 .",Failed to initialize,0,,False,1001
novak contemplates a heartland so overwhelmed by its lack of purpose that it seeks excitement in manufactured high drama .,novak invent a heartland so overwhelmed by its faith of enjoyment that it assay excitement in manufacture richly striking essence .,0,1,True,148
"violent , vulgar and forgettably entertaining .","wonderful , green and forgettably entertaining .",0,1,True,73
nothing short of a masterpiece -- and a challenging one .,null shortsighted of a masterpiece -- and a opt ejection unmatchable .,1,0,True,94
"once the expectation of laughter has been quashed by whatever obscenity is at hand , even the funniest idea isn't funny .","once the expectation of laughter has been quashed by whatever obscenity is at hand , even the funniest idea isn't untrusting .",0,1,True,116
"everything its title implies , a standard-issue crime drama spat out from the tinseltown assembly line .","everything its human satisfy entail , a standard-issue law-breaking spectacular result acclaim kayo from the tinseltown fare together localise lineage .",0,1,True,157
blood work is laughable in the solemnity with which it tries to pump life into overworked elements from eastwood's dirty harry period .,N/A,neg,pos,Skipped,0
"in this film we at least see a study in contrasts ; the wide range of one actor , and the limited range of a comedian .","in this breeze we at to the abject arcdegree listen vitamin A discipline Robert Indiana manoeuvre line ; the all-embracing ballad kayoed of unity role player , and the establish tongue to cast of a comedian .",0,1,True,259
. . . a quietly introspective portrait of the self-esteem of employment and the shame of losing a job . . .,Failed to initialize,1,,False,1001
"the movie tries to be ethereal , but ends up seeming goofy .",Failed to initialize,0,,False,1001
"though uniformly well acted , especially by young ballesta and galan ( a first-time actor ) , writer/director achero manas's film is schematic and obvious .",N/A,neg,pos,Skipped,0
"this is a nervy , risky film , and villeneuve has inspired croze to give herself over completely to the tormented persona of bibi .","this is a nervy , risky film , and villeneuve has inspired croze to give herself over completely to the extort persona of bibi .",1,0,True,58
"an enigmatic film that's too clever for its own good , it's a conundrum not worth solving .","an mystify film that's A honest ingenious for its possess adept , it's a mystery story narrative non Prince Charles River Frederick deserving clear .",0,1,True,178
"leigh isn't breaking new ground , but he knows how a daily grind can kill love .","Vivien Leigh isn't yield fresh filmdom desktop , simply atomic subprogram two boast lead about how angstrom whole day-after-day drudgery arse pop have a go at it .",1,0,True,212
don't hate el crimen del padre amaro because it's anti-catholic . hate it because it's lousy .,Failed to initialize,0,,False,1001
"throwing in everything except someone pulling the pin from a grenade with his teeth , windtalkers seems to have ransacked every old world war ii movie for overly familiar material .",Failed to initialize,0,,False,1001
"sly , sophisticated and surprising .","tricksy , spoil and surprising .",1,0,True,58
"diaz , applegate , blair and posey are suitably kooky which should appeal to women and they strip down often enough to keep men alert , if not amused .",N/A,neg,pos,Skipped,0
to call this film a lump of coal would only be to flatter it .,Failed to initialize,0,,False,1001
"lacks the spirit of the previous two , and makes all those jokes about hos and even more unmentionable subjects seem like mere splashing around in the muck .",Failed to initialize,0,,False,1001
"literary purists may not be pleased , but as far as mainstream matinee-style entertainment goes , it does a bang-up job of pleasing the crowds .","literary purist may non be pleased , but as labor force-out for the release of Rwandese Republic Patrick White white arsenic mainstream matinee-style amusement subroutine , datum engineering lie consume typecast A nifty job of delight the crowds .",1,0,True,173
is it really an advantage to invest such subtlety and warmth in an animatronic bear when the humans are acting like puppets ?,is it touchable an award to talent such refinement and warmth in an animatronic bear when the human beings unified time period of roleplay the the likes of of tool ?,0,1,True,158
"a smart and funny , albeit sometimes superficial , cautionary tale of a technology in search of an artist .","a last word and spotty , albeit sometimes petty , condom tale of a engine plug-in science in line of Associate in Nursing creative person .",1,0,True,156
"a dim-witted and lazy spin-off of the animal planet documentary series , crocodile hunter is entertainment opportunism at its most glaring .","a simple-minded and indolent spin-off of the animal planet documentary series , crocodile hunter is entertainment self-interest at its most glaring .",0,1,True,120
"will assuredly rank as one of the cleverest , most deceptively amusing comedies of the year .","will assuredly outrank as one of the cleverest , most misleadingly amusing comedies of the twelvemonth .",1,0,True,62
in visual fertility treasure planet rivals the top japanese animations of recent vintage .,in visual foulness treasure planet contender the peppiness pill front Nipponese brio of tardy sentence of origin .,1,0,True,145
"in his latest effort , storytelling , solondz has finally made a movie that isn't just offensive -- it also happens to be good .","in his latest effort , storytelling , solondz has finally made a movie that isn't just criminal offensive activity -- information technology too pass to make up flagitious .",1,0,True,142
"the punch lines that miss , unfortunately , outnumber the hits by three-to-one . but death to smoochy keeps firing until the bitter end .","the attraction inwards pedigree that Whitney youth gentlewoman , ala , outnumber the off past times times three-to-one . only when when death to smoochy keep evoke until the deadly end .",0,1,True,658
"the filmmakers are playing to the big boys in new york and l . a . to that end , they mock the kind of folks they don't understand , ones they figure the power-lunchers don't care to understand , either .","the filmmakers touch patter to the outstanding Son in new field of operations of performance of family of House of York and 50 . international ampere . to that closely , they bemock the all-inclusive of put up crease of yield they don't empathise , single they puzzle out extinct the power-lunchers don't carefulness to interpret , either .",0,1,True,323
another best of the year selection .,another undecomposed of the year selection .,1,0,True,30
humor in i spy is so anemic .,Failed to initialize,0,,False,1001
"i walked away not really know who "" they "" were , what "" they "" looked like . why "" they "" were here and what "" they "" wanted and quite honestly , i didn't care .","i usher the beam past non inwards Sojourner true statement making love creation wellness governance "" they "" realise improve , what "" they "" touch alike . why "" they "" embody hither and what "" they "" cherish and quite an ampere candidly , iodin didn't fear .",0,1,True,289
"no matter how much he runs around and acts like a doofus , accepting a 50-year-old in the role is creepy in a michael jackson sort of way .",Failed to initialize,0,,False,1001
kinnear . . . gives his best screen performance with an oddly winning portrayal of one of life's ultimate losers .,kinnear . . . flatten in his start around forcing out CRT screen implementation with Associate in soak up especially get earlier number of unrivaled of life's ultimate failure .,1,0,True,242
"return to never land is much more p . c . than the original version ( no more racist portraits of indians , for instance ) , but the excitement is missing .","return to never beep terra firma embody A beneficial yield attention at Sir Bob Dylan Seth Dylan Thomas Sir Lowell Thomas to amp big extent phosphorus . century . than the original interlingual rendering ( no more more more than to a greater extent than racialist portrait of American-Indian words , for representative ) , but the fervour is overlook .",0,1,True,280
"though it was made with careful attention to detail and is well-acted by james spader and maggie gyllenhaal , i felt disrespected .",Failed to initialize,0,,False,1001
"the nonstop artifice ultimately proves tiresome , with the surface histrionics failing to compensate for the paper-thin characterizations and facile situations .",Failed to initialize,0,,False,1001
"for more than two decades mr . nachtwey has traveled to places in the world devastated by war , famine and poverty and documented the cruelty and suffering he has found with an devastating , eloquent clarity .","for Sir Bob Dylan doubting Dylan Marlais Thomas more than than than two old-fashioned Mister . nachtwey take in atomic number 49 got sack more than operating theater less to gravel indium Hoosier evidence the earthly mention ravage parenthesis state of war , paucity and poorness and attested the pitilessness and dumbfound atomic identification number 2 has watch over with Associate in Nursing knock off , facile pellucidity .",1,0,True,396
well-made but mush-hearted .,Failed to initialize,0,,False,1
"never again , while nothing special , is pleasant , diverting and modest -- definitely a step in the right direction .",N/A,neg,pos,Skipped,0
"dull , a road-trip movie that's surprisingly short of both adventure and song .","spirit blend through and through , A road-trip photographic cinema that's astonishingly shortstop of both adventure and outspoken .",0,1,True,127
"ludicrous , but director carl franklin adds enough flourishes and freak-outs to make it entertaining .","awry , but film managing manager carl Benjamin Franklin append passable ostentation and freak-outs to drib angstrom penny it think of .",1,0,True,164
"never decides whether it wants to be a black comedy , drama , melodrama or some combination of the three .","ne'er resoluteness of function whether information technology faith to live vitamin A fateful funniness , striking result , melodrama manoeuvre striking artistry faithful to combining of the trinity .",0,1,True,276
"peter jackson has done the nearly impossible . he has improved upon the first and taken it a step further , richer and deeper . what jackson has done is proven that no amount of imagination , no creature , no fantasy story and no incredibly outlandish scenery",N/A,pos,neg,Skipped,0
"lovingly photographed in the manner of a golden book sprung to life , stuart little 2 manages sweetness largely without stickiness .","fondly photographed in the elan of a nuclear designation count seventy-nine al-Qur'an recoil to life , Cass William S. Gilbert Stuart ill-considered dickens grappler fragrancy for the most part without stickiness .",1,0,True,191
"lazy filmmaking , with the director taking a hands-off approach when he should have shaped the story to show us why it's compelling .","indolent filmmaking , with the director taking a hands-off approach when he should have shaped the story to show us why it's compelling .",0,1,True,64
this is a shrewd and effective film from a director who understands how to create and sustain a mood .,this is a calculating and nuclear routine il push away film from typewrite A music manager who deduct how to produce and have angstrom mode .,1,0,True,370
"devotees of star trek ii : the wrath of khan will feel a nagging sense of deja vu , and the grandeur of the best next generation episodes is lacking .",N/A,pos,neg,Skipped,0
"swims in mediocrity , sticking its head up for a breath of fresh air now and then .","swims in averageness , sticking its head up for a breath of fresh air now and sol .",0,1,True,77
"i suspect that you'll be as bored watching morvern callar as the characters are in it . if you go , pack your knitting needles .","i distrustfulness that you'll be as world-weary remain touch on Robert Indiana entertain core on morvern callar international international ampere the case live inward information technology . if you tour of duty , carry your knitting acerate leaf .",0,1,True,216
"a highly watchable , giggly little story with a sweet edge to it .","a slip by watchable , giggly little explanation fiscal argument with angstrom odorous fathom on to information technology .",1,0,True,211
"this is surely one of the most frantic , virulent and foul-natured christmas season pics ever delivered by a hollywood studio .","this is trusted one of the most frenzied , virulent and foul-natured Yule time of year vista display of whole metre indeed redeem past a hollywood studio .",0,1,True,207
i'd rather watch a rerun of the powerpuff girls,N/A,pos,neg,Skipped,0
"according to wendigo , 'nature' loves the members of the upper class almost as much as they love themselves .",N/A,neg,pos,Skipped,0
a remarkable film by bernard rose .,a spotty film by bernard rose .,1,0,True,123
"very much a home video , and so devoid of artifice and purpose that it appears not to have been edited at all .","genuine vitamin A great impart grouping A family picture , and sol free people of artifice and direct that information technology tone not to own take in upwards delete out at all .",0,1,True,307
"after several scenes of this tacky nonsense , you'll be wistful for the testosterone-charged wizardry of jerry bruckheimer productions , especially because half past dead is like the rock on a wal-mart budget .","after several scenes of this tacky nonsense , you'll be reflective for the testosterone-charged flair of jerry bruckheimer productions , especially because half past dead is like the rock on a wal-mart budget .",0,1,True,108
". . . certainly an entertaining ride , despite many talky , slow scenes . but something seems to be missing . a sense of real magic , perhaps .",". . . certainly an entertaining ride , despite many talky , slow scenes . but something seems to be overleap . a olfactory perception of existent joke , mayhap .",1,0,True,125
"comes off as a long , laborious whine , the bellyaching of a paranoid and unlikable man .","come atomic number 49 striking group A A foresightful , hard bellowing , the kick of vitamin A paranoiac and unlikeable humanity .",0,1,True,215
"slow , silly and unintentionally hilarious .","easy , silly and unintentionally hilarious .",0,1,True,224
spy kids 2 also happens to be that rarity among sequels : it actually improves upon the original hit movie .,N/A,pos,neg,Skipped,0
it's dark but has wonderfully funny moments ; you care about the characters ; and the action and special effects are first-rate .,it's dark but assimilate wonderfully rum speckle ; you forethought about the theatrical office ; and the sue mechanics and mess result cost topnotch .,1,0,True,192
the action quickly sinks into by-the-numbers territory .,the action heartily immerse into by-the-numbers territorial dominion .,0,1,True,72
an old-fashioned but emotionally stirring adventure tale of the kind they rarely make anymore .,an old-fashioned but emotionally crapper Donald Budge endanger narrative of the sort they rarely urinate any prospicient .,1,0,True,120
"too much of the movie feels contrived , as if the filmmakers were worried the story wouldn't work without all those gimmicks .","A advantageously a good softwood of the manifest motility vivid field of study quality innovation , every present moment if the moving-picture evince Jehovah realize up care the narrative wouldn't work without all those thingamabob .",0,1,True,384
feels strangely hollow at its emotional core .,flavor queerly warmness out at its emotional heart and soul .,0,1,True,125
". . . feels as if ( there's ) a choke leash around your neck so director nick cassavetes can give it a good , hard yank whenever he wants you to feel something .",". . . finger's comprehensiveness as if ( there's ) a grating trinity around your cervix womb and and so striking artistry theatre music music director notch cassavetes john Laurel info applied science adenine effective , potent Modern Englander whenever He hope you to flavor something .",0,1,True,329
paid in full is remarkably engaging despite being noticeably derivative of goodfellas and at least a half dozen other trouble-in-the-ghetto flicks .,make up up extrusion slay editorial edge entire monetary value signally let scorn make noticeably derivative flip of goodfellas and atomic bit lxxxv least A unit half 12 too soon trouble-in-the-ghetto flicker .,1,0,True,285
the movie is too amateurishly square to make the most of its own ironic implications .,the motility moving painting embody Eastern Samoan Islands good amateurishly satisfying to interpret inbound the shut of its ingest ironical implications .,0,1,True,184
canadian filmmaker gary burns' inventive and mordantly humorous take on the soullessness of work in the city .,Failed to initialize,1,,False,1001
"the beautiful images and solemn words cannot disguise the slack complacency of [godard's] vision , any more than the gorgeous piano and strings on the soundtrack can drown out the tinny self-righteousness of his voice .",N/A,neg,pos,Skipped,0
"while the filmmaking may be a bit disjointed , the subject matter is so fascinating that you won't care .","while the filmmaking may be a bit disjointed , the subject matter is so fascinate that you won't care .",1,0,True,47
you will likely prefer to keep on watching .,N/A,pos,neg,Skipped,0
"an inept , tedious spoof of '70s kung fu pictures , it contains almost enough chuckles for a three-minute sketch , and no more .",Failed to initialize,0,,False,1001
its spirit of iconoclastic abandon -- however canned -- makes for unexpectedly giddy viewing .,N/A,pos,neg,Skipped,0
"'if you are in the mood for an intelligent weepy , it can easily worm its way into your heart . '","'if you are in the mood for an intelligent weepy , it can easily worm its way into your pith . '",1,0,True,47
"though there's a clarity of purpose and even-handedness to the film's direction , the drama feels rigged and sluggish .","though there's a clarity of resoluteness and even-handedness to the film's focal pointedness , the striking event flavor jell and sulky .",0,1,True,102
simultaneously heartbreakingly beautiful and exquisitely sad .,Failed to initialize,1,,False,1001
"lyne's latest , the erotic thriller unfaithful , further demonstrates just how far his storytelling skills have eroded .",N/A,neg,pos,Skipped,0
the charms of the lead performances allow us to forget most of the film's problems .,the ingathering of the lead shipping verboten fall inch up atomic numeral ninety-two to exhaust up most of the film's problems .,1,0,True,168
"some writer dude , i think his name was , uh , michael zaidan , was supposed to have like written the screenplay or something , but , dude , the only thing that i ever saw that was written down were the zeroes on my paycheck .","some writer dude , i cerebrate his gens mite , uh , michael zaidan , incarnate gestate of to device characteristic similar save the screenplay OR something , but , majestic , the good juncture that unity of satisfying cadency visualise that integrated bring out gentle tolerable the nil along my payroll check .",0,1,True,1077
"this is popcorn movie fun with equal doses of action , cheese , ham and cheek ( as well as a serious debt to the road warrior ) , but it feels like unrealized potential",N/A,pos,neg,Skipped,0
"whether this is art imitating life or life imitating art , it's an unhappy situation all around .","whether this is nontextual return imitate aliveness narrative Oregon lifetime copy exquisitely artistry , it's an distress mooring whole around .",0,1,True,192
the wild thornberrys movie has all the sibling rivalry and general family chaos to which anyone can relate .,N/A,pos,neg,Skipped,0
"it's not a bad plot ; but , unfortunately , the movie is nowhere near as refined as all the classic dramas it borrows from .","it's not a bad plot ; but , alas , the movie is nowhere nigh as tasteful as all the classic dramas it borrows from .",0,1,True,498
this is one of those rare docs that paints a grand picture of an era and makes the journey feel like a party .,this is one of those rare MD that cay a grand pic of an nock ply meet miserly and military machine take the field the go olfactory maven like angstrom unit political party .,1,0,True,217
eight legged freaks falls flat as a spoof .,eight legged freaks shine 2-dimensional as a charade .,0,1,True,772
"it's supposed to be a humorous , all-too-human look at how hope can breed a certain kind of madness -- and strength -- but it never quite adds up .","it's supposed to be a humorous , all-too-human spirit at how hope can breed a for sure as shooting as burgeon forth design of madness -- and strong fit out -- plainly info give science ne'er quite a a an bring up .",0,1,True,193
a terrible movie that some people will nevertheless find moving .,a frightening movie that some people will nevertheless find moving .,0,1,True,50
"unfortunately , neither sendak nor the directors are particularly engaging or articulate .","alas , neither sendak nor the euphony euphony film director live peculiarly take or articulate .",0,0,False,300
"arliss howard's ambitious , moving , and adventurous directorial debut , big bad love , meets so many of the challenges it poses for itself that one can forgive the film its flaws .","arliss howard's altercate , moving , and adventuresome directorial bill ledger entry , pass on bogus high-priced , run across therefore many of the dumbfound bear up of elision data point engineer perplex for itself that nonpareil commode forgive the pic IT blemish .",1,0,True,277
"if not a home run , then at least a solid base hit .","if not a home run , and consequently astatine to the wretched gradation antiophthalmic factor unit stand arrive at .",1,0,True,89
"it uses some of the figures from the real-life story to portray themselves in the film . the result is a powerful , naturally dramatic piece of low-budget filmmaking .","it substance ill-usage just about of the signifier from the real-life pen up to impersonate themselves IN the see show up up . the drop a line away throw up type A mightily , of bung dramatic save of low-budget filmmaking .",1,0,True,270
characterisation has been sacrificed for the sake of spectacle .,N/A,neg,pos,Skipped,0
an extraordinarily silly thriller .,an extraordinarily light-headed thriller .,0,1,True,34
"special p . o . v . camera mounts on bikes , skateboards , and motorcycles provide an intense experience when splashed across the immense imax screen .","ill-tempered p . o . v . idiot boxful photographic camera mount up on bun , skateboard , and pedal supply draw in indium Nursing ague get dispirited when smatter crossways the vast imax sift .",1,0,True,269
a movie where story is almost an afterthought amidst a swirl of colors and inexplicable events .,N/A,pos,neg,Skipped,0
"one of the year's best films , featuring an oscar-worthy performance by julianne moore .","one of the year's outstrip pic , featuring an oscar-worthy performance by julianne doubting Norman Mattoon Thomas Moore .",1,0,True,1030
"the movie is genial but never inspired , and little about it will stay with you .","the movie is genial but never inspired , and footling about it will stay with you .",0,1,True,48
"mostly , [goldbacher] just lets her complicated characters be unruly , confusing and , through it all , human .",N/A,pos,neg,Skipped,0
williams absolutely nails sy's queasy infatuation and overall strangeness .,williams abruptly demolish sy's queasy puppy own it off and boilers suit foreignness .,1,0,True,89
no surprises .,Failed to initialize,0,,False,1001
"williams creates a stunning , taxi driver-esque portrayal of a man teetering on the edge of sanity .","williams creates a stun , taxi driver-esque portrayal of a man teetering on the edge of sanity .",1,0,True,64
"true to its title , it traps audiences in a series of relentlessly nasty situations that we would pay a considerable ransom not to be looking at .",N/A,neg,pos,Skipped,0
the symbols float like butterflies and the spinning styx sting like bees . i wanted more .,the symbolisation plasterer's ice-cream float bladder ilk mash and the commotion prohibit proscribe River River River Styx hornswoggle ilk bee . iodine wanted more than .,1,0,True,167
"[lin chung's] voice is rather unexceptional , even irritating ( at least to this western ear ) , making it awfully hard to buy the impetus for the complicated love triangle that develops between the three central characters .","[lin chung's] sound is rather mine run , yet annoy ( at to the wild blue yon faculty member academic degree to this victory prevailing western clasp ) , pass on info applied science atrociously hard to lubricating inunct one's Stan Laurel wreath the impulse for the refine lend set triplicity that modernise between the three fundamental characters .",0,1,True,367
[breheny's] lensing of the new zealand and cook island locations captures both the beauty of the land and the people .,[breheny's] lensing of the new Sjaelland and falsify island mess fascinate both the piffle of the lot low-spirited in the mouth dab and the the great unwashed .,1,0,True,148
"despite its visual virtuosity , 'naqoyqatsi' is banal in its message and the choice of material to convey it .","despite its visual virtuosity , 'naqoyqatsi' is timeworn in its message and the choice of material to convey it .",0,1,True,48
"debut effort by "" project greenlight "" winner is sappy and amateurish .",Failed to initialize,0,,False,1001
"the film's best trick is the way that it treats conspiracy as a kind of political blair witch , a monstrous murk that haunts us precisely because it can never be seen .",N/A,pos,neg,Skipped,0
"neither quite a comedy nor a romance , more of an impish divertissement of themes that interest attal and gainsbourg -- they live together -- the film has a lot of charm .","neither quite a comedy nor a romance , doubting Seth doubting Thomas more than than of affiliate column inch lactate prankish divertissement of root word word that pastime attal and gainsbourg -- they last atomic number 49 concert -- the make throw type A mess of tempt .",1,0,True,216
it's unlikely we'll see a better thriller this year .,N/A,pos,neg,Skipped,0
"fairy-tale formula , serves as a paper skeleton for some very good acting , dialogue , comedy , direction and especially charm .","fairy-tale formula , depone out as typecast A wallpaper print house wasted frame for just almost indistinguishable sizable subprogram angstrom unit , dialog , drollery , direction and especially bewitch .",1,0,True,261
"entertains not so much because of its music or comic antics , but through the perverse pleasure of watching disney scrape the bottom of its own cracker barrel .",N/A,neg,pos,Skipped,0
peppered with witty dialogue and inventive moments .,Failed to initialize,1,,False,1001
the only young people who possibly will enjoy it are infants . . . who might be distracted by the movie's quick movements and sounds .,the only young people who possibly will enjoy it embody infants . . . who might be unhinge by the movie's quick movements and sounds .,0,1,True,89
"when [reno] lets her radical flag fly , taking angry potshots at george w . bush , henry kissinger , larry king , et al . , reno devolves into a laugh-free lecture .","when [reno] grant her radical simplicity reach backstage , feel at forward fantastic potshot at holy person St. George American Virgin Islands W . George VI W. George Bush , Patrick H Joseph H H H Alfred Kissinger , larry Billie patrician jean Moffitt Rex , et al . , reno return into a laugh-free jaw .",0,1,True,347
"a cellophane-pop remake of the punk classic ladies and gentlemen , the fabulous stains . . . crossroads is never much worse than bland or better than inconsequential .","a cellophane-pop remaking of the chintzy classical music euphony ma'am and gentleman's gentleman rhombus country chambre , the fabulous easy adjoin . . . savvy manoeuvre of convergence personify ne'er grouping vitamin A mountain blue than savorless surgery meliorate than inconsequent .",0,1,True,264
"ensemble movies , like soap operas , depend on empathy . if there ain't none , you have a problem .","self-praise corps Diamond res publica concert trip the light fantastic motion-picture exhibit , alike Georgia home boy opera family satisfying , look along empathy . if inwards that esteem ain't none , you let a job .",0,1,True,204
"proves a lovely trifle that , unfortunately , is a little too in love with its own cuteness .",N/A,neg,pos,Skipped,0
"you needn't be steeped in '50s sociology , pop culture or movie lore to appreciate the emotional depth of haynes' work . though haynes' style apes films from the period . . . its message is not rooted in that decade .",N/A,pos,neg,Skipped,0
a genuine mind-bender .,a veridical amount mind-bender .,1,0,True,37
"belongs in the too-hot-for-tv direct-to-video/dvd category , and this is why i have given it a one-star rating .","oeuvre to Robert Robert Indiana the too-hot-for-tv direct-to-video/dvd family , and this deliver why integrity abide render information utilise scientific discipline a one-star valuation .",0,1,True,175
"put it somewhere between sling blade and south of heaven , west of hell in the pantheon of billy bob's body of work .","empower it somewhere between sling blade and banding in concert unify commonwealth section of nation of connect country of USA of heaven , Dame Rebecca West of magnificence in the pantheon of billy bob's body of work .",0,1,True,221
"a depressingly retrograde , 'post-feminist' romantic comedy that takes an astonishingly condescending attitude toward women .","a depressingly recidivate , 'post-feminist' romantic comedy that takes an astonishingly settee perspective toward fairish awake .",0,1,True,123
it's a mystery how the movie could be released in this condition .,it's a mystery tale how the moving film could embody bring kayoed inward this condition .,0,1,True,134
gaping plot holes sink this 'sub'-standard thriller and drag audience enthusiasm to crush depth .,gaping mystical invent golf kettle of fish contribute spinal column forward this 'sub'-standard thriller and berth listen exuberance to puppy love astuteness .,0,1,True,158
"maggie smith as the ya-ya member with the o2-tank will absolutely crack you up with her crass , then gasp for gas , verbal deportment .",N/A,pos,neg,Skipped,0
"affable if not timeless , like mike raises some worthwhile themes while delivering a wholesome fantasy for kids .","affable if non endless , like microphone earnings hike up roughly worthwhile rootage word patch crotch over angstrom wholesome fancy for jolly .",1,0,True,201
"spielberg's realization of a near-future america is masterful . this makes minority report necessary viewing for sci-fi fans , as the film has some of the best special effects ever .","spielberg's realization of a near-future america is gross . this makes minority report necessary viewing for sci-fi devotee , as the ruffle laic pop just more or less of the about set up personal effects e'er .",1,0,True,203
"its impressive images of crematorium chimney fires and stacks of dead bodies are undermined by the movie's presentation , which is way too stagy .","its impressive envision of crematorium lamp chimney fire and lashings of myopic bole fixture improving countermine past the movie's presentment , which equalize genius as well stagey .",0,1,True,286
"the film is hard to dismiss -- moody , thoughtful , and lit by flashes of mordant humor .","the man-made is hard to come about off -- moody , advertent , and douse preceding ostentate of drab mode .",1,0,True,177
not just unlikable . disturbing . disgusting . without any redeeming value whatsoever .,Failed to initialize,0,,False,1001
". . . strips bible stores of the potential for sanctimoniousness , making them meaningful for both kids and church-wary adults .",". . . slip-up bible stores of the potential for sanctimoniousness , making them meaningful for both kids and church-wary adults .",1,0,True,47
"it's an unusual , thoughtful bio-drama with a rich subject and some fantastic moments and scenes .","it's an nameless , thoughtful bio-drama with a fat subject and some prank moments and scenes .",1,0,True,108
the most ingenious film comedy since being john malkovich .,the most dicey film comedy since being john malkovich .,1,0,True,72
the film truly does rescue [the funk brothers] from motown's shadows . it's about time .,the reference card pic unfeignedly carry bump off balm [the head-shrinker brothers] from motown's bottom . it's more or less prune .,1,0,True,169
there's not one decent performance from the cast and not one clever line of dialogue .,Failed to initialize,0,,False,1001
"when you find yourself rooting for the monsters in a horror movie , you know the picture is in trouble .","when you breakthrough yourself generate melodic theme for the Tera Indiana chemic group A mutual exclusiveness moving characterization , you lovemaking the cracking embody inward anguish .",0,1,True,269
the entire movie is filled with deja vu moments .,N/A,neg,pos,Skipped,0
it reduces the complexities to bromides and slogans and it gets so preachy-keen and so tub-thumpingly loud it makes you feel like a chump just for sitting through it .,it overcome the complexities to humdrum and motto and it gets so preachy-keen and so tub-thumpingly audacious it suit you spirit like a hail make fun avowedly for bearing through and through and through and through information technology .,0,1,True,197
"at its worst , the movie is pretty diverting ; the pity is that it rarely achieves its best .",N/A,pos,neg,Skipped,0
"a boring masquerade ball where normally good actors , even kingsley , are made to look bad .","a anoint fruit masque globe where ordinarily honest actors , eventide kingsley , touch driving strength to spirit street fighter .",0,1,True,817
"harvard man is a semi-throwback , a reminiscence without nostalgia or sentimentality .",Failed to initialize,0,,False,1001
"it shares the first two films' loose-jointed structure , but laugh-out-loud bits are few and far between .","it contribution the kickoff two films' loose-jointed structure , but laugh-out-loud acuity personify few and toil forcefulness for the Liberation of Rwanda between .",0,1,True,122
this will go on so long as there are moviegoers anxious to see strange young guys doing strange guy things .,this will go on so tenacious as there embody motion-picture winnowing unquiet to spirit unusual Georges Jacques Georges Jacques Danton good Danton truthful Young CT coiffe unusual poke fun thing .,0,1,True,176
"[shyamalan] continues to cut a swathe through mainstream hollywood , while retaining an integrity and refusing to compromise his vision .","[shyamalan] donjon along to deletion angstrom unit swaddle done mainstream hollywood , patch hold on an wholeness and pass up to via media his imaginativeness .",1,1,False,64
"enigma is well-made , but it's just too dry and too placid .","enigma is well-made , but it's just radical A well ironical and ampere well tranquil .",0,1,True,91
"its story about a young chinese woman , ah na , who has come to new york city to replace past tragedy with the american dream is one that any art-house moviegoer is likely to find compelling .","its trash dump about a young minute dialect char , ah sodium , who move over way wee-wee hump off to new headliner sign-language of York city to permutation off cataclysm with the American language side position woolgather toll matchless that whatsoever art-house motion-picture fan be probably to receive obligate .",1,0,True,329
"the obnoxious special effects , the obligatory outbursts of flatulence and the incessant , so-five-minutes-ago pop music on the soundtrack overwhelm what is left of the scruffy , dopey old hanna-barbera charm .","the exceptionable special personal outcome , the obligatory rave of flatulency and the invariant , so-five-minutes-ago pa euphony on the soundtrack deliver the best what substantiate unspent of the seamy , anserine honest-to-goodness hanna-barbera enamour .",0,1,True,346
"a mediocre exercise in target demographics , unaware that it's the butt of its own joke .","a fairish exercise in target demographics , unaware that it's the butt of its own joke .",0,1,True,61
a captivating and intimate study about dying and loving . . .,a fascinate and sketch study about run come out of the closet nix and reason information technology off . . .,1,0,True,125
"despite juliet stevenon's attempt to bring cohesion to pamela's emotional roller coaster life , it is not enough to give the film the substance it so desperately needs .",Failed to initialize,0,,False,1001
"talkiness isn't necessarily bad , but the dialogue frequently misses the mark .","talkiness isn't needfully bad , but the sing vitamin A penetrating allot new noblewoman the cross .",0,1,True,104
"the movie is almost completely lacking in suspense , surprise and consistent emotional conviction .","the movie is well-nigh solid wanting in suspense , surprise and unyielding emotional sagaciousness of conviction .",0,1,True,103
"as ex-marine walter , who may or may not have shot kennedy , actor raymond j . barry is perfectly creepy and believable .","as ex-marine Saint Bruno of Toul Saint Bruno Walter , who may OR whitethorn not specify grind Kennedy Interrnational , role character player raymond James Watt blurb . barry exist stagnant creepy and credible .",1,0,True,240
"the self-serious equilibrium makes its point too well ; a movie , like life , isn't much fun without the highs and lows .","the self-serious equilibrium melodic score its convey antiophthalmic component well advantageously ; a motion-picture comprise witness , care aliveness , isn't group A cracking dole out playfulness without the senior high school gear wheel and lows .",0,1,True,235
the warnings to resist temptation in this film . . . are blunt and challenging and offer no easy rewards for staying clean .,N/A,pos,neg,Skipped,0
"works because we're never sure if ohlinger's on the level or merely a dying , delusional man trying to get into the history books before he croaks .",N/A,pos,neg,Skipped,0
"the smash 'em-up , crash 'em-up , shoot 'em-up ending comes out of nowhere substituting mayhem for suspense .","the smash 'em-up , province ground 'em-up , interject 'em-up conclusion seminal smooth tabu of nowhere exchange mayhem for suspense .",0,1,True,324
chouraqui brings documentary-like credibility to the horrors of the killing field and the barbarism of 'ethnic cleansing . ',chouraqui wreak documentary-like believability to the inconsistency of the tour turned throw up out dispatch playact domain and the barbarousness of 'ethnic killing . ',1,0,True,278
the world needs more filmmakers with passionate enthusiasms like martin scorsese . but it doesn't need gangs of new york .,N/A,neg,pos,Skipped,0
"a real audience-pleaser that will strike a chord with anyone who's ever waited in a doctor's office , emergency room , hospital bed or insurance company office .","a actually audience-pleaser that will impinge along typecast angstrom unit unit of measurement chord with anyone who's ever so so gestate atomic count il angstrom doctor's hole , pull off bracken card , hospital have it forth or policy company business office .",1,0,True,320
final verdict : you've seen it all before .,N/A,neg,pos,Skipped,0
koepp's screenplay isn't nearly surprising or clever enough to sustain a reasonable degree of suspense on its own .,koepp's screenplay isn't most violent violent storm or cagey deal to celebrate up antiophthalmic ingredient fair intimate conquering of suspense along IT own .,0,1,True,184
a real snooze .,a real charm a wink .,0,1,True,41
"oh , james ! your 20th outing shows off a lot of stamina and vitality , and get this , madonna's cameo doesn't suck !","oh , james ! your 20th outing shows off a lot of stamina and vitality , and get this , madonna's cameo doesn't imbibe !",1,0,True,53
"a charming , banter-filled comedy . . . one of those airy cinematic bon bons whose aims -- and by extension , accomplishments -- seem deceptively slight on the surface .","a charming , banter-filled drollery . . . one of those aery cinematic bon bons whose aims -- and by extension , accomplishments -- seem deceptively slight on the surface .",1,0,True,72
"[washington's] strong hand , keen eye , sweet spirit and good taste are reflected in almost every scene .","[washington's] strong die along , ruffian opthalmic , sugariness make for astir body flat and In personnel office set about out dip out mull over inch virtually every fit .",1,0,True,241
an intimate contemplation of two marvelously messy lives .,an sluttish reflexion of two marvelously messy founder up .,1,0,True,94
"bittersweet comedy/drama full of life , hand gestures , and some really adorable italian guys .","genus Celastrus scandens comedy/drama fill up of brio account statement , handwriting motion , and scantily stuffy to really endear italian cat .",1,0,True,180
"the artwork is spectacular and unlike most animaton from japan , the characters move with grace and panache .","the computer computer graphic make up salient and dissimilar almost animaton from Nipponese Archipelago , the root system relocation with Thanksgiving Clarence Day and dash .",1,0,True,169
"a determined , ennui-hobbled slog that really doesn't have much to say beyond the news flash that loneliness can make people act weird .","a determined , ennui-hobbled slog that inwards trueness doesn't throw away often to strait taboo beyond the newsworthiness New York minute that solitariness canful give plenty human action uncanny .",0,1,True,258
"it's hard to pity the 'plain' girl who becomes a ravishing waif after applying a smear of lip-gloss . rather , pity anyone who sees this mishmash .","it's profound to pity the 'plain' ma'am admirer who receive a ravish street nipper after profound for amp score of lip-gloss . quite a , compassionate anyone who realize this melange .",0,1,True,254
""" not really as bad as you might think ! """,Failed to initialize,0,,False,1001
the thing looks like a made-for-home-video quickie .,the engagement spirit like a made-for-home-video banding champion .,0,1,True,140
"stealing harvard will dip into your wallet , swipe 90 minutes of your time , and offer you precisely this in recompense : a few early laughs scattered around a plot as thin as it is repetitious .","stealing John the Evangelist the Evangelist Harvard testament lean into your wallet , aerodynamic lift XC insistent of curve of your fourth part holding , and provide you incisively this in indemnify : antiophthalmic factor few forward of fourth dimension extract joyousness mare's nest close to vitamin A maculation vitamin A thin out as it is repetitive .",0,1,True,905
a great script brought down by lousy direction . same guy with both hats . big mistake .,a great script impart down by lousy direction . same guy with both hats . big err .,0,1,True,150
the uneven movie does have its charms and its funny moments but not quite enough of them .,the uneven moving-picture testify upwards wrestling experience IT appealingness and IT singular exigent but non rather affiliate Indianan State nurse great deal of them .,0,1,True,326
watching spirited away is like watching an eastern imagination explode .,watching spirited away is like watching an eastern resource explode .,1,0,True,37
"the only upside to all of this unpleasantness is , given its labor day weekend upload , feardotcom should log a minimal number of hits .",Failed to initialize,0,,False,1001
"the cast has a high time , but de broca has little enthusiasm for such antique pulp .","the cast energize a richly time fourth dimension , simply diamond express Pierre-Paul Pierre-Paul Broca HA maunder exuberance for such passee flesh .",0,1,True,160
this is an insultingly inept and artificial examination of grief and its impacts upon the relationships of the survivors .,this is an insultingly cumbersome and sentimental examination of grief and its key signature tune up upon the gentleman's gentleman family family family relationship of the survivor .,0,1,True,321
"you have once again entered the bizarre realm where director adrian lyne holds sway , where all relationships are simultaneously broadly metaphorical , oddly abstract , and excruciatingly literal .",N/A,neg,pos,Skipped,0
". . . a ho-hum affair , always watchable yet hardly memorable .",". . . a ho-hum affair , always watchable til atomic keep down 85 formerly just memorable .",0,1,True,57
"road to perdition does display greatness , and it's worth seeing . but it also comes with the laziness and arrogance of a thing that already knows it's won .","go plan to under divorce Energy Department television let out sizeableness , and it's Prince Carolus 1 Frederick deserve tend into . only selective data direct as well blunder out up with the laziness and haughtiness of angstrom unit matter that already knows it's gain .",1,0,True,310
"this kind of hands-on storytelling is ultimately what makes shanghai ghetto move beyond a good , dry , reliable textbook and what allows it to rank with its worthy predecessors .","this kind of hands-on storytelling is indium the remainder what move out move ghetto tend pretend arsenic beyond typewrite A effective , dry forbidden knock do knocked out of the loo , reliable casebook and what ingest up selective information technology to gross with its desirable precursor .",1,0,True,303
"tykwer's surface flash isn't just a poor fit with kieslowski's lyrical pessimism ; it completely contradicts everything kieslowski's work aspired to , including the condition of art .","tykwer's open air showy isn't just a deplorable beseem with kieslowski's lyrical pessimism ; it completely belie everything kieslowski's beneficial twist cast adenine ivory along to , America of the Pure in the qualify of art .",0,1,True,218
"blue crush has all the trappings of an energetic , extreme-sports adventure , but ends up more of a creaky "" pretty woman "" retread , with the emphasis on self-empowering schmaltz and big-wave surfing that gives pic its title an afterthought .","blue crush grant all the bond of an energetic , extreme-sports wilderness game , precisely closely down improving more than than of group adenine woebegone "" reasonably mature female individual "" recap , with the fierceness along self-empowering shmaltz and big-wave surfriding that bestow moving picture IT expressive style an reconsideration .",0,1,True,350
a marvelous performance by allison lohman as an identity-seeking foster child .,a rale performance by allison lohman as an identity-seeking foster child .,1,0,True,34
"if we sometimes need comforting fantasies about mental illness , we also need movies like tim mccann's revolution no . 9 .","if we sometimes need comforting fantasies about mental illness , we also pauperism movies like tim mccann's revolution no . 9 .",1,0,True,58
one of the funnier movies in town .,one of the mistrustful moving-picture demo inwards township .,1,0,True,85
"for something as splendid-looking as this particular film , the viewer expects something special but instead gets [sci-fi] rehash .","for something as splendid-looking as this particular film , the viewer expects something special but instead nurture [sci-fi] rehash .",0,1,True,81
"soulless and -- even more damning -- virtually joyless , xxx achieves near virtuosity in its crapulence .",N/A,neg,pos,Skipped,0
"time literally stops on a dime in the tries-so-hard-to-be-cool "" clockstoppers , "" but that doesn't mean it still won't feel like the longest 90 minutes of your movie-going life .",Failed to initialize,0,,False,1001
". . . planos fijos , tomas largas , un ritmo pausado y una sutil observación de sus personajes , sin estridencias ni grandes revelaciones .",". . . planos fijos , tomas largas , un ritmo pausado y una sutil observación de sus personajes , blunder out estridencias ni grandes revelaciones .",1,0,True,45
there is a general air of exuberance in all about the benjamins that's hard to resist .,there is a general air pillow slip of enthusiasm atomic telephony routine 49 entirely hardly just about the mucilage benzoin that's dish to resist .,1,0,True,146
"doesn't do more than expand a tv show to movie length . however , it's pleasant enough and its ecological , pro-wildlife sentiments are certainly welcome .",Failed to initialize,1,,False,1001
"spielberg's picture is smarter and subtler than [total recall and blade runner] , although its plot may prove too convoluted for fun-seeking summer audiences .",N/A,pos,neg,Skipped,0
"the story itself it mostly told through on-camera interviews with several survivors , whose riveting memories are rendered with such clarity that it's as if it all happened only yesterday .","the explanation itself it for the well-nigh part bump up obscure set on-camera consultation with socio-economic class subsister , whose stomate bid bet on back embody helping hand over with such uncloudedness that it's deoxyadenosine monophosphate if information technology whole bump only yesterday .",1,0,True,268
"all in all , brown sugar is a satisfying well-made romantic comedy that's both charming and well acted . it will guarantee to have you leaving the theater with a smile on your face .","all in all , brown sugar is a fill up well-made amorous prank that's both fascinate and substantially comport . it bequeath necessitate on to fix up up you geta outside the lead signed with vitamin amp grin on your typesetter's case .",1,0,True,1115
"like its title character , this nicholas nickleby finds itself in reduced circumstances -- and , also like its hero , it remains brightly optimistic , coming through in the end .","like its codified discrepancy of reference book part rent , this nonsuch Saint Nicholas nickleby menu up itself IN carousal sound through and through mickle -- and , excessively check entropy engineering inadequate boy , information engineering stiff brilliantly affirmative , fall done in the last .",1,0,True,336
one of the best of a growing strain of daring films . . . that argue that any sexual relationship that doesn't hurt anyone and works for its participants is a relationship that is worthy of our respect .,one of the unspoiled of a modification by play just about sink in knocked out of hold up scud . . . that teetotal acres that whatever sexual family relationship that doesn't impertinent anyone and redactor to cultivate tabu for information technology role player toll A unit house relationship that cost suitable of our deference .,1,0,True,367
"cockettes has the glorious , gaudy benefit of much stock footage of those days , featuring all manner of drag queen , bearded lady and lactating hippie .","cockettes own the first-class , trashy mixer well-being of mess sprout footage of those day , bluster entirely modal auxiliary value of set out behind atomic routine 49 king , whisker peeress and lactate hippy .",1,0,True,278
"the film occasionally tries the viewer's patience with slow pacing and a main character who sometimes defies sympathy , but it ultimately satisfies with its moving story .","the film atomic issue eighty-five clock clock running lame the viewer's patience with moron footstep and A completely lead-in roughage World Health system sometimes storage area boyfriend opinion , just data engineering atomic number 85 hanker net sate with IT prompt write up .",1,0,True,294
"by the time it ends in a rush of sequins , flashbulbs , blaring brass and back-stabbing babes , it has said plenty about how show business has infiltrated every corner of society -- and not always for the better .","by the time it oddment in a rush on of bespangle , gaudy incandescent lamp , blaring government bodily process soundbox and back-stabbing tyke , entropy engineering hr weight downhearted recording label hatful virtually how show force out atomic telephone number 49 have pass done with every corner of club -- and not incessantly for the secure .",1,0,True,375
you can tell almost immediately that welcome to collinwood isn't going to jell .,you can tell almost immediately that welcome to collinwood isn't loss to jell .,0,1,True,45
a sloppy slapstick throwback to long gone bottom-of-the-bill fare like the ghost and mr . chicken .,Failed to initialize,0,,False,1001
""" austin powers in goldmember "" has the right stuff for silly summer entertainment and has enough laughs to sustain interest to the end .",""" uppercase of Lone-Star expressage dry out set ashore force verboten indium goldmember "" shit the right on stuff for airheaded summer amusement and handle comme landed estate of Lincoln faut suffocate to feature stake to the last .",1,0,True,240
"what we get in feardotcom is more like something from a bad clive barker movie . in other words , it's badder than bad .",Failed to initialize,0,,False,1001
"a relatively effective little potboiler until its absurd , contrived , overblown , and entirely implausible finale .","a relatively effective pettifog potboiler until its absurd , contrived , apostolic , and entirely implausible finale .",0,1,True,138
"it stars schticky chris rock and stolid anthony hopkins , who seem barely in the same movie . their contrast is neither dramatic nor comic -- it's just a weird fizzle .","it adept schticky chris sway and impassive Susan Brownell soft touch Mark Antony Sir Antony Hopkins , World Health Organization expression incisively Indiana the Sami motion-picture evince . their promontory instructor point direct contrast tactile sensation neither striking nor mirthful -- it's exactly a uncanny fizzle .",0,1,True,359
"forages for audience sympathy like a temperamental child begging for attention , giving audiences no reason to truly care for its decrepit freaks beyond the promise of a reprieve from their incessant whining .","forages for audience understanding like a temperamental child implore for attention , giving audiences no argue to sincerely yours yours yours relate for information applied science weakly giant beyond the Sultanate of Muscat and Oman of A founding father from their eternal skreak .",0,1,True,325
. . . a fairly disposable yet still entertaining b picture .,. . . a mediocre disposable til like typewrite angstrom unit shot even so think about boron telecasting .,1,0,True,113
"if anything , see it for karen black , who camps up a storm as a fringe feminist conspiracy theorist named dirty dick .","if anything , recognize it for karen black , who bivouac up a surprise as a periphery women's liberationist junto idealogue key soil joyride .",0,1,True,777
. . . a good film that must have baffled the folks in the marketing department .,. . . a salutary film that must have baffled the folks in the marketing department .,1,0,True,33
"i'm happy to have seen it -- not as an alternate version , but as the ultimate exercise in viewing deleted scenes .","i'm well-chosen to have make up one's mind knocked out it -- not angstrom building block altogether an support to turns division , fair atomic number 33 the ultimate impost in say edit scene .",1,0,True,226
eckstraordinarily lame and severely boring .,eckstraordinarily satisfying and severely deadening .,0,1,True,70
"whether or not ram dass proves as clear and reliable an authority on that as he was about inner consciousness , fierce grace reassures us that he will once again be an honest and loving one .",Failed to initialize,1,,False,1001
"a brutal and funny work . nicole holofcenter , the insightful writer/director responsible for this illuminating comedy doesn't wrap the proceedings up neatly but the ideas tie together beautifully .",Failed to initialize,1,,False,1001
"by its modest , straight-ahead standards , undisputed scores a direct hit .","by its minor , straight-ahead standards , unchallenged scud up angstrom unit unit of measurement building block of measurement omen jar with .",1,0,True,117
"a melancholy , emotional film .","a melancholy , false about ostensive motion picture .",1,0,True,62
feels more like a rejected x-files episode than a credible account of a puzzling real-life happening .,liveliness to a cracking extent comparable vitamin A pooh-pooh x-files succession than a believable history of group A beat real-life happening .,0,1,True,186
the production values are of the highest and the performances attractive without being memorable .,the Cartesian merchandise slew short prise support for of the high-pitched and the reality intro attractive without live memorable .,1,0,True,133
"girlfriends are bad , wives are worse and babies are the kiss of death in this bitter italian comedy .","dame champion Land of Opportunity blow , wive add excogitate and baby embody the glass kiss of lastly Robert Indiana this deadly italian comedy .",0,1,True,224
i spied with my little eye . . . a mediocre collection of cookie-cutter action scenes and occasionally inspired dialogue bits,i ken with my minor orb . . . a mediate appealingness of cookie-cutter action outlook and at fourthly dimension reinvigorate dialogue number,0,1,True,152
even when crush departs from the 4w formula . . . it feels like a glossy rehash .,even when relish render striking from the 4w chemical substance heart shape . . . it tactual property aid a guileful rehash .,0,1,True,242
the drama discloses almost nothing .,the drama unveil almost nada .,0,1,True,112
"directed in a flashy , empty sub-music video style by a director so self-possessed he actually adds a period to his first name","conceiver in a daring , forsake sub-music video record flair past international international ampere moving-picture evince conductor so twist unitedly He tangible impart grouping A flowing to his first key",0,1,True,276
"there is a real subject here , and it is handled with intelligence and care .","there is a real internal Hera , and it is plow with intelligence operation and scud .",1,0,True,93
"behan's memoir is great material for a film -- rowdy , brawny and lyrical in the best irish sense -- but sheridan has settled for a lugubrious romance .",N/A,neg,pos,Skipped,0
"ultimately , sarah's dedication to finding her husband seems more psychotic than romantic , and nothing in the movie makes a convincing case that one woman's broken heart outweighs all the loss we witness .","At meshing , sarah's dedication to determination her hubby explore Sir cork Dylan Marlais Lowell Thomas Dylan Marlais Thomas Thomas to a greater extent psycho than romantic , and nothing Robert Indiana the travelling pictural affair soft touch group A come through over upshot that one woman's bring forth out warmheartedness preponderate whole the personnel casualty we witness .",0,1,True,369
a sensitive and astute first feature by anne-sophie birot .,a huffy and astute first feature by anne-sophie birot .,1,0,True,43
"i had a dream that a smart comedy would come along to rescue me from a summer of teen-driven , toilet-humor codswallop , and its name was earnest .","i had a revery that a undimmed comedy would come along to pitch me from a summer of teen-driven , toilet-humor codswallop , and its taking into custody up last businesslike .",1,0,True,137
"for those who like quirky , slightly strange french films , this is a must !",Failed to initialize,1,,False,1001
there are many definitions of 'time waster' but this movie must surely be one of them .,there are many definition of 'time waster' but this moving cinema moldiness trust enough embody virtuoso of them .,0,1,True,173
"has none of the crackle of "" fatal attraction "" , "" 9 ½ weeks "" , or even "" indecent proposal "" , and feels more like lyne's stolid remake of "" lolita "" .","has none of the crepitate of "" calamitous attraction "" , "" 9 ½ hebdomad "" , or yet "" untoward married couple marriage offer "" , and feeling to a greater extent like lyne's impassive remaking of "" lolita "" .",0,0,False,81
"mike white's deft combination of serious subject matter and dark , funny humor make "" "" the good girl "" a film worth watching .","mike white's deft compound of scratch typesetter's baptismal font weigh and dreary , fishy humour computer store come up area "" "" the golosh girl "" A word picture Charles the Bald Frederick Charles Frederick Worth determine .",1,0,True,241
a film that clearly means to preach exclusively to the converted .,N/A,neg,pos,Skipped,0
a feeble tootsie knockoff .,Failed to initialize,0,,False,1001
cattaneo reworks the formula that made the full monty a smashing success . . . but neglects to add the magic that made it all work .,cattaneo reworks the formula that made the full monty a shattering success . . . but feel come out along to impart the charm that make water information technology whole work .,0,1,True,202
"the film is a blunt indictment , part of a perhaps surreal campaign to bring kissinger to trial for crimes against humanity .","the movie is a dull flier of indictment , factor of type A peradventure phantasmagorical military press to lease inch for St. Patrick Henry Alfred Henry Alfred Kissinger to trial for law-breaking against humanity .",1,0,True,226
"this is as lax and limp a comedy as i've seen in a while , a meander through worn-out material .","this is as free and wilted a funniness as i've seen in a while , a interweave through bring kayoed real .",0,1,True,157
"like kissing jessica stein , amy's orgasm has a key strength in its willingness to explore its principal characters with honesty , insight and humor .","like kissing jessica stein , amy's sexual culminate suffer a cay long fit in info engineer willingness to search its chief amount of money quotation with ash grey one dollar bill , perceptivity and bodily fluid .",1,0,True,301
"it feels like very light errol morris , focusing on eccentricity but failing , ultimately , to make something bigger out of its scrapbook of oddballs .","it feels like very sparkle errol Esther Esther Esther Esther Morris , essence along eccentricity lone flunk , astatine alive on , to draw something richly mature kayoed of its scrapbook of flake .",0,1,True,348
"the story gives ample opportunity for large-scale action and suspense , which director shekhar kapur supplies with tremendous skill .","the narration ingest ample turn tail angstrom lay on the line for large-scale carry typecast A roll In the oven verboten and suspense , which house managing director shekhar kapur ply with dread acquirement .",1,0,True,197
"though its rather routine script is loaded with familiar situations , the movie has a cinematic fluidity and sense of intelligence that makes it work more than it probably should .",N/A,neg,pos,Skipped,0
festers in just such a dungpile that you'd swear you were watching monkeys flinging their feces at you .,matured in just such a dungpile that you'd swear you were watching monkeys flinging their feces at you .,0,1,True,982
two hours of sepia-tinted heavy metal images and surround sound effects of people moaning .,two lx moment of sepia-tinted with nipper metallic element image and fencing articulate personal heart and soul and soul of masses moaning .,0,1,True,148
"even when he's not at his most critically insightful , godard can still be smarter than any 50 other filmmakers still at work .","even ping out when he's not at his or so critically insightful , godard tooshie end equable price last word than whatsoever litre to angstrom unit error before long picture show producer evening atomic number 85 work .",1,0,True,249
the spalding gray equivalent of a teen gross-out comedy .,Failed to initialize,0,,False,1001
with the prospect of films like kangaroo jack about to burst across america's winter movie screens it's a pleasure to have a film like the hours as an alternative .,with the prospect of frivol away parenthesis wish kangaroo diddlysquat more or less to gush crossways america's winter conniption show cover panel admission inscribe it's angstrom pleasance to boasting clause deoxyadenosine monophosphate movie like the 60 minutes as an option .,1,0,True,291
the film is way too full of itself ; it's stuffy and pretentious in a give-me-an-oscar kind of way .,the film is way alike full of itself ; it's close-fitting and ostentatious in a give-me-an-oscar kind of way .,0,1,True,80
"as warm as it is wise , deftly setting off uproarious humor with an underlying seriousness that sneaks up on the viewer , providing an experience that is richer than anticipated .","as lovesome as it is washing soda , dextrously lay knocked out forbidding uproarious mode with class atomic number 49 wetnurse rudimentary distressfulness that crapper pigeon upwardly along the stunner , supply an hold up come out of the closet that consist racy than forebode .",1,0,True,324
"it's like rocky and bullwinkle on speed , but that's neither completely enlightening , nor does it catch the intensity of the movie's strangeness .",N/A,pos,neg,Skipped,0
a well-rounded tribute to a man whose achievements -- and complexities -- reached far beyond the end zone .,Failed to initialize,1,,False,1001
"at a brief 42 minutes , we need more x and less blab .","at a brief 42 minutes , we motivating to a outstanding extent cristal and to a lesser extent sing .",0,1,True,256
"the way home is an ode to unconditional love and compassion garnered from years of seeing it all , a condition only the old are privy to , and . . . often misconstrued as weakness .","the style dental shell cost an ode to flat buzz slay rig and ruth collect from twelvemonth of control info engineering entirely , typecast A potato chip just the sometime shambling up cloistered to , and . . . much misread angstrom unit helplessness .",1,0,True,381
"the first mistake , i suspect , is casting shatner as a legendary professor and kunis as a brilliant college student--where's pauly shore as the rocket scientist ?","the kickoff utilisation err , individual skillful story , constitute CT shatner group A a legendary prof and kunis group A axerophthol excellent college student--where's pauly land ameliorate improving adenine the genus Eruca sativa scientist ?",0,1,True,359
"rollerball is as bad as you think , and worse than you can imagine .","rollerball is as invent as you think , and forged than you can imagine .",0,1,True,64
"an involving , inspirational drama that sometimes falls prey to its sob-story trappings .","an postulate , inspirational drama that sometimes diminish prey to its sob-story trappings .",1,0,True,447
an almost unbearably morbid love story .,N/A,pos,neg,Skipped,0
"it just goes to show , an intelligent person isn't necessarily an admirable storyteller .","it good exercise set kayoed to exhibit , an intelligent someone isn't of call for come to inwards Nursing admirable fibber .",0,1,True,159
"a subtle , poignant picture of goodness that is flawed , compromised and sad .","a subtle , sham picture of goodness that is flawed , compromised and hapless .",1,0,True,99
"my little eye is the best little "" horror "" movie i've seen in years .","my petty sum is the considerably minuscule "" inconsistency "" movie i've jut in hanker meter .",1,0,True,137
". it's a testament to the film's considerable charm that it succeeds in entertaining , despite playing out like a feature-length sitcom replete with stereotypical familial quandaries . there's a sheer unbridled delight in the way the story unfurls . . .",". it's a leave behind to the film's considerable hitch that it confiscate to atomic number 49 haven , despite spend a penny for out corresponding a feature-length sitcom fill with stereotypic transmitted quandary . there's amp revenue ungoverned please inch the cubital juncture room the narration tip bump off . . .",1,0,True,278
"much credit must be given to the water-camera operating team of don king , sonny miller , and michael stewart . their work is fantastic .","angstrom unit unit lame out add up credit mustiness comprise lessen indium to the water-camera control team astir up of get into River Billie denim business loss leader , sonny boy boy Henry Valentine Henry Valentine Miller , and michael Dugald Stewart . their figure out is grotesque .",1,0,True,284
"despite its faults , gangs excels in spectacle and pacing .","despite its faults , gangs outstrip in spectacle and pacing .",1,0,True,60
"while the new film is much more eye-catching than its blood-drenched stephen norrington-directed predecessor , the new script by the returning david s . goyer is much sillier .",N/A,neg,pos,Skipped,0
"broder's screenplay is shallow , offensive and redundant , with pitifully few real laughs .",Failed to initialize,0,,False,1001
earnest yet curiously tepid and choppy recycling in which predictability is the only winner .,N/A,neg,pos,Skipped,0
"a bland , obnoxious 88-minute infomercial for universal studios and its ancillary products .","a tranquil , exceptionable 88-minute informercial for world-wide studio apartment and information hold skill adjuvant carrefour .",0,1,True,155
the story alone could force you to scratch a hole in your head .,the story alone could ability you to scratch a hole in your head .,0,1,True,48
"if hill isn't quite his generation's don siegel ( or robert aldrich ) , it's because there's no discernible feeling beneath the chest hair ; it's all bluster and cliché .",Failed to initialize,0,,False,1001
"fessenden continues to do interesting work , and it would be nice to see what he could make with a decent budget . but the problem with wendigo , for all its effective moments , isn't really one of resources .","fessenden handle to do interesting work , and it would be gracious to design what he could wee with a correctly budget . but the line of work with wendigo , for all its in strength mo , isn't grand one of resourcefulness .",0,0,False,139
"a breathtaking adventure for all ages , spirit tells its poignant and uplifting story in a stunning fusion of music and images .",Failed to initialize,1,,False,1001
the plot is paper-thin and the characters aren't interesting enough to watch them go about their daily activities for two whole hours .,Failed to initialize,0,,False,1001
perhaps even the slc high command found writer-director mitch davis's wall of kitsch hard going .,perchance unwavering the slc elder soaring mastery chance writer-director mitch davis's paries of kitsch strong work forward .,0,1,True,173
bearable . barely .,bearable . good piano .,0,1,True,44
"while it's nothing we haven't seen before from murphy , i spy is still fun and enjoyable and so aggressively silly that it's more than a worthwhile effort .","while it's nothing we haven't seen before from murphy , i spy is still mother fucker for and pleasurable and so precipitously idiotic that it's more than than A unit worthwhile labor .",1,0,True,136
"here polanski looks back on those places he saw at childhood , and captures them by freeing them from artefact , and by showing them heartbreakingly drably .","hither polanski seem vertebral paper tower along those rest suck household helium name atomic act lxxxv childishness , and fascinate them outside stock-purchase justify them from artefact , and by denominate them heartbreakingly drably .",1,0,True,268
it's tough to be startled when you're almost dozing .,it's strong-arm to be startled when you're almost dozing .,0,1,True,45
the result is so tame that even slightly wised-up kids would quickly change the channel .,the result is so cultivate that even passably wised-up Bob Dylan Dylan Marlais Thomas Lowell Thomas Thomas Kyd would readily multifariousness the convey .,0,1,True,131
"goofy , nutty , consistently funny . and educational !","goofy , loony , consistently leftover . and educational !",1,0,True,75
"there's real visual charge to the filmmaking , and a strong erotic spark to the most crucial lip-reading sequence .","there's veridical visual vomit up to the filmmaking , and angstrom remains tickle electric discharge gibbosity slay to the about all-important lipread chronological sequence .",1,0,True,165
does what should seem impossible : it makes serial killer jeffrey dahmer boring .,Failed to initialize,0,,False,1001
it's lazy for a movie to avoid solving one problem by trying to distract us with the solution to another .,it's indolent for a motility painting to bring down puzzle astounded one business line of put to work past times times seek to fold the States with the firmness of purpose to another .,0,1,True,240
you expect more from director michael apted ( enigma ) and screenwriter nicholas kazan ( reversal of fortune ) than this cliche pileup .,you carry to a outstanding extent from euphony conductor michael apted ( conundrum ) and acquire writer St. canonise Nicholas Elia Kazanjoglous ( retrogression of destiny ) than this bromide pileup .,0,1,True,200
no such thing breaks no new ground and treads old turf like a hippopotamus ballerina .,no such matter break away no unexampled toil and pace honest-to-goodness greensward comparable international ampere hippo amphibius danseuse .,0,1,True,200
it's a very valuable film . . .,Failed to initialize,1,,False,1001
"'es en verdad una pena que mandoki esté realizando cintas tan malas desde hace algún tiempo , pues talento tiene , pero quién sabe dónde lo tiene escondido . '",N/A,neg,pos,Skipped,0
"this hastily mounted production exists only to capitalize on hopkins' inclination to play hannibal lecter again , even though harris has no immediate inclination to provide a fourth book .",Failed to initialize,0,,False,1001
sade achieves the near-impossible : it turns the marquis de sade into a dullard .,Isidore Auguste Marie Francois Comte Donatien Alphonse Francois Diamond State Sade reach the near-impossible : it good turn the marquis de sade into a pudden-head .,0,0,False,62
"performances are potent , and the women's stories are ably intercut and involving .","run into warfare car action subsist manlike , and the women's shit subsist ably intercut and require .",1,0,True,146
an engrossing iranian film about two itinerant teachers and some lost and desolate people they encounter in a place where war has savaged the lives and liberties of the poor and the dispossessed .,an worry iranian riffle about two Rommany teacher and some dumbfound and have up hoi polloi they run into in vitamin angstrom billet where acres of war ingest eggshell the prevarication and impropriety of the misfortunate and the dispossess .,1,0,True,294
"the film is . . . determined to treat its characters , weak and strong , as fallible human beings , not caricatures , and to carefully delineate the cost of the inevitable conflicts between human urges and an institution concerned with self-preservation .","the film is . . . lame up to mincing info engineering reference , weak and firm , typewrite axerophthol continuous tense man being , not impersonation , and to carefully billet the follow of the inevitable mundane yucky betwixt military personnel cheer and an insane asylum touch on with self-preservation .",1,0,True,386
"hey arnold ! is now stretched to barely feature length , with a little more attention paid to the animation . still , the updated dickensian sensibility of writer craig bartlett's story is appealing .",N/A,neg,pos,Skipped,0
"the movie strains to stay on the light , comic side of the issue , despite the difficulty of doing so when dealing with the destruction of property and , potentially , of life itself .",N/A,neg,pos,Skipped,0
"if i could have looked into my future and saw how bad this movie was , i would go back and choose to skip it . fortunately , you still have that option .",N/A,neg,pos,Skipped,0
suffers from its timid parsing of the barn-side target of sons trying to breach gaps in their relationships with their fathers .,N/A,pos,neg,Skipped,0
a handsome but unfulfilling suspense drama more suited to a quiet evening on pbs than a night out at an amc .,N/A,neg,pos,Skipped,0
what begins as a film in the tradition of the graduate quickly switches into something more recyclable than significant .,N/A,pos,neg,Skipped,0
"what a dumb , fun , curiously adolescent movie this is .",N/A,pos,neg,Skipped,0
"the film's trailer also looked like crap , so crap is what i was expecting .","the film's trailer also looked like make , so can is what i embody expecting .",0,1,True,322
a film with almost as many delights for adults as there are for children and dog lovers .,a deferred payment circumference table figure evince with virtually A many lash out for big type A whole on that point live for fry and house servant firedog devotee .,1,0,True,228
"starts slowly , but adrien brody  in the title role  helps make the film's conclusion powerful and satisfying .","starts slowly , but adrien brody  in the title role  helps causal means the film's ratiocination herculean and streamlet .",1,0,True,86
"where this was lazy but enjoyable , a formula comedy redeemed by its stars , that is even lazier and far less enjoyable .",N/A,pos,neg,Skipped,0
michel piccoli's moving performance is this films reason for being .,michel piccoli's moving get typecast A bun indium the oven into sue is this take reason out for exist .,1,0,True,94
"it desperately wants to be a wacky , screwball comedy , but the most screwy thing here is how so many talented people were convinced to waste their time .","it desperately lack to be a but well-nigh the bend , mad comedy , but the close to screw-loose amour hither alive how and sol many empower hoi polloi touching confident to thriftlessness their time time .",0,1,True,241
"while it's all quite tasteful to look at , the attention process tends to do a little fleeing of its own .","while it's all quite radical A great to facial expression at , the serve help embody talent to restore of Osteopathy A lilliputian flee of its own .",0,1,True,211
"wouldn't it be funny if a bunch of allied soldiers went undercover as women in a german factory during world war ii ? um , no . but here's a movie about it anyway .","wouldn't it be unique if a bunch of trip the light fantastic dance orchestra together soldier active stealthy equally woman inwards a richly eminent German language viva communicating manufactory during humanity responsibleness of res publica of say of state of war ii ? um , no . only when here's ampere be active ikon about it at any rate .",0,1,True,344
"sandra bullock and hugh grant make a great team , but this predictable romantic comedy should get a pink slip .","sandra manoeuvre and hugh Duncan St. St. James River Corrow honour plume in A great team upwardly , only when if this predictable quixotic funniness should amaze a rap sneak .",0,1,True,217
swiftly deteriorates into a terribly obvious melodrama and rough-hewn vanity project for lead actress andie macdowell .,swiftly return key into a atrociously obvious melodrama and rough-hewn self-love figure for ease up actress andie Prince Duke of Windsor Edward MacDowell .,0,1,True,678
report card : doesn't live up to the exalted tagline - there's definite room for improvement . doesn't deserve a passing grade ( even on a curve ) .,Failed to initialize,0,,False,1001
i suspect this is the kind of production that would have been funnier if the director had released the outtakes theatrically and used the film as a bonus feature on the dvd .,i singular tale this is the variety of fruit that would take springy amusing if the conductor experience free the outtake theatrically and utilise the cinema every bit amp fillip seed to on the videodisc .,0,1,True,309
an indispensable peek at the art and the agony of making people laugh .,an indispensable peep at the art and the distortion of account hoi polloi take mirth .,1,0,True,176
the lively appeal of the last kiss lies in the ease with which it integrates thoughtfulness and pasta-fagioli comedy .,the larrup appeal of the last buss evasiveness in the ease with which it corporate mirror go out and pasta-fagioli buffoonery .,1,0,True,180
an animation landmark as monumental as disney's 1937 breakthrough snow white and the seven dwarfs .,an animation piddle disunite angstrom massive vitamin A disney's 1937 feel blow vacuous and the seven-spot dwarf .,1,0,True,137
those who don't entirely 'get' godard's distinctive discourse will still come away with a sense of his reserved but existential poignancy .,those who don't entirely 'get' godard's distinctive discourse will still germinal runny impertinent with typewrite angstrom sense of his set off barely experiential poignancy .,1,0,True,151
"buy is an accomplished actress , and this is a big , juicy role .","buy is an transfer done actress , and this live angstrom unit heavy , fill out up office .",1,0,True,136
"nothing happens , and it happens to flat characters .","nada Dame Muriel Spark advance along , and information applied science materialize to spirit level quality .",0,1,True,107
"an allegory concerning the chronically mixed signals african american professionals get about overachieving could be intriguing , but the supernatural trappings only obscure the message .","an allegory touch on the chronically unite fundamental african American English lyric master soulfulness mystify to the eminent level overachieve could embody parry , lonesome the mystic caparison unique if mist the subject matter .",0,1,True,492
the attempt to build up a pressure cooker of horrified awe emerges from the simple fact that the movie has virtually nothing to show .,the attempt to build up a pressure cooker of horrified awe emerges from the simple fact that the movie has well-nigh nada to show .,0,1,True,125
the film's desire to be liked sometimes undermines the possibility for an exploration of the thornier aspects of the nature/nurture argument in regards to homosexuality .,N/A,pos,neg,Skipped,0
. . . better described as a ghost story gone badly awry .,. . . better described as a force story at enchant one's breath mischievously amiss .,0,1,True,105
many insightful moments .,Failed to initialize,1,,False,691
it has become apparent that the franchise's best years are long past .,it energize become apparent that the franchise's best years are long past .,0,1,True,51
"though excessively tiresome , the uncertainty principle , as verbally pretentious as the title may be , has its handful of redeeming features , as long as you discount its ability to bore .","though excessively slow up down , the doubt district , Eastern Samoa verbally pretentious a the human action of imparting side hawthorn body forth , bring birth IT handful of bear characteristic , American English language Samoan Islands keen-sighted American English Samoa i Sisifo you rebate information technology power to guide over .",0,1,True,282
"it's like an old warner bros . costumer jived with sex -- this could be the movie errol flynn always wanted to make , though bette davis , cast as joan , would have killed him .",N/A,pos,neg,Skipped,0
"the wonderful combination of the sweetness and the extraordinary technical accomplishments of the first film are maintained , but its overall impact falls a little flat with a storyline that never quite delivers the original magic .",N/A,pos,neg,Skipped,0
"time out is as serious as a pink slip . and more than that , it's an observant , unfussily poetic meditation about identity and alienation .","curtail out is as serious as a pinko slip . and more than that , it's an law-abiding , unfussily poetical hypothecate about personal indistinguishability and disaffection .",1,0,True,88
"soderbergh , like kubrick before him , may not touch the planet's skin , but understands the workings of its spirit .","soderbergh , like Sir Henry Ferdinand Joseph La Menthe Morton Stanley Kubrick inch front man him , whitethorn not have-to Energy with the planet's shinney , simply guess the working of its look .",1,0,True,186
"it takes you somewhere you're not likely to have seen before , but beneath the exotic surface ( and exotic dancing ) it's surprisingly old-fashioned .",N/A,neg,pos,Skipped,0
can i admit xxx is as deep as a petri dish and as well-characterized as a telephone book but still say it was a guilty pleasure ?,can i admit xxx is as deep as a petri dish and as well-characterized as a telephone book but still say it was a guilty gladden ?,1,0,True,68
combines a comically dismal social realism with a farcically bawdy fantasy of redemption and regeneration .,conflate a comically filthy societal naturalism with a farcically off-color fantasy of buyback and prescribe feedback .,1,0,True,104
doesn't come close to justifying the hype that surrounded its debut at the sundance film festival two years ago .,doesn't weakened remove secretive to rationalise the jade that environs its unveiling at the sundance motility photograph festival ii year ago .,0,1,True,255
"the piano teacher is not an easy film . it forces you to watch people doing unpleasant things to each other and themselves , and it maintains a cool distance from its material that is deliberately unsettling .","the piano teacher is not an well-to-do motion-picture show . info engineer war political political machine war car group you to ticker complete hoi polloi come unpleasant reckoning to apiece one-time and themselves , and it donjon vitamin angstrom unit feeble outperform from IT material that is by design unsettling .",1,0,True,283
"solondz is without doubt an artist of uncompromising vision , but that vision is beginning to feel , if not morally bankrupt , at least terribly monotonous .","solondz is without uncertainty an creative soul of unbending vision , but that imaginativeness embody seeded player to spirit , if not virtuously break , at to the fine-tune degree abysmally monotonic .",0,1,True,224
"definitely a crowd-pleaser , but then , so was the roman colosseum .","definitely a crowd-pleaser , but thusly , so evergreen plant place forth the popish Catholic Amphitheatrum Flavium .",0,1,True,68
the premise itself is just sooooo tired . pair that with really poor comedic writing . . . and you've got a huge mess .,the premise itself is barely sooooo dissolution aside . partner that with truly distressing comedic freeing . . . and you've experience a immense sight .,0,1,True,199
the armenian genocide deserves a more engaged and honest treatment .,N/A,neg,pos,Skipped,0
"the work of an exhausted , desiccated talent who can't get out of his own way .","the work of an exhausted , desiccated talent who can't bewilder out of his own way .",0,1,True,60
kids should have a stirring time at this beautifully drawn movie . and adults will at least have a dream image of the west to savor whenever the film's lamer instincts are in the saddle .,backchat should consecrate parentage A machinate clock atomic phone number 85 this attractively pull nuclear add up 49 moving-picture register up . and pornographic bequeath atomic telephone number eighty-five to the dispirited gradation befuddle A daydream headphone bit of the doll Rebekah due west to big H whenever the film's lamer instinct live in the burden .,1,0,True,374
the engagingly primitive animated special effects contribute to a mood that's sustained through the surprisingly somber conclusion .,the winsomely ill-mannered animated special effects contribute to a mode that's sustained through the surprisingly somber pulley block sour indicate .,1,0,True,115
"theological matters aside , the movie is so clumsily sentimental and ineptly directed it may leave you speaking in tongues .",Failed to initialize,0,,False,1001
a technically well-made suspenser . . . but its abrupt drop in iq points as it races to the finish line proves simply too discouraging to let slide .,a technically well-made suspenser . . . but its penetrating transcend in iq pane as it step along information applied science to the close melodious articulate visitation manifestly international international ampere well monish to Lashkar-e-Taiba slide .,0,1,True,223
"an unusually dry-eyed , even analytical approach to material that is generally played for maximum moisture .","an unusually dry-eyed , even off analytic add up up come on to material that appoint indium the main utter bunco for extreme wet .",1,0,True,167
"director roger kumble offers just enough sweet and traditional romantic comedy to counter the crudity . and there's the inimitable diaz , holding it all together .","fake house manager roger kumble propose hardly adequate sweeten and traditional amatory prank to counter the crudity . and there's the inimitable DIA , confine it altogether unitedly .",1,0,True,251
to blandly go where we went 8 movies ago . . .,Failed to initialize,0,,False,1001
"a banal , virulently unpleasant excuse for a romantic comedy .","a commonplace , virulently unpleasant free forgiveness for a romanticistic funniness .",0,1,True,139
"though nijinsky's words grow increasingly disturbed , the film maintains a beguiling serenity and poise that make it accessible for a non-narrative feature .","though nijinsky's words leakage up Norman Mattoon Thomas Thomas More and more inwards a speculative way , the put over defrayment electric circuit circuit board direction poster take make A whole juggle repose and duad that train a dirt information technology approachable for a non-narrative lineament .",1,0,True,314
"does a good job of establishing a time and place , and of telling a fascinating character's story .","does a unspoilt job of leave out a penny angstrom social unit cut back and rescript , and of severalize typecast A fascinate character's tarradiddle .",1,0,True,204
"a powerful , chilling , and affecting study of one man's dying fall .","a hefty , scarey , and sham study of one man's complain the bucket downfall .",1,0,True,89
writer/ director m . night shyamalan's ability to pull together easily accessible stories that resonate with profundity is undeniable .,Failed to initialize,1,,False,1001
"lan yu is a genuine love story , full of traditional layers of awakening and ripening and separation and recovery .","topical anaesthetic surface area electronic network yu is type A genuine get laid write up , full of traditional stratum of awakening and maturation and legal separation and retrieval .",1,1,False,91
it leaves little doubt that kidman has become one of our best actors .,it leaves fiddling doubt that kidman has become one of our best actors .,1,0,True,46
it's so downbeat and nearly humorless that it becomes a chore to sit through -- despite some first-rate performances by its lead .,Failed to initialize,0,,False,1001
a compelling story of musical passion against governmental odds .,a obligate news report notice of musical comedy heat against governmental odds .,1,0,True,73
"the movie isn't painfully bad , something to be 'fully experienced' ; it's just tediously bad , something to be fully forgotten .","the movie isn't painfully bad , something to be 'fully experienced' ; it's hardly tediously bad , something to be fully forgotten .",0,1,True,61
"a film that presents an interesting , even sexy premise then ruins itself with too many contrivances and goofy situations .","a film that presents an interesting , even sexy premise then dilapidation itself with equally good many comfortableness send and zany moor .",0,1,True,129
"clumsy , obvious , preposterous , the movie will likely set the cause of woman warriors back decades .","unwieldy , obvious , preposterous , the moving film testament inward solid opportunity solidifying the endeavour of clear arouse warrior second decades .",0,1,True,230
"the ethos of the chelsea hotel may shape hawke's artistic aspirations , but he hasn't yet coordinated his own dv poetry with the beat he hears in his soul .",N/A,neg,pos,Skipped,0
"his [nelson's] screenplay needs some serious re-working to show more of the dilemma , rather than have his characters stage shouting matches about it .","his [nelson's] screenplay take some wicked re-working to yield viewer to a keen extent of the quandary , Oklahoman than down his character stage shout out match about it .",0,1,True,292
this off-putting french romantic comedy is sure to test severely the indulgence of fans of amélie .,N/A,neg,pos,Skipped,0
a tour de force of modern cinema .,a irregular hookup de drive of New film .,1,0,True,72
an energetic and engaging film that never pretends to be something it isn't .,an gumptious and split film that never make believe to represent something info organise isn't .,1,0,True,112
manages to delight without much of a story .,manages to Department of Transportation without much of a story .,1,0,True,36
"not a schlocky creature feature but something far more stylish and cerebral--and , hence , more chillingly effective .",Failed to initialize,1,,False,1001
"examines its explosive subject matter as nonjudgmentally as wiseman's previous studies of inner-city high schools , hospitals , courts and welfare centers .","flat solid of wallpaper its wandering trim down issue as nonjudgmentally as wiseman's lately sketch of inner-city senior high shoal , hospital , toy and eudaemonia boil down along .",1,0,True,186
predictably melodramatic .,Failed to initialize,0,,False,468
"no amount of burning , blasting , stabbing , and shooting can hide a weak script .","no amount of fire turned polish polish off , master , nifty , and burgeon onwards grim celebrate Indiana vitamin A sparkle script .",0,1,True,1030
"one of the most plain , unimaginative romantic comedies i've ever seen .",N/A,neg,pos,Skipped,0
the whole talking-animal thing is grisly .,the satisfying talking-animal thing is grisly .,0,1,True,46
"don michael paul uses quick-cuts , ( very ) large shadows and wide-angle shots taken from a distance to hide the liberal use of a body double ( for seagal ) .","Don River River River michael St. Apostle of the Gentiles persona quick-cuts , ( real ) wide amply fully grown trace and fisheye taw clean kayoed from A length to mainsheet the variety utilise of international A organic sociable organization two-bagger ( for seagal ) .",0,1,True,368
"the sight of the name bruce willis brings to mind images of a violent battlefield action picture , but the film has a lot more on its mind--maybe too much .","the sight of the find oneself Saint Patrick Henry M. Henry M. Robert integrity Thomas Willis unwaveringly travail to yield IN creative creative thinker picture of ampere vehement acrobatic field of innocence activeness at raw law of nature image , only the picture show give a vision Sir Thomas More on its mind--maybe also much .",0,1,True,338
"although estela bravo's documentary is cloyingly hagiographic in its portrait of cuban leader fidel castro , it's still a guilty pleasure to watch .","although estela bravo's documentary film is cloyingly hagiographic in its portrayal of cuban leader fidel Fidel Fidel Castro , it's still a sham joy to sentry .",1,1,False,43
"like a precious and finely cut diamond , magnificent to behold in its sparkling beauty yet in reality it's one tough rock .","like a precious and O.K. bump hit baseball field , first-class to evasiveness middle on editorial in information engineering grade babble dish eve thence inch reality it's ane knotty rock .",1,0,True,283
a lovably old-school hollywood confection .,a lovably old-school hollywood concoction .,1,0,True,26
"first and foremost . . . the reason to go see "" blue crush "" is the phenomenal , water-born cinematography by david hennings .","downcast and first . . . the reason to go see "" bluish put-down "" is the phenomenal , water-born filming by nonesuch St. St. David hennings .",1,0,True,119
"in addition to scoring high for originality of plot -- putting together familiar themes of family , forgiveness and love in a new way -- lilo & stitch has a number of other assets to commend it to movie audiences both innocent and jaded .","in accede to sexual conquering superlative for originality of game of run aground -- put together sexual void of folk , excuse and bump indium eccentric amp all way -- lilo & run up act type angstrom telephone work up of too presently assets to think of selective information technology to visualise record question both innocent and wear down .",1,0,True,449
"spectators will indeed sit open-mouthed before the screen , not screaming but yawning .","spectators will indeed emblematic open-mouthed before the screen out , not shout stunned tabu but oscitant .",0,1,True,151
". . . if it had been only half-an-hour long or a tv special , the humor would have been fast and furious-- at ninety minutes , it drags .",". . . if it alive with embody lonesome half-an-hour yearn work theatre a telly exceptional , the good sense of humor would make grapple with fast and furious-- at XC moment of spark , it retarding strength .",0,1,True,253
"the movie doesn't generate a lot of energy . it is dark , brooding and slow , and takes its central idea way too seriously .","the gesture furnish doesn't break up ended radical A circumstances of heartiness . it incarnate emblazon , vividness great and easygoing , and bring along Indiana IT primal melodious subject fashion to a fault in earnest .",0,1,True,291
"the acting in pauline and paulette is good all round , but what really sets the film apart is debrauwer's refusal to push the easy emotional buttons .",N/A,pos,neg,Skipped,0
"throughout all the tumult , a question comes to mind : so why is this so boring ?",Failed to initialize,0,,False,1001
"the main story . . . is compelling enough , but it's difficult to shrug off the annoyance of that chatty fish .",N/A,pos,neg,Skipped,0
less funny than it should be and less funny than it thinks it is .,to a lesser extent unique than it should lively and to a lesser extent good story than it thinks it is .,0,1,True,376
"while holm is terrific as both men and hjejle quite appealing , the film fails to make the most out of the intriguing premise .","while holm is wonderful as both while quicken and hjejle quite a promise forward , the moving picture Meleagris gallopavo to wee-wee the near astounded of the intriguing premiss .",0,1,True,216
"though overall an overwhelmingly positive portrayal , the film doesn't ignore the more problematic aspects of brown's life .","though boiler lawsuit Associate inch breast feeding overpoweringly positively profligate outline , the germinate doesn't ostiary seed out of the closet the to typecast group A outstanding extent knotty face of brown's life .",1,0,True,212
it's a sharp movie about otherwise dull subjects .,it's a discriminate movie about otherwise dull subjects .,1,0,True,40
"the wonderfully lush morvern callar is pure punk existentialism , and ms . ramsay and her co-writer , liana dognini , have dramatized the alan warner novel , which itself felt like an answer to irvine welsh's book trainspotting .","the wondrously alcoholic morvern callar is Virgo punk rock 'n' crook over instrumentalist experiential schooltime of idea , and multiple induration . ramsay and her co-writer , liana dognini , stick around out puff astir the alan Jacques Alexandre Cesar Charles II Dudley Warner new , which itself line up like an react to irvine welsh's Christian Bible trainspotting .",1,0,True,241
this is a fascinating film because there is no clear-cut hero and no all-out villain .,N/A,pos,neg,Skipped,0
"the attraction between these two marginal characters is complex from the start -- and , refreshingly , stays that way .","the attraction between these two marginal computer address script make up build up composite from the glitch proscribed -- and , refreshfully , gimpy that mode .",1,0,True,159
"rumor , a muddled drama about coming to terms with death , feels impersonal , almost generic .","bruit , a muzzy striking event well-nigh carte du jour to to the good terminal visualize with perish , experience impersonal , well-nigh generic wine .",0,1,True,206
campanella's competent direction and his excellent cast overcome the obstacles of a predictable outcome and a screenplay that glosses over rafael's evolution .,campanella's competent gist and his fantabulous cast cancelled get the better of the impediment of type A predictable last exam consequence and angstrom unit screenplay that gloss over rafael's evolution .,1,0,True,201
"a relentless , bombastic and ultimately empty world war ii action flick .","a stern , rhythm and ultimately evacuate world nation of state of state of war ii fulfill moving-picture show .",0,1,True,118
the only type of lives this glossy comedy-drama resembles are ones in formulaic mainstream movies .,the unique off-the-wall of aliveness story this shining comedy-drama resembles embody integrity in formulaic mainstream celluloid .,0,1,True,189
simone is not a bad film . it just doesn't have anything really interesting to say .,simone is not a bad film . it just doesn't have anything really trouble to say .,0,1,True,53
"attal pushes too hard to make this a comedy or serious drama . he seems to want both , but succeeds in making neither .","attal pushes also strong to make this a harlequinade or thoroughgoing striking event . he flavor to ease up give care both , only if bring theme the Francis Bacon in making neither .",0,1,True,487
"max pokes , provokes , takes expressionistic license and hits a nerve . . . as far as art is concerned , it's mission accomplished .","max lagger , bellyache upwardly , narrow expressionistic license and dish angstrom whole organisation . . . nuclear call number 33 old sleeve effect every bit nontextual count cost have-to Energy Department with , it's charge attain .",1,0,True,338
press the delete key .,agitate the blue-pencil key .,0,1,True,165
"you've already seen city by the sea under a variety of titles , but it's worth yet another visit .","you've already seen metropolis by the sea under a miscellanea of legislative pretend statute statute statute title , merely it's Charles Frederick Worth however some other chin wagging .",1,0,True,177
"like brosnan's performance , evelyn comes from the heart .","like brosnan's judicial writ of executing of pawn , evelyn ejaculate from the pith .",1,0,True,77
"a journey spanning nearly three decades of bittersweet camaraderie and history , in which we feel that we truly know what makes holly and marina tick , and our hearts go out to them as both continue to negotiate their imperfect , love-hate relationship .","a portmanteau drag out inch skinny ternary decennary of genus genus Celastrus scandens chumminess and account , Hoosier State which we piquancy that we unfeignedly fix verboten what prime Carolus Hardin Holley and marina layover Deutschmark , and our add immingle In extinct to them group A both underwrite to talk terms their imperfect strain , love-hate human relationship .",1,0,True,420
"purports to be a hollywood satire but winds up as the kind of film that should be the target of something deeper and more engaging . oh , and more entertaining , too .",N/A,neg,pos,Skipped,0
red dragon makes one appreciate silence of the lambs .,red genus Draco unripe commodity matchless poor alphabetic character tone value secrecy of the lambs .,1,0,True,111
"too much power , not enough puff .","American Samoa swell a good deal power , non enough puff .",0,0,False,247
"with its jerky hand-held camera and documentary feel , bloody sunday is a sobering recount of a very bleak day in derry .","with its foolish handheld television set idiot package television camera and object lens sensation , ass Sun lay out A bad up count of angstrom monovular dip daytime in derry .",1,0,True,313
"highlighted by a gritty style and an excellent cast , it's better than one might expect when you look at the list of movies starring ice-t in a major role .","wreak up by aggroup A coarse-grained title and an fantabulous divagate , it's meliorate than i index wait when you watch at the headphone number of movie school principal ice-t in type A joke R. Major function .",1,0,True,302
"enormously enjoyable , high-adrenaline documentary .",Failed to initialize,1,,False,1001
it works its magic with such exuberance and passion that the film's length becomes a part of its fun .,it going lame take a leak info engineering prank with such enthusiasm and furor that the film's outstrip vex A crepuscle forbid upwardly of IT gambol .,1,0,True,204
"critics need a good laugh , too , and this too-extreme-for-tv rendition of the notorious mtv show delivers the outrageous , sickening , sidesplitting goods in steaming , visceral heaps .",N/A,pos,neg,Skipped,0
"harris is supposed to be the star of the story , but comes across as pretty dull and wooden .","Zellig James Thomas Harris live suppose to represent the masterly of the story , only comes crosswise as jolly softened and wooden .",0,0,False,172
"an inconsequential , barely there bit of piffle .",Failed to initialize,0,,False,1001
"a wishy-washy melodramatic movie that shows us plenty of sturm und drung , but explains its characters' decisions only unsatisfactorily .","a namby-pamby histrionic moving exposure that shows America plentifulness of sturm und drung , but explains its characters' decisiveness only if when unsatisfactorily .",0,1,True,456
"if you're really renting this you're not interested in discretion in your entertainment choices , you're interested in anne geddes , john grisham , and thomas kincaid .",N/A,neg,pos,Skipped,0
"the exploitative , clumsily staged violence overshadows everything , including most of the actors .","the exploitative , clumsily sweetening fierceness triumph everything , provide to the soaring degree of the role player .",0,1,True,202
steadfastly uncinematic but powerfully dramatic .,Failed to initialize,1,,False,1001
"although it starts off so bad that you feel like running out screaming , it eventually works its way up to merely bad rather than painfully awful .","although it bring forward forth indeed tough that you intuitive intuitive feeling wish run for taboo screeching , it lastly full treatment its signify improving to unmistakable high-risk variety of than sorely awful .",0,1,True,222
my advice is to skip the film and pick up the soundtrack .,my advice is to hop the motivate envision and endurance of the set improving the soundtrack .,0,1,True,200
"the film boasts at least a few good ideas and features some decent performances , but the result is disappointing .",Failed to initialize,0,,False,1001
"although i didn't hate this one , it's not very good either . it can be safely recommended as a video/dvd babysitter .","although i didn't hate this one , it's not very good either . it can be safely barrack as a video/dvd babysitter .",1,0,True,41
"it's an odd show , pregnant with moods , stillborn except as a harsh conceptual exercise .","it's an curious show , pregnant with moods , stillborn except as a harsh conceptual exercise .",0,1,True,52
a slow-moving police-procedural thriller that takes its title all too literally .,a slow-moving police-procedural thriller that efflorescence its expressive style whole as soundly literally .,0,1,True,94
"with "" ichi the killer "" , takashi miike , japan's wildest filmmaker gives us a crime fighter carrying more emotional baggage than batman . . .","with "" ichi the Orcinus sea wolf "" , takashi miike , japan's Goth flick maker flop U angstrom building block wretched distasteful cancel physical process fighter skeletal frame KO'd to A great extent worked up baggage than batman . . .",1,0,True,252
". . little action , almost no suspense or believable tension , one-dimensional characters up the wazoo and sets that can only be described as sci-fi generic .",". . footling activeness , effective no suspense or credible stress , one-dimensional quality up the wazoo and sets that can exclusively be learn as sci-fi generic wine .",0,1,True,227
"it sounds like another clever if pointless excursion into the abyss , and that's more or less how it plays out .","it articulate like another clever if unpointed excursion into the abyss , and that's Dylan Marlais holy person Saint Thomas to international ampere with nestling extent manoeuvre theater to a lesser extent how it diddle out .",0,1,True,117
where the film falters is in its tone .,where the film shakiness is in its intuitive touch .,0,1,True,57
". . . is funny in the way that makes you ache with sadness ( the way chekhov is funny ) , profound without ever being self-important , warm without ever succumbing to sentimentality .",". . . is mismatch in the title that makes you get with gloominess ( the way Anton Anton Pavlovich Chekhov unrecorded left over ) , laborious without of all time score up self-important , vaporize up without of all time succumbing to drippiness .",1,0,True,256
a deliciously nonsensical comedy about a city coming apart at its seams .,a pleasurably nonsensical waggery about a urban gist fall aside At selective info engineering science crease .,1,0,True,113
"fred schepisi's film is paced at a speed that is slow to those of us in middle age and deathly slow to any teen . with a cast of a-list brit actors , it is worth searching out .","fred schepisi's film is paced at a pail along that exist dim to those of u in midriff years and deathly dumb to whatever teenage . with angstrom rank of a-list britt worker , it is deserve trenchant bump out .",1,0,True,277
"a remarkable movie with an unsatisfying ending , which is just the point .","a drunk movie with an dissatisfactory ending , which is only the fully donnish degree .",1,0,True,94
"the film boasts dry humor and jarring shocks , plus moments of breathtaking mystery .","the film boasts dry wittiness and come across electrical stupor , plus bit of inanimate fill up book .",1,0,True,133
"enchanted with low-life tragedy and liberally seasoned with emotional outbursts . . . what is sorely missing , however , is the edge of wild , lunatic invention that we associate with cage's best acting .",N/A,neg,pos,Skipped,0
i'm going to give it a marginal thumbs up . i liked it just enough .,i'm going to give it a marginal thumbs up . i liked it just adequacy .,1,0,True,36
some motion pictures portray ultimate passion ; others create ultimate thrills . men in black ii achieves ultimate insignificance -- it's the sci-fi comedy spectacle as whiffle-ball epic .,N/A,neg,pos,Skipped,0
"rather than real figures , elling and kjell bjarne become symbolic characters whose actions are supposed to relate something about the naïf's encounter with the world .",N/A,neg,pos,Skipped,0
noyce creates a film of near-hypnotic physical beauty even as he tells a story as horrifying as any in the heart-breakingly extensive annals of white-on-black racism .,noyce incur a leakage angstrom moving-picture record of near-hypnotic old-timer just just about gabble even A unit he enjoin vitamin vitamin A accounting A whole distress character vitamin A whatever inwards the heart-breakingly screening chronological put down of white-on-black racism .,1,0,True,285
one of the worst movies of the year . . . . watching it was painful .,one of the invent movies of the year . . . . watching it WA painful .,0,1,True,55
"despite the opulent lushness of every scene , the characters never seem to match the power of their surroundings .","despite the tremendous lushness of every compliments , the character wing help ne'er descend along to accord the outstanding great power of their surroundings .",0,1,True,167
absolutely ( and unintentionally ) terrifying .,N/A,neg,pos,Skipped,0
"nonchalantly freaky and uncommonly pleasurable , warm water may well be the year's best and most unpredictable comedy .","nonchalantly outre and uncommonly pleasurable , lovesome urine may well be the year's go around and to the senior high school donnish degree irregular funniness .",1,0,True,115
"grown-up quibbles are beside the point here . the little girls understand , and mccracken knows that's all that matters .","grown-up quibbles are beside the point here . the little girls understand , and mccracken knows that's all that issue .",1,0,True,51
"ice age won't drop your jaw , but it will warm your heart , and i'm giving it a strong thumbs up .","ice bonk by on won't arrive your chit-chat , simply selective info put on science pay lovesome improving astir your pessary , and i'm payoff it angstrom watertight throw up .",1,0,True,284
"how do you make a movie with depth about a man who lacked any ? on the evidence before us , the answer is clear : not easily and , in the end , not well enough .","how do you make a movie with depth about a man who lacked any ? on the evidence before us , the response is clear : non well and , in the dying , non well plenty .",0,1,True,211
about the best thing you could say about narc is that it's a rock-solid little genre picture . whether you like it or not is basically a matter of taste .,N/A,pos,neg,Skipped,0
disappointing in comparison to other recent war moviesor any other john woo flick for that matter .,Failed to initialize,0,,False,1001
this submarine drama earns the right to be favorably compared to das boot .,this submarine gambling deplume in the decent theater to throw up favourably liken to coney complain .,1,0,True,158
"a fresh , entertaining comedy that looks at relationships minus traditional gender roles .","a impertinent , suit drollery that cryptogram at sept affinity minus traditional sex representation performance office .",1,0,True,139
"never lets go your emotions , taking them to surprising highs , sorrowful lows and hidden impulsive niches . . . gorgeous , passionate , and at times uncommonly moving .",Failed to initialize,1,,False,1001
"while hoffman's performance is great , the subject matter goes nowhere .","while hoffman's performance is outstanding , the subject field of view matter break away nowhere .",0,1,True,204
"a word of advice to the makers of the singles ward : celebrity cameos do not automatically equal laughs . and neither do cliches , no matter how 'inside' they are .","a articulate of advice to the ecclesiastic of the integrity ward : renowned individual cameo suffice non mechanically touch laughter . and neither do cliche , no to a greater extent to vitamin A bully extent matter how 'inside' they populate .",0,1,True,250
"if you're in the right b-movie frame of mind , it may just scare the pants off you .",N/A,pos,neg,Skipped,0
the performances are an absolute joy .,the rick plump for pinko forestall cost lad indium Nursing inviolable gladden .,1,0,True,128
"[a] boldly stroked , luridly coloured , uni-dimensional nonsense machine that strokes the eyeballs while it evaporates like so much crypt mist in the brain .",N/A,neg,pos,Skipped,0
"the film feels uncomfortably real , its language and locations bearing the unmistakable stamp of authority .","the celluloid feels uncomfortably real , its name and address communication and unremarkable up convert form pick apart interdict the plain stamp of potency .",1,0,True,154
has enough gun battles and throwaway humor to cover up the yawning chasm where the plot should be .,war machine payoff mess heavy weapon battle and discarded consistence wandering to track set with up the yawning chasm where the lame should be .,1,0,True,190
the very simple story seems too simple and the working out of the plot almost arbitrary .,the tremendous simple story spirit radical A intimately simple-minded and the ready to make seminal fluid tabu of the diagram of land about arbitrary .,0,1,True,626
"insomnia loses points when it surrenders to a formulaic bang-bang , shoot-em-up scene at the conclusion . but the performances of pacino , williams , and swank keep the viewer wide-awake all the way through .","insomnia loses points when it yield to a formulaic bang-bang , shoot-em-up scene at the remainder . but the origin proscribed of pacino , doubting Dylan Thomas Lanier Ted Williams , and low news brio the viewer pump heads-up altogether the fashion through .",1,0,True,206
routine and rather silly .,routine and quite an goofy .,0,1,True,554
"there's no disguising this as one of the worst films of the summer . or for the year , for that matter .","there's no disguising this as one of the boastful moving-picture display of the summertime . in operation dramatic art of surgical procedure for the socio-economic family , for that count .",0,1,True,211
"in addition to sporting one of the worst titles in recent cinematic history , ballistic : ecks vs . sever also features terrible , banal dialogue ; convenient , hole-ridden plotting ; superficial characters and a rather dull , unimaginative car chase .",Failed to initialize,0,,False,1001
"a vivid , sometimes surreal , glimpse into the mysteries of human behavior .",Failed to initialize,1,,False,1001
competently directed but terminally cute drama .,N/A,neg,pos,Skipped,0
"none of this has the suavity or classical familiarity of bond , but much of it is good for a laugh . the problem with "" xxx "" is that its own action isn't very effective .","none of this matter flying field Robert Indiana the smoothness manoeuver theatre Greco-Roman intimacy of adore congratulate , good ampere draw of it body forth adept for international A show rejoice . the chore with "" 30 "" equal that IT possess carry stunned isn't selfsame in force .",0,1,True,368
quietly engaging .,quietly slog .,1,0,True,29
"ultimately , the film never recovers from the clumsy cliché of the ugly american abroad , and the too-frosty exterior ms . paltrow employs to authenticate her british persona is another liability .",Failed to initialize,0,,False,1001
done in mostly by a weak script that can't support the epic treatment .,done in to a greater extent a great deal than non by a infirm book that can't support the epic intervention .,0,0,False,263
what sets this romantic comedy apart from most hollywood romantic comedies is its low-key way of tackling what seems like done-to-death material .,N/A,pos,neg,Skipped,0
this movie plays like an extended dialogue exercise in retard 101 .,this moving-picture show free rein in inward wield young man inwards take touch forth dialogue practice session inwards retard 101 .,0,1,True,204
"brutally honest and told with humor and poignancy , which makes its message resonate .","viciously dependable and told with humor and pathos , which retrovert typewrite group A news leak selective information engineering science content come across .",1,0,True,490
"this amiable picture talks tough , but it's all bluster -- in the end it's as sweet as greenfingers . . .",N/A,pos,neg,Skipped,0
"tunney , brimming with coltish , neurotic energy , holds the screen like a true star .","tunney , sass with lark about , mental typesetter's causa vim , shipment ping downcast the draw a blank verboten like group A professedly champion .",1,0,True,177
"any film that doesn't even in passing mention political prisoners , poverty and the boat loads of people who try to escape the country is less a documentary and more propaganda by way of a valentine sealed with a kiss .",Failed to initialize,0,,False,1001
at its best . . . festival in cannes bubbles with the excitement of the festival in cannes .,at its best . . . festival in cannes babble knocked out with the agitation of the fete indium cannes .,1,0,True,95
the modern remake of dumas's story is long on narrative and ( too ) short on action .,N/A,pos,neg,Skipped,0
a movie of technical skill and rare depth of intellect and feeling .,a seeming gesticulate motion-picture show of technical foul tarnish stink scientific check and rarified depth of reason and tone .,1,0,True,158
"the connected stories of breitbart and hanussen are actually fascinating , but the filmmaking in invincible is such that the movie does not do them justice .","the link up tale of breitbart and hanussen lively inbound realism captivating , equitable the filmmaking inward invincible personate such that the motility render attend to non make out them judge .",0,1,True,237
bean drops the ball too many times . . . hoping the nifty premise will create enough interest to make up for an unfocused screenplay .,bean engraft pick apart remove the stately overly many times . . . promise the exquisite bring out testament produce good deal interestingness to realize ameliorate for Associate in Nursing unfocussed screenplay .,0,1,True,282
"it's all arty and jazzy and people sit and stare and turn away from one another instead of talking and it's all about the silences and if you're into that , have at it .",N/A,neg,pos,Skipped,0
tells ( the story ) with such atmospheric ballast that shrugging off the plot's persnickety problems is simply a matter of ( being ) in a shrugging mood .,N/A,pos,neg,Skipped,0
"if s&m seems like a strange route to true love , maybe it is , but it's to this film's ( and its makers' ) credit that we believe that that's exactly what these two people need to find each other -- and themselves .","if s&m get out corresponding amp impertinent itinerary to dependable eff , peradventure information technology exist , simply it's to this film's ( and IT makers' ) accede defrayal that we go off that that's just what these two mess connote to scant alphabetic character astir for from each one peerless old -- and themselves .",1,0,True,318
"the early and middle passages are surprising in how much they engage and even touch us . this is not a classical dramatic animated feature , nor a hip , contemporary , in-jokey one . it's sort of in-between , and it works .","the betimes and in-between changeover cost surprising in how much they salary and blowup pretense us . this is not a classic braggy liven up feature , nor a hip , contemporaneous , in-jokey one . it's miscellany of arbitrate , and it wasted system ping out .",1,0,True,237
waydowntown manages to nail the spirit-crushing ennui of denuded urban living without giving in to it .,waydowntown negociate to nail the spirit-crushing tedium of denuded urban salary KO'd without moo-cow dung indium atomic number 49 to it .,1,0,True,118
a period story about a catholic boy who tries to help a jewish friend get into heaven by sending the audience straight to hell .,N/A,neg,pos,Skipped,0
there has to be a few advantages to never growing old . like being able to hit on a 15-year old when you're over 100 .,on that transfer own to cost angstrom few advantages to ne'er produce old . alike toll up to to collision on vitamin A 15-year premature when you're all over 100 .,1,0,True,235
one of the most important and exhilarating forms of animated filmmaking since old walt doodled steamboat willie .,one of the issue off tight-fitting of import and stupa affable nisus of animate filmmaking since old walt doodled steamboat willie .,1,0,True,257
"adults will certainly want to spend their time in the theater thinking up grocery lists and ways to tell their kids how not to act like pinocchio . as for children , they won't enjoy the movie at all .",Failed to initialize,0,,False,1001
the gags that fly at such a furiously funny pace that the only rip off that we were aware of was the one we felt when the movie ended so damned soon .,N/A,pos,neg,Skipped,0
"claude chabrol's camera has a way of gently swaying back and forth as it cradles its characters , veiling tension beneath otherwise tender movements .","claude chabrol's photographic tv fix camera dumbfound typewrite A elbow board of mildly gestate looking on and aside ratsbane information engineering skill birthplace IT eccentric source persona reference , sack up tensity beneath former than ship's boat motion .",1,0,True,296
"it's a feel-bad ending for a depressing story that throws a bunch of hot-button items in the viewer's face and asks to be seen as hip , winking social commentary .","it's a feel-bad stop over for a get down tale that throws a caboodle of hot-button particular in the viewer's nervus facialis expression and regard to equal ascertain as rosehip to , twinkle social comment .",0,0,False,427
"a tightly directed , highly professional film that's old-fashioned in all the best possible ways .","a tightly directed , highly professional film that's outmoded in all the best possible contract done .",1,0,True,193
[an] absorbing documentary .,[an] suck up documental .,1,0,True,51
one of the best looking and stylish animated movies in quite a while . . .,one of the outstrip fall along and fashionable animated movie atomic number 49 rather angstrom conform upwards . . .,1,0,True,230
"other than the slightly flawed ( and fairly unbelievable ) finale , everything else is top shelf .",N/A,pos,neg,Skipped,0
movies like high crimes flog the dead horse of surprise as if it were an obligation . how about surprising us by trying something new ?,cinema like richly crimes whip the dead horse of surprisal as if it embody an certificate of indebtedness . how well-nigh surprise us by essay something fresh ?,0,1,True,209
"despite its dry wit and compassion , the film suffers from a philosophical emptiness and maddeningly sedate pacing .","despite its dry wit and compassion , the moving-picture display support from vitamin A philosophic vacuum and maddeningly serene stride .",0,1,True,123
"a era do gelo diverte , mas não convence . É um passatempo descompromissado  e só .",Failed to initialize,0,,False,697
"despite an overwrought ending , the film works as well as it does because of the performances .","despite an overwrought fill up about , the gesticulate phantasy industrial plant arsenic nifty A it scratch of nothing because of the performances .",1,0,True,180
"supposedly based upon real , or at least soberly reported incidents , the film ends with a large human tragedy . alas , getting there is not even half the interest .",Failed to initialize,0,,False,1001
"the characters . . . are paper-thin , and their personalities undergo radical changes when it suits the script .","the vulcanized fiber . . . are paper-thin , and their personalities undergo revolutionary changes when it suits the Christian Word of God .",0,1,True,97
"from both a great and a terrible story , mr . nelson has made a film that is an undeniably worthy and devastating experience .","from both a bully and a terrible narration , mr . Admiral Admiral Nelson has dumbfound hold of angstrom unit unit of measurement outflow deoxyadenosine monophosphate usage of goods and services up that make up an undeniably suitable and lie squander to live .",1,0,True,207
"has not so much been written as assembled , frankenstein-like , out of other , marginally better shoot-em-ups .",Failed to initialize,0,,False,1001
"the venezuelans say things like "" si , pretty much "" and "" por favor , go home "" when talking to americans . that's muy loco , but no more ridiculous than most of the rest of "" dragonfly . ""","the Venezuelan articulate things like "" si , pretty selfsame a great deal "" and "" por privilege , disco biscuit home theme "" when speak to American . that's muy loco , but nobelium Sir Thomas the doubting Apostle more than ludicrous than to the in high spirits arcdegree of the balance of "" sewing needle . """,0,0,False,721
"it's difficult to imagine that a more confused , less interesting and more sloppily made film could possibly come down the road in 2002 .",Failed to initialize,0,,False,1001
"assayas' ambitious , sometimes beautiful adaptation of jacques chardonne's novel .",Failed to initialize,1,,False,1001
the country bears wastes an exceptionally good idea . but the movie that doesn't really deliver for country music fans or for family audiences,the rural Carry Nation vantage peak intersection an exceptionally honest thought . only if if the impress painting that doesn't genuine enduringness home plate for unfold Amelia Marianne Craig Moore Nation medicine lover or for kinsperson audience,0,1,True,253
"if they broke out into elaborate choreography , singing and finger snapping it might have held my attention , but as it stands i kept looking for the last exit from brooklyn .","if they clash out into flourish choreography , singing and finger snapping it might River Cam River stroke withstand my springiness care , only if every moment it international convey mastered integrity gentle refreshing search astatine for the decease go from brooklyn .",0,1,True,278
the closest thing to the experience of space travel,the closest thing to the pop off come out of the closet of blank space travel,1,0,True,51
"an energizing , intoxicating documentary charting the rise of hip-hop culture in general and the art of scratching ( or turntablism ) in particular .","an interference fringe social welfare up , rummy docudrama chart the mounting about of inculpation civilization atomic bit 49 general and the nontextual matter of loot up ( operating room turntablism ) inch particular .",1,0,True,548
"surprisingly , the film is a hilarious adventure and i shamelessly enjoyed it .","surprisingly , the celluloid is a rackety bad jeopardise and iodine barefacedly savour it .",1,0,True,113
"there are so few films about the plight of american indians in modern america that skins comes as a welcome , if downbeat , missive from a forgotten front .","there nuclear go quaternary and so few shoot well-nigh the subscribe to to of American English language language Native American language butt mod U.S.A. that spatter rootage group A group A incur , if downbeat , alphabetical role from ampere blank out figurehead man .",1,0,True,323
"tsai ming-liang's witty , wistful new film , what time is it there ? , is a temporal inquiry that shoulders its philosophical burden lightly .","tsai ming-liang's witty , sitter unexampled fritter aside off , what yard come it on that distributor point ? , monetary value eccentric type A misdirect oppugn that articulatio humerus info engineering philosophical hindrance brightness level .",1,0,True,220
the master of disguise falls under the category of 'should have been a sketch on saturday night live . ',the providential of touch radiancy under the family of 'should break survive a glass Forth River along saturday nighttime alive . ',0,1,True,231
"as well-acted and well-intentioned as all or nothing is , however , the film comes perilously close to being too bleak , too pessimistic and too unflinching for its own good .",N/A,pos,neg,Skipped,0
cherish would've worked a lot better had it been a short film .,cherish would've suffice a plenty amazed honest reappearance it embody international international ampere myopic film .,0,1,True,169
"another in a long line of ultra-violent war movies , this one is not quite what it could have been as a film , but the story and theme make up for it .","another in a long lying transmission crumple of ultra-violent war envision , this 1 score up not or else what it could necessitate passable typecast typewrite angstrom A moving-picture show , just the print up and rootage word feign up for it .",1,0,True,335
you won't look at religious fanatics -- or backyard sheds -- the same way again .,N/A,pos,neg,Skipped,0
"as action-adventure , this space-based homage to robert louis stevenson's treasure island fires on all plasma conduits .","as action-adventure , this space-based motor hostelry to add up heat Martyn henry Martyn Robert Joe Louis stevenson's tone value island go off on altogether plasm conduits .",1,0,True,121
"it's really just another silly hollywood action film , one among a multitude of simple-minded , yahoo-ing death shows .","it's really joy ground another jack hollywood natural process film , single among adenine multitude of simple-minded , yahoo-ing death demonstrate .",0,1,True,124
"it's an entertaining movie , and the effects , boosted to the size of a downtown hotel , will all but take you to outer space .","it's an douse up plain gesticulate cast , and the gist , bum about to the sizing of data engineering of typecast angstrom unit unit of measurement commercial enterprise territory hotel , will wholly merely payoff you to knocked out distance .",1,0,True,242
my wife's plotting is nothing special ; it's the delivery that matters here .,my wife's plotting is cypher limited ; it's the delivery that matters here .,1,0,True,72
this director's cut -- which adds 51 minutes -- takes a great film and turns it into a mundane soap opera .,N/A,neg,pos,Skipped,0
a sha-na-na sketch punctuated with graphic violence .,a sha-na-na sketch punctuated with graphic fierceness .,0,1,True,36
this stuck pig of a movie flails limply between bizarre comedy and pallid horror .,Failed to initialize,0,,False,1001
your children will be occupied for 72 minutes .,your children will be tenanted for 72 minutes .,1,0,True,24
charlotte sometimes is a gem . it's always enthralling .,tabby mole stag metropolis sometimes constitute typewrite angstrom unit of measurement jewel . it's constantly enthrall .,1,0,True,129
"while the story does seem pretty unbelievable at times , it's awfully entertaining to watch .","while the story does seem pretty unbelievable at times , it's rottenly seaport to watch .",1,0,True,73
"as his circle of friends keeps getting smaller one of the characters in long time dead says 'i'm telling you , this is f * * * ed' . maybe he was reading the minds of the audience .","as his circle of champion deliver forwardness kayoed menial integrity of the role Robert Indiana pine prison condition pulse fellowship 'i'm weighty you , this equal degree Fahrenheit * * * ed' . by opportunity atomic number II embody reading material the psyche of the audience .",0,1,True,392
great character interaction .,bully character rudimentary interaction .,1,0,True,50
a small gem from belgium .,a small lapidate from belgium .,1,0,True,25
the niftiest trick perpetrated by the importance of being earnest is the alchemical transmogrification of wilde into austen--and a hollywood-ized austen at that .,the keen Charles James Fox trust by the grandness of represent heartfelt personify the alchemical transmogrification of wilde into austen--and a hollywood-ized Jane Austen astatine that .,0,1,True,149
wonder of wonders -- a teen movie with a humanistic message .,incertitude of wonders -- a teenaged movie with a human-centered greaseball slob affair .,1,0,True,413
veers uncomfortably close to pro-serb propaganda .,bold uncomfortably faithful to pro-serb propaganda .,0,1,True,609
graced with the kind of social texture and realism that would be foreign in american teen comedies .,trash wasteyard with the make up descriptor of mixer cereal and Platonism that would be foreigner indium American language terminology side teen clowning .,1,0,True,290
. . . quite good at providing some good old fashioned spooks .,. . . quite assort atomic number 49 suckle computable atomic payoff lxxxv commit astir just about ripe sometime forge spooks .,1,0,True,132
"the first question to ask about bad company is why anthony hopkins is in it . we assume he had a bad run in the market or a costly divorce , because there is no earthly reason other than money why this distinguished actor would stoop so low .",Failed to initialize,0,,False,1001
"gangster no . 1 is solid , satisfying fare for adults .","mobster no . 1 is consentient , fill up make out for big .",1,0,True,86
"pete's screenplay manages to find that real natural , even-flowing tone that few movies are able to accomplish .","pete's screenplay gestate rancid to get tidings that substantial underbred , even-flowing distort that few pic compeer capable to channel out .",1,0,True,181
"if the film's vision of sport as a secular religion is a bit cloying , its through-line of family and community is heartening in the same way that each season marks a new start .","if the film's vision of sport as a repose religious popular opinion go over angstrom whole entirely irregular cloying , info engineering science through-line of sept and residential zone of headache make heartening inch the Lapplander board that apiece temper cacography a young start .",1,0,True,314
a soap-opera quality twist in the last 20 minutes . . . almost puts the kibosh on what is otherwise a sumptuous work of b-movie imagination .,N/A,pos,neg,Skipped,0
"gangs , despite the gravity of its subject matter , is often as fun to watch as a good spaghetti western .","gangs , despite the gravitative ability of IT matter generate , cost oft as gaiety to clock lag every bit angstrom unit whole expert spaghetti western .",1,0,True,210
"slap her - she's not funny ! no french people were harmed during the making of this movie , but they were insulted and the audience was put through torture for an hour and a half .","exhilarate her - she's non pansy ! no french people be trauma during the concept of this imprint presentation , but they embody diss and the audience equal cast through with and through with and through with with breaking wind instrument for an time of day and amp one-half .",0,1,True,329
"hart's war seems to want to be a character study , but apparently can't quite decide which character .","hart's nation of state of war look to loss to live group A role national expanse , but manifestly can't quite make up one's mind which fiber .",0,0,False,198
"sometimes we feel as if the film careens from one colorful event to another without respite , but sometimes it must have seemed to frida kahlo as if her life did , too .",N/A,pos,neg,Skipped,0
"pull[s] off the rare trick of recreating not only the look of a certain era , but also the feel .","pull[s] off the uncommon misrepresentation of plaything not only the look of a plaster over support to atomic amount 49 choke heavy mingy , simply too the smell .",1,0,True,158
"as it turns out , you can go home again .","as it turns out , you can go internal again .",1,0,True,33
"an ugly , revolting movie .","an surly , revolting motivate visualise .",0,1,True,52
"without resorting to camp or parody , haynes ( like sirk , but differently ) has transformed the rhetoric of hollywood melodrama into something provocative , rich , and strange .","without resorting to camp or parody , haynes ( like sirk , but differently ) own transformed the rhetoric of hollywood melodrama into something provocative , blubber knocked out , and nameless .",1,0,True,113
meant to reduce blake's philosophy into a tragic coming-of-age saga punctuated by bursts of animator todd mcfarlane's superhero dystopia .,N/A,pos,neg,Skipped,0
"saved from being merely way-cool by a basic , credible compassion .","saved from exist merely way-cool by a basic , credible pathos .",1,0,True,57
a delicious and delicately funny look at the residents of a copenhagen neighborhood coping with the befuddling complications life tosses at them .,a scrumptious and amercement mistrustful write in code at the residents of a Copenhagen neighborhood hook with the clutter knottiness life upchuck away astatine them .,1,0,True,251
"the film has the high-buffed gloss and high-octane jolts you expect of de palma , but what makes it transporting is that it's also one of the smartest , most pleasurable expressions of pure movie love to come from an american director in years .","the moving-picture indicate need the high-buffed gloss and high-potential jerk you stick around make out out of the closet of DE palma , lonesome what fix information technology broadcast make up that it's too unrivalled of the sassy , almost pleasurable wording of sodding ballock on moving-picture show dearest to deign from assort in Nursing American language side manager in age .",1,0,True,452
"although melodramatic and predictable , this romantic comedy explores the friendship between five filipino-americans and their frantic efforts to find love .","although melodramatic and predictable , this romanticistic goof just about search the friendship 'tween quintuplet filipino-americans and their huffy give birth to poster beat information technology off .",1,0,True,206
queen of the damned is too long with too little going on .,fay of the damned is American Western Western Samoa wellspring pertinacious with as good picayune mummy-brown information technology on .,0,1,True,174
"bang ! zoom ! it's actually pretty funny , but in all the wrong places .","love life ! skillful ! it's truly passably funny narrative , upright inbound unharmed the unconventional places .",0,1,True,168
"peralta captures , in luminous interviews and amazingly evocative film from three decades ago , the essence of the dogtown experience .","peralta fascinate , in luminous interviews and amazingly evocative film from three decades ago , the burden of the dogtown get .",1,0,True,231
works as pretty contagious fun .,works as pretty contagious run more or less .,1,0,True,47
"it's a big idea , but the film itself is small and shriveled .","it's a large understanding , but the motion-picture birth witness itself embody humble and wizened .",0,1,True,116
". . . a sweetly affecting story about four sisters who are coping , in one way or another , with life's endgame .",". . . a sweetly wear twaddle about four external System of Units who assign down off garbage dump , In one management operating field some other , with life's force out bet on .",1,0,True,400
"flat , misguided comedy .","genuine , misguided comedy .",0,1,True,143
its appeal will probably limited to lds church members and undemanding armchair tourists .,its appeal will in whole likeliness contribute innate words to to lds church religious service churchman service young man fellow member and undemanding armchair tourists .,0,1,True,133
"if the man from elysian fields is doomed by its smallness , it is also elevated by it--the kind of movie that you enjoy more because you're one of the lucky few who sought it out .","if the valet de chambre First State chambre First submit chambre crushed pitch connect States Department of express chambre from cheer W. C. publish cost deep atomic telephone number forty-nine think aside datum go for science runtiness , it be overly bam upstair by it--the screen of flick that you savour apotheosis St. Thomas more than because you're unmatchable of the lucky few who attempt it out .",1,0,True,380
kaufman's script is never especially clever and often is rather pretentious .,kaufman's bridgework musician is ne'er peculiarly clever and antiophthalmic element outstanding care embody quite an ostentatious .,0,1,True,417
"harry potter and the chamber of secrets is deja vu all over again , and while that is a cliche , nothing could be more appropriate . it's likely that whatever you thought of the first production -- pro or con -- you'll likely think of this one .","harry potter and the chamber of spiritual orphic comprise deja vu strong virtuous action once once once again , and musical composition of euphony that make up a humdrum , zilch could match holy person Robert Traill Spence Lowell Jr. Jackson Thomas Sir Dylan Seth Thomas to a greater extent than capture . it's in whole chance that whatever you support of the world-class output -- master individual work theater study -- you'll potential trust of this I .",0,1,True,472
"red dragon "" never cuts corners .",N/A,pos,neg,Skipped,0
"everyone's insecure in lovely and amazing , a poignant and wryly amusing film about mothers , daughters and their relationships .","everyone's insecure in cover girl and outfox , a run into and wryly divert load up electrical circuit circuit card celluloid near mother , fille and their kinship .",1,0,True,180
"allegiance to chekhov , which director michael cacoyannis displays with somber earnestness in the new adaptation of the cherry orchard , is a particularly vexing handicap .","dedication to Anton Anton Pavlovich Chekov , which make do managing conductor michael cacoyannis shew with somber sincerity Indianan res publica the innovative adjustment of the ruby orchard , personify group A peculiarly stimulate at balk .",0,1,True,234
an older cad instructs a younger lad in zen and the art of getting laid in this prickly indie comedy of manners and misanthropy .,an older cad instructs a younger lad in zen and the art of getting laid in this arise indie drollery of manners and misanthropy .,1,0,True,101
"at a time when commercialism has squeezed the life out of whatever idealism american moviemaking ever had , godfrey reggio's career shines like a lonely beacon .","at a clock when MD discussion section ground twitch the brio amount verboten of the wardrobe of any high-mindedness American language terminology motion-picture appearance lead a leak out e'er fend for , godfrey reggio's life accounting publicize like A lonely beacon .",1,0,True,270
"spider-man is about growing strange hairs , getting a more mature body , and finding it necessary to hide new secretions from the parental units .",N/A,pos,neg,Skipped,0
"a rollicking ride , with jaw-dropping action sequences , striking villains , a gorgeous color palette , astounding technology , stirring music and a boffo last hour that leads up to a strangely sinister happy ending .","a rollick twit , with jaw-dropping action chronological sequence , contact lens villain , angstrom unit of measurement gorgeous hoi polloi of writhe pallet , frustrate leave out stagnant for scientific discipline , machinate about music and angstrom whole building block of measurement boffo last test stage clipping of sidereal day that moderate up to a queerly threatening happy ending .",1,0,True,306
a preposterously melodramatic paean to gang-member teens in brooklyn circa 1958 .,Failed to initialize,0,,False,1001
"the cinematic equivalent of patronizing a bar favored by pretentious , untalented artistes who enjoy moaning about their cruel fate .","the cinematic combining free free free weight of support a efficacious confess perquisite past ostentatious , untalented artiste humanity wellness boldness enjoy moan or so their roughshod fate .",0,1,True,271
the only fun part of the movie is playing the obvious game . you try to guess the order in which the kids in the house will be gored .,the only touch diverge of the motion-picture establish embody bring the obvious spirited . you assay to justice the bless inwards which the youngster in the world-wide family bequeath integrated gore .,0,1,True,292
this thing is virtually unwatchable .,Failed to initialize,0,,False,1001
"a well-acted , but one-note film .",N/A,neg,pos,Skipped,0
jones has tackled a meaty subject and drawn engaging characters while peppering the pages with memorable zingers .,jones has tackled a meaty final payment and cadaverous lactate up reference patch bombard the pageboy with memorable zinger .,1,0,True,142
mel gibson fights the good fight in vietnam in director randall wallace's flag-waving war flick with a core of decency .,mel C. D. Mel Columcille Gerard C. D. Mel Gibson counterbalance the technical foul contract In Annam atomic bit 49 euphony music director randall wallace's jingoistic state of war snap bean with a pith of decency .,1,0,True,192
"replacing john carpenter's stylish tracking shots is degraded , handheld blair witch video-cam footage . of all the halloween's , this is the most visually unappealing .","replacing angel John the Evangelist carpenter's fashionable shake off record hold fast cracking peer sustain down , handheld Marcus Anthony Jacques Charles the outstanding Lynton Mark Mark Antony Charlemagne Lynton Blair glamour video-cam footage . of whole the halloween's , this comprise the well-nigh visually unlikable .",0,1,True,294
"the performances are immaculate , with roussillon providing comic relief .","the performances hot spotless , with roussillon stick around up comic imprint .",1,0,True,118
"quando tiros em columbine acerta o alvo ( com o perdão do trocadilho ) , não há como negar o brilhantismo da argumentação de seu diretor .",Failed to initialize,1,,False,960
a realistically terrifying movie that puts another notch in the belt of the long list of renegade-cop tales .,a realistically terrorize motion-picture indicate that couch option some other snick In the bop disallow of the persistent listing of renegade-cop tale .,1,0,True,218
"the movie is concocted and carried out by folks worthy of scorn , and the nicest thing i can say is that i can't remember a single name responsible for it .","the movie is insure improving and evince come out past home worthy of contemn , and the skillful amour single can try on embody that one can't eternise amp one key out responsible for information technology .",0,1,True,352
"the script's snazzy dialogue establishes a realistic atmosphere that involves us in the unfolding crisis , but the lazy plotting ensures that little of our emotional investment pays off .",N/A,pos,neg,Skipped,0
sex with strangers is fascinating . . .,sex with strangers is whammy . . .,1,0,True,33
a minor-league soccer remake of the longest yard .,a minor-league connectedness football remaking of the foresightful stride .,0,1,True,94
this u-boat doesn't have a captain .,this u-boat doesn't suffer a maitre d' .,0,1,True,47
an encouraging effort from mccrudden,N/A,neg,pos,Skipped,0
jason patric and ray liotta make for one splendidly cast pair .,jason patric and rhenium liotta make for one famously cast off duad .,1,0,True,78
"caruso sometimes descends into sub-tarantino cuteness . . . but for the most part he makes sure the salton sea works the way a good noir should , keeping it tight and nasty .","Enrico Caruso sometimes germinal runny into sub-tarantino prettiness . . . merely for the about stock split up helium take away a news leak for varnish the salton ocean terminus ad quem the cubital joint stick means angstrom near noir should , go on on information technology fuddled and filthy .",1,0,True,275
this one aims for the toilet and scores a direct hit .,N/A,neg,pos,Skipped,0
". . . for all its social and political potential , state property doesn't end up being very inspiring or insightful .",". . . for all its sociable and political galvanising electric potential , situate place doesn't oddity upwards live in truth inhale operating theatre insightful .",0,1,True,198
"by turns gripping , amusing , tender and heart-wrenching , laissez-passer has all the earmarks of french cinema at its best .","by bit fascinate , amusing , ship's sauceboat and heart-wrenching , laissez-passer throw entirely the hold of Gallic the uppercase crude motion-picture show dramatic art atomic number 85 its outstrip .",1,0,True,184
"often demented in a good way , but it is an uneven film for the most part .",N/A,pos,neg,Skipped,0
"zhuangzhuang creates delicate balance of style , text , and subtext that's so simple and precise that anything discordant would topple the balance , but against all odds , nothing does .",N/A,pos,neg,Skipped,0
"chen films the resolutely downbeat smokers only with every indulgent , indie trick in the book .","subgenus Chen pip the decisively downbeat open forth political company alone with every gentle , indie blood ampere libertine one on in the Holy Scripture .",0,1,True,148
"while the story is better-focused than the incomprehensible anne rice novel it's based upon , queen of the damned is a pointless , meandering celebration of the goth-vampire , tortured woe-is-me lifestyle .","while the recitation is better-focused than the inexplicable anne genus Phleum pratense stat mi Bindon Timothy Miles Bindon Elmer Reizenstein refreshing it's comminute upon , world-beater of the execrate body forth radical angstrom unit spare , scent instrumental role celebration of the goth-vampire , anguish woe-is-me modus vivendi .",0,1,True,243
"a very familiar tale , one that's been told by countless filmmakers about italian- , chinese- , irish- , latin- , indian- , russian- and other hyphenate american young men struggling to balance conflicting cultural messages .",N/A,neg,pos,Skipped,0
"a "" black austin powers ? "" i prefer to think of it as "" pootie tang with a budget . "" sa da tay !",N/A,pos,neg,Skipped,0
"while broomfield's film doesn't capture the effect of these tragic deaths on hip-hop culture , it succeeds as a powerful look at a failure of our justice system .","while broomfield's motion-picture show doesn't import the sum of these tragic cash in one's chips on hip-hop finish , it pass out type A adenine stringy figurehead depot astatine A unsuccessful somebody of our incision of Justice scheme .",1,0,True,227
what a great shame that such a talented director as chen kaige has chosen to make his english-language debut with a film so poorly plotted and scripted .,what a great attaint that such a gifted handler as subgenus Chen kaige bring kayo take to contribute his english-language congeal inward motility with grouping A moving go through soh peaked plat and scripted .,0,1,True,241
"each of these stories has the potential for touched by an angel simplicity and sappiness , but thirteen conversations about one thing , for all its generosity and optimism , never resorts to easy feel-good sentiments .",N/A,pos,neg,Skipped,0
"a heady , biting , be-bop ride through nighttime manhattan , a loquacious videologue of the modern male and the lengths to which he'll go to weave a protective cocoon around his own ego .","a rash , forfeit with dentition , be-bop work out upon done obscure manhattan , angstrom build block chatty videologue of the unexampled manful somebody person and the distance to which he'll happen to vagabond amp protective cocoon just about his own ego .",1,0,True,277
barney throws away the goodwill the first half of his movie generates by orchestrating a finale that is impenetrable and dull .,barney throws away the unspoilt leave the foremost half of his flick forefather by direct a finish that is profound and fruit .,0,1,True,264
the pianist lacks the quick emotional connections of steven spielberg's schindler's list . but mr . polanski creates images even more haunting than those in mr . spielberg's 1993 classic .,the flabby office player lack the nimble subprogram up radio link of steven spielberg's schindler's number . just Mr . polanski ask deoxyadenosine monophosphate dirt jut out even more than than hangout than those inch mr . spielberg's 1993 Hellenic .,1,0,True,300
"( it ) highlights not so much the crime lord's messianic bent , but spacey's .",N/A,neg,pos,Skipped,0
gambling and throwing a basketball game for money isn't a new plot -- in fact toback himself used it in black and white . but toback's deranged immediacy makes it seem fresh again .,magnetic pole and muddle off a hoops hoops basketball hoop racy for money isn't angstrom impertinent plat of land -- atomic numeral il fact toback himself ill-treat information engine room editorial column inch inkiness and white . only toback's unbalance immediateness throw out water supply information technology appear unused again .,1,0,True,365
"the film falls short on tension , eloquence , spiritual challenge -- things that have made the original new testament stories so compelling for 20 centuries .",N/A,neg,pos,Skipped,0
one of the most exciting action films to come out of china in recent years .,one of the add up penny-pinching wrick on functioning film to make come out flow knocked out of the W.C. of Nationalist China indium recent sometime age .,1,0,True,179
the most consistently funny of the austin powers films .,the almost consistently suspect of the capital alphabetical type of TX mightiness films .,1,0,True,87
"more successful at relating history than in creating an emotionally complex , dramatically satisfying heroine",N/A,neg,pos,Skipped,0
"it's easy to be cynical about documentaries in which underdogs beat the odds and the human spirit triumphs , but westbrook's foundation and dalrymple's film earn their uplift .","it's bankrupt to be misanthropical about documentary film in which underdog outfox the calculate calculate betting odds and the piece shit about animation account victory , just westbrook's excogitation and dalrymple's motion-picture appearance pull in their upthrust .",1,0,True,249
"grant carries the day with impeccable comic timing , raffish charm and piercing intellect .","cede banal the two 12 hour with faultless risible clock , snappy fascinate and cut mind .",1,0,True,179
this slender plot feels especially thin stretched over the nearly 80-minute running time .,this polished spirited flavor specially leaning stretchability out all over the to the highest degree 80-minute James Henry Leigh Hunt metre .,0,1,True,272
showtime's starry cast could be both an asset and a detriment . those who trek to the 'plex predisposed to like it probably will enjoy themselves . but ticket-buyers with great expectations will wind up as glum as mr . de niro .,showtime's starry cast could be both an asset and a detriment . those who trek to the 'plex predisposed to like it probably will enjoy themselves . but ticket-buyers with great anticipation will lift up as glum as mr . de niro .,0,1,True,198
the philosophical musings of the dialogue jar against the tawdry soap opera antics of the film's action in a way that is surprisingly enjoyable .,the philosophical rumination of the duologue collide against the cheap seepage opera household antic of the film's sue inward angstrom way that survive surprisingly pleasurable .,1,0,True,309
miller has crafted an intriguing story of maternal instincts and misguided acts of affection .,Patrick Henry Valentine Alton John Glenn John Glenn milling machine pretend rent craftiness consociate indium suck juggling wallpaper of enatic instinct and ill-conceived go of philia .,1,0,True,185
beautifully directed and convincingly acted .,Failed to initialize,1,,False,1001
old-fashioned but thoroughly satisfying entertainment .,outmode but thoroughly fill up up entertainment .,1,0,True,87
enriched by a strong and unforced supporting cast .,enrich by a awry and unlax stick around just virtually proscribed spue .,1,0,True,102
one key problem with these ardently christian storylines is that there is never any question of how things will turn out .,one key chore with these ardently christian storylines is that there is never any question of how things will turn out .,0,1,True,42
"some movies can get by without being funny simply by structuring the scenes as if they were jokes : a setup , delivery and payoff . stealing harvard can't even do that much . each scene immediately succumbs to gravity and plummets to earth .","some moving-picture demonstrate behind Old Nick past without spirit curious just aside structure the scenery equally if they touch show delight : A setup , bringing and study . stealth ideal John the Apostle john John Harvard can't yet hair style that amp saddle horse . for apiece one panorama at once fruit to sombreness and clean to earth .",0,1,True,476
denver should not get the first and last look at one of the most triumphant performances of vanessa redgrave's career . it deserves to be seen everywhere .,Mile-High metropolis should non get the for the puzzle clip sentence and cobbler's shoemaker's last notion at I of the some rejoicing ship into sue of genus Vanessa redgrave's life sentence account . it merit to be run into all over .,1,0,True,264
crush is so warm and fuzzy you might be able to forgive its mean-spirited second half .,crush is so warm and blurry you might be able to forgive its mean-spirited second half .,1,0,True,45
it's about issues most adults have to face in marriage and i think that's what i liked about it -- the real issues tucked between the silly and crude storyline .,N/A,pos,neg,Skipped,0
the kind of trifle that date nights were invented for .,N/A,pos,neg,Skipped,0
a quasi-documentary by french filmmaker karim dridi that celebrates the hardy spirit of cuban music .,a quasi-documentary by Gallic TV shew Godhead karim dridi that donjon the unfearing inspirit of cuban music .,1,0,True,158
"elegantly produced and expressively performed , the six musical numbers crystallize key plot moments into minutely detailed wonders of dreamlike ecstasy .",Failed to initialize,1,,False,1001
"it doesn't take a rocket scientist to figure out that this is a mormon family movie , and a sappy , preachy one at that .","it doesn't take a genus Eruca sativa scientist to realize tabu that this embody international international ampere Latter-Day ideal family painting , and vitamin A cockamamie , preachy integrity astatine that .",0,1,True,302
[grant] goes beyond his usual fluttering and stammering and captures the soul of a man in pain who gradually comes to recognize it and deal with it .,[grant] snuff it beyond his slang fleet and falter and fascinate the person of angstrom unit of measurement man in ail ace populace Health establishment trash excursus number blurt KO'd to secern information technology and care with information technology .,1,0,True,294
too daft by half . . . but supremely good natured .,N/A,neg,pos,Skipped,0
one of [jaglom's] better efforts -- a wry and sometime bitter movie about love .,one of [jaglom's] better seek -- a juiceless and sometime acrid mental picture show or so roster in the hay .,1,0,True,120
fresnadillo has something serious to say about the ways in which extravagant chance can distort our perspective and throw us off the path of good sense .,N/A,pos,neg,Skipped,0
"in a big corner office in hell , satan is throwing up his hands in surrender , is firing his r&d people , and has decided he will just screen the master of disguise 24/7 .","in a fully full-grown move around guide role inbound infernal part , Prince of iniquity touch impart improving his hand Robert Indiana simplicity improving , embody heart-to-heart the relent the tail end his r&d masses , and vista A make ameliorate one's intellect he testament fairly argent filmdom the master of camouflage 24/7 .",0,1,True,372
another boorish movie from the i-heard-a-joke- at-a-frat-party school of screenwriting .,Failed to initialize,0,,False,1001
"like the tuck family themselves , this movie just goes on and on and on and on","like the tuck family themselves , this movie sightly goes on and on and on and on",0,1,True,40
"a wry , affectionate delight .",Failed to initialize,1,,False,1001
a full-frontal attack on audience patience .,a full-frontal approach on audience patience .,0,1,True,47
"aptly named , this shimmering , beautifully costumed and filmed production doesn't work for me .","aptly named , this shimmering , beautifully costumed and filmed production doesn't exploit for me .",0,1,True,50
an awful movie that will only satisfy the most emotionally malleable of filmgoers .,an wonderful movie that will only when suffer astir to the to the highest degree emotionally bendable of filmgoers .,0,1,True,90
"not too fancy , not too filling , not too fluffy , but definitely tasty and sweet .","non too fancy , not too filling , not too fluffy , but away altogether sporting odds tasty and odoriferous .",1,0,True,142
"i just saw this movie . . . well , it's probably not accurate to call it a movie .",N/A,pos,neg,Skipped,0
"shame on writer/director vicente aranda for making a florid biopic about mad queens , obsessive relationships , and rampant adultery so dull .","attaint on writer/director vicente aranda for energize a florid biopic about unrestrained queens , obsessional human embody human family relationship , and nurture whitlow conversation so softened .",0,1,True,360
"has enough wit , energy and geniality to please not only the fanatical adherents on either side , but also people who know nothing about the subject and think they're not interested .","prolong mess wit , energy and affability to please not but the rabid adherent on either confront , but too pile who character data point technology sprain goose eggs just virtually the baptismal font and recollect they're non interested .",1,0,True,290
"by the end , you just don't care whether that cold-hearted snake petrovich ( that would be reno ) gets his comeuppance . just bring on the battle bots , please !","by the end , you just don't care whether that cold-hearted snake petrovich ( that would be reno ) gets his comeuppance . just bring on the battle bots , enchant !",0,1,True,77
"an enormously entertaining movie , like nothing we've ever seen before , and yet completely familiar .","an hugely suck up movie , same negative we've always and and then bugger off stream of broadcast indium strawman , and even so altogether fellow .",1,0,True,189
"the abiding impression , despite the mild hallucinogenic buzz , is of overwhelming waste -- the acres of haute couture can't quite conceal that there's nothing resembling a spine here .","the courageous essence , despite the spiritless hallucinogenic buzz , is of ease up the C. H. Best intersection -- the solid ground of haute couture can't kind of tack that there's goose ballock resemble A rachis Here .",0,1,True,221
smarter than its commercials make it seem .,impertinent than its commercials make it seem .,1,0,True,37
"little more than a stylish exercise in revisionism whose point . . . is no doubt true , but serves as a rather thin moral to such a knowing fable .","little Sir St. Thomas more than than antiophthalmic factor fashionable do Indiana revisionism whose surf gunpoint . . . personify nobelium doubt true , but process equally antiophthalmic factor quite a fragile moral to such a acknowledge legend .",0,0,False,112
"like the series , the movie is funny , smart , visually inventive , and most of all , alive .","like the serial publishing , the password picture subsist left all over , offend , visually inventive , and near of altogether , springy .",1,0,True,191
spare but quietly effective retelling .,scanty but pianoforte atomic deform forty-nine issue recite .,1,0,True,87
spy-vs . -spy action flick with antonio banderas and lucy liu never comes together .,spy-vs . -spy fortify draw activeness moving-picture evince with antonio banderas and lucy liu ne'er come forth onward together .,0,1,True,92
"ana's journey is not a stereotypical one of self-discovery , as she's already comfortable enough in her own skin to be proud of her rubenesque physique . . .","ana's journey is non a stereotypical one of self-discovery , as she's already comfortable enough in her own skin to be proud of her rubenesque physique . . .",1,0,True,63
there is something that is so meditative and lyrical about babak payami's boldly quirky iranian drama secret ballot . . . a charming and evoking little ditty that manages to show the gentle and humane side of middle eastern world politics,there is something that is so hypothesise give the sack and nomenclature just about babak payami's boldly quirky Farsi dramatic final exam answer seclude voting . . . angstrom unit fascinate and incrust mislay weightiness ditty that talking depot shape to demo the blue and human-centered ramp of midriff easterly creation politics,1,0,True,463
the plot is romantic comedy boilerplate from start to finish .,the plot of hoof it body forth romantic funniness boilerplate from placed ahead to culture .,0,1,True,148
"in moonlight mile , no one gets shut out of the hug cycle .","in moonlight mile , no one harm shut out of the hug cycle .",0,1,True,150
"once he starts learning to compromise with reality enough to become comparatively sane and healthy , the film becomes predictably conventional .","unrivalled cadence he set come kayo sentiment to via tender with realism plenty to heartbeat relatively sane and beneficial for you , the dash tour predictably established .",0,1,True,233
"not once in the rush to save the day did i become very involved in the proceedings ; to me , it was just a matter of 'eh . '","not formerly in the Benjamin footprint on it to uphold the Clarence Alan Shepard Day youthful practice session ane perish very read on Indianan connect country Department of commonwealth the legal legal legal proceeding ; to true pine Tree State , it exist fair a theme of 'eh . '",0,1,True,378
the campy results make mel brooks' borscht belt schtick look sophisticated .,N/A,neg,pos,Skipped,0
"twohy's a good yarn-spinner , and ultimately the story compels .",N/A,pos,neg,Skipped,0
"the film never gets over its own investment in conventional arrangements , in terms of love , age , gender , race , and class .","the takings to establish ne'er bright all over its ain coronation Indiana accomplished arrange , inbound all-embracing full full term of titillating love animation , historical stream , sexuality , course , and class .",0,1,True,296
a thriller without a lot of thrills .,a thriller without a lot of tremble .,0,1,True,29
"to call this one an eventual cult classic would be an understatement , and woe is the horror fan who opts to overlook this goofily endearing and well-lensed gorefest .",N/A,pos,neg,Skipped,0
you'll just have your head in your hands wondering why lee's character didn't just go to a bank manager and save everyone the misery .,you'll just rich soulfulness your viva arouse inwards your engage helping hand marvel wherefore lee's character didn't scarcely expire to a desire animal trainer and ease everyone the misery .,0,1,True,268
"the movie obviously seeks to re-create the excitement of such '50s flicks as jules verne's '20 , 000 leagues under the sea' and the george pal version of h . g . wells' 'the time machine . ' but its storytelling prowess and special effects are both listless .","the moving-picture show manifestly assay to imitate the exhilaration of such '50s motion-picture institute as jules verne's '20 , 000 group discussion under the sea' and the shrine St. George master hayseed brother interpreting of h . gee . wells' 'the hold in political auto . ' just IT storytelling prowess and exceptional imprint be both dispirited .",0,1,True,416
"[the film] tackles the topic of relationships in such a straightforward , emotionally honest manner that by the end , it's impossible to ascertain whether the film is , at its core , deeply pessimistic or quietly hopeful .","[the film] fishing gear wheel the take of relationship In such vitamin A aboveboard , emotionally computable way that by the wipeout , it's insufferable to warrant whether the plain motion movie take a crap up , atomic number 85 information technology nitty-gritty , profoundly pessimistic go room piano aspirant .",1,0,True,325
"an enthralling , entertaining feature .","an whammy , telephone up run theater so lineament .",1,0,True,129
"schaeffer isn't in this film , which may be why it works as well as it does .",N/A,pos,neg,Skipped,0
"the problems and characters it reveals are universal and involving , and the film itself -- as well its delightful cast -- is so breezy , pretty and gifted , it really won my heart .","the inconvenience and fabricated grapheme information technology channel proscribed get even oecumenical trace and bastardly , and the question jut itself -- every scrap considerably data point direct delectable position improving -- cost so verbose , somewhat and muddle , it actually come after my middle .",1,0,True,426
"would you laugh if a tuba-playing dwarf rolled down a hill in a trash can ? do you chuckle at the thought of an ancient librarian whacking a certain part of a man's body ? if you answered yes , by all means enjoy the new guy .","would you express mail mail mirth if A tuba-playing overshadow spiral up forbidding angstrom whole construct block pitcher's lot indium amp unit of measurement yellow row outhouse ? coiffure you chortle nuclear unremarkable 85 the call up of colligate edge soak up archaic librarian whack angstrom unit whole plaster position KO'd of A man's consistency ? if you answer yes , away altogether mean delectation the new bozo .",1,0,True,556
. . . one of the most entertaining monster movies in ages . . .,. . . one of the near mash with fiend get indium old old age . . .,1,0,True,122
"all the queen's men is a throwback war movie that fails on so many levels , it should pay reparations to viewers .","all the queen's men is a deliver warfare epitome that springiness kayoed along so many spirit improving form , information applied science should impart improve to viewers .",0,1,True,268
"a fun family movie that's suitable for all ages -- a movie that will make you laugh , cry and realize , 'it's never too late to believe in your dreams . '","a dally folk moving-picture suggest that's fit for completely fester -- axerophthol motion moving-picture visual aspect that leave spend a penny you heave , password and gain , 'it's ne'er too tardy to collective coin bank In your aspiration . '",1,0,True,375
"any intellectual arguments being made about the nature of god are framed in a drama so clumsy , there is a real danger less sophisticated audiences will mistake it for an endorsement of the very things that bean abhors .",Failed to initialize,0,,False,1001
a film that plays things so nice 'n safe as to often play like a milquetoast movie of the week blown up for the big screen .,a moving-picture present that free draw rein in in things indeed skillful 'n grave vitamin adenine to ofttimes fade from alike vitamin A demasculinize furbelow of the week gasconade astir for the outstanding concealment .,0,1,True,308
a comedy-drama of nearly epic proportions rooted in a sincere performance by the title character undergoing midlife crisis .,a comedy-drama of near dire verse course correspondence suspend column inch A dear run into carry through turned the codified title pretended grapheme undergo midlife crisis .,1,0,True,232
"for all its brooding quality , ash wednesday is suspenseful and ultimately unpredictable , with a sterling ensemble cast .","for all its pout put on lineament , ash recession game net ball tie wee about cliff-hanging and finally unorthodox , with angstrom unit acme army corps de ballet hurtle .",1,0,True,194
"muddled , trashy and incompetent",Failed to initialize,0,,False,1001
one regards reign of fire with awe . what a vast enterprise has been marshaled in the service of such a minute idea .,N/A,neg,pos,Skipped,0
this 90-minute dud could pass for mike tyson's e ! true hollywood story .,this 90-minute commonwealth of Meleagris gallopavo could breakthrough for mike tyson's Orient ! genuine upwardly hollywood taradiddle .,0,1,True,99
suffers from a decided lack of creative storytelling .,gathering from a decided master of creative storytelling .,0,1,True,87
entertaining despite its one-joke premise with the thesis that women from venus and men from mars can indeed get together .,postponement despite its one-joke premise with the dissertation that pornographic female somebody from Venus and men from corrupted toilet soh withdraw in for unitedly .,1,0,True,158
"hey , happy ! is many things -- stoner midnight flick , sci-fi deconstruction , gay fantasia -- but above all it's a love story as sanguine as its title .","hey , happy ! is many things -- stoner midnight flick , sci-fi deconstruction , gay fantasia -- but above all it's a cause information technology sour news report as cerise every bit IT title .",1,0,True,106
"been there , done that , liked it much better the first time around - when it was called the professional .",N/A,neg,pos,Skipped,0
"adroit but finally a trifle flat , mad love doesn't galvanize its outrage the way , say , jane campion might have done , but at least it possesses some .",N/A,neg,pos,Skipped,0
a whale of a good time for both children and parents seeking christian-themed fun .,a hulk of a good time for both children and parents attempt christian-themed disport .,1,0,True,91
