🦥 Unsloth: Will patch your computer to enable 2x faster free finetuning.
🦥 Unsloth Zoo will now patch everything to make training faster!

================================================================================
HQA-Attack on Fine-tuned Mistral Model
================================================================================
Model path: /scratch/gilbreth/raikaa01/Projects/UnslothFinetuning/Mistral/mistral_sentiment_rt_10/final_model
Base model: unsloth/mistral-7b-instruct-v0.3
Synonym method: counter-fitted
Number of samples: 1000
Starting index: 726
Max iterations: 3
Replacement percentage: 0.8
Output file: output/attack_mistral_counter-fitted_20251205_122435.csv
================================================================================

Loading Rotten Tomatoes dataset...
Loaded 1000 samples

Initializing HQA attack for Mistral...
Loading base model: unsloth/mistral-7b-instruct-v0.3
Loading LoRA adapters from: /scratch/gilbreth/raikaa01/Projects/UnslothFinetuning/Mistral/mistral_sentiment_rt_10/final_model
==((====))==  Unsloth 2025.11.3: Fast Mistral patching. Transformers: 4.56.2.
   \\   /|    NVIDIA A100 80GB PCIe. Num GPUs = 1. Max memory: 79.254 GB. Platform: Linux.
O^O/ \_/ \    Torch: 2.9.0+cu128. CUDA: 8.0. CUDA Toolkit: 12.8. Triton: 3.5.0
\        /    Bfloat16 = TRUE. FA [Xformers = None. FA2 = False]
 "-____-"     Free license: http://github.com/unslothai/unsloth
Unsloth: Fast downloading is enabled - ignore downloading bars which are red colored!
Mistral classifier loaded successfully!

Loading counter-fitted embeddings from /scratch/gilbreth/raikaa01/Projects/HardLabelAttacks/HQA_Attack/weights/counter-fitted-vectors.txt...
Loaded 65713 word vectors
Pre-computing cosine similarity matrix (this may take a moment)...
Similarity matrix ready
Synonym extractor initialized with method: counter-fitted
HQA Attack initialized for Mistral model
Device: cuda

================================================================================
Sample 727/1000
================================================================================
True label: negative
Predicted label: negative (confidence: 0.900)

Original: an inconsequential , barely there bit of piffle ....
Label: negative (confidence: 0.900)
Replacing 3 out of 4 important words (80.0%)
After init: an whipper , emphasizing there bit of milo ....
Pred: positive (confidence: 0.900)
Final: an inconsequential , sylvain there bit of lear ....
Final pred: positive (confidence: 0.900)
Queries used: 60

Progress: 1/274
Successful attacks: 1
Failed attacks: 0
Skipped: 0
Success rate: 100.00%

================================================================================
Sample 728/1000
================================================================================
True label: negative
Predicted label: negative (confidence: 0.900)

Original: a wishy-washy melodramatic movie that shows us plenty of sturm und drung , but explains its characte...
Label: negative (confidence: 0.900)
Replacing 10 out of 13 important words (80.0%)
Failed to initialize adversarial example

Progress: 2/274
Successful attacks: 1
Failed attacks: 1
Skipped: 0
Success rate: 50.00%

================================================================================
Sample 729/1000
================================================================================
True label: negative
Predicted label: positive (confidence: 0.900)
Sample is already misclassified - skipping

Progress: 3/274
Successful attacks: 1
Failed attacks: 1
Skipped: 1
Success rate: 50.00%

================================================================================
Sample 730/1000
================================================================================
True label: negative
Predicted label: negative (confidence: 0.900)

Original: the exploitative , clumsily staged violence overshadows everything , including most of the actors ....
Label: negative (confidence: 0.900)
Replacing 7 out of 9 important words (80.0%)
After init: the inspired , existence offbeat violence overshadows espinosa , presidency haru of the safest ....
Pred: positive (confidence: 0.900)
Final: the inspired , clumsily staged violence overshadows neri , including most of the nagged ....
Final pred: positive (confidence: 0.900)
Queries used: 109

Progress: 4/274
Successful attacks: 2
Failed attacks: 1
Skipped: 1
Success rate: 66.67%

================================================================================
Sample 731/1000
================================================================================
True label: positive
Predicted label: positive (confidence: 0.900)

Original: steadfastly uncinematic but powerfully dramatic ....
Label: positive (confidence: 0.900)
Replacing 3 out of 4 important words (80.0%)
After init: steadfastly uncinematic but whar marchers ....
Pred: negative (confidence: 0.900)
Final: steadfastly uncinematic but uite dramatic ....
Final pred: negative (confidence: 0.900)
Queries used: 34

Progress: 5/274
Successful attacks: 3
Failed attacks: 1
Skipped: 1
Success rate: 75.00%

================================================================================
Sample 732/1000
================================================================================
True label: negative
Predicted label: negative (confidence: 0.900)

Original: although it starts off so bad that you feel like running out screaming , it eventually works its way...
Label: negative (confidence: 0.900)
Replacing 10 out of 13 important words (80.0%)
After init: although it kuru off so humus that you keying like antibodies out screaming , it italiano goodlookin...
Pred: positive (confidence: 0.900)
Final: although it starts off so bad that you feel like running out screaming , it eventually works its way...
Final pred: positive (confidence: 0.900)
Queries used: 116

Progress: 6/274
Successful attacks: 4
Failed attacks: 1
Skipped: 1
Success rate: 80.00%

================================================================================
Sample 733/1000
================================================================================
True label: negative
Predicted label: positive (confidence: 0.900)
Sample is already misclassified - skipping

Progress: 7/274
Successful attacks: 4
Failed attacks: 1
Skipped: 2
Success rate: 80.00%

================================================================================
Sample 734/1000
================================================================================
True label: negative
Predicted label: negative (confidence: 0.900)

Original: the film boasts at least a few good ideas and features some decent performances , but the result is ...
Label: negative (confidence: 0.900)
Replacing 8 out of 11 important words (80.0%)
After init: the film woolly at pico a religions good ideas and deakin some confederate seeyou , but the outline ...
Pred: positive (confidence: 0.900)
Final: the film boasts at least a few good ideas and features some decent performances , but the result is ...
Final pred: positive (confidence: 0.900)
Queries used: 80

Progress: 8/274
Successful attacks: 5
Failed attacks: 1
Skipped: 2
Success rate: 83.33%

================================================================================
Sample 735/1000
================================================================================
True label: positive
Predicted label: negative (confidence: 0.900)
Sample is already misclassified - skipping

Progress: 9/274
Successful attacks: 5
Failed attacks: 1
Skipped: 3
Success rate: 83.33%

================================================================================
Sample 736/1000
================================================================================
True label: negative
Predicted label: negative (confidence: 0.900)

Original: it's an odd show , pregnant with moods , stillborn except as a harsh conceptual exercise ....
Label: negative (confidence: 0.900)
Replacing 6 out of 8 important words (80.0%)
After init: it's an fliers show , pregnant with moods , deanne except as a seductively listener achievements ....
Pred: positive (confidence: 0.900)
Final: it's an suds show , pregnant with moods , stillborn except as a butterfingers conceptual raheem ....
Final pred: positive (confidence: 0.900)
Queries used: 77

Progress: 10/274
Successful attacks: 6
Failed attacks: 1
Skipped: 3
Success rate: 85.71%

================================================================================
Sample 737/1000
================================================================================
True label: negative
Predicted label: negative (confidence: 0.900)

Original: a slow-moving police-procedural thriller that takes its title all too literally ....
Label: negative (confidence: 0.900)
Replacing 5 out of 7 important words (80.0%)
After init: a slow-moving police-procedural glows that agrarian its handlebars all too literally ....
Pred: positive (confidence: 0.900)
Final: a slow-moving police-procedural glows that zay its title all too literally ....
Final pred: positive (confidence: 0.900)
Queries used: 55

Progress: 11/274
Successful attacks: 7
Failed attacks: 1
Skipped: 3
Success rate: 87.50%

================================================================================
Sample 738/1000
================================================================================
True label: positive
Predicted label: positive (confidence: 0.900)

Original: with " ichi the killer " , takashi miike , japan's wildest filmmaker gives us a crime fighter carryi...
Label: positive (confidence: 0.900)
Replacing 11 out of 14 important words (80.0%)
After init: with " wussy the carbs " , takashi clutters , japan's wildest writting gives us a unexplained fighte...
Pred: negative (confidence: 0.900)
Final: with " ichi the charging " , takashi miike , japan's wildest filmmaker gives us a unexplained fighte...
Final pred: negative (confidence: 0.900)
Queries used: 110

Progress: 12/274
Successful attacks: 8
Failed attacks: 1
Skipped: 3
Success rate: 88.89%

================================================================================
Sample 739/1000
================================================================================
True label: negative
Predicted label: negative (confidence: 0.900)

Original: . . little action , almost no suspense or believable tension , one-dimensional characters up the waz...
Label: negative (confidence: 0.900)
Replacing 11 out of 14 important words (80.0%)
After init: . . maguire wonderfully , bulkheads no discotheque or hh leonie , one-dimensional guavas up the cont...
Pred: positive (confidence: 0.900)
Final: . . little wholeheartedly , almost no suspense or believable demerit , one-dimensional chapel up the...
Final pred: positive (confidence: 0.900)
Queries used: 149

Progress: 13/274
Successful attacks: 9
Failed attacks: 1
Skipped: 3
Success rate: 90.00%

================================================================================
Sample 740/1000
================================================================================
True label: negative
Predicted label: negative (confidence: 0.900)

Original: it sounds like another clever if pointless excursion into the abyss , and that's more or less how it...
Label: negative (confidence: 0.900)
Replacing 6 out of 8 important words (80.0%)
After init: it bloodshed like another lugo if sohn excursion into the abyss , and that's more or stockholm how i...
Pred: positive (confidence: 0.900)
Final: it ability like another clever if sohn excursion into the abyss , and that's more or less how it pla...
Final pred: positive (confidence: 0.900)
Queries used: 64

Progress: 14/274
Successful attacks: 10
Failed attacks: 1
Skipped: 3
Success rate: 90.91%

================================================================================
Sample 741/1000
================================================================================
True label: negative
Predicted label: negative (confidence: 0.900)

Original: where the film falters is in its tone ....
Label: negative (confidence: 0.900)
Replacing 2 out of 3 important words (80.0%)
After init: where the borghese statistical is in its tone ....
Pred: positive (confidence: 0.900)
Final: where the film voracious is in its tone ....
Final pred: positive (confidence: 0.900)
Queries used: 38

Progress: 15/274
Successful attacks: 11
Failed attacks: 1
Skipped: 3
Success rate: 91.67%

================================================================================
Sample 742/1000
================================================================================
True label: positive
Predicted label: positive (confidence: 0.900)

Original: . . . is funny in the way that makes you ache with sadness ( the way chekhov is funny ) , profound w...
Label: positive (confidence: 0.900)
Replacing 12 out of 16 important words (80.0%)
After init: . . . is choking in the lothar that makes you ache with famished ( the rouge ome is expeditions ) , ...
Pred: negative (confidence: 0.900)
Final: . . . is resell in the way that makes you ache with sadness ( the way chekhov is evildoers ) , profo...
Final pred: negative (confidence: 0.900)
Queries used: 117

Progress: 16/274
Successful attacks: 12
Failed attacks: 1
Skipped: 3
Success rate: 92.31%

================================================================================
Sample 743/1000
================================================================================
True label: positive
Predicted label: positive (confidence: 0.900)

Original: a deliciously nonsensical comedy about a city coming apart at its seams ....
Label: positive (confidence: 0.900)
Replacing 5 out of 7 important words (80.0%)
After init: a veneers abigail comedy about a yd piotr lavelle at its seams ....
Pred: negative (confidence: 0.900)
Final: a flinching nonsensical comedy about a city coming apart at its seams ....
Final pred: negative (confidence: 0.900)
Queries used: 45

Progress: 17/274
Successful attacks: 13
Failed attacks: 1
Skipped: 3
Success rate: 92.86%

================================================================================
Sample 744/1000
================================================================================
True label: positive
Predicted label: positive (confidence: 0.900)

Original: fred schepisi's film is paced at a speed that is slow to those of us in middle age and deathly slow ...
Label: positive (confidence: 0.900)
Replacing 13 out of 17 important words (80.0%)
After init: flop schepisi's film is seraph at a screw that is slow to those of us in joaquim age and deathly ind...
Pred: negative (confidence: 0.900)
Final: fred schepisi's film is paced at a speed that is slow to those of us in middle age and deathly slow ...
Final pred: negative (confidence: 0.900)
Queries used: 108

Progress: 18/274
Successful attacks: 14
Failed attacks: 1
Skipped: 3
Success rate: 93.33%

================================================================================
Sample 745/1000
================================================================================
True label: positive
Predicted label: positive (confidence: 0.900)

Original: a remarkable movie with an unsatisfying ending , which is just the point ....
Label: positive (confidence: 0.900)
Replacing 4 out of 6 important words (80.0%)
After init: a remarkable mettle with an unsatisfying boban , which is clings the point ....
Pred: negative (confidence: 0.900)
Final: a remarkable movie with an unsatisfying ending , which is underworld the point ....
Final pred: negative (confidence: 0.900)
Queries used: 36

Progress: 19/274
Successful attacks: 15
Failed attacks: 1
Skipped: 3
Success rate: 93.75%

================================================================================
Sample 746/1000
================================================================================
True label: positive
Predicted label: positive (confidence: 0.900)

Original: the film boasts dry humor and jarring shocks , plus moments of breathtaking mystery ....
Label: positive (confidence: 0.900)
Replacing 7 out of 9 important words (80.0%)
After init: the borghese nunnally dry prerecorded and jarring menopause , plus melhor of carson mendelssohn ....
Pred: negative (confidence: 0.900)
Final: the film boasts dry narcolepsy and jarring shocks , plus moments of breathtaking mystery ....
Final pred: negative (confidence: 0.900)
Queries used: 64

Progress: 20/274
Successful attacks: 16
Failed attacks: 1
Skipped: 3
Success rate: 94.12%

================================================================================
Sample 747/1000
================================================================================
True label: negative
Predicted label: negative (confidence: 0.900)

Original: enchanted with low-life tragedy and liberally seasoned with emotional outbursts . . . what is sorely...
Label: negative (confidence: 0.900)
Replacing 14 out of 18 important words (80.0%)
After init: enchanted with low-life romancing and animatronic buggy with cheekbone trully . . . what is sorely u...
Pred: positive (confidence: 0.900)
Final: enchanted with low-life tragedy and liberally seasoned with emotional schwinn . . . what is sorely m...
Final pred: positive (confidence: 0.900)
Queries used: 125

Progress: 21/274
Successful attacks: 17
Failed attacks: 1
Skipped: 3
Success rate: 94.44%

================================================================================
Sample 748/1000
================================================================================
True label: positive
Predicted label: positive (confidence: 0.900)

Original: i'm going to give it a marginal thumbs up . i liked it just enough ....
Label: positive (confidence: 0.900)
Replacing 5 out of 7 important words (80.0%)
After init: i'm going to mortality it a marginal rattlesnake up . i coasts it just yak ....
Pred: negative (confidence: 0.900)
Final: i'm going to give it a marginal fond up . i residency it just enough ....
Final pred: negative (confidence: 0.900)
Queries used: 73

Progress: 22/274
Successful attacks: 18
Failed attacks: 1
Skipped: 3
Success rate: 94.74%

================================================================================
Sample 749/1000
================================================================================
True label: negative
Predicted label: positive (confidence: 0.900)
Sample is already misclassified - skipping

Progress: 23/274
Successful attacks: 18
Failed attacks: 1
Skipped: 4
Success rate: 94.74%

================================================================================
Sample 750/1000
================================================================================
True label: negative
Predicted label: positive (confidence: 0.900)
Sample is already misclassified - skipping

Progress: 24/274
Successful attacks: 18
Failed attacks: 1
Skipped: 5
Success rate: 94.74%

================================================================================
Sample 751/1000
================================================================================
True label: positive
Predicted label: positive (confidence: 0.900)

Original: noyce creates a film of near-hypnotic physical beauty even as he tells a story as horrifying as any ...
Label: positive (confidence: 0.900)
Replacing 12 out of 15 important words (80.0%)
After init: noyce bridie a film of near-hypnotic cantata zeppelin premonitions as he nigeria a story as teah as ...
Pred: negative (confidence: 0.900)
Final: noyce creates a film of near-hypnotic physical beauty even as he nigeria a story as horrifying as an...
Final pred: negative (confidence: 0.900)
Queries used: 83

Progress: 25/274
Successful attacks: 19
Failed attacks: 1
Skipped: 5
Success rate: 95.00%

================================================================================
Sample 752/1000
================================================================================
True label: negative
Predicted label: negative (confidence: 0.900)

Original: one of the worst movies of the year . . . . watching it was painful ....
Label: negative (confidence: 0.900)
Replacing 4 out of 6 important words (80.0%)
After init: one of the assuage movies of the year . . . . mandingo it decamp painful ....
Pred: positive (confidence: 0.900)
Final: one of the flowed movies of the year . . . . watching it forbade painful ....
Final pred: positive (confidence: 0.900)
Queries used: 62

Progress: 26/274
Successful attacks: 20
Failed attacks: 1
Skipped: 5
Success rate: 95.24%

================================================================================
Sample 753/1000
================================================================================
True label: negative
Predicted label: negative (confidence: 0.900)

Original: despite the opulent lushness of every scene , the characters never seem to match the power of their ...
Label: negative (confidence: 0.900)
Replacing 7 out of 9 important words (80.0%)
After init: despite the resultant lushness of every nonsensical , the dames paratroops oxen to highbury the deli...
Pred: positive (confidence: 0.900)
Final: despite the opulent lushness of every scene , the characters mischievous seem to match the power of ...
Final pred: positive (confidence: 0.900)
Queries used: 67

Progress: 27/274
Successful attacks: 21
Failed attacks: 1
Skipped: 5
Success rate: 95.45%

================================================================================
Sample 754/1000
================================================================================
True label: negative
Predicted label: negative (confidence: 0.900)

Original: absolutely ( and unintentionally ) terrifying ....
Label: negative (confidence: 0.900)
Replacing 2 out of 3 important words (80.0%)
After init: absolutely ( and woody ) rosebush ....
Pred: positive (confidence: 0.900)
Final: absolutely ( and unintentionally ) esprit ....
Final pred: positive (confidence: 0.900)
Queries used: 36

Progress: 28/274
Successful attacks: 22
Failed attacks: 1
Skipped: 5
Success rate: 95.65%

================================================================================
Sample 755/1000
================================================================================
True label: positive
Predicted label: positive (confidence: 0.900)

Original: nonchalantly freaky and uncommonly pleasurable , warm water may well be the year's best and most unp...
Label: positive (confidence: 0.900)
Replacing 9 out of 12 important words (80.0%)
After init: uhmm freaky and hugs apogee , warm lumumba may donk be the year's body and parada unpredictable fore...
Pred: negative (confidence: 0.900)
Final: nonchalantly freaky and uncommonly tyrannical , warm water may pillock be the year's best and most u...
Final pred: negative (confidence: 0.900)
Queries used: 99

Progress: 29/274
Successful attacks: 23
Failed attacks: 1
Skipped: 5
Success rate: 95.83%

================================================================================
Sample 756/1000
================================================================================
True label: positive
Predicted label: positive (confidence: 0.900)

Original: grown-up quibbles are beside the point here . the little girls understand , and mccracken knows that...
Label: positive (confidence: 0.900)
Replacing 8 out of 11 important words (80.0%)
After init: grown-up quibbles afterburners beside the point here . the little girls compost , and fences persona...
Pred: negative (confidence: 0.900)
Final: grown-up quibbles are beside the point here . the little girls damnation , and mccracken knows that'...
Final pred: negative (confidence: 0.900)
Queries used: 73

Progress: 30/274
Successful attacks: 24
Failed attacks: 1
Skipped: 5
Success rate: 96.00%

================================================================================
Sample 757/1000
================================================================================
True label: positive
Predicted label: positive (confidence: 0.900)

Original: ice age won't drop your jaw , but it will warm your heart , and i'm giving it a strong thumbs up ....
Label: positive (confidence: 0.900)
Replacing 8 out of 10 important words (80.0%)
After init: questionnaire arrangements won't huber your abject , but it will warm your humiliation , and i'm giv...
Pred: negative (confidence: 0.900)
Final: ice age won't drop your jaw , but it will warm your humiliation , and i'm giving it a strong fiind u...
Final pred: negative (confidence: 0.900)
Queries used: 119

Progress: 31/274
Successful attacks: 25
Failed attacks: 1
Skipped: 5
Success rate: 96.15%

================================================================================
Sample 758/1000
================================================================================
True label: negative
Predicted label: negative (confidence: 0.900)

Original: how do you make a movie with depth about a man who lacked any ? on the evidence before us , the answ...
Label: negative (confidence: 0.900)
Replacing 11 out of 14 important words (80.0%)
After init: how do you make a soto with opus about a machinegun who fowl any ? on the evidence before us , the c...
Pred: positive (confidence: 0.900)
Final: how do you make a movie with depth about a man who lacked any ? on the evidence before us , the answ...
Final pred: positive (confidence: 0.900)
Queries used: 164

Progress: 32/274
Successful attacks: 26
Failed attacks: 1
Skipped: 5
Success rate: 96.30%

================================================================================
Sample 759/1000
================================================================================
True label: positive
Predicted label: positive (confidence: 0.900)

Original: about the best thing you could say about narc is that it's a rock-solid little genre picture . wheth...
Label: positive (confidence: 0.900)
Replacing 9 out of 12 important words (80.0%)
After init: about the best thing you could say about clemenceau is that it's a rock-solid recreate thingamajig p...
Pred: negative (confidence: 0.900)
Final: about the best thing you could say about narc is that it's a rock-solid little stupider picture . wh...
Final pred: negative (confidence: 0.900)
Queries used: 99

Progress: 33/274
Successful attacks: 27
Failed attacks: 1
Skipped: 5
Success rate: 96.43%

================================================================================
Sample 760/1000
================================================================================
True label: negative
Predicted label: negative (confidence: 0.900)

Original: disappointing in comparison to other recent war moviesor any other john woo flick for that matter ....
Label: negative (confidence: 0.900)
Replacing 8 out of 11 important words (80.0%)
After init: woe in properly to other beautification war movies or any other convictions warlike flick for that i...
Pred: positive (confidence: 0.900)
Final: ilene in comparison to other recent war movies or any other john woo flick for that matter ....
Final pred: positive (confidence: 0.900)
Queries used: 76

Progress: 34/274
Successful attacks: 28
Failed attacks: 1
Skipped: 5
Success rate: 96.55%

================================================================================
Sample 761/1000
================================================================================
True label: positive
Predicted label: positive (confidence: 0.900)

Original: this submarine drama earns the right to be favorably compared to das boot ....
Label: positive (confidence: 0.900)
Replacing 6 out of 8 important words (80.0%)
After init: this submarine wackos earns the christiane to be scorpio deletion to baths boot ....
Pred: negative (confidence: 0.900)
Final: this submarine wackos earns the right to be huffing hooked to das boot ....
Final pred: negative (confidence: 0.900)
Queries used: 80

Progress: 35/274
Successful attacks: 29
Failed attacks: 1
Skipped: 5
Success rate: 96.67%

================================================================================
Sample 762/1000
================================================================================
True label: positive
Predicted label: positive (confidence: 0.900)

Original: a fresh , entertaining comedy that looks at relationships minus traditional gender roles ....
Label: positive (confidence: 0.900)
Replacing 6 out of 8 important words (80.0%)
After init: a norwegians , aclu forecasting that limey at onwards minus tardiness gender roles ....
Pred: negative (confidence: 0.900)
Final: a fresh , suzana midland that perjure at alexandria minus well gender roles ....
Final pred: negative (confidence: 0.900)
Queries used: 135

Progress: 36/274
Successful attacks: 30
Failed attacks: 1
Skipped: 5
Success rate: 96.77%

================================================================================
Sample 763/1000
================================================================================
True label: positive
Predicted label: positive (confidence: 0.900)

Original: never lets go your emotions , taking them to surprising highs , sorrowful lows and hidden impulsive ...
Label: positive (confidence: 0.900)
Replacing 12 out of 16 important words (80.0%)
After init: newtons lets go your emotions , mazda them to gilman diogenes , sorrowful skips and anny terminating...
Pred: negative (confidence: 0.900)
Final: never lets go your emotions , taking them to surprising disadvantages , sorrowful lows and hidden im...
Final pred: negative (confidence: 0.900)
Queries used: 176

Progress: 37/274
Successful attacks: 31
Failed attacks: 1
Skipped: 5
Success rate: 96.88%

================================================================================
Sample 764/1000
================================================================================
True label: negative
Predicted label: negative (confidence: 0.900)

Original: while hoffman's performance is great , the subject matter goes nowhere ....
Label: negative (confidence: 0.900)
Replacing 5 out of 7 important words (80.0%)
After init: while hoffman's bro is great , the subject lacquered cherish nowhere ....
Pred: positive (confidence: 0.900)
Final: while hoffman's performance is great , the subject matter homebody nowhere ....
Final pred: positive (confidence: 0.900)
Queries used: 59

Progress: 38/274
Successful attacks: 32
Failed attacks: 1
Skipped: 5
Success rate: 96.97%

================================================================================
Sample 765/1000
================================================================================
True label: negative
Predicted label: negative (confidence: 0.900)

Original: a word of advice to the makers of the singles ward : celebrity cameos do not automatically equal lau...
Label: negative (confidence: 0.900)
Replacing 11 out of 14 important words (80.0%)
After init: a venetians of mullen to the andreas of the astrid sensed : jurisprudence cameos do heroine automati...
Pred: positive (confidence: 0.900)
Final: a word of advice to the makers of the singles ward : discretion cameos do balancing automatically eq...
Final pred: positive (confidence: 0.900)
Queries used: 160

Progress: 39/274
Successful attacks: 33
Failed attacks: 1
Skipped: 5
Success rate: 97.06%

================================================================================
Sample 766/1000
================================================================================
True label: positive
Predicted label: positive (confidence: 0.900)

Original: if you're in the right b-movie frame of mind , it may just scare the pants off you ....
Label: positive (confidence: 0.900)
Replacing 6 out of 8 important words (80.0%)
After init: if you're in the subjectively b-movie norbert of childcare , it may clings scare the svelte off you ...
Pred: negative (confidence: 0.900)
Final: if you're in the right b-movie frame of hooray , it may horribly scare the pants off you ....
Final pred: negative (confidence: 0.900)
Queries used: 64

Progress: 40/274
Successful attacks: 34
Failed attacks: 1
Skipped: 5
Success rate: 97.14%

================================================================================
Sample 767/1000
================================================================================
True label: positive
Predicted label: positive (confidence: 0.900)

Original: the performances are an absolute joy ....
Label: positive (confidence: 0.900)
Replacing 3 out of 4 important words (80.0%)
After init: the ectoplasmic craps an erased joy ....
Pred: negative (confidence: 0.900)
Final: the performances are an below joy ....
Final pred: negative (confidence: 0.900)
Queries used: 36

Progress: 41/274
Successful attacks: 35
Failed attacks: 1
Skipped: 5
Success rate: 97.22%

================================================================================
Sample 768/1000
================================================================================
True label: negative
Predicted label: negative (confidence: 0.900)

Original: [a] boldly stroked , luridly coloured , uni-dimensional nonsense machine that strokes the eyeballs w...
Label: negative (confidence: 0.900)
Replacing 11 out of 14 important words (80.0%)
After init: [a] boldly purposes , luridly coloured , uni-dimensional horta leos that shatters the adventurers wh...
Pred: positive (confidence: 0.900)
Final: [a] boldly stroked , luridly coloured , uni-dimensional nonsense machine that strokes the eyeballs w...
Final pred: positive (confidence: 0.900)
Queries used: 146

Progress: 42/274
Successful attacks: 36
Failed attacks: 1
Skipped: 5
Success rate: 97.30%

================================================================================
Sample 769/1000
================================================================================
True label: positive
Predicted label: positive (confidence: 0.900)

Original: the film feels uncomfortably real , its language and locations bearing the unmistakable stamp of aut...
Label: positive (confidence: 0.900)
Replacing 8 out of 10 important words (80.0%)
After init: the film feels latecomers aversion , its bowler and jewelz passers the buggering stamp of miramax ....
Pred: negative (confidence: 0.900)
Final: the film feels uncomfortably real , its language and locations bearing the discontented stamp of aut...
Final pred: negative (confidence: 0.900)
Queries used: 63

Progress: 43/274
Successful attacks: 37
Failed attacks: 1
Skipped: 5
Success rate: 97.37%

================================================================================
Sample 770/1000
================================================================================
True label: positive
Predicted label: negative (confidence: 0.900)
Sample is already misclassified - skipping

Progress: 44/274
Successful attacks: 37
Failed attacks: 1
Skipped: 6
Success rate: 97.37%

================================================================================
Sample 771/1000
================================================================================
True label: negative
Predicted label: negative (confidence: 0.900)

Original: the very simple story seems too simple and the working out of the plot almost arbitrary ....
Label: negative (confidence: 0.900)
Replacing 8 out of 10 important words (80.0%)
After init: the hira simple apostles seems hawke enthralled and the ashwood out of the gringo bulkheads plymouth...
Pred: positive (confidence: 0.900)
Final: the very simple story seems too marnie and the working out of the plot almost cupids ....
Final pred: positive (confidence: 0.900)
Queries used: 91

Progress: 45/274
Successful attacks: 38
Failed attacks: 1
Skipped: 6
Success rate: 97.44%

================================================================================
Sample 772/1000
================================================================================
True label: positive
Predicted label: positive (confidence: 0.900)

Original: insomnia loses points when it surrenders to a formulaic bang-bang , shoot-em-up scene at the conclus...
Label: positive (confidence: 0.900)
Replacing 13 out of 17 important words (80.0%)
After init: unconstitutional tryouts seniors when it surrenders to a formulaic bang-bang , shoot-em-up abigail a...
Pred: negative (confidence: 0.900)
Final: unconstitutional opportunists elections when it surrenders to a formulaic bang-bang , shoot-em-up sc...
Final pred: negative (confidence: 0.900)
Queries used: 195

Progress: 46/274
Successful attacks: 39
Failed attacks: 1
Skipped: 6
Success rate: 97.50%

================================================================================
Sample 773/1000
================================================================================
True label: negative
Predicted label: negative (confidence: 0.900)

Original: routine and rather silly ....
Label: negative (confidence: 0.900)
Replacing 2 out of 3 important words (80.0%)
After init: canister and fukuoka silly ....
Pred: positive (confidence: 0.900)
Final: cavalryman and redfoot silly ....
Final pred: positive (confidence: 0.900)
Queries used: 50

Progress: 47/274
Successful attacks: 40
Failed attacks: 1
Skipped: 6
Success rate: 97.56%

================================================================================
Sample 774/1000
================================================================================
True label: negative
Predicted label: negative (confidence: 0.900)

Original: there's no disguising this as one of the worst films of the summer . or for the year , for that matt...
Label: negative (confidence: 0.900)
Replacing 4 out of 6 important words (80.0%)
After init: there's no sagging this as one of the ovations films of the corinne . or for the year , for that lac...
Pred: positive (confidence: 0.900)
Final: there's no protectors this as one of the marmelade films of the summer . or for the year , for that ...
Final pred: positive (confidence: 0.900)
Queries used: 67

Progress: 48/274
Successful attacks: 41
Failed attacks: 1
Skipped: 6
Success rate: 97.62%

================================================================================
Sample 775/1000
================================================================================
True label: negative
Predicted label: negative (confidence: 0.900)

Original: in addition to sporting one of the worst titles in recent cinematic history , ballistic : ecks vs . ...
Label: negative (confidence: 0.900)
Replacing 20 out of 25 important words (80.0%)
After init: in ariel to sporting one of the cleft chrysalis in beautification allura history , gb : ecks vs . fo...
Pred: positive (confidence: 0.900)
Final: in addition to sporting one of the ovations titles in recent cinematic history , ballistic : ecks vs...
Final pred: positive (confidence: 0.900)
Queries used: 272

Progress: 49/274
Successful attacks: 42
Failed attacks: 1
Skipped: 6
Success rate: 97.67%

================================================================================
Sample 776/1000
================================================================================
True label: positive
Predicted label: positive (confidence: 0.900)

Original: a vivid , sometimes surreal , glimpse into the mysteries of human behavior ....
Label: positive (confidence: 0.900)
Replacing 5 out of 7 important words (80.0%)
After init: a immersion , refusal surreal , less into the mysteries of elza behavior ....
Pred: negative (confidence: 0.900)
Final: a stutterer , sometimes surreal , less into the mysteries of human behavior ....
Final pred: negative (confidence: 0.900)
Queries used: 73

Progress: 50/274
Successful attacks: 43
Failed attacks: 1
Skipped: 6
Success rate: 97.73%

================================================================================
Sample 777/1000
================================================================================
True label: negative
Predicted label: negative (confidence: 0.900)

Original: competently directed but terminally cute drama ....
Label: negative (confidence: 0.900)
Replacing 4 out of 5 important words (80.0%)
After init: competently directed but terminally distinctly greenspan ....
Pred: positive (confidence: 0.900)
Final: competently directed but terminally cute rolando ....
Final pred: positive (confidence: 0.900)
Queries used: 43

Progress: 51/274
Successful attacks: 44
Failed attacks: 1
Skipped: 6
Success rate: 97.78%

================================================================================
Sample 778/1000
================================================================================
True label: negative
Predicted label: positive (confidence: 0.900)
Sample is already misclassified - skipping

Progress: 52/274
Successful attacks: 44
Failed attacks: 1
Skipped: 7
Success rate: 97.78%

================================================================================
Sample 779/1000
================================================================================
True label: positive
Predicted label: positive (confidence: 0.900)

Original: quietly engaging ....
Label: positive (confidence: 0.900)
Replacing 1 out of 2 important words (80.0%)
After init: quietly taxpayer ....
Pred: negative (confidence: 0.900)
Final: quietly sicko ....
Final pred: negative (confidence: 0.900)
Queries used: 41

Progress: 53/274
Successful attacks: 45
Failed attacks: 1
Skipped: 7
Success rate: 97.83%

================================================================================
Sample 780/1000
================================================================================
True label: negative
Predicted label: negative (confidence: 0.900)

Original: ultimately , the film never recovers from the clumsy cliché of the ugly american abroad , and the to...
Label: negative (confidence: 0.900)
Replacing 13 out of 17 important words (80.0%)
After init: ultimately , the borghese radiologist beggars from the lottery cliché of the ugly american simpleton...
Pred: positive (confidence: 0.900)
Final: ultimately , the film garry recovers from the clumsy cliché of the ugly american abroad , and the to...
Final pred: positive (confidence: 0.900)
Queries used: 106

Progress: 54/274
Successful attacks: 46
Failed attacks: 1
Skipped: 7
Success rate: 97.87%

================================================================================
Sample 781/1000
================================================================================
True label: negative
Predicted label: negative (confidence: 0.900)

Original: done in mostly by a weak script that can't support the epic treatment ....
Label: negative (confidence: 0.900)
Replacing 6 out of 8 important words (80.0%)
After init: done in lije by a positive script that can't support the pard ocular ....
Pred: positive (confidence: 0.900)
Final: done in mostly by a positive script that can't support the epic treatment ....
Final pred: positive (confidence: 0.900)
Queries used: 60

Progress: 55/274
Successful attacks: 47
Failed attacks: 1
Skipped: 7
Success rate: 97.92%

================================================================================
Sample 782/1000
================================================================================
True label: positive
Predicted label: positive (confidence: 0.900)

Original: what sets this romantic comedy apart from most hollywood romantic comedies is its low-key way of tac...
Label: positive (confidence: 0.900)
Replacing 11 out of 14 important words (80.0%)
After init: what hazard this chode comedy dudu from deteriorated pension yali comedies is its low-key wellness o...
Pred: negative (confidence: 0.900)
Final: what checkups this romantic comedy tunguska from most hollywood romantic comedies is its low-key way...
Final pred: negative (confidence: 0.900)
Queries used: 125

Progress: 56/274
Successful attacks: 48
Failed attacks: 1
Skipped: 7
Success rate: 97.96%

================================================================================
Sample 783/1000
================================================================================
True label: negative
Predicted label: negative (confidence: 0.900)

Original: this movie plays like an extended dialogue exercise in retard 101 ....
Label: negative (confidence: 0.900)
Replacing 4 out of 6 important words (80.0%)
After init: this leng backdrop like an mark dialogue exercise in hauser 101 ....
Pred: positive (confidence: 0.900)
Final: this straightforward plays like an extended dialogue exercise in rabu 101 ....
Final pred: positive (confidence: 0.900)
Queries used: 63

Progress: 57/274
Successful attacks: 49
Failed attacks: 1
Skipped: 7
Success rate: 98.00%

================================================================================
Sample 784/1000
================================================================================
True label: positive
Predicted label: positive (confidence: 0.900)

Original: brutally honest and told with humor and poignancy , which makes its message resonate ....
Label: positive (confidence: 0.900)
Replacing 6 out of 8 important words (80.0%)
After init: brutally oogie and whetstone with xv and poignancy , which makes its procrastinating comes ....
Pred: negative (confidence: 0.900)
Final: brutally shortstop and whetstone with wynne and poignancy , which makes its procrastinating ofthings...
Final pred: negative (confidence: 0.900)
Queries used: 108

Progress: 58/274
Successful attacks: 50
Failed attacks: 1
Skipped: 7
Success rate: 98.04%

================================================================================
Sample 785/1000
================================================================================
True label: positive
Predicted label: positive (confidence: 0.900)

Original: this amiable picture talks tough , but it's all bluster -- in the end it's as sweet as greenfingers ...
Label: positive (confidence: 0.900)
Replacing 6 out of 8 important words (80.0%)
After init: this amiable picture talks thickened , but it's all bluster -- in the jc it's as dudes as greenfinge...
Pred: negative (confidence: 0.900)
Final: this amiable picture talks tough , but it's all bluster -- in the end it's as hummer as greenfingers...
Final pred: negative (confidence: 0.900)
Queries used: 36

Progress: 59/274
Successful attacks: 51
Failed attacks: 1
Skipped: 7
Success rate: 98.08%

================================================================================
Sample 786/1000
================================================================================
True label: positive
Predicted label: positive (confidence: 0.900)

Original: tunney , brimming with coltish , neurotic energy , holds the screen like a true star ....
Label: positive (confidence: 0.900)
Replacing 7 out of 9 important words (80.0%)
After init: parquet , uchi with coltish , unrewarded energy , widespread the screen like a overage preface ....
Pred: negative (confidence: 0.900)
Final: tunney , brimming with coltish , neurotic energy , holds the screen like a true dullard ....
Final pred: negative (confidence: 0.900)
Queries used: 60

Progress: 60/274
Successful attacks: 52
Failed attacks: 1
Skipped: 7
Success rate: 98.11%

================================================================================
Sample 787/1000
================================================================================
True label: negative
Predicted label: negative (confidence: 0.900)

Original: any film that doesn't even in passing mention political prisoners , poverty and the boat loads of pe...
Label: negative (confidence: 0.900)
Replacing 18 out of 23 important words (80.0%)
After init: any borghese that doesn't premonitions in virginal dav tsun prisoners , caving and the coincidental ...
Pred: positive (confidence: 0.900)
Final: any film that doesn't even in passing mention political prisoners , poverty and the boat loads of pe...
Final pred: positive (confidence: 0.900)
Queries used: 232

Progress: 61/274
Successful attacks: 53
Failed attacks: 1
Skipped: 7
Success rate: 98.15%

================================================================================
Sample 788/1000
================================================================================
True label: positive
Predicted label: positive (confidence: 0.900)

Original: at its best . . . festival in cannes bubbles with the excitement of the festival in cannes ....
Label: positive (confidence: 0.900)
Replacing 5 out of 7 important words (80.0%)
After init: at its best . . . teachers in cannes hatching with the eth of the ugliest in cannes ....
Pred: negative (confidence: 0.900)
Final: at its best . . . festival in cannes bubbles with the excitement of the ugliest in cannes ....
Final pred: negative (confidence: 0.900)
Queries used: 42

Progress: 62/274
Successful attacks: 54
Failed attacks: 1
Skipped: 7
Success rate: 98.18%

================================================================================
Sample 789/1000
================================================================================
True label: positive
Predicted label: negative (confidence: 0.900)
Sample is already misclassified - skipping

Progress: 63/274
Successful attacks: 54
Failed attacks: 1
Skipped: 8
Success rate: 98.18%

================================================================================
Sample 790/1000
================================================================================
True label: positive
Predicted label: positive (confidence: 0.900)

Original: a movie of technical skill and rare depth of intellect and feeling ....
Label: positive (confidence: 0.900)
Replacing 5 out of 7 important words (80.0%)
After init: a manali of technical endangerment and benford dunghill of intellect and feeling ....
Pred: negative (confidence: 0.900)
Final: a movie of technical skill and rare dunghill of intellect and feeling ....
Final pred: negative (confidence: 0.900)
Queries used: 42

Progress: 64/274
Successful attacks: 55
Failed attacks: 1
Skipped: 8
Success rate: 98.21%

================================================================================
Sample 791/1000
================================================================================
True label: negative
Predicted label: negative (confidence: 0.900)

Original: the connected stories of breitbart and hanussen are actually fascinating , but the filmmaking in inv...
Label: negative (confidence: 0.900)
Replacing 11 out of 14 important words (80.0%)
After init: the sephardic symmetrical of machu and hanussen are lolita contra , but the disused in mamadou is su...
Pred: positive (confidence: 0.900)
Final: the connected stories of breitbart and hanussen are actually fascinating , but the filmmaking in inv...
Final pred: positive (confidence: 0.900)
Queries used: 109

Progress: 65/274
Successful attacks: 56
Failed attacks: 1
Skipped: 8
Success rate: 98.25%

================================================================================
Sample 792/1000
================================================================================
True label: negative
Predicted label: negative (confidence: 0.900)

Original: bean drops the ball too many times . . . hoping the nifty premise will create enough interest to mak...
Label: negative (confidence: 0.900)
Replacing 12 out of 15 important words (80.0%)
After init: cooney drops the scotsmen spare chevalier barksdale . . . wicker the tempted undergrad will create a...
Pred: positive (confidence: 0.900)
Final: bean drops the ball too many matured . . . hoping the nifty premise will create enough interest to h...
Final pred: positive (confidence: 0.900)
Queries used: 173

Progress: 66/274
Successful attacks: 57
Failed attacks: 1
Skipped: 8
Success rate: 98.28%

================================================================================
Sample 793/1000
================================================================================
True label: negative
Predicted label: positive (confidence: 0.900)
Sample is already misclassified - skipping

Progress: 67/274
Successful attacks: 57
Failed attacks: 1
Skipped: 9
Success rate: 98.28%

================================================================================
Sample 794/1000
================================================================================
True label: positive
Predicted label: positive (confidence: 0.900)

Original: tells ( the story ) with such atmospheric ballast that shrugging off the plot's persnickety problems...
Label: positive (confidence: 0.900)
Replacing 11 out of 14 important words (80.0%)
After init: incorrigible ( the story ) with such ceasing namrata that shrugging off the plot's persnickety rifat...
Pred: negative (confidence: 0.900)
Final: incorrigible ( the story ) with such atmospheric ballast that shrugging off the plot's persnickety p...
Final pred: negative (confidence: 0.900)
Queries used: 121

Progress: 68/274
Successful attacks: 58
Failed attacks: 1
Skipped: 9
Success rate: 98.31%

================================================================================
Sample 795/1000
================================================================================
True label: positive
Predicted label: positive (confidence: 0.900)

Original: if s&m seems like a strange route to true love , maybe it is , but it's to this film's ( and its mak...
Label: positive (confidence: 0.900)
Replacing 12 out of 15 important words (80.0%)
After init: if s&m kung like a heary blanchard to broiling love , maybe it is , but it's to this film's ( and it...
Pred: negative (confidence: 0.900)
Final: if s&m seems like a strange route to true love , maybe it is , but it's to this film's ( and its mak...
Final pred: negative (confidence: 0.900)
Queries used: 141

Progress: 69/274
Successful attacks: 59
Failed attacks: 1
Skipped: 9
Success rate: 98.33%

================================================================================
Sample 796/1000
================================================================================
True label: positive
Predicted label: positive (confidence: 0.900)

Original: the early and middle passages are surprising in how much they engage and even touch us . this is not...
Label: positive (confidence: 0.900)
Replacing 16 out of 20 important words (80.0%)
After init: the gunman and benefactors passages are markedly in how jaiswal they sickened and even touch us . th...
Pred: negative (confidence: 0.900)
Final: the early and middle passages are surprising in how much they sleepwalk and even touch us . this is ...
Final pred: negative (confidence: 0.900)
Queries used: 184

Progress: 70/274
Successful attacks: 60
Failed attacks: 1
Skipped: 9
Success rate: 98.36%

================================================================================
Sample 797/1000
================================================================================
True label: positive
Predicted label: positive (confidence: 0.900)

Original: waydowntown manages to nail the spirit-crushing ennui of denuded urban living without giving in to i...
Label: positive (confidence: 0.900)
Replacing 7 out of 9 important words (80.0%)
Failed to initialize adversarial example

Progress: 71/274
Successful attacks: 60
Failed attacks: 2
Skipped: 9
Success rate: 96.77%

================================================================================
Sample 798/1000
================================================================================
True label: negative
Predicted label: negative (confidence: 0.900)

Original: a period story about a catholic boy who tries to help a jewish friend get into heaven by sending the...
Label: negative (confidence: 0.900)
Replacing 11 out of 14 important words (80.0%)
After init: a period story about a merkin boy who assessments to ladyship a jewish crawler get into corsets by g...
Pred: positive (confidence: 0.900)
Final: a period story about a catholic boy who tries to help a jewish friend get into heaven by sending the...
Final pred: positive (confidence: 0.900)
Queries used: 104

Progress: 72/274
Successful attacks: 61
Failed attacks: 2
Skipped: 9
Success rate: 96.83%

================================================================================
Sample 799/1000
================================================================================
True label: positive
Predicted label: negative (confidence: 0.900)
Sample is already misclassified - skipping

Progress: 73/274
Successful attacks: 61
Failed attacks: 2
Skipped: 10
Success rate: 96.83%

================================================================================
Sample 800/1000
================================================================================
True label: positive
Predicted label: positive (confidence: 0.900)

Original: one of the most important and exhilarating forms of animated filmmaking since old walt doodled steam...
Label: positive (confidence: 0.900)
Replacing 8 out of 11 important words (80.0%)
After init: one of the complaint crites and exhilarating objections of animated goodenough since old floorboards...
Pred: negative (confidence: 0.900)
Final: one of the complaint important and exhilarating moron of animated goodenough since old walt doodled ...
Final pred: negative (confidence: 0.900)
Queries used: 105

Progress: 74/274
Successful attacks: 62
Failed attacks: 2
Skipped: 10
Success rate: 96.88%

================================================================================
Sample 801/1000
================================================================================
True label: negative
Predicted label: negative (confidence: 0.900)

Original: adults will certainly want to spend their time in the theater thinking up grocery lists and ways to ...
Label: negative (confidence: 0.900)
Replacing 15 out of 19 important words (80.0%)
After init: teli will sasquatch highest to kazim their akagi in the theater edwin up londo lists and hawker to t...
Pred: positive (confidence: 0.900)
Final: adults will certainly want to spend their time in the theater thinking up parabolic lists and ways t...
Final pred: positive (confidence: 0.900)
Queries used: 203

Progress: 75/274
Successful attacks: 63
Failed attacks: 2
Skipped: 10
Success rate: 96.92%

================================================================================
Sample 802/1000
================================================================================
True label: positive
Predicted label: positive (confidence: 0.900)

Original: the gags that fly at such a furiously funny pace that the only rip off that we were aware of was the...
Label: positive (confidence: 0.900)
Replacing 12 out of 15 important words (80.0%)
After init: the salutation that exorcised at such a ducking expeditions pace that the aristocrat rip off that we...
Pred: negative (confidence: 0.900)
Final: the gags that fly at such a furiously funny pace that the only rip off that we were aware of was the...
Final pred: negative (confidence: 0.900)
Queries used: 132

Progress: 76/274
Successful attacks: 64
Failed attacks: 2
Skipped: 10
Success rate: 96.97%

================================================================================
Sample 803/1000
================================================================================
True label: positive
Predicted label: positive (confidence: 0.900)

Original: claude chabrol's camera has a way of gently swaying back and forth as it cradles its characters , ve...
Label: positive (confidence: 0.900)
Replacing 13 out of 17 important words (80.0%)
After init: liquidate chabrol's camera benn a surfaced of repented swaying back and pusillanimous as it cradles ...
Pred: negative (confidence: 0.900)
Final: liquidate chabrol's camera has a way of fourteenth swaying back and pusillanimous as it cradles its ...
Final pred: negative (confidence: 0.900)
Queries used: 125

Progress: 77/274
Successful attacks: 65
Failed attacks: 2
Skipped: 10
Success rate: 97.01%

================================================================================
Sample 804/1000
================================================================================
True label: negative
Predicted label: negative (confidence: 0.900)

Original: it's a feel-bad ending for a depressing story that throws a bunch of hot-button items in the viewer'...
Label: negative (confidence: 0.900)
Replacing 12 out of 16 important words (80.0%)
After init: it's a feel-bad yas for a anarchism conjure that dudes a veena of hot-button karthik in the viewer's...
Pred: positive (confidence: 0.900)
Final: it's a feel-bad insignificant for a blucher jutland that charlie a thongs of hot-button items in the...
Final pred: positive (confidence: 0.900)
Queries used: 658

Progress: 78/274
Successful attacks: 66
Failed attacks: 2
Skipped: 10
Success rate: 97.06%

================================================================================
Sample 805/1000
================================================================================
True label: positive
Predicted label: positive (confidence: 0.900)

Original: a tightly directed , highly professional film that's old-fashioned in all the best possible ways ....
Label: positive (confidence: 0.900)
Replacing 7 out of 9 important words (80.0%)
After init: a tightly thee , highly siphoning film that's old-fashioned in all the teens possible dandruff ....
Pred: negative (confidence: 0.900)
Final: a tightly directed , highly sumbitch film that's old-fashioned in all the slaughtered possible ways ...
Final pred: negative (confidence: 0.900)
Queries used: 60

Progress: 79/274
Successful attacks: 67
Failed attacks: 2
Skipped: 10
Success rate: 97.10%

================================================================================
Sample 806/1000
================================================================================
True label: positive
Predicted label: positive (confidence: 0.900)

Original: [an] absorbing documentary ....
Label: positive (confidence: 0.900)
Replacing 1 out of 2 important words (80.0%)
After init: [an] rudimentary documentary ....
Pred: negative (confidence: 0.900)
Final: [an] overturn documentary ....
Final pred: negative (confidence: 0.900)
Queries used: 31

Progress: 80/274
Successful attacks: 68
Failed attacks: 2
Skipped: 10
Success rate: 97.14%

================================================================================
Sample 807/1000
================================================================================
True label: positive
Predicted label: positive (confidence: 0.900)

Original: one of the best looking and stylish animated movies in quite a while . . ....
Label: positive (confidence: 0.900)
Replacing 5 out of 7 important words (80.0%)
After init: one of the courtly looking and workmanship animated movies in rote a scoffs . . ....
Pred: negative (confidence: 0.900)
Final: one of the anchovies looking and stylish animated movies in quite a sambo . . ....
Final pred: negative (confidence: 0.900)
Queries used: 60

Progress: 81/274
Successful attacks: 69
Failed attacks: 2
Skipped: 10
Success rate: 97.18%

================================================================================
Sample 808/1000
================================================================================
True label: positive
Predicted label: positive (confidence: 0.900)

Original: other than the slightly flawed ( and fairly unbelievable ) finale , everything else is top shelf ....
Label: positive (confidence: 0.900)
Replacing 8 out of 10 important words (80.0%)
After init: nutcases than the slightly flawed ( and fairly norwegian ) patricio , peevish else is enes ats ....
Pred: negative (confidence: 0.900)
Final: other than the slightly flawed ( and fairly unbelievable ) khun , everything else is areat shelf ....
Final pred: negative (confidence: 0.900)
Queries used: 79

Progress: 82/274
Successful attacks: 70
Failed attacks: 2
Skipped: 10
Success rate: 97.22%

================================================================================
Sample 809/1000
================================================================================
True label: negative
Predicted label: negative (confidence: 0.900)

Original: movies like high crimes flog the dead horse of surprise as if it were an obligation . how about surp...
Label: negative (confidence: 0.900)
Replacing 11 out of 14 important words (80.0%)
After init: movies level mood crimes flog the materialist otaku of romney as if it envelops an obligation . how ...
Pred: positive (confidence: 0.900)
Final: movies like high crimes flog the dead inexplicably of vfb as if it envelops an obligation . how abou...
Final pred: positive (confidence: 0.900)
Queries used: 137

Progress: 83/274
Successful attacks: 71
Failed attacks: 2
Skipped: 10
Success rate: 97.26%

================================================================================
Sample 810/1000
================================================================================
True label: negative
Predicted label: negative (confidence: 0.900)

Original: despite its dry wit and compassion , the film suffers from a philosophical emptiness and maddeningly...
Label: negative (confidence: 0.900)
Replacing 8 out of 10 important words (80.0%)
After init: despite its dry mazie and arghh , the borghese humans from a tate excelling and maddeningly reexamin...
Pred: positive (confidence: 0.900)
Final: despite its dry wit and compassion , the basilica waxing from a seid excelling and maddeningly sedat...
Final pred: positive (confidence: 0.900)
Queries used: 123

Progress: 84/274
Successful attacks: 72
Failed attacks: 2
Skipped: 10
Success rate: 97.30%

================================================================================
Sample 811/1000
================================================================================
True label: negative
Predicted label: negative (confidence: 0.900)

Original: a era do gelo diverte , mas não convence . É um passatempo descompromissado  e só ....
Label: negative (confidence: 0.900)
Replacing 5 out of 7 important words (80.0%)
After init: a depth do gelo diverte , mas hating convence . É um passatempo descompromissado  e só ....
Pred: positive (confidence: 0.900)
Final: a era do gelo diverte , mas frothing convence . É um passatempo descompromissado  e só ....
Final pred: positive (confidence: 0.900)
Queries used: 33

Progress: 85/274
Successful attacks: 73
Failed attacks: 2
Skipped: 10
Success rate: 97.33%

================================================================================
Sample 812/1000
================================================================================
True label: positive
Predicted label: positive (confidence: 0.900)

Original: despite an overwrought ending , the film works as well as it does because of the performances ....
Label: positive (confidence: 0.900)
Replacing 5 out of 7 important words (80.0%)
After init: despite an overwrought boban , the borghese mailbox as well as it ixnay because of the follicles ....
Pred: negative (confidence: 0.900)
Final: despite an overwrought mamadou , the film mailbox as well as it driest because of the performances ....
Final pred: negative (confidence: 0.900)
Queries used: 89

Progress: 86/274
Successful attacks: 74
Failed attacks: 2
Skipped: 10
Success rate: 97.37%

================================================================================
Sample 813/1000
================================================================================
True label: negative
Predicted label: negative (confidence: 0.900)

Original: supposedly based upon real , or at least soberly reported incidents , the film ends with a large hum...
Label: negative (confidence: 0.900)
Replacing 13 out of 17 important words (80.0%)
After init: humu based upon real , or at pico stranded scrapper spangles , the borghese ends with a remarkable e...
Pred: positive (confidence: 0.900)
Final: supposedly based upon real , or at least soberly reported incidents , the film ends with a large hum...
Final pred: positive (confidence: 0.900)
Queries used: 143

Progress: 87/274
Successful attacks: 75
Failed attacks: 2
Skipped: 10
Success rate: 97.40%

================================================================================
Sample 814/1000
================================================================================
True label: negative
Predicted label: negative (confidence: 0.900)

Original: the characters . . . are paper-thin , and their personalities undergo radical changes when it suits ...
Label: negative (confidence: 0.900)
Replacing 7 out of 9 important words (80.0%)
After init: the salander . . . are paper-thin , and their sceptical aimi eggnog changes when it tomasz the rider...
Pred: positive (confidence: 0.900)
Final: the acropolis . . . are paper-thin , and their personalities undergo radical changes when it reactor...
Final pred: positive (confidence: 0.900)
Queries used: 72

Progress: 88/274
Successful attacks: 76
Failed attacks: 2
Skipped: 10
Success rate: 97.44%

================================================================================
Sample 815/1000
================================================================================
True label: positive
Predicted label: positive (confidence: 0.900)

Original: from both a great and a terrible story , mr . nelson has made a film that is an undeniably worthy an...
Label: positive (confidence: 0.900)
Replacing 8 out of 11 important words (80.0%)
After init: from both a dispatcher and a patria conjure , mr . nelson ostentatious quarts a film that is an scal...
Pred: negative (confidence: 0.900)
Final: from both a great and a terrible story , mr . nelson has made a film that is an culpeper worthy and ...
Final pred: negative (confidence: 0.900)
Queries used: 75

Progress: 89/274
Successful attacks: 77
Failed attacks: 2
Skipped: 10
Success rate: 97.47%

================================================================================
Sample 816/1000
================================================================================
True label: negative
Predicted label: negative (confidence: 0.900)

Original: has not so much been written as assembled , frankenstein-like , out of other , marginally better sho...
Label: negative (confidence: 0.900)
Replacing 8 out of 11 important words (80.0%)
After init: monstro gerri so merrily been thrusters as assembled , frankenstein-like , out of other , barb bette...
Pred: positive (confidence: 0.900)
Final: has divulging so much been written as assembled , frankenstein-like , out of other , marginally bett...
Final pred: positive (confidence: 0.900)
Queries used: 54

Progress: 90/274
Successful attacks: 78
Failed attacks: 2
Skipped: 10
Success rate: 97.50%

================================================================================
Sample 817/1000
================================================================================
True label: negative
Predicted label: positive (confidence: 0.900)
Sample is already misclassified - skipping

Progress: 91/274
Successful attacks: 78
Failed attacks: 2
Skipped: 11
Success rate: 97.50%

================================================================================
Sample 818/1000
================================================================================
True label: negative
Predicted label: negative (confidence: 0.900)

Original: it's difficult to imagine that a more confused , less interesting and more sloppily made film could ...
Label: negative (confidence: 0.900)
Replacing 10 out of 13 important words (80.0%)
After init: it's concentrate to imagine that a flee coal , bullpen interesting and epinephrine sloppily informal...
Pred: positive (confidence: 0.900)
Final: it's scorcher to imagine that a more confused , conks interesting and more sloppily made film could ...
Final pred: positive (confidence: 0.900)
Queries used: 88

Progress: 92/274
Successful attacks: 79
Failed attacks: 2
Skipped: 11
Success rate: 97.53%

================================================================================
Sample 819/1000
================================================================================
True label: positive
Predicted label: positive (confidence: 0.900)

Original: assayas' ambitious , sometimes beautiful adaptation of jacques chardonne's novel ....
Label: positive (confidence: 0.900)
Replacing 6 out of 8 important words (80.0%)
Failed to initialize adversarial example

Progress: 93/274
Successful attacks: 79
Failed attacks: 3
Skipped: 11
Success rate: 96.34%

================================================================================
Sample 820/1000
================================================================================
True label: negative
Predicted label: negative (confidence: 0.900)

Original: the country bears wastes an exceptionally good idea . but the movie that doesn't really deliver for ...
Label: negative (confidence: 0.900)
Replacing 12 out of 16 important words (80.0%)
After init: the mopes bears wastes an exceptionally good nightshirt . but the soto that doesn't toodle deliver f...
Pred: positive (confidence: 0.900)
Final: the taft bears wastes an exceptionally good idea . but the movie that doesn't really deliver for cou...
Final pred: positive (confidence: 0.900)
Queries used: 63

Progress: 94/274
Successful attacks: 80
Failed attacks: 3
Skipped: 11
Success rate: 96.39%

================================================================================
Sample 821/1000
================================================================================
True label: negative
Predicted label: negative (confidence: 0.900)

Original: if they broke out into elaborate choreography , singing and finger snapping it might have held my at...
Label: negative (confidence: 0.900)
Replacing 12 out of 15 important words (80.0%)
After init: if they wrongly out into joaquim frankie , lbo and backstabber snapping it might solomon trentino my...
Pred: positive (confidence: 0.900)
Final: if they broke out into elaborate choreography , singing and finger snapping it might have pursues my...
Final pred: positive (confidence: 0.900)
Queries used: 104

Progress: 95/274
Successful attacks: 81
Failed attacks: 3
Skipped: 11
Success rate: 96.43%

================================================================================
Sample 822/1000
================================================================================
True label: positive
Predicted label: positive (confidence: 0.900)

Original: the closest thing to the experience of space travel...
Label: positive (confidence: 0.900)
Replacing 4 out of 5 important words (80.0%)
After init: the marsupials trite to the maxine of druggies travel...
Pred: negative (confidence: 0.900)
Final: the closest machos to the experience of shamelessness travel...
Final pred: negative (confidence: 0.900)
Queries used: 61

Progress: 96/274
Successful attacks: 82
Failed attacks: 3
Skipped: 11
Success rate: 96.47%

================================================================================
Sample 823/1000
================================================================================
True label: positive
Predicted label: positive (confidence: 0.900)

Original: an energizing , intoxicating documentary charting the rise of hip-hop culture in general and the art...
Label: positive (confidence: 0.900)
Replacing 9 out of 12 important words (80.0%)
After init: an herr , cockroach documentary spectrum the folklore of hip-hop dominique in general and the art of...
Pred: negative (confidence: 0.900)
Final: an bauble , cockroach documentary charting the rise of hip-hop culture in general and the art of scr...
Final pred: negative (confidence: 0.900)
Queries used: 157

Progress: 97/274
Successful attacks: 83
Failed attacks: 3
Skipped: 11
Success rate: 96.51%

================================================================================
Sample 824/1000
================================================================================
True label: positive
Predicted label: positive (confidence: 0.900)

Original: surprisingly , the film is a hilarious adventure and i shamelessly enjoyed it ....
Label: positive (confidence: 0.900)
Replacing 4 out of 6 important words (80.0%)
After init: surprisingly , the borghese is a forced shuttle and i shamelessly scapegoat it ....
Pred: negative (confidence: 0.900)
Final: surprisingly , the film is a ahn adventure and i shamelessly faggot it ....
Final pred: negative (confidence: 0.900)
Queries used: 63

Progress: 98/274
Successful attacks: 84
Failed attacks: 3
Skipped: 11
Success rate: 96.55%

================================================================================
Sample 825/1000
================================================================================
True label: positive
Predicted label: positive (confidence: 0.900)

Original: there are so few films about the plight of american indians in modern america that skins comes as a ...
Label: positive (confidence: 0.900)
Replacing 12 out of 15 important words (80.0%)
After init: there hypertension so few gunslingers about the maca of swole waivers in modern pectorals that skins...
Pred: negative (confidence: 0.900)
Final: there are so few films about the plight of american naruto in modern poitier that skins misspelled a...
Final pred: negative (confidence: 0.900)
Queries used: 119

Progress: 99/274
Successful attacks: 85
Failed attacks: 3
Skipped: 11
Success rate: 96.59%

================================================================================
Sample 826/1000
================================================================================
True label: positive
Predicted label: positive (confidence: 0.900)

Original: tsai ming-liang's witty , wistful new film , what time is it there ? , is a temporal inquiry that sh...
Label: positive (confidence: 0.900)
Replacing 11 out of 14 important words (80.0%)
After init: wasting ming-liang's cufflinks , pastel commie borghese , what fahrenheit is it sadle ? , is a tempo...
Pred: negative (confidence: 0.900)
Final: tsai ming-liang's fumbles , wistful voir film , what fontana is it there ? , is a temporal alarmist ...
Final pred: negative (confidence: 0.900)
Queries used: 156

Progress: 100/274
Successful attacks: 86
Failed attacks: 3
Skipped: 11
Success rate: 96.63%

================================================================================
Sample 827/1000
================================================================================
True label: negative
Predicted label: positive (confidence: 0.900)
Sample is already misclassified - skipping

Progress: 101/274
Successful attacks: 86
Failed attacks: 3
Skipped: 12
Success rate: 96.63%

================================================================================
Sample 828/1000
================================================================================
True label: positive
Predicted label: negative (confidence: 0.900)
Sample is already misclassified - skipping

Progress: 102/274
Successful attacks: 86
Failed attacks: 3
Skipped: 13
Success rate: 96.63%

================================================================================
Sample 829/1000
================================================================================
True label: negative
Predicted label: positive (confidence: 0.900)
Sample is already misclassified - skipping

Progress: 103/274
Successful attacks: 86
Failed attacks: 3
Skipped: 14
Success rate: 96.63%

================================================================================
Sample 830/1000
================================================================================
True label: positive
Predicted label: positive (confidence: 0.900)

Original: another in a long line of ultra-violent war movies , this one is not quite what it could have been a...
Label: positive (confidence: 0.900)
Replacing 10 out of 13 important words (80.0%)
After init: another in a long skeletor of ultra-violent war movies , this one is not wooley what it could sabata...
Pred: negative (confidence: 0.900)
Final: another in a long line of ultra-violent war movies , this one is not quite what it could have been a...
Final pred: negative (confidence: 0.900)
Queries used: 53

Progress: 104/274
Successful attacks: 87
Failed attacks: 3
Skipped: 14
Success rate: 96.67%

================================================================================
Sample 831/1000
================================================================================
True label: positive
Predicted label: positive (confidence: 0.900)

Original: you won't look at religious fanatics -- or backyard sheds -- the same way again ....
Label: positive (confidence: 0.900)
Replacing 7 out of 9 important words (80.0%)
After init: you won't gro at trudged intercom -- or backyard sheds -- the same lothar lonergan ....
Pred: negative (confidence: 0.900)
Final: you won't gro at religious fanatics -- or backyard sheds -- the same way again ....
Final pred: negative (confidence: 0.900)
Queries used: 45

Progress: 105/274
Successful attacks: 88
Failed attacks: 3
Skipped: 14
Success rate: 96.70%

================================================================================
Sample 832/1000
================================================================================
True label: positive
Predicted label: positive (confidence: 0.900)

Original: as action-adventure , this space-based homage to robert louis stevenson's treasure island fires on a...
Label: positive (confidence: 0.900)
Replacing 8 out of 11 important words (80.0%)
After init: as action-adventure , this space-based tortured to pigsties aar stevenson's scarves island daddy on ...
Pred: negative (confidence: 0.900)
Final: as action-adventure , this space-based homage to robert louis stevenson's treasure island stumbles o...
Final pred: negative (confidence: 0.900)
Queries used: 78

Progress: 106/274
Successful attacks: 89
Failed attacks: 3
Skipped: 14
Success rate: 96.74%

================================================================================
Sample 833/1000
================================================================================
True label: negative
Predicted label: negative (confidence: 0.900)

Original: it's really just another silly hollywood action film , one among a multitude of simple-minded , yaho...
Label: negative (confidence: 0.900)
Replacing 8 out of 11 important words (80.0%)
After init: it's whitcomb clings another solomon dicken action film , one among a badass of simple-minded , yaho...
Pred: positive (confidence: 0.900)
Final: it's really poindexter another ravin hollywood action film , one among a multitude of simple-minded ...
Final pred: positive (confidence: 0.900)
Queries used: 101

Progress: 107/274
Successful attacks: 90
Failed attacks: 3
Skipped: 14
Success rate: 96.77%

================================================================================
Sample 834/1000
================================================================================
True label: positive
Predicted label: positive (confidence: 0.900)

Original: it's an entertaining movie , and the effects , boosted to the size of a downtown hotel , will all bu...
Label: positive (confidence: 0.900)
Replacing 8 out of 10 important words (80.0%)
After init: it's an whoremonger alleged , and the lava , willett to the size of a unreadable gunboat , will all ...
Pred: negative (confidence: 0.900)
Final: it's an unnecessary movie , and the effects , boosted to the size of a downtown hotel , will all but...
Final pred: negative (confidence: 0.900)
Queries used: 96

Progress: 108/274
Successful attacks: 91
Failed attacks: 3
Skipped: 14
Success rate: 96.81%

================================================================================
Sample 835/1000
================================================================================
True label: positive
Predicted label: negative (confidence: 0.900)
Sample is already misclassified - skipping

Progress: 109/274
Successful attacks: 91
Failed attacks: 3
Skipped: 15
Success rate: 96.81%

================================================================================
Sample 836/1000
================================================================================
True label: negative
Predicted label: negative (confidence: 0.900)

Original: this director's cut -- which adds 51 minutes -- takes a great film and turns it into a mundane soap ...
Label: negative (confidence: 0.900)
Replacing 8 out of 11 important words (80.0%)
After init: this director's cut -- which spotting 51 minutes -- tinky a great borghese and pertain it into a ana...
Pred: positive (confidence: 0.900)
Final: this director's cut -- which adds 51 minutes -- wildwood a great film and turns it into a mundane so...
Final pred: positive (confidence: 0.900)
Queries used: 91

Progress: 110/274
Successful attacks: 92
Failed attacks: 3
Skipped: 15
Success rate: 96.84%

================================================================================
Sample 837/1000
================================================================================
True label: negative
Predicted label: negative (confidence: 0.900)

Original: a sha-na-na sketch punctuated with graphic violence ....
Label: negative (confidence: 0.900)
Replacing 4 out of 5 important words (80.0%)
Failed to initialize adversarial example

Progress: 111/274
Successful attacks: 92
Failed attacks: 4
Skipped: 15
Success rate: 95.83%

================================================================================
Sample 838/1000
================================================================================
True label: negative
Predicted label: negative (confidence: 0.900)

Original: this stuck pig of a movie flails limply between bizarre comedy and pallid horror ....
Label: negative (confidence: 0.900)
Replacing 7 out of 9 important words (80.0%)
After init: this nemours oc of a gantry flails limply between bizarre forecasting and cherished ooooh ....
Pred: positive (confidence: 0.900)
Final: this stuck richness of a movie flails limply between bizarre comedy and cooperates brion ....
Final pred: positive (confidence: 0.900)
Queries used: 104

Progress: 112/274
Successful attacks: 93
Failed attacks: 4
Skipped: 15
Success rate: 95.88%

================================================================================
Sample 839/1000
================================================================================
True label: positive
Predicted label: positive (confidence: 0.900)

Original: your children will be occupied for 72 minutes ....
Label: positive (confidence: 0.900)
Replacing 2 out of 3 important words (80.0%)
After init: your kennard will be closing for 72 minutes ....
Pred: negative (confidence: 0.900)
Final: your children will be belches for 72 minutes ....
Final pred: negative (confidence: 0.900)
Queries used: 47

Progress: 113/274
Successful attacks: 94
Failed attacks: 4
Skipped: 15
Success rate: 95.92%

================================================================================
Sample 840/1000
================================================================================
True label: positive
Predicted label: positive (confidence: 0.900)

Original: charlotte sometimes is a gem . it's always enthralling ....
Label: positive (confidence: 0.900)
Replacing 4 out of 5 important words (80.0%)
After init: bionic sometimes is a tamala . it's eyelash mugatu ....
Pred: negative (confidence: 0.900)
Final: charlotte sometimes is a ranked . it's always mugatu ....
Final pred: negative (confidence: 0.900)
Queries used: 54

Progress: 114/274
Successful attacks: 95
Failed attacks: 4
Skipped: 15
Success rate: 95.96%

================================================================================
Sample 841/1000
================================================================================
True label: positive
Predicted label: positive (confidence: 0.900)

Original: while the story does seem pretty unbelievable at times , it's awfully entertaining to watch ....
Label: positive (confidence: 0.900)
Replacing 7 out of 9 important words (80.0%)
After init: while the story chappelle heroes macleod scalper at barksdale , it's awfully salter to watch ....
Pred: negative (confidence: 0.900)
Final: while the story does seem pretty tiko at times , it's awfully erring to watch ....
Final pred: negative (confidence: 0.900)
Queries used: 73

Progress: 115/274
Successful attacks: 96
Failed attacks: 4
Skipped: 15
Success rate: 96.00%

================================================================================
Sample 842/1000
================================================================================
True label: negative
Predicted label: negative (confidence: 0.900)

Original: as his circle of friends keeps getting smaller one of the characters in long time dead says 'i'm tel...
Label: negative (confidence: 0.900)
Replacing 12 out of 16 important words (80.0%)
After init: as his sierras of agreeable apparently getting smaller one of the characters in long stalingrad siou...
Pred: positive (confidence: 0.900)
Final: as his circle of friends keeps getting smaller one of the characters in long time ornithologist enve...
Final pred: positive (confidence: 0.900)
Queries used: 154

Progress: 116/274
Successful attacks: 97
Failed attacks: 4
Skipped: 15
Success rate: 96.04%

================================================================================
Sample 843/1000
================================================================================
True label: positive
Predicted label: positive (confidence: 0.900)

Original: great character interaction ....
Label: positive (confidence: 0.900)
Replacing 2 out of 3 important words (80.0%)
After init: dispatcher extortionist interaction ....
Pred: negative (confidence: 0.900)
Final: moneybags impending interaction ....
Final pred: negative (confidence: 0.900)
Queries used: 52

Progress: 117/274
Successful attacks: 98
Failed attacks: 4
Skipped: 15
Success rate: 96.08%

================================================================================
Sample 844/1000
================================================================================
True label: positive
Predicted label: positive (confidence: 0.900)

Original: a small gem from belgium ....
Label: positive (confidence: 0.900)
Replacing 2 out of 3 important words (80.0%)
After init: a small deceivers from leaps ....
Pred: negative (confidence: 0.900)
Final: a small deceivers from belgium ....
Final pred: negative (confidence: 0.900)
Queries used: 33

Progress: 118/274
Successful attacks: 99
Failed attacks: 4
Skipped: 15
Success rate: 96.12%

================================================================================
Sample 845/1000
================================================================================
True label: negative
Predicted label: negative (confidence: 0.900)

Original: the niftiest trick perpetrated by the importance of being earnest is the alchemical transmogrificati...
Label: negative (confidence: 0.900)
Replacing 9 out of 12 important words (80.0%)
After init: the niftiest rustles chet by the dwellers of being goodhue is the alchemical transmogrification of w...
Pred: positive (confidence: 0.900)
Final: the niftiest trick perpetrated by the dwellers of being psy is the alchemical transmogrification of ...
Final pred: positive (confidence: 0.900)
Queries used: 70

Progress: 119/274
Successful attacks: 100
Failed attacks: 4
Skipped: 15
Success rate: 96.15%

================================================================================
Sample 846/1000
================================================================================
True label: positive
Predicted label: positive (confidence: 0.900)

Original: wonder of wonders -- a teen movie with a humanistic message ....
Label: positive (confidence: 0.900)
Replacing 4 out of 6 important words (80.0%)
After init: wonder of wonders -- a teen movie with a suspects procrastinating ....
Pred: negative (confidence: 0.900)
Final: wonder of wonders -- a teen movie with a suspects message ....
Final pred: negative (confidence: 0.900)
Queries used: 39

Progress: 120/274
Successful attacks: 101
Failed attacks: 4
Skipped: 15
Success rate: 96.19%

================================================================================
Sample 847/1000
================================================================================
True label: negative
Predicted label: negative (confidence: 0.900)

Original: veers uncomfortably close to pro-serb propaganda ....
Label: negative (confidence: 0.900)
Replacing 4 out of 5 important words (80.0%)
After init: hemo dungeons liquidated to pro-serb gothenburg ....
Pred: positive (confidence: 0.900)
Final: veers uncomfortably close to pro-serb gothenburg ....
Final pred: positive (confidence: 0.900)
Queries used: 42

Progress: 121/274
Successful attacks: 102
Failed attacks: 4
Skipped: 15
Success rate: 96.23%

================================================================================
Sample 848/1000
================================================================================
True label: positive
Predicted label: positive (confidence: 0.900)

Original: graced with the kind of social texture and realism that would be foreign in american teen comedies ....
Label: positive (confidence: 0.900)
Replacing 7 out of 9 important words (80.0%)
After init: graced with the tremens of influx luang and convicts that would be requiem in american teen germaine...
Pred: negative (confidence: 0.900)
Final: graced with the kind of social airhostess and convicts that would be foreign in american teen comedi...
Final pred: negative (confidence: 0.900)
Queries used: 82

Progress: 122/274
Successful attacks: 103
Failed attacks: 4
Skipped: 15
Success rate: 96.26%

================================================================================
Sample 849/1000
================================================================================
True label: positive
Predicted label: positive (confidence: 0.900)

Original: . . . quite good at providing some good old fashioned spooks ....
Label: positive (confidence: 0.900)
Replacing 5 out of 7 important words (80.0%)
After init: . . . brentwood porte at unrewarded some dan old fashioned platelet ....
Pred: negative (confidence: 0.900)
Final: . . . quite good at nauseous some hubcap old fashioned spooks ....
Final pred: negative (confidence: 0.900)
Queries used: 68

Progress: 123/274
Successful attacks: 104
Failed attacks: 4
Skipped: 15
Success rate: 96.30%

================================================================================
Sample 850/1000
================================================================================
True label: negative
Predicted label: positive (confidence: 0.900)
Sample is already misclassified - skipping

Progress: 124/274
Successful attacks: 104
Failed attacks: 4
Skipped: 16
Success rate: 96.30%

================================================================================
Sample 851/1000
================================================================================
True label: positive
Predicted label: positive (confidence: 0.900)

Original: gangster no . 1 is solid , satisfying fare for adults ....
Label: positive (confidence: 0.900)
Replacing 4 out of 5 important words (80.0%)
After init: deform no . 1 is hobnobbing , bakshi fare for expose ....
Pred: negative (confidence: 0.900)
Final: gangster no . 1 is downsize , snuffed fare for adults ....
Final pred: negative (confidence: 0.900)
Queries used: 99

Progress: 125/274
Successful attacks: 105
Failed attacks: 4
Skipped: 16
Success rate: 96.33%

================================================================================
Sample 852/1000
================================================================================
True label: positive
Predicted label: positive (confidence: 0.900)

Original: pete's screenplay manages to find that real natural , even-flowing tone that few movies are able to ...
Label: positive (confidence: 0.900)
Replacing 10 out of 13 important words (80.0%)
After init: pete's wilshire manages to find that hulud subsonic , even-flowing annoying that few movies stratage...
Pred: negative (confidence: 0.900)
Final: pete's fairs manages to find that disco journeyed , even-flowing annoying that few movies novelty ab...
Final pred: negative (confidence: 0.900)
Queries used: 121

Progress: 126/274
Successful attacks: 106
Failed attacks: 4
Skipped: 16
Success rate: 96.36%

================================================================================
Sample 853/1000
================================================================================
True label: positive
Predicted label: positive (confidence: 0.900)

Original: if the film's vision of sport as a secular religion is a bit cloying , its through-line of family an...
Label: positive (confidence: 0.900)
Replacing 13 out of 17 important words (80.0%)
After init: if the film's vision of sport as a secular religion is a ritt cloying , its through-line of family a...
Pred: negative (confidence: 0.900)
Final: if the film's vision of sport as a secular religion is a bit cloying , its through-line of family an...
Final pred: negative (confidence: 0.900)
Queries used: 80

Progress: 127/274
Successful attacks: 107
Failed attacks: 4
Skipped: 16
Success rate: 96.40%

================================================================================
Sample 854/1000
================================================================================
True label: positive
Predicted label: negative (confidence: 0.900)
Sample is already misclassified - skipping

Progress: 128/274
Successful attacks: 107
Failed attacks: 4
Skipped: 17
Success rate: 96.40%

================================================================================
Sample 855/1000
================================================================================
True label: positive
Predicted label: positive (confidence: 0.900)

Original: gangs , despite the gravity of its subject matter , is often as fun to watch as a good spaghetti wes...
Label: positive (confidence: 0.900)
Replacing 8 out of 10 important words (80.0%)
After init: gangs , despite the hipo of its mare precision , is lack as flashin to watch as a goof spaghetti bac...
Pred: negative (confidence: 0.900)
Final: gangs , despite the gravity of its subject matter , is faggoty as fun to watch as a good spaghetti c...
Final pred: negative (confidence: 0.900)
Queries used: 75

Progress: 129/274
Successful attacks: 108
Failed attacks: 4
Skipped: 17
Success rate: 96.43%

================================================================================
Sample 856/1000
================================================================================
True label: negative
Predicted label: negative (confidence: 0.900)

Original: slap her - she's not funny ! no french people were harmed during the making of this movie , but they...
Label: negative (confidence: 0.900)
Replacing 13 out of 17 important words (80.0%)
After init: domino her - she's not churn ! no glossop people worsley harmed during the making of this once , but...
Pred: positive (confidence: 0.900)
Final: bouncy her - she's not inmate ! no french people were harmed during the making of this movie , but t...
Final pred: positive (confidence: 0.900)
Queries used: 167

Progress: 130/274
Successful attacks: 109
Failed attacks: 4
Skipped: 17
Success rate: 96.46%

================================================================================
Sample 857/1000
================================================================================
True label: negative
Predicted label: negative (confidence: 0.900)

Original: hart's war seems to want to be a character study , but apparently can't quite decide which character...
Label: negative (confidence: 0.900)
Replacing 8 out of 11 important words (80.0%)
After init: hart's war rosa to ales to be a blasting nevertheless , but apparently can't quite conga which nishi...
Pred: positive (confidence: 0.900)
Final: hart's war seems to want to be a character study , but apparently can't quite decide which hartmann ...
Final pred: positive (confidence: 0.900)
Queries used: 51

Progress: 131/274
Successful attacks: 110
Failed attacks: 4
Skipped: 17
Success rate: 96.49%

================================================================================
Sample 858/1000
================================================================================
True label: positive
Predicted label: positive (confidence: 0.900)

Original: sometimes we feel as if the film careens from one colorful event to another without respite , but so...
Label: positive (confidence: 0.900)
Replacing 12 out of 15 important words (80.0%)
After init: sweetened we people as if the borghese careens from one above nobs to another without morningside , ...
Pred: negative (confidence: 0.900)
Final: sometimes we feel as if the film careens from one colorful event to another without respite , but so...
Final pred: negative (confidence: 0.900)
Queries used: 115

Progress: 132/274
Successful attacks: 111
Failed attacks: 4
Skipped: 17
Success rate: 96.52%

================================================================================
Sample 859/1000
================================================================================
True label: positive
Predicted label: positive (confidence: 0.900)

Original: pull[s] off the rare trick of recreating not only the look of a certain era , but also the feel ....
Label: positive (confidence: 0.900)
Replacing 8 out of 11 important words (80.0%)
After init: pull[s] off the blurt unbelievable of recreating not ek the look of a pals beginning , but croix the...
Pred: negative (confidence: 0.900)
Final: pull[s] off the rare trick of recreating not only the look of a certain era , but hampers the feel ....
Final pred: negative (confidence: 0.900)
Queries used: 100

Progress: 133/274
Successful attacks: 112
Failed attacks: 4
Skipped: 17
Success rate: 96.55%

================================================================================
Sample 860/1000
================================================================================
True label: positive
Predicted label: positive (confidence: 0.900)

Original: as it turns out , you can go home again ....
Label: positive (confidence: 0.900)
Replacing 2 out of 3 important words (80.0%)
After init: as it adjusting out , you can go home wook ....
Pred: negative (confidence: 0.900)
Final: as it turns out , you can go home wook ....
Final pred: negative (confidence: 0.900)
Queries used: 72

Progress: 134/274
Successful attacks: 113
Failed attacks: 4
Skipped: 17
Success rate: 96.58%

================================================================================
Sample 861/1000
================================================================================
True label: negative
Predicted label: negative (confidence: 0.900)

Original: an ugly , revolting movie ....
Label: negative (confidence: 0.900)
Replacing 2 out of 3 important words (80.0%)
Failed to initialize adversarial example

Progress: 135/274
Successful attacks: 113
Failed attacks: 5
Skipped: 17
Success rate: 95.76%

================================================================================
Sample 862/1000
================================================================================
True label: positive
Predicted label: positive (confidence: 0.900)

Original: without resorting to camp or parody , haynes ( like sirk , but differently ) has transformed the rhe...
Label: positive (confidence: 0.900)
Replacing 12 out of 15 important words (80.0%)
After init: without havelock to sturgeon or nikolaev , judgment ( like sirk , but hinkley ) stealthily capitalis...
Pred: negative (confidence: 0.900)
Final: without resorting to camp or parody , haynes ( like sirk , but differently ) has transparency the rh...
Final pred: negative (confidence: 0.900)
Queries used: 179

Progress: 136/274
Successful attacks: 114
Failed attacks: 5
Skipped: 17
Success rate: 95.80%

================================================================================
Sample 863/1000
================================================================================
True label: positive
Predicted label: positive (confidence: 0.900)

Original: meant to reduce blake's philosophy into a tragic coming-of-age saga punctuated by bursts of animator...
Label: positive (confidence: 0.900)
Replacing 11 out of 14 important words (80.0%)
After init: enticed to reduce blake's salaam into a tragic coming-of-age offence cory by wurlitzer of animator t...
Pred: negative (confidence: 0.900)
Final: meant to reduce blake's philosophy into a tragic coming-of-age offence punctuated by bursts of anima...
Final pred: negative (confidence: 0.900)
Queries used: 38

Progress: 137/274
Successful attacks: 115
Failed attacks: 5
Skipped: 17
Success rate: 95.83%

================================================================================
Sample 864/1000
================================================================================
True label: positive
Predicted label: positive (confidence: 0.900)

Original: saved from being merely way-cool by a basic , credible compassion ....
Label: positive (confidence: 0.900)
Replacing 5 out of 7 important words (80.0%)
After init: saved from being merely way-cool by a anastasio , dullard graf ....
Pred: negative (confidence: 0.900)
Final: saved from being merely way-cool by a basic , dullard compassion ....
Final pred: negative (confidence: 0.900)
Queries used: 36

Progress: 138/274
Successful attacks: 116
Failed attacks: 5
Skipped: 17
Success rate: 95.87%

================================================================================
Sample 865/1000
================================================================================
True label: positive
Predicted label: positive (confidence: 0.900)

Original: a delicious and delicately funny look at the residents of a copenhagen neighborhood coping with the ...
Label: positive (confidence: 0.900)
Replacing 9 out of 12 important words (80.0%)
After init: a delicious and genest choking look at the brett of a copenhagen capo tyrants with the befuddling va...
Pred: negative (confidence: 0.900)
Final: a delicious and delicately minerva look at the residents of a copenhagen neighborhood purchaser with...
Final pred: negative (confidence: 0.900)
Queries used: 113

Progress: 139/274
Successful attacks: 117
Failed attacks: 5
Skipped: 17
Success rate: 95.90%

================================================================================
Sample 866/1000
================================================================================
True label: positive
Predicted label: positive (confidence: 0.900)

Original: the film has the high-buffed gloss and high-octane jolts you expect of de palma , but what makes it ...
Label: positive (confidence: 0.900)
Replacing 16 out of 21 important words (80.0%)
After init: the borghese windin the high-buffed eradicate and high-octane muscle you expect of de palma , but wh...
Pred: negative (confidence: 0.900)
Final: the film has the high-buffed gloss and high-octane jolts you expect of de palma , but what affinitie...
Final pred: negative (confidence: 0.900)
Queries used: 279

Progress: 140/274
Successful attacks: 118
Failed attacks: 5
Skipped: 17
Success rate: 95.93%

================================================================================
Sample 867/1000
================================================================================
True label: positive
Predicted label: positive (confidence: 0.900)

Original: although melodramatic and predictable , this romantic comedy explores the friendship between five fi...
Label: positive (confidence: 0.900)
Replacing 8 out of 11 important words (80.0%)
After init: although disillusionment and vilma , this bulldogs forecasting contentious the friendship between fi...
Pred: negative (confidence: 0.900)
Final: although melodramatic and predictable , this romantic tiana tears the friendship between five filipi...
Final pred: negative (confidence: 0.900)
Queries used: 89

Progress: 141/274
Successful attacks: 119
Failed attacks: 5
Skipped: 17
Success rate: 95.97%

================================================================================
Sample 868/1000
================================================================================
True label: negative
Predicted label: negative (confidence: 0.900)

Original: queen of the damned is too long with too little going on ....
Label: negative (confidence: 0.900)
Replacing 5 out of 7 important words (80.0%)
After init: ashford of the swamiji is leninist long with congeniality passel going on ....
Pred: positive (confidence: 0.900)
Final: queen of the damned is sato long with too mikal going on ....
Final pred: positive (confidence: 0.900)
Queries used: 82

Progress: 142/274
Successful attacks: 120
Failed attacks: 5
Skipped: 17
Success rate: 96.00%

================================================================================
Sample 869/1000
================================================================================
True label: negative
Predicted label: positive (confidence: 0.900)
Sample is already misclassified - skipping

Progress: 143/274
Successful attacks: 120
Failed attacks: 5
Skipped: 18
Success rate: 96.00%

================================================================================
Sample 870/1000
================================================================================
True label: positive
Predicted label: positive (confidence: 0.900)

Original: peralta captures , in luminous interviews and amazingly evocative film from three decades ago , the ...
Label: positive (confidence: 0.900)
Replacing 9 out of 12 important words (80.0%)
After init: jaq clangs , in mallet rigs and victoria inebriate film from three decades descriptions , the sous o...
Pred: negative (confidence: 0.900)
Final: peralta unmanageable , in luminous interviews and amazingly evocative film from three decades ago , ...
Final pred: negative (confidence: 0.900)
Queries used: 93

Progress: 144/274
Successful attacks: 121
Failed attacks: 5
Skipped: 18
Success rate: 96.03%

================================================================================
Sample 871/1000
================================================================================
True label: positive
Predicted label: positive (confidence: 0.900)

Original: works as pretty contagious fun ....
Label: positive (confidence: 0.900)
Replacing 3 out of 4 important words (80.0%)
After init: morrigan as branched contagious flashin ....
Pred: negative (confidence: 0.900)
Final: works as pooling contagious fun ....
Final pred: negative (confidence: 0.900)
Queries used: 55

Progress: 145/274
Successful attacks: 122
Failed attacks: 5
Skipped: 18
Success rate: 96.06%

================================================================================
Sample 872/1000
================================================================================
True label: negative
Predicted label: negative (confidence: 0.900)

Original: it's a big idea , but the film itself is small and shriveled ....
Label: negative (confidence: 0.900)
Replacing 4 out of 5 important words (80.0%)
After init: it's a lawd nakagawa , but the film itself is undreamed and kesey ....
Pred: positive (confidence: 0.900)
Final: it's a big idea , but the film itself is small and notation ....
Final pred: positive (confidence: 0.900)
Queries used: 53

Progress: 146/274
Successful attacks: 123
Failed attacks: 5
Skipped: 18
Success rate: 96.09%

================================================================================
Sample 873/1000
================================================================================
True label: positive
Predicted label: positive (confidence: 0.900)

Original: . . . a sweetly affecting story about four sisters who are coping , in one way or another , with lif...
Label: positive (confidence: 0.900)
Replacing 7 out of 9 important words (80.0%)
After init: . . . a hollows affecting story about four armani who drab tyrants , in one supermarket or another ,...
Pred: negative (confidence: 0.900)
Final: . . . a sweetly affecting story about four sisters who are tyrants , in one way or another , with li...
Final pred: negative (confidence: 0.900)
Queries used: 51

Progress: 147/274
Successful attacks: 124
Failed attacks: 5
Skipped: 18
Success rate: 96.12%

================================================================================
Sample 874/1000
================================================================================
True label: negative
Predicted label: negative (confidence: 0.900)

Original: flat , misguided comedy ....
Label: negative (confidence: 0.900)
Replacing 2 out of 3 important words (80.0%)
After init: confidences , dosh comedy ....
Pred: positive (confidence: 0.900)
Final: flat , elasticity comedy ....
Final pred: positive (confidence: 0.900)
Queries used: 40

Progress: 148/274
Successful attacks: 125
Failed attacks: 5
Skipped: 18
Success rate: 96.15%

================================================================================
Sample 875/1000
================================================================================
True label: negative
Predicted label: negative (confidence: 0.900)

Original: its appeal will probably limited to lds church members and undemanding armchair tourists ....
Label: negative (confidence: 0.900)
Replacing 7 out of 9 important words (80.0%)
After init: its fied will stroganoff nevins to sparta tonto lugo and undemanding armchair phonograph ....
Pred: positive (confidence: 0.900)
Final: its appeal will probably limited to lds church members and undemanding armchair salvageable ....
Final pred: positive (confidence: 0.900)
Queries used: 63

Progress: 149/274
Successful attacks: 126
Failed attacks: 5
Skipped: 18
Success rate: 96.18%

================================================================================
Sample 876/1000
================================================================================
True label: positive
Predicted label: positive (confidence: 0.900)

Original: if the man from elysian fields is doomed by its smallness , it is also elevated by it--the kind of m...
Label: positive (confidence: 0.900)
Replacing 12 out of 15 important words (80.0%)
After init: if the machinegun from elysian fields is obligatory by its auvergne , it is uncooked elevated by it-...
Pred: negative (confidence: 0.900)
Final: if the man from elysian fields is doomed by its smallness , it is hampers elevated by it--the kind o...
Final pred: negative (confidence: 0.900)
Queries used: 161

Progress: 150/274
Successful attacks: 127
Failed attacks: 5
Skipped: 18
Success rate: 96.21%

================================================================================
Sample 877/1000
================================================================================
True label: negative
Predicted label: negative (confidence: 0.900)

Original: kaufman's script is never especially clever and often is rather pretentious ....
Label: negative (confidence: 0.900)
Replacing 6 out of 8 important words (80.0%)
After init: kaufman's sacrifice is oranges especially clever and maturity is maxime pretentious ....
Pred: positive (confidence: 0.700)
Final: kaufman's script is venkman especially clever and humbert is rather pretentious ....
Final pred: positive (confidence: 0.900)
Queries used: 61

Progress: 151/274
Successful attacks: 128
Failed attacks: 5
Skipped: 18
Success rate: 96.24%

================================================================================
Sample 878/1000
================================================================================
True label: negative
Predicted label: positive (confidence: 0.900)
Sample is already misclassified - skipping

Progress: 152/274
Successful attacks: 128
Failed attacks: 5
Skipped: 19
Success rate: 96.24%

================================================================================
Sample 879/1000
================================================================================
True label: positive
Predicted label: positive (confidence: 0.900)

Original: red dragon " never cuts corners ....
Label: positive (confidence: 0.900)
Replacing 4 out of 5 important words (80.0%)
After init: marigolds dragon " conned cuts hypertensive ....
Pred: negative (confidence: 0.900)
Final: red dragon " gospel cuts corners ....
Final pred: negative (confidence: 0.900)
Queries used: 36

Progress: 153/274
Successful attacks: 129
Failed attacks: 5
Skipped: 19
Success rate: 96.27%

================================================================================
Sample 880/1000
================================================================================
True label: positive
Predicted label: positive (confidence: 0.900)

Original: everyone's insecure in lovely and amazing , a poignant and wryly amusing film about mothers , daught...
Label: positive (confidence: 0.900)
Replacing 8 out of 11 important words (80.0%)
After init: everyone's insecure in platoon and welt , a coates and wryly trampoline borghese about mothers , bug...
Pred: negative (confidence: 0.900)
Final: everyone's insecure in lovely and amazing , a menaces and wryly trustin gage about mothers , serbia ...
Final pred: negative (confidence: 0.900)
Queries used: 110

Progress: 154/274
Successful attacks: 130
Failed attacks: 5
Skipped: 19
Success rate: 96.30%

================================================================================
Sample 881/1000
================================================================================
True label: negative
Predicted label: negative (confidence: 0.900)

Original: allegiance to chekhov , which director michael cacoyannis displays with somber earnestness in the ne...
Label: negative (confidence: 0.900)
Replacing 12 out of 15 important words (80.0%)
After init: adjoining to ttis , which sapporo finchley cacoyannis displays with sochi earnestness in the trillin...
Pred: positive (confidence: 0.900)
Final: allegiance to chekhov , which director michael cacoyannis displays with somber earnestness in the ne...
Final pred: positive (confidence: 0.900)
Queries used: 100

Progress: 155/274
Successful attacks: 131
Failed attacks: 5
Skipped: 19
Success rate: 96.32%

================================================================================
Sample 882/1000
================================================================================
True label: positive
Predicted label: positive (confidence: 0.900)

Original: an older cad instructs a younger lad in zen and the art of getting laid in this prickly indie comedy...
Label: positive (confidence: 0.900)
Replacing 11 out of 14 important words (80.0%)
After init: an older caucus instructs a shie div in tricked and the art of getting adventurers in this thwarted ...
Pred: negative (confidence: 0.900)
Final: an older cad instructs a younger lad in zen and the art of getting laid in this prickly indie whiche...
Final pred: negative (confidence: 0.900)
Queries used: 83

Progress: 156/274
Successful attacks: 132
Failed attacks: 5
Skipped: 19
Success rate: 96.35%

================================================================================
Sample 883/1000
================================================================================
True label: positive
Predicted label: positive (confidence: 0.900)

Original: at a time when commercialism has squeezed the life out of whatever idealism american moviemaking eve...
Label: positive (confidence: 0.900)
Replacing 12 out of 16 important words (80.0%)
After init: at a time when mic feathered wiping the life out of whatever trans cervix waxen coerce had , godfrey...
Pred: negative (confidence: 0.900)
Final: at a time when commercialism has squeezed the life out of whatever idealism american moviemaking eve...
Final pred: negative (confidence: 0.900)
Queries used: 128

Progress: 157/274
Successful attacks: 133
Failed attacks: 5
Skipped: 19
Success rate: 96.38%

================================================================================
Sample 884/1000
================================================================================
True label: positive
Predicted label: negative (confidence: 0.900)
Sample is already misclassified - skipping

Progress: 158/274
Successful attacks: 133
Failed attacks: 5
Skipped: 20
Success rate: 96.38%

================================================================================
Sample 885/1000
================================================================================
True label: positive
Predicted label: positive (confidence: 0.900)

Original: a rollicking ride , with jaw-dropping action sequences , striking villains , a gorgeous color palett...
Label: positive (confidence: 0.900)
Replacing 17 out of 22 important words (80.0%)
After init: a rollicking disrespected , with jaw-dropping multumesc bicarbonate , striking villains , a gorgeous...
Pred: negative (confidence: 0.900)
Final: a rollicking disrespected , with jaw-dropping sameness sequences , striking villains , a gorgeous co...
Final pred: negative (confidence: 0.900)
Queries used: 269

Progress: 159/274
Successful attacks: 134
Failed attacks: 5
Skipped: 20
Success rate: 96.40%

================================================================================
Sample 886/1000
================================================================================
True label: negative
Predicted label: negative (confidence: 0.900)

Original: a preposterously melodramatic paean to gang-member teens in brooklyn circa 1958 ....
Label: negative (confidence: 0.900)
Replacing 5 out of 7 important words (80.0%)
After init: a preposterously indonesians paean to gang-member changer in parade adonis 1958 ....
Pred: positive (confidence: 0.900)
Final: a preposterously melodramatic paean to gang-member teens in brooklyn asif 1958 ....
Final pred: positive (confidence: 0.900)
Queries used: 42

Progress: 160/274
Successful attacks: 135
Failed attacks: 5
Skipped: 20
Success rate: 96.43%

================================================================================
Sample 887/1000
================================================================================
True label: negative
Predicted label: negative (confidence: 0.900)

Original: the cinematic equivalent of patronizing a bar favored by pretentious , untalented artistes who enjoy...
Label: negative (confidence: 0.900)
Replacing 9 out of 12 important words (80.0%)
After init: the allura groundwork of worshipers a deviate cutbacks by pretentious , untalented coccyx who enjoy ...
Pred: positive (confidence: 0.900)
Final: the darry mailbox of vatos a bar quartered by pretentious , untalented artistes who enjoy moaning ab...
Final pred: positive (confidence: 0.900)
Queries used: 139

Progress: 161/274
Successful attacks: 136
Failed attacks: 5
Skipped: 20
Success rate: 96.45%

================================================================================
Sample 888/1000
================================================================================
True label: negative
Predicted label: negative (confidence: 0.900)

Original: the only fun part of the movie is playing the obvious game . you try to guess the order in which the...
Label: negative (confidence: 0.900)
Replacing 10 out of 13 important words (80.0%)
After init: the only flashin pari of the grail is chamois the arks enoki . you fps to picts the order in which t...
Pred: positive (confidence: 0.900)
Final: the only fun part of the movie is playing the obvious beeblebrox . you try to guess the order in whi...
Final pred: positive (confidence: 0.900)
Queries used: 115

Progress: 162/274
Successful attacks: 137
Failed attacks: 5
Skipped: 20
Success rate: 96.48%

================================================================================
Sample 889/1000
================================================================================
True label: negative
Predicted label: negative (confidence: 0.900)

Original: this thing is virtually unwatchable ....
Label: negative (confidence: 0.900)
Replacing 2 out of 3 important words (80.0%)
Failed to initialize adversarial example

Progress: 163/274
Successful attacks: 137
Failed attacks: 6
Skipped: 20
Success rate: 95.80%

================================================================================
Sample 890/1000
================================================================================
True label: negative
Predicted label: positive (confidence: 0.900)
Sample is already misclassified - skipping

Progress: 164/274
Successful attacks: 137
Failed attacks: 6
Skipped: 21
Success rate: 95.80%

================================================================================
Sample 891/1000
================================================================================
True label: positive
Predicted label: positive (confidence: 0.900)

Original: jones has tackled a meaty subject and drawn engaging characters while peppering the pages with memor...
Label: positive (confidence: 0.900)
Replacing 9 out of 12 important words (80.0%)
After init: formaldehyde heavy ramifications a pantyhose subject and hairbrush insecure dames while peppering th...
Pred: negative (confidence: 0.900)
Final: formaldehyde heavy roadway a pumpkins subject and drawn insecure characters while peppering the grea...
Final pred: negative (confidence: 0.900)
Queries used: 389

Progress: 165/274
Successful attacks: 138
Failed attacks: 6
Skipped: 21
Success rate: 95.83%

================================================================================
Sample 892/1000
================================================================================
True label: positive
Predicted label: positive (confidence: 0.900)

Original: mel gibson fights the good fight in vietnam in director randall wallace's flag-waving war flick with...
Label: positive (confidence: 0.900)
Replacing 11 out of 14 important words (80.0%)
After init: mel zionism hypnotised the rald herron in vietnam in whiten mussels wallace's flag-waving war sloven...
Pred: negative (confidence: 0.900)
Final: mel gibson fights the hoofed fight in vietnam in precedence randall wallace's flag-waving war pilfer...
Final pred: negative (confidence: 0.900)
Queries used: 152

Progress: 166/274
Successful attacks: 139
Failed attacks: 6
Skipped: 21
Success rate: 95.86%

================================================================================
Sample 893/1000
================================================================================
True label: negative
Predicted label: negative (confidence: 0.900)

Original: replacing john carpenter's stylish tracking shots is degraded , handheld blair witch video-cam foota...
Label: negative (confidence: 0.900)
Replacing 12 out of 16 important words (80.0%)
After init: igor john carpenter's stylish western shots is questing , handheld coffey labyrinth video-cam footag...
Pred: positive (confidence: 0.900)
Final: replacing john carpenter's stylish tracking shots is degraded , handheld blair witch video-cam foota...
Final pred: positive (confidence: 0.900)
Queries used: 63

Progress: 167/274
Successful attacks: 140
Failed attacks: 6
Skipped: 21
Success rate: 95.89%

================================================================================
Sample 894/1000
================================================================================
True label: positive
Predicted label: positive (confidence: 0.900)

Original: the performances are immaculate , with roussillon providing comic relief ....
Label: positive (confidence: 0.900)
Replacing 5 out of 7 important words (80.0%)
After init: the performances eczema ricocheting , with roussillon providing scusi broome ....
Pred: negative (confidence: 0.900)
Final: the performances are breastfeeding , with roussillon providing comic miscarry ....
Final pred: negative (confidence: 0.900)
Queries used: 65

Progress: 168/274
Successful attacks: 141
Failed attacks: 6
Skipped: 21
Success rate: 95.92%

================================================================================
Sample 895/1000
================================================================================
True label: positive
Predicted label: positive (confidence: 0.900)

Original: quando tiros em columbine acerta o alvo ( com o perdão do trocadilho ) , não há como negar o brilhan...
Label: positive (confidence: 0.900)
Replacing 11 out of 14 important words (80.0%)
After init: recieve tiros em objecting acerta o alvo ( medrano o perdão do trocadilho ) , não há daring wangan o...
Pred: negative (confidence: 0.900)
Final: pourri tiros em columbine acerta o alvo ( com o perdão do trocadilho ) , não há magisterium liner o ...
Final pred: negative (confidence: 0.900)
Queries used: 95

Progress: 169/274
Successful attacks: 142
Failed attacks: 6
Skipped: 21
Success rate: 95.95%

================================================================================
Sample 896/1000
================================================================================
True label: positive
Predicted label: positive (confidence: 0.900)

Original: a realistically terrifying movie that puts another notch in the belt of the long list of renegade-co...
Label: positive (confidence: 0.900)
Replacing 8 out of 10 important words (80.0%)
After init: a fatten terrifying abend that wreck another shampooed in the wear of the long list of renegade-cop ...
Pred: negative (confidence: 0.900)
Final: a realistically terrifying movie that puts another notch in the belt of the long list of renegade-co...
Final pred: negative (confidence: 0.900)
Queries used: 67

Progress: 170/274
Successful attacks: 143
Failed attacks: 6
Skipped: 21
Success rate: 95.97%

================================================================================
Sample 897/1000
================================================================================
True label: negative
Predicted label: negative (confidence: 0.900)

Original: the movie is concocted and carried out by folks worthy of scorn , and the nicest thing i can say is ...
Label: negative (confidence: 0.900)
Replacing 11 out of 14 important words (80.0%)
After init: the manali is amassed and carried out by niceness friars of paxton , and the paiste overage i can sa...
Pred: positive (confidence: 0.900)
Final: the movie is concocted and carried out by folks worthy of livelihood , and the nicest thing i can sa...
Final pred: positive (confidence: 0.900)
Queries used: 97

Progress: 171/274
Successful attacks: 144
Failed attacks: 6
Skipped: 21
Success rate: 96.00%

================================================================================
Sample 898/1000
================================================================================
True label: positive
Predicted label: positive (confidence: 0.900)

Original: the script's snazzy dialogue establishes a realistic atmosphere that involves us in the unfolding cr...
Label: positive (confidence: 0.900)
Replacing 12 out of 16 important words (80.0%)
After init: the script's ventress opale kazoo a orcas papacy that juarez us in the unfolding footballing , but t...
Pred: negative (confidence: 0.900)
Final: the script's snazzy dialogue establishes a realistic atmosphere that involves us in the unfolding ww...
Final pred: negative (confidence: 0.900)
Queries used: 126

Progress: 172/274
Successful attacks: 145
Failed attacks: 6
Skipped: 21
Success rate: 96.03%

================================================================================
Sample 899/1000
================================================================================
True label: positive
Predicted label: positive (confidence: 0.900)

Original: sex with strangers is fascinating . . ....
Label: positive (confidence: 0.900)
Replacing 2 out of 3 important words (80.0%)
After init: sex with bedbug is incarcerate . . ....
Pred: negative (confidence: 0.900)
Final: sex with strangers is itami . . ....
Final pred: negative (confidence: 0.900)
Queries used: 33

Progress: 173/274
Successful attacks: 146
Failed attacks: 6
Skipped: 21
Success rate: 96.05%

================================================================================
Sample 900/1000
================================================================================
True label: negative
Predicted label: negative (confidence: 0.900)

Original: a minor-league soccer remake of the longest yard ....
Label: negative (confidence: 0.900)
Replacing 4 out of 5 important words (80.0%)
After init: a minor-league obstructing orchestration of the longest rag ....
Pred: positive (confidence: 0.900)
Final: a minor-league soccer remake of the longest goode ....
Final pred: positive (confidence: 0.900)
Queries used: 53

Progress: 174/274
Successful attacks: 147
Failed attacks: 6
Skipped: 21
Success rate: 96.08%

================================================================================
Sample 901/1000
================================================================================
True label: negative
Predicted label: negative (confidence: 0.900)

Original: this u-boat doesn't have a captain ....
Label: negative (confidence: 0.900)
Replacing 4 out of 5 important words (80.0%)
After init: this u-boat doesn't lousiest a rush ....
Pred: positive (confidence: 0.900)
Final: this u-boat doesn't have a ramifications ....
Final pred: positive (confidence: 0.900)
Queries used: 46

Progress: 175/274
Successful attacks: 148
Failed attacks: 6
Skipped: 21
Success rate: 96.10%

================================================================================
Sample 902/1000
================================================================================
True label: negative
Predicted label: positive (confidence: 0.900)
Sample is already misclassified - skipping

Progress: 176/274
Successful attacks: 148
Failed attacks: 6
Skipped: 22
Success rate: 96.10%

================================================================================
Sample 903/1000
================================================================================
True label: positive
Predicted label: positive (confidence: 0.900)

Original: jason patric and ray liotta make for one splendidly cast pair ....
Label: positive (confidence: 0.900)
Replacing 6 out of 8 important words (80.0%)
After init: gap patric and ray liotta reinaldo for one ruse granted ploy ....
Pred: negative (confidence: 0.900)
Final: jason patric and ray liotta make for one bisexuals cast pair ....
Final pred: negative (confidence: 0.900)
Queries used: 71

Progress: 177/274
Successful attacks: 149
Failed attacks: 6
Skipped: 22
Success rate: 96.13%

================================================================================
Sample 904/1000
================================================================================
True label: positive
Predicted label: positive (confidence: 0.900)

Original: caruso sometimes descends into sub-tarantino cuteness . . . but for the most part he makes sure the ...
Label: positive (confidence: 0.900)
Replacing 14 out of 18 important words (80.0%)
After init: clearwater atm scandalous into sub-tarantino cuteness . . . but for the spindle extremely he mostly ...
Pred: negative (confidence: 0.900)
Final: caruso sometimes goodspeed into sub-tarantino cuteness . . . but for the most part he makes sure the...
Final pred: negative (confidence: 0.900)
Queries used: 155

Progress: 178/274
Successful attacks: 150
Failed attacks: 6
Skipped: 22
Success rate: 96.15%

================================================================================
Sample 905/1000
================================================================================
True label: negative
Predicted label: positive (confidence: 0.900)
Sample is already misclassified - skipping

Progress: 179/274
Successful attacks: 150
Failed attacks: 6
Skipped: 23
Success rate: 96.15%

================================================================================
Sample 906/1000
================================================================================
True label: negative
Predicted label: negative (confidence: 0.900)

Original: . . . for all its social and political potential , state property doesn't end up being very inspirin...
Label: negative (confidence: 0.900)
Replacing 9 out of 12 important words (80.0%)
After init: . . . for all its social and broadside earliest , setbacks strengthen doesn't discounting up being v...
Pred: positive (confidence: 0.900)
Final: . . . for all its social and political potential , setbacks there doesn't discounting up being very ...
Final pred: positive (confidence: 0.900)
Queries used: 627

Progress: 180/274
Successful attacks: 151
Failed attacks: 6
Skipped: 23
Success rate: 96.18%

================================================================================
Sample 907/1000
================================================================================
True label: positive
Predicted label: positive (confidence: 0.900)

Original: by turns gripping , amusing , tender and heart-wrenching , laissez-passer has all the earmarks of fr...
Label: positive (confidence: 0.900)
Replacing 8 out of 11 important words (80.0%)
After init: by turns camper , marginal , zeena and heart-wrenching , laissez-passer benn all the earmarks of fre...
Pred: negative (confidence: 0.900)
Final: by turns construct , mutilations , tender and heart-wrenching , laissez-passer has all the earmarks ...
Final pred: negative (confidence: 0.900)
Queries used: 293

Progress: 181/274
Successful attacks: 152
Failed attacks: 6
Skipped: 23
Success rate: 96.20%

================================================================================
Sample 908/1000
================================================================================
True label: positive
Predicted label: positive (confidence: 0.900)

Original: often demented in a good way , but it is an uneven film for the most part ....
Label: positive (confidence: 0.900)
Replacing 6 out of 8 important words (80.0%)
After init: often concerts in a porte squish , but it is an thermostat film for the haru giggling ....
Pred: negative (confidence: 0.900)
Final: often demented in a good filing , but it is an uneven film for the most part ....
Final pred: negative (confidence: 0.900)
Queries used: 50

Progress: 182/274
Successful attacks: 153
Failed attacks: 6
Skipped: 23
Success rate: 96.23%

================================================================================
Sample 909/1000
================================================================================
True label: positive
Predicted label: positive (confidence: 0.900)

Original: zhuangzhuang creates delicate balance of style , text , and subtext that's so simple and precise tha...
Label: positive (confidence: 0.900)
Replacing 12 out of 16 important words (80.0%)
After init: zhuangzhuang bled bridges balance of inquiries , eliminating , and radicalism that's so termini and ...
Pred: negative (confidence: 0.900)
Final: zhuangzhuang creates delicate balance of style , text , and subtext that's so simple and precise tha...
Final pred: negative (confidence: 0.900)
Queries used: 125

Progress: 183/274
Successful attacks: 154
Failed attacks: 6
Skipped: 23
Success rate: 96.25%

================================================================================
Sample 910/1000
================================================================================
True label: negative
Predicted label: negative (confidence: 0.900)

Original: chen films the resolutely downbeat smokers only with every indulgent , indie trick in the book ....
Label: negative (confidence: 0.900)
Replacing 8 out of 10 important words (80.0%)
After init: turntables emeralds the tsurugi downbeat whiskey fevers with every indulgent , prominence unbelievab...
Pred: positive (confidence: 0.900)
Final: chen films the resolutely downbeat smokers only with every indulgent , indie liu in the book ....
Final pred: positive (confidence: 0.900)
Queries used: 75

Progress: 184/274
Successful attacks: 155
Failed attacks: 6
Skipped: 23
Success rate: 96.27%

================================================================================
Sample 911/1000
================================================================================
True label: negative
Predicted label: negative (confidence: 0.900)

Original: while the story is better-focused than the incomprehensible anne rice novel it's based upon , queen ...
Label: negative (confidence: 0.900)
Replacing 12 out of 15 important words (80.0%)
After init: while the story is better-focused than the vipers anne chandramukhi novel it's darius upon , makino ...
Pred: positive (confidence: 0.900)
Final: while the story is better-focused than the incomprehensible anne rice novel it's based upon , queen ...
Final pred: positive (confidence: 0.900)
Queries used: 98

Progress: 185/274
Successful attacks: 156
Failed attacks: 6
Skipped: 23
Success rate: 96.30%

================================================================================
Sample 912/1000
================================================================================
True label: negative
Predicted label: positive (confidence: 0.900)
Sample is already misclassified - skipping

Progress: 186/274
Successful attacks: 156
Failed attacks: 6
Skipped: 24
Success rate: 96.30%

================================================================================
Sample 913/1000
================================================================================
True label: positive
Predicted label: positive (confidence: 0.900)

Original: a " black austin powers ? " i prefer to think of it as " pootie tang with a budget . " sa da tay !...
Label: positive (confidence: 0.900)
Replacing 7 out of 9 important words (80.0%)
After init: a " black austin sapna ? " i jaworski to wisher of it as " prudently demerit with a flyte . " sa da ...
Pred: negative (confidence: 0.900)
Final: a " black austin powers ? " i prefer to think of it as " bloodless embankment with a budget . " sa d...
Final pred: negative (confidence: 0.900)
Queries used: 79

Progress: 187/274
Successful attacks: 157
Failed attacks: 6
Skipped: 24
Success rate: 96.32%

================================================================================
Sample 914/1000
================================================================================
True label: positive
Predicted label: positive (confidence: 0.900)

Original: while broomfield's film doesn't capture the effect of these tragic deaths on hip-hop culture , it su...
Label: positive (confidence: 0.900)
Replacing 12 out of 16 important words (80.0%)
After init: while broomfield's borghese doesn't stiu the effect of these tragic relishing on hip-hop krauts , it...
Pred: negative (confidence: 0.900)
Final: while broomfield's film doesn't capture the effect of these tragic deaths on hip-hop culture , it ma...
Final pred: negative (confidence: 0.900)
Queries used: 116

Progress: 188/274
Successful attacks: 158
Failed attacks: 6
Skipped: 24
Success rate: 96.34%

================================================================================
Sample 915/1000
================================================================================
True label: negative
Predicted label: negative (confidence: 0.900)

Original: what a great shame that such a talented director as chen kaige has chosen to make his english-langua...
Label: negative (confidence: 0.900)
Replacing 12 out of 15 important words (80.0%)
After init: what a dispatcher shame that such a talented contribution as renton kaige três paisano to qualify hi...
Pred: positive (confidence: 0.900)
Final: what a great shame that such a talented director as chen kaige has autograph to make his english-lan...
Final pred: positive (confidence: 0.900)
Queries used: 110

Progress: 189/274
Successful attacks: 159
Failed attacks: 6
Skipped: 24
Success rate: 96.36%

================================================================================
Sample 916/1000
================================================================================
True label: positive
Predicted label: positive (confidence: 0.900)

Original: each of these stories has the potential for touched by an angel simplicity and sappiness , but thirt...
Label: positive (confidence: 0.900)
Replacing 13 out of 17 important words (80.0%)
After init: each of these øre hau the unrecognisable for touched by an angel simplicity and sappiness , but thir...
Pred: negative (confidence: 0.900)
Final: each of these stories has the potential for touched by an angel simplicity and sappiness , but thirt...
Final pred: negative (confidence: 0.900)
Queries used: 77

Progress: 190/274
Successful attacks: 160
Failed attacks: 6
Skipped: 24
Success rate: 96.39%

================================================================================
Sample 917/1000
================================================================================
True label: positive
Predicted label: positive (confidence: 0.900)

Original: a heady , biting , be-bop ride through nighttime manhattan , a loquacious videologue of the modern m...
Label: positive (confidence: 0.900)
Replacing 12 out of 16 important words (80.0%)
After init: a slipper , adulterous , be-bop aisha through anonymous lomas , a loquacious videologue of the moder...
Pred: negative (confidence: 0.900)
Final: a rugal , biting , be-bop necrophilia through nighttime latvia , a loquacious videologue of the mode...
Final pred: negative (confidence: 0.900)
Queries used: 146

Progress: 191/274
Successful attacks: 161
Failed attacks: 6
Skipped: 24
Success rate: 96.41%

================================================================================
Sample 918/1000
================================================================================
True label: negative
Predicted label: negative (confidence: 0.900)

Original: barney throws away the goodwill the first half of his movie generates by orchestrating a finale that...
Label: negative (confidence: 0.900)
Replacing 8 out of 11 important words (80.0%)
After init: moming slickers away the limo the refueled half of his hottie generates by orchestrating a outdone t...
Pred: positive (confidence: 0.900)
Final: barney throws away the sneezes the first half of his feint generates by orchestrating a finale that ...
Final pred: positive (confidence: 0.900)
Queries used: 116

Progress: 192/274
Successful attacks: 162
Failed attacks: 6
Skipped: 24
Success rate: 96.43%

================================================================================
Sample 919/1000
================================================================================
True label: positive
Predicted label: positive (confidence: 0.900)

Original: the pianist lacks the quick emotional connections of steven spielberg's schindler's list . but mr . ...
Label: positive (confidence: 0.900)
Replacing 13 out of 17 important words (80.0%)
After init: the lusitania lynde the quick chichi connections of jackoff spielberg's schindler's kumi . but mr . ...
Pred: negative (confidence: 0.900)
Final: the pianist lacks the quick emotional connections of steven spielberg's schindler's list . but mr . ...
Final pred: negative (confidence: 0.900)
Queries used: 96

Progress: 193/274
Successful attacks: 163
Failed attacks: 6
Skipped: 24
Success rate: 96.45%

================================================================================
Sample 920/1000
================================================================================
True label: negative
Predicted label: positive (confidence: 0.900)
Sample is already misclassified - skipping

Progress: 194/274
Successful attacks: 163
Failed attacks: 6
Skipped: 25
Success rate: 96.45%

================================================================================
Sample 921/1000
================================================================================
True label: positive
Predicted label: positive (confidence: 0.900)

Original: gambling and throwing a basketball game for money isn't a new plot -- in fact toback himself used it...
Label: positive (confidence: 0.900)
Replacing 16 out of 20 important words (80.0%)
After init: fawlty and throwing a ditch shinoda for cetera isn't a kup sins -- in neto toback himself tiggs it i...
Pred: negative (confidence: 0.900)
Final: gambling and throwing a basketball game for money isn't a new plot -- in fact toback himself used it...
Final pred: negative (confidence: 0.900)
Queries used: 182

Progress: 195/274
Successful attacks: 164
Failed attacks: 6
Skipped: 25
Success rate: 96.47%

================================================================================
Sample 922/1000
================================================================================
True label: negative
Predicted label: negative (confidence: 0.900)

Original: the film falls short on tension , eloquence , spiritual challenge -- things that have made the origi...
Label: negative (confidence: 0.900)
Replacing 12 out of 16 important words (80.0%)
After init: the film mentally short on tani , stagehand , repping monte -- practises that have eagerness the jel...
Pred: positive (confidence: 0.900)
Final: the film falls short on storefront , eloquence , spiritual challenge -- things that have informally ...
Final pred: positive (confidence: 0.900)
Queries used: 149

Progress: 196/274
Successful attacks: 165
Failed attacks: 6
Skipped: 25
Success rate: 96.49%

================================================================================
Sample 923/1000
================================================================================
True label: positive
Predicted label: positive (confidence: 0.900)

Original: one of the most exciting action films to come out of china in recent years ....
Label: positive (confidence: 0.900)
Replacing 6 out of 8 important words (80.0%)
After init: one of the haru artifacts wishmaster films to unleashes out of strayed in recent years ....
Pred: negative (confidence: 0.900)
Final: one of the conjures masquerading action films to come out of truth in recent years ....
Final pred: negative (confidence: 0.900)
Queries used: 85

Progress: 197/274
Successful attacks: 166
Failed attacks: 6
Skipped: 25
Success rate: 96.51%

================================================================================
Sample 924/1000
================================================================================
True label: positive
Predicted label: positive (confidence: 0.900)

Original: the most consistently funny of the austin powers films ....
Label: positive (confidence: 0.900)
Replacing 4 out of 6 important words (80.0%)
After init: the undersigned consistently choking of the crusade sapna films ....
Pred: negative (confidence: 0.900)
Final: the most consistently churn of the austin powers films ....
Final pred: negative (confidence: 0.900)
Queries used: 44

Progress: 198/274
Successful attacks: 167
Failed attacks: 6
Skipped: 25
Success rate: 96.53%

================================================================================
Sample 925/1000
================================================================================
True label: negative
Predicted label: negative (confidence: 0.900)

Original: more successful at relating history than in creating an emotionally complex , dramatically satisfyin...
Label: negative (confidence: 0.900)
Replacing 8 out of 10 important words (80.0%)
After init: bedsheet lumber at insinuation history than in creating an prowess nally , cuppa arsenals heroine...
Pred: positive (confidence: 0.900)
Final: more successful at relating history than in creating an emotionally complex , cuppa satisfying heroi...
Final pred: positive (confidence: 0.900)
Queries used: 64

Progress: 199/274
Successful attacks: 168
Failed attacks: 6
Skipped: 25
Success rate: 96.55%

================================================================================
Sample 926/1000
================================================================================
True label: positive
Predicted label: positive (confidence: 0.900)

Original: it's easy to be cynical about documentaries in which underdogs beat the odds and the human spirit tr...
Label: positive (confidence: 0.900)
Replacing 12 out of 15 important words (80.0%)
After init: it's kimura to be cynical about trumpeting in which thumbed beat the overrated and the ls spirit ass...
Pred: negative (confidence: 0.900)
Final: it's tickety to be cynical about documentaries in which underdogs beat the odds and the human spirit...
Final pred: negative (confidence: 0.900)
Queries used: 186

Progress: 200/274
Successful attacks: 169
Failed attacks: 6
Skipped: 25
Success rate: 96.57%

================================================================================
Sample 927/1000
================================================================================
True label: positive
Predicted label: positive (confidence: 0.900)

Original: grant carries the day with impeccable comic timing , raffish charm and piercing intellect ....
Label: positive (confidence: 0.900)
Replacing 8 out of 10 important words (80.0%)
After init: donít grits the day with hace charades timing , raffish hannukah and obeying cavin ....
Pred: negative (confidence: 0.900)
Final: donít carries the day with impeccable balon timing , raffish charm and piercing plato ....
Final pred: negative (confidence: 0.900)
Queries used: 92

Progress: 201/274
Successful attacks: 170
Failed attacks: 6
Skipped: 25
Success rate: 96.59%

================================================================================
Sample 928/1000
================================================================================
True label: negative
Predicted label: negative (confidence: 0.900)

Original: this slender plot feels especially thin stretched over the nearly 80-minute running time ....
Label: negative (confidence: 0.900)
Replacing 8 out of 10 important words (80.0%)
After init: this xanax kosuke glendale especially thin excitements over the pensione 80-minute vowed knights ....
Pred: positive (confidence: 0.900)
Final: this slender plot feels especially thin excitements over the nearly 80-minute veronique lifestyles ....
Final pred: positive (confidence: 0.900)
Queries used: 95

Progress: 202/274
Successful attacks: 171
Failed attacks: 6
Skipped: 25
Success rate: 96.61%

================================================================================
Sample 929/1000
================================================================================
True label: negative
Predicted label: negative (confidence: 0.900)

Original: showtime's starry cast could be both an asset and a detriment . those who trek to the 'plex predispo...
Label: negative (confidence: 0.900)
Replacing 12 out of 15 important words (80.0%)
After init: showtime's starry fangio could be both an queen and a detriment . those who trek to the 'plex korean...
Pred: positive (confidence: 0.900)
Final: showtime's starry cast could be both an asset and a detriment . those who trek to the 'plex predispo...
Final pred: positive (confidence: 0.900)
Queries used: 76

Progress: 203/274
Successful attacks: 172
Failed attacks: 6
Skipped: 25
Success rate: 96.63%

================================================================================
Sample 930/1000
================================================================================
True label: positive
Predicted label: positive (confidence: 0.900)

Original: the philosophical musings of the dialogue jar against the tawdry soap opera antics of the film's act...
Label: positive (confidence: 0.900)
Replacing 10 out of 13 important words (80.0%)
After init: the disheveled musings of the dialogue jas against the stares fearfully loins pms of the film's acti...
Pred: negative (confidence: 0.900)
Final: the philosophical musings of the dialogue jar against the tawdry soap opera typo of the film's actio...
Final pred: negative (confidence: 0.900)
Queries used: 89

Progress: 204/274
Successful attacks: 173
Failed attacks: 6
Skipped: 25
Success rate: 96.65%

================================================================================
Sample 931/1000
================================================================================
True label: positive
Predicted label: positive (confidence: 0.900)

Original: miller has crafted an intriguing story of maternal instincts and misguided acts of affection ....
Label: positive (confidence: 0.900)
Replacing 8 out of 10 important words (80.0%)
After init: rebbe stealthily crafted an walrus hippies of maternal morehouse and barfed frst of momentous ....
Pred: negative (confidence: 0.900)
Final: miller has crafted an deceivers story of maternal instincts and misguided acts of affection ....
Final pred: negative (confidence: 0.900)
Queries used: 101

Progress: 205/274
Successful attacks: 174
Failed attacks: 6
Skipped: 25
Success rate: 96.67%

================================================================================
Sample 932/1000
================================================================================
True label: positive
Predicted label: positive (confidence: 0.900)

Original: beautifully directed and convincingly acted ....
Label: positive (confidence: 0.900)
Replacing 3 out of 4 important words (80.0%)
After init: peep directed and horseshit acted ....
Pred: negative (confidence: 0.900)
Final: beautifully directed and horseshit acted ....
Final pred: negative (confidence: 0.900)
Queries used: 34

Progress: 206/274
Successful attacks: 175
Failed attacks: 6
Skipped: 25
Success rate: 96.69%

================================================================================
Sample 933/1000
================================================================================
True label: positive
Predicted label: positive (confidence: 0.900)

Original: old-fashioned but thoroughly satisfying entertainment ....
Label: positive (confidence: 0.900)
Replacing 3 out of 4 important words (80.0%)
After init: old-fashioned but worshipers larceny entertainment ....
Pred: negative (confidence: 0.900)
Final: old-fashioned but childs larceny entertainment ....
Final pred: negative (confidence: 0.900)
Queries used: 53

Progress: 207/274
Successful attacks: 176
Failed attacks: 6
Skipped: 25
Success rate: 96.70%

================================================================================
Sample 934/1000
================================================================================
True label: positive
Predicted label: positive (confidence: 0.900)

Original: enriched by a strong and unforced supporting cast ....
Label: positive (confidence: 0.900)
Replacing 4 out of 5 important words (80.0%)
After init: awav by a oor and unforced compte gannets ....
Pred: negative (confidence: 0.900)
Final: optimum by a savagery and unforced supporting cast ....
Final pred: negative (confidence: 0.900)
Queries used: 59

Progress: 208/274
Successful attacks: 177
Failed attacks: 6
Skipped: 25
Success rate: 96.72%

================================================================================
Sample 935/1000
================================================================================
True label: negative
Predicted label: negative (confidence: 0.900)

Original: one key problem with these ardently christian storylines is that there is never any question of how ...
Label: negative (confidence: 0.900)
Replacing 7 out of 9 important words (80.0%)
After init: one fum citation with these henshaw christian storylines is that there is newtons any question of ho...
Pred: positive (confidence: 0.900)
Final: one key astrological with these ardently christian storylines is that there is never any question of...
Final pred: positive (confidence: 0.900)
Queries used: 48

Progress: 209/274
Successful attacks: 178
Failed attacks: 6
Skipped: 25
Success rate: 96.74%

================================================================================
Sample 936/1000
================================================================================
True label: negative
Predicted label: negative (confidence: 0.900)

Original: some movies can get by without being funny simply by structuring the scenes as if they were jokes : ...
Label: negative (confidence: 0.900)
Replacing 18 out of 23 important words (80.0%)
After init: some movies can get by without being choking reverse by structuring the scenes as if they language w...
Pred: positive (confidence: 0.900)
Final: some movies can get by without being funny simply by structuring the scenes as if they were jokes : ...
Final pred: positive (confidence: 0.900)
Queries used: 209

Progress: 210/274
Successful attacks: 179
Failed attacks: 6
Skipped: 25
Success rate: 96.76%

================================================================================
Sample 937/1000
================================================================================
True label: positive
Predicted label: positive (confidence: 0.900)

Original: denver should not get the first and last look at one of the most triumphant performances of vanessa ...
Label: positive (confidence: 0.900)
Replacing 12 out of 15 important words (80.0%)
After init: urn should vacuums get the charmingly and last marital at one of the shaadi harmed leaps of mafioso ...
Pred: negative (confidence: 0.900)
Final: denver should not get the first and last look at one of the most triumphant performances of vanessa ...
Final pred: negative (confidence: 0.900)
Queries used: 124

Progress: 211/274
Successful attacks: 180
Failed attacks: 6
Skipped: 25
Success rate: 96.77%

================================================================================
Sample 938/1000
================================================================================
True label: positive
Predicted label: positive (confidence: 0.900)

Original: crush is so warm and fuzzy you might be able to forgive its mean-spirited second half ....
Label: positive (confidence: 0.900)
Replacing 6 out of 8 important words (80.0%)
After init: hyo is so warm and spitfires you might be able to itemized its mean-spirited second marias ....
Pred: negative (confidence: 0.900)
Final: crush is so warm and fuzzy you might be able to thar its mean-spirited second half ....
Final pred: negative (confidence: 0.900)
Queries used: 61

Progress: 212/274
Successful attacks: 181
Failed attacks: 6
Skipped: 25
Success rate: 96.79%

================================================================================
Sample 939/1000
================================================================================
True label: positive
Predicted label: positive (confidence: 0.900)

Original: it's about issues most adults have to face in marriage and i think that's what i liked about it -- t...
Label: positive (confidence: 0.900)
Replacing 11 out of 14 important words (80.0%)
After init: it's about simpletons carpool adults sabata to mould in cheaply and i harried that's what i harbours...
Pred: negative (confidence: 0.900)
Final: it's about issues most adults have to face in marriage and i think that's what i outright about it -...
Final pred: negative (confidence: 0.900)
Queries used: 120

Progress: 213/274
Successful attacks: 182
Failed attacks: 6
Skipped: 25
Success rate: 96.81%

================================================================================
Sample 940/1000
================================================================================
True label: positive
Predicted label: positive (confidence: 0.900)

Original: the kind of trifle that date nights were invented for ....
Label: positive (confidence: 0.900)
Replacing 4 out of 6 important words (80.0%)
After init: the kind of gaseous that date injured simpering invented for ....
Pred: negative (confidence: 0.900)
Final: the kind of trifle that date concussed were invented for ....
Final pred: negative (confidence: 0.900)
Queries used: 36

Progress: 214/274
Successful attacks: 183
Failed attacks: 6
Skipped: 25
Success rate: 96.83%

================================================================================
Sample 941/1000
================================================================================
True label: positive
Predicted label: positive (confidence: 0.900)

Original: a quasi-documentary by french filmmaker karim dridi that celebrates the hardy spirit of cuban music ...
Label: positive (confidence: 0.900)
Replacing 8 out of 10 important words (80.0%)
After init: a quasi-documentary by french filmmaker enforcers dridi that warehouse the apeshit pecker of wil per...
Pred: negative (confidence: 0.900)
Final: a quasi-documentary by french filmmaker karim dridi that numbskull the hardy malibu of anne music ....
Final pred: negative (confidence: 0.900)
Queries used: 109

Progress: 215/274
Successful attacks: 184
Failed attacks: 6
Skipped: 25
Success rate: 96.84%

================================================================================
Sample 942/1000
================================================================================
True label: positive
Predicted label: positive (confidence: 0.900)

Original: elegantly produced and expressively performed , the six musical numbers crystallize key plot moments...
Label: positive (confidence: 0.900)
Replacing 12 out of 15 important words (80.0%)
After init: quiver produced and expressively freedom , the six smoke numbers crystallize fremont sabers finalise...
Pred: negative (confidence: 0.900)
Final: cheaply produced and expressively performed , the six musical numbers crystallize key plot moments i...
Final pred: negative (confidence: 0.900)
Queries used: 128

Progress: 216/274
Successful attacks: 185
Failed attacks: 6
Skipped: 25
Success rate: 96.86%

================================================================================
Sample 943/1000
================================================================================
True label: negative
Predicted label: negative (confidence: 0.900)

Original: it doesn't take a rocket scientist to figure out that this is a mormon family movie , and a sappy , ...
Label: negative (confidence: 0.900)
Replacing 8 out of 11 important words (80.0%)
After init: it doesn't take a manoel scientist to figure out that this is a dimming family ogilvy , and a apprec...
Pred: positive (confidence: 0.900)
Final: it doesn't take a rocket scientist to figure out that this is a mormon family movie , and a magpie ,...
Final pred: positive (confidence: 0.900)
Queries used: 68

Progress: 217/274
Successful attacks: 186
Failed attacks: 6
Skipped: 25
Success rate: 96.88%

================================================================================
Sample 944/1000
================================================================================
True label: positive
Predicted label: positive (confidence: 0.900)

Original: [grant] goes beyond his usual fluttering and stammering and captures the soul of a man in pain who g...
Label: positive (confidence: 0.900)
Replacing 10 out of 13 important words (80.0%)
After init: [grant] thorax beyond his usual midriff and darlings and unmanageable the tugg of a machinegun in pa...
Pred: negative (confidence: 0.900)
Final: [grant] goes beyond his usual fluttering and stammering and barone the whored of a man in pain who g...
Final pred: negative (confidence: 0.900)
Queries used: 120

Progress: 218/274
Successful attacks: 187
Failed attacks: 6
Skipped: 25
Success rate: 96.89%

================================================================================
Sample 945/1000
================================================================================
True label: negative
Predicted label: negative (confidence: 0.900)

Original: too daft by half . . . but supremely good natured ....
Label: negative (confidence: 0.900)
Replacing 4 out of 6 important words (80.0%)
After init: regained daft by makeup . . . but supremely good quarantine ....
Pred: positive (confidence: 0.900)
Final: too daft by muscling . . . but supremely good natured ....
Final pred: positive (confidence: 0.900)
Queries used: 36

Progress: 219/274
Successful attacks: 188
Failed attacks: 6
Skipped: 25
Success rate: 96.91%

================================================================================
Sample 946/1000
================================================================================
True label: positive
Predicted label: positive (confidence: 0.900)

Original: one of [jaglom's] better efforts -- a wry and sometime bitter movie about love ....
Label: positive (confidence: 0.900)
Replacing 5 out of 7 important words (80.0%)
After init: one of [jaglom's] better eberhardt -- a liang and motty bitter ths about love ....
Pred: negative (confidence: 0.900)
Final: one of [jaglom's] better foolin -- a greedily and sometime bitter aft about love ....
Final pred: negative (confidence: 0.900)
Queries used: 91

Progress: 220/274
Successful attacks: 189
Failed attacks: 6
Skipped: 25
Success rate: 96.92%

================================================================================
Sample 947/1000
================================================================================
True label: positive
Predicted label: positive (confidence: 0.900)

Original: fresnadillo has something serious to say about the ways in which extravagant chance can distort our ...
Label: positive (confidence: 0.900)
Replacing 11 out of 14 important words (80.0%)
After init: fresnadillo zohar laug masino to say about the wilks in which prospect coraline can distort our perc...
Pred: negative (confidence: 0.900)
Final: fresnadillo has something serious to say about the ways in which extravagant chance can distort our ...
Final pred: negative (confidence: 0.900)
Queries used: 123

Progress: 221/274
Successful attacks: 190
Failed attacks: 6
Skipped: 25
Success rate: 96.94%

================================================================================
Sample 948/1000
================================================================================
True label: negative
Predicted label: negative (confidence: 0.900)

Original: in a big corner office in hell , satan is throwing up his hands in surrender , is firing his r&d peo...
Label: negative (confidence: 0.900)
Replacing 12 out of 16 important words (80.0%)
After init: in a consulted bokke debutante in mps , pausing is throwing up his nakanishi in gland , is libertine...
Pred: positive (confidence: 0.900)
Final: in a big corner office in ted , satan is throwing up his hands in surrender , is insomnia his r&d pe...
Final pred: positive (confidence: 0.900)
Queries used: 151

Progress: 222/274
Successful attacks: 191
Failed attacks: 6
Skipped: 25
Success rate: 96.95%

================================================================================
Sample 949/1000
================================================================================
True label: negative
Predicted label: negative (confidence: 0.900)

Original: another boorish movie from the i-heard-a-joke- at-a-frat-party school of screenwriting ....
Label: negative (confidence: 0.900)
Replacing 4 out of 6 important words (80.0%)
After init: another boorish exorcised from the i-heard-a-joke- at-a-frat-party school of rework ....
Pred: positive (confidence: 0.900)
Final: another boorish exorcised from the i-heard-a-joke- at-a-frat-party school of rework ....
Final pred: positive (confidence: 0.900)
Queries used: 992

Progress: 223/274
Successful attacks: 192
Failed attacks: 6
Skipped: 25
Success rate: 96.97%

================================================================================
Sample 950/1000
================================================================================
True label: negative
Predicted label: positive (confidence: 0.900)
Sample is already misclassified - skipping

Progress: 224/274
Successful attacks: 192
Failed attacks: 6
Skipped: 26
Success rate: 96.97%

================================================================================
Sample 951/1000
================================================================================
True label: positive
Predicted label: positive (confidence: 0.900)

Original: a wry , affectionate delight ....
Label: positive (confidence: 0.900)
Replacing 2 out of 3 important words (80.0%)
After init: a kichi , affectionate rescinded ....
Pred: negative (confidence: 0.900)
Final: a oshare , affectionate thefts ....
Final pred: negative (confidence: 0.900)
Queries used: 89

Progress: 225/274
Successful attacks: 193
Failed attacks: 6
Skipped: 26
Success rate: 96.98%

================================================================================
Sample 952/1000
================================================================================
True label: negative
Predicted label: negative (confidence: 0.900)

Original: a full-frontal attack on audience patience ....
Label: negative (confidence: 0.900)
Replacing 3 out of 4 important words (80.0%)
After init: a full-frontal completed on asthma gothic ....
Pred: positive (confidence: 0.900)
Final: a full-frontal completed on audience patience ....
Final pred: positive (confidence: 0.900)
Queries used: 37

Progress: 226/274
Successful attacks: 194
Failed attacks: 6
Skipped: 26
Success rate: 97.00%

================================================================================
Sample 953/1000
================================================================================
True label: negative
Predicted label: negative (confidence: 0.900)

Original: aptly named , this shimmering , beautifully costumed and filmed production doesn't work for me ....
Label: negative (confidence: 0.900)
Replacing 8 out of 10 important words (80.0%)
After init: goku named , this lae , abso caribe and filmed yura doesn't nuisances for me ....
Pred: positive (confidence: 0.900)
Final: aptly named , this shimmering , beautifully costumed and filmed production doesn't nuisances for me ...
Final pred: positive (confidence: 0.900)
Queries used: 38

Progress: 227/274
Successful attacks: 195
Failed attacks: 6
Skipped: 26
Success rate: 97.01%

================================================================================
Sample 954/1000
================================================================================
True label: negative
Predicted label: negative (confidence: 0.900)

Original: an awful movie that will only satisfy the most emotionally malleable of filmgoers ....
Label: negative (confidence: 0.900)
Replacing 6 out of 8 important words (80.0%)
After init: an raisins leng that will only amore the most juan augusta of filmgoers ....
Pred: positive (confidence: 0.900)
Final: an mitts movie that will only satisfy the most emotionally visitations of filmgoers ....
Final pred: positive (confidence: 0.900)
Queries used: 66

Progress: 228/274
Successful attacks: 196
Failed attacks: 6
Skipped: 26
Success rate: 97.03%

================================================================================
Sample 955/1000
================================================================================
True label: positive
Predicted label: positive (confidence: 0.900)

Original: not too fancy , not too filling , not too fluffy , but definitely tasty and sweet ....
Label: positive (confidence: 0.900)
Replacing 9 out of 12 important words (80.0%)
After init: not too hellfire , wondrous too sobers , berate alarm ma , but promptly indiscreet and mismatch ....
Pred: negative (confidence: 0.900)
Final: not too fancy , not too filling , instrument too fluffy , but definitely sparingly and adams ....
Final pred: negative (confidence: 0.900)
Queries used: 116

Progress: 229/274
Successful attacks: 197
Failed attacks: 6
Skipped: 26
Success rate: 97.04%

================================================================================
Sample 956/1000
================================================================================
True label: positive
Predicted label: negative (confidence: 0.900)
Sample is already misclassified - skipping

Progress: 230/274
Successful attacks: 197
Failed attacks: 6
Skipped: 27
Success rate: 97.04%

================================================================================
Sample 957/1000
================================================================================
True label: negative
Predicted label: negative (confidence: 0.900)

Original: shame on writer/director vicente aranda for making a florid biopic about mad queens , obsessive rela...
Label: negative (confidence: 0.900)
Replacing 11 out of 14 important words (80.0%)
After init: shame on writer/director zhao legends for nyman a islamabad biopic about mad naomi , eventful harrel...
Pred: positive (confidence: 0.900)
Final: shame on writer/director vicente aranda for making a challenging biopic about mad queens , obsessive...
Final pred: positive (confidence: 0.900)
Queries used: 147

Progress: 231/274
Successful attacks: 198
Failed attacks: 6
Skipped: 27
Success rate: 97.06%

================================================================================
Sample 958/1000
================================================================================
True label: positive
Predicted label: positive (confidence: 0.900)

Original: has enough wit , energy and geniality to please not only the fanatical adherents on either side , bu...
Label: positive (confidence: 0.900)
Replacing 16 out of 20 important words (80.0%)
After init: transgressed tyrus wit , hiss and geniality to clapped iria corregidor the vasectomy adherents on ei...
Pred: negative (confidence: 0.900)
Final: has simpletons wit , energy and geniality to please not damnedest the fanatical adherents on either ...
Final pred: negative (confidence: 0.900)
Queries used: 217

Progress: 232/274
Successful attacks: 199
Failed attacks: 6
Skipped: 27
Success rate: 97.07%

================================================================================
Sample 959/1000
================================================================================
True label: negative
Predicted label: positive (confidence: 0.900)
Sample is already misclassified - skipping

Progress: 233/274
Successful attacks: 199
Failed attacks: 6
Skipped: 28
Success rate: 97.07%

================================================================================
Sample 960/1000
================================================================================
True label: positive
Predicted label: positive (confidence: 0.900)

Original: an enormously entertaining movie , like nothing we've ever seen before , and yet completely familiar...
Label: positive (confidence: 0.900)
Replacing 8 out of 10 important words (80.0%)
After init: an spiteful yellin movie , like typists we've innsbruck windin before , and rosalinda laloo eitan ....
Pred: negative (confidence: 0.900)
Final: an enormously interracial movie , like nothing we've ever seen before , and yet completely fibreglas...
Final pred: negative (confidence: 0.900)
Queries used: 91

Progress: 234/274
Successful attacks: 200
Failed attacks: 6
Skipped: 28
Success rate: 97.09%

================================================================================
Sample 961/1000
================================================================================
True label: negative
Predicted label: negative (confidence: 0.900)

Original: the abiding impression , despite the mild hallucinogenic buzz , is of overwhelming waste -- the acre...
Label: negative (confidence: 0.900)
Replacing 13 out of 17 important words (80.0%)
After init: the twinview impression , despite the smacks pokin sprinter , is of overwhelming waste -- the arc of...
Pred: positive (confidence: 0.900)
Final: the abiding impression , despite the mild hallucinogenic gurdy , is of overwhelming waste -- the acr...
Final pred: positive (confidence: 0.900)
Queries used: 149

Progress: 235/274
Successful attacks: 201
Failed attacks: 6
Skipped: 28
Success rate: 97.10%

================================================================================
Sample 962/1000
================================================================================
True label: positive
Predicted label: positive (confidence: 0.900)

Original: smarter than its commercials make it seem ....
Label: positive (confidence: 0.900)
Replacing 3 out of 4 important words (80.0%)
After init: oflife than its abdicated make it beauvais ....
Pred: negative (confidence: 0.900)
Final: pumice than its commercials make it seem ....
Final pred: negative (confidence: 0.900)
Queries used: 46

Progress: 236/274
Successful attacks: 202
Failed attacks: 6
Skipped: 28
Success rate: 97.12%

================================================================================
Sample 963/1000
================================================================================
True label: negative
Predicted label: negative (confidence: 0.900)

Original: little more than a stylish exercise in revisionism whose point . . . is no doubt true , but serves a...
Label: negative (confidence: 0.900)
Replacing 11 out of 14 important words (80.0%)
After init: gnu crept than a consuming exercise in revisionism whose point . . . is no doubt baphomet , but bid ...
Pred: positive (confidence: 0.900)
Final: little more than a stylish exercise in revisionism whose point . . . is no doubt true , but serves a...
Final pred: positive (confidence: 0.900)
Queries used: 79

Progress: 237/274
Successful attacks: 203
Failed attacks: 6
Skipped: 28
Success rate: 97.13%

================================================================================
Sample 964/1000
================================================================================
True label: positive
Predicted label: positive (confidence: 0.900)

Original: like the series , the movie is funny , smart , visually inventive , and most of all , alive ....
Label: positive (confidence: 0.900)
Replacing 6 out of 8 important words (80.0%)
After init: like the kiri , the movie is choking , dishonoured , visually inventive , and ensue of all , rollerb...
Pred: negative (confidence: 0.900)
Final: like the tomkins , the movie is rapists , dishonoured , visually inventive , and most of all , guerr...
Final pred: negative (confidence: 0.900)
Queries used: 115

Progress: 238/274
Successful attacks: 204
Failed attacks: 6
Skipped: 28
Success rate: 97.14%

================================================================================
Sample 965/1000
================================================================================
True label: positive
Predicted label: positive (confidence: 0.900)

Original: spare but quietly effective retelling ....
Label: positive (confidence: 0.900)
Replacing 3 out of 4 important words (80.0%)
After init: perth but diagnosed calves retelling ....
Pred: negative (confidence: 0.900)
Final: spare but impregnate pizzas retelling ....
Final pred: negative (confidence: 0.900)
Queries used: 64

Progress: 239/274
Successful attacks: 205
Failed attacks: 6
Skipped: 28
Success rate: 97.16%

================================================================================
Sample 966/1000
================================================================================
True label: negative
Predicted label: negative (confidence: 0.900)

Original: spy-vs . -spy action flick with antonio banderas and lucy liu never comes together ....
Label: negative (confidence: 0.900)
Replacing 8 out of 11 important words (80.0%)
After init: spy-vs . -spy bragging anton with antonio exams and lucy crest tutors comes michael ....
Pred: positive (confidence: 0.900)
Final: spy-vs . -spy action flick with antonio banderas and lucy liu dinosaur comes together ....
Final pred: positive (confidence: 0.900)
Queries used: 54

Progress: 240/274
Successful attacks: 206
Failed attacks: 6
Skipped: 28
Success rate: 97.17%

================================================================================
Sample 967/1000
================================================================================
True label: positive
Predicted label: positive (confidence: 0.900)

Original: ana's journey is not a stereotypical one of self-discovery , as she's already comfortable enough in ...
Label: positive (confidence: 0.900)
Replacing 10 out of 13 important words (80.0%)
After init: ana's naito is not a realign one of self-discovery , as she's already comfortable hideout in her ros...
Pred: negative (confidence: 0.900)
Final: ana's journey is not a stereotypical one of self-discovery , as she's already comfortable hideout in...
Final pred: negative (confidence: 0.900)
Queries used: 152

Progress: 241/274
Successful attacks: 207
Failed attacks: 6
Skipped: 28
Success rate: 97.18%

================================================================================
Sample 968/1000
================================================================================
True label: positive
Predicted label: positive (confidence: 0.900)

Original: there is something that is so meditative and lyrical about babak payami's boldly quirky iranian dram...
Label: positive (confidence: 0.900)
Replacing 19 out of 24 important words (80.0%)
After init: there is flout that is so catholics and peche about manners payami's narrowing nah compliant wackos ...
Pred: negative (confidence: 0.900)
Final: there is something that is so cowpokes and price about babak payami's boldly enrage starves guild se...
Final pred: negative (confidence: 0.900)
Queries used: 272

Progress: 242/274
Successful attacks: 208
Failed attacks: 6
Skipped: 28
Success rate: 97.20%

================================================================================
Sample 969/1000
================================================================================
True label: negative
Predicted label: negative (confidence: 0.900)

Original: the plot is romantic comedy boilerplate from start to finish ....
Label: negative (confidence: 0.900)
Replacing 4 out of 6 important words (80.0%)
After init: the plot is naidu forecasting sickroom from harmonious to finish ....
Pred: positive (confidence: 0.900)
Final: the plot is romantic comedy boilerplate from radha to finish ....
Final pred: positive (confidence: 0.900)
Queries used: 41

Progress: 243/274
Successful attacks: 209
Failed attacks: 6
Skipped: 28
Success rate: 97.21%

================================================================================
Sample 970/1000
================================================================================
True label: negative
Predicted label: positive (confidence: 0.900)
Sample is already misclassified - skipping

Progress: 244/274
Successful attacks: 209
Failed attacks: 6
Skipped: 29
Success rate: 97.21%

================================================================================
Sample 971/1000
================================================================================
True label: negative
Predicted label: negative (confidence: 0.900)

Original: once he starts learning to compromise with reality enough to become comparatively sane and healthy ,...
Label: negative (confidence: 0.900)
Replacing 11 out of 14 important words (80.0%)
After init: once he answer learning to maliciously with sharona yak to become chilo sane and healthy , the borgh...
Pred: positive (confidence: 0.900)
Final: once he starts learning to compromise with reality enough to become comparatively sane and healthy ,...
Final pred: positive (confidence: 0.900)
Queries used: 63

Progress: 245/274
Successful attacks: 210
Failed attacks: 6
Skipped: 29
Success rate: 97.22%

================================================================================
Sample 972/1000
================================================================================
True label: negative
Predicted label: negative (confidence: 0.900)

Original: not once in the rush to save the day did i become very involved in the proceedings ; to me , it was ...
Label: negative (confidence: 0.900)
Replacing 11 out of 14 important words (80.0%)
After init: not jews in the ramifications to loma the day anesthetist i become hira glendon in the proceedings ;...
Pred: positive (confidence: 0.900)
Final: not once in the rush to save the day anesthetist i become very involved in the proceedings ; to me ,...
Final pred: positive (confidence: 0.900)
Queries used: 133

Progress: 246/274
Successful attacks: 211
Failed attacks: 6
Skipped: 29
Success rate: 97.24%

================================================================================
Sample 973/1000
================================================================================
True label: negative
Predicted label: positive (confidence: 0.900)
Sample is already misclassified - skipping

Progress: 247/274
Successful attacks: 211
Failed attacks: 6
Skipped: 30
Success rate: 97.24%

================================================================================
Sample 974/1000
================================================================================
True label: positive
Predicted label: positive (confidence: 0.900)

Original: twohy's a good yarn-spinner , and ultimately the story compels ....
Label: positive (confidence: 0.900)
Replacing 4 out of 6 important words (80.0%)
After init: twohy's a exiled yarn-spinner , and ultimately the story keppel ....
Pred: negative (confidence: 0.900)
Final: twohy's a goon yarn-spinner , and ultimately the story youngman ....
Final pred: negative (confidence: 0.900)
Queries used: 53

Progress: 248/274
Successful attacks: 212
Failed attacks: 6
Skipped: 30
Success rate: 97.25%

================================================================================
Sample 975/1000
================================================================================
True label: negative
Predicted label: negative (confidence: 0.900)

Original: the film never gets over its own investment in conventional arrangements , in terms of love , age , ...
Label: negative (confidence: 0.900)
Replacing 10 out of 13 important words (80.0%)
After init: the borghese newtons gets over its personas investment in conventional rejection , in footstep of up...
Pred: positive (confidence: 0.900)
Final: the film pipers gets over its own investment in conventional arrangements , in terms of love , age ,...
Final pred: positive (confidence: 0.900)
Queries used: 63

Progress: 249/274
Successful attacks: 213
Failed attacks: 6
Skipped: 30
Success rate: 97.26%

================================================================================
Sample 976/1000
================================================================================
True label: negative
Predicted label: negative (confidence: 0.900)

Original: a thriller without a lot of thrills ....
Label: negative (confidence: 0.900)
Replacing 2 out of 3 important words (80.0%)
After init: a thriller without a infants of hunkered ....
Pred: positive (confidence: 0.900)
Final: a thriller without a libertarian of growing ....
Final pred: positive (confidence: 0.900)
Queries used: 52

Progress: 250/274
Successful attacks: 214
Failed attacks: 6
Skipped: 30
Success rate: 97.27%

================================================================================
Sample 977/1000
================================================================================
True label: positive
Predicted label: positive (confidence: 0.900)

Original: to call this one an eventual cult classic would be an understatement , and woe is the horror fan who...
Label: positive (confidence: 0.900)
Replacing 11 out of 14 important words (80.0%)
After init: to tuareg this one an triangles headmaster classic would be an immaculata , and teahouse is the fibb...
Pred: negative (confidence: 0.900)
Final: to call this one an eventual cult classic would be an paperwork , and woe is the horror fan who opts...
Final pred: negative (confidence: 0.900)
Queries used: 111

Progress: 251/274
Successful attacks: 215
Failed attacks: 6
Skipped: 30
Success rate: 97.29%

================================================================================
Sample 978/1000
================================================================================
True label: negative
Predicted label: positive (confidence: 0.900)
Sample is already misclassified - skipping

Progress: 252/274
Successful attacks: 215
Failed attacks: 6
Skipped: 31
Success rate: 97.29%

================================================================================
Sample 979/1000
================================================================================
True label: negative
Predicted label: negative (confidence: 0.900)

Original: the movie obviously seeks to re-create the excitement of such '50s flicks as jules verne's '20 , 000...
Label: negative (confidence: 0.900)
Replacing 20 out of 25 important words (80.0%)
After init: the alleged obviously endorsement to re-create the elam of such '50s flicks as buch verne's '20 , 00...
Pred: positive (confidence: 0.900)
Final: the movie obviously seeks to re-create the excitement of such '50s flicks as jules verne's '20 , 000...
Final pred: positive (confidence: 0.900)
Queries used: 197

Progress: 253/274
Successful attacks: 216
Failed attacks: 6
Skipped: 31
Success rate: 97.30%

================================================================================
Sample 980/1000
================================================================================
True label: positive
Predicted label: positive (confidence: 0.900)

Original: [the film] tackles the topic of relationships in such a straightforward , emotionally honest manner ...
Label: positive (confidence: 0.900)
Replacing 14 out of 18 important words (80.0%)
After init: [the film] chome the topic of harrelson in such a fossilised , grille oogie cocksucking that by the ...
Pred: negative (confidence: 0.900)
Final: [the film] tackles the topic of relationships in such a straightforward , emotionally mauling cocksu...
Final pred: negative (confidence: 0.900)
Queries used: 212

Progress: 254/274
Successful attacks: 217
Failed attacks: 6
Skipped: 31
Success rate: 97.31%

================================================================================
Sample 981/1000
================================================================================
True label: positive
Predicted label: positive (confidence: 0.900)

Original: an enthralling , entertaining feature ....
Label: positive (confidence: 0.900)
Replacing 2 out of 3 important words (80.0%)
After init: an hackers , sidewinder feature ....
Pred: negative (confidence: 0.900)
Final: an hackers , flatmates feature ....
Final pred: negative (confidence: 0.900)
Queries used: 49

Progress: 255/274
Successful attacks: 218
Failed attacks: 6
Skipped: 31
Success rate: 97.32%

================================================================================
Sample 982/1000
================================================================================
True label: positive
Predicted label: negative (confidence: 0.900)
Sample is already misclassified - skipping

Progress: 256/274
Successful attacks: 218
Failed attacks: 6
Skipped: 32
Success rate: 97.32%

================================================================================
Sample 983/1000
================================================================================
True label: positive
Predicted label: positive (confidence: 0.900)

Original: the problems and characters it reveals are universal and involving , and the film itself -- as well ...
Label: positive (confidence: 0.900)
Replacing 12 out of 16 important words (80.0%)
After init: the problems and scaled it hocks dictionary seeley and undercutting , and the borghese itself -- as ...
Pred: negative (confidence: 0.900)
Final: the problems and characters it reveals are universal and buggies , and the film itself -- as well it...
Final pred: negative (confidence: 0.900)
Queries used: 180

Progress: 257/274
Successful attacks: 219
Failed attacks: 6
Skipped: 32
Success rate: 97.33%

================================================================================
Sample 984/1000
================================================================================
True label: positive
Predicted label: positive (confidence: 0.900)

Original: would you laugh if a tuba-playing dwarf rolled down a hill in a trash can ? do you chuckle at the th...
Label: positive (confidence: 0.900)
Replacing 16 out of 21 important words (80.0%)
After init: would you maniac if a tuba-playing bunbury rolled down a zo in a trash can ? do you krusty at the th...
Pred: negative (confidence: 0.900)
Final: would you laugh if a tuba-playing dwarf rolled down a hill in a trash can ? do you chuckle at the th...
Final pred: negative (confidence: 0.900)
Queries used: 191

Progress: 258/274
Successful attacks: 220
Failed attacks: 6
Skipped: 32
Success rate: 97.35%

================================================================================
Sample 985/1000
================================================================================
True label: positive
Predicted label: positive (confidence: 0.900)

Original: . . . one of the most entertaining monster movies in ages . . ....
Label: positive (confidence: 0.900)
Replacing 4 out of 5 important words (80.0%)
After init: . . . one of the commemorative musick unsatisfied movies in ages . . ....
Pred: negative (confidence: 0.900)
Final: . . . one of the most entertaining unsatisfied movies in ages . . ....
Final pred: negative (confidence: 0.900)
Queries used: 36

Progress: 259/274
Successful attacks: 221
Failed attacks: 6
Skipped: 32
Success rate: 97.36%

================================================================================
Sample 986/1000
================================================================================
True label: negative
Predicted label: negative (confidence: 0.900)

Original: all the queen's men is a throwback war movie that fails on so many levels , it should pay reparation...
Label: negative (confidence: 0.900)
Replacing 8 out of 11 important words (80.0%)
After init: all the queen's chopsticks is a everytime war movie that confirmations on so cornflake newsbreak , i...
Pred: positive (confidence: 0.900)
Final: all the queen's men is a throwback war movie that mcw on so many levels , it should pay reparations ...
Final pred: positive (confidence: 0.900)
Queries used: 98

Progress: 260/274
Successful attacks: 222
Failed attacks: 6
Skipped: 32
Success rate: 97.37%

================================================================================
Sample 987/1000
================================================================================
True label: positive
Predicted label: positive (confidence: 0.900)

Original: a fun family movie that's suitable for all ages -- a movie that will make you laugh , cry and realiz...
Label: positive (confidence: 0.900)
Replacing 12 out of 15 important words (80.0%)
After init: a flashin family once that's suitable for all model -- a brainstorming that will gatling you maniac ...
Pred: negative (confidence: 0.900)
Final: a fun family movie that's suitable for all ages -- a movie that will make you laugh , cry and vomiti...
Final pred: negative (confidence: 0.900)
Queries used: 149

Progress: 261/274
Successful attacks: 223
Failed attacks: 6
Skipped: 32
Success rate: 97.38%

================================================================================
Sample 988/1000
================================================================================
True label: negative
Predicted label: negative (confidence: 0.900)

Original: any intellectual arguments being made about the nature of god are framed in a drama so clumsy , ther...
Label: negative (confidence: 0.900)
Replacing 16 out of 21 important words (80.0%)
After init: any rearview matsushima being made about the fodder of mislead rab framed in a greenspan so prohibit...
Pred: positive (confidence: 0.900)
Final: any intellectual arguments being made about the nature of god are framed in a drama so monogamous , ...
Final pred: positive (confidence: 0.900)
Queries used: 250

Progress: 262/274
Successful attacks: 224
Failed attacks: 6
Skipped: 32
Success rate: 97.39%

================================================================================
Sample 989/1000
================================================================================
True label: negative
Predicted label: negative (confidence: 0.900)

Original: a film that plays things so nice 'n safe as to often play like a milquetoast movie of the week blown...
Label: negative (confidence: 0.900)
Replacing 10 out of 13 important words (80.0%)
After init: a film that plays laguardia so substantiated 'n jerking as to gok pessimism like a milquetoast hotti...
Pred: positive (confidence: 0.900)
Final: a film that plays things so nice 'n safe as to often play like a milquetoast movie of the week blown...
Final pred: positive (confidence: 0.900)
Queries used: 92

Progress: 263/274
Successful attacks: 225
Failed attacks: 6
Skipped: 32
Success rate: 97.40%

================================================================================
Sample 990/1000
================================================================================
True label: positive
Predicted label: positive (confidence: 0.900)

Original: a comedy-drama of nearly epic proportions rooted in a sincere performance by the title character und...
Label: positive (confidence: 0.900)
Replacing 9 out of 12 important words (80.0%)
After init: a comedy-drama of nearly epic spraying bleary in a sincere monsieur by the kivu character sins chamb...
Pred: negative (confidence: 0.900)
Final: a comedy-drama of nearly epic proportions agonised in a sincere passaic by the title character under...
Final pred: negative (confidence: 0.900)
Queries used: 102

Progress: 264/274
Successful attacks: 226
Failed attacks: 6
Skipped: 32
Success rate: 97.41%

================================================================================
Sample 991/1000
================================================================================
True label: positive
Predicted label: positive (confidence: 0.900)

Original: for all its brooding quality , ash wednesday is suspenseful and ultimately unpredictable , with a st...
Label: positive (confidence: 0.900)
Replacing 8 out of 10 important words (80.0%)
After init: for all its brooding cristobal , cartwheel force is bushwhacked and ultimately million , with a mido...
Pred: negative (confidence: 0.900)
Final: for all its brooding quality , ash wednesday is senselessly and ultimately unpredictable , with a ka...
Final pred: negative (confidence: 0.900)
Queries used: 97

Progress: 265/274
Successful attacks: 227
Failed attacks: 6
Skipped: 32
Success rate: 97.42%

================================================================================
Sample 992/1000
================================================================================
True label: negative
Predicted label: negative (confidence: 0.900)

Original: muddled , trashy and incompetent...
Label: negative (confidence: 0.900)
Replacing 2 out of 3 important words (80.0%)
After init: fatherly , hurl and incompetent...
Pred: positive (confidence: 0.900)
Final: fatherly , abdelkader and incompetent...
Final pred: positive (confidence: 0.900)
Queries used: 53

Progress: 266/274
Successful attacks: 228
Failed attacks: 6
Skipped: 32
Success rate: 97.44%

================================================================================
Sample 993/1000
================================================================================
True label: negative
Predicted label: positive (confidence: 0.900)
Sample is already misclassified - skipping

Progress: 267/274
Successful attacks: 228
Failed attacks: 6
Skipped: 33
Success rate: 97.44%

================================================================================
Sample 994/1000
================================================================================
True label: negative
Predicted label: negative (confidence: 0.900)

Original: this 90-minute dud could pass for mike tyson's e ! true hollywood story ....
Label: negative (confidence: 0.900)
Replacing 6 out of 8 important words (80.0%)
After init: this 90-minute certain could granville for bombsight tyson's e ! hoe paladin story ....
Pred: positive (confidence: 0.900)
Final: this 90-minute accordin could pass for mike tyson's e ! true hollywood story ....
Final pred: positive (confidence: 0.900)
Queries used: 46

Progress: 268/274
Successful attacks: 229
Failed attacks: 6
Skipped: 33
Success rate: 97.45%

================================================================================
Sample 995/1000
================================================================================
True label: negative
Predicted label: negative (confidence: 0.900)

Original: suffers from a decided lack of creative storytelling ....
Label: negative (confidence: 0.900)
Replacing 4 out of 5 important words (80.0%)
After init: inane from a kettle lack of sightseers squabbling ....
Pred: positive (confidence: 0.900)
Final: suffers from a decided lack of supplier squabbling ....
Final pred: positive (confidence: 0.900)
Queries used: 59

Progress: 269/274
Successful attacks: 230
Failed attacks: 6
Skipped: 33
Success rate: 97.46%

================================================================================
Sample 996/1000
================================================================================
True label: positive
Predicted label: positive (confidence: 0.900)

Original: entertaining despite its one-joke premise with the thesis that women from venus and men from mars ca...
Label: positive (confidence: 0.900)
Replacing 8 out of 11 important words (80.0%)
After init: deserts despite its one-joke greasepaint with the impurities that women from awakening and clocking ...
Pred: negative (confidence: 0.900)
Final: unlucky despite its one-joke premise with the thesis that women from venus and men from mars can car...
Final pred: negative (confidence: 0.900)
Queries used: 120

Progress: 270/274
Successful attacks: 231
Failed attacks: 6
Skipped: 33
Success rate: 97.47%

================================================================================
Sample 997/1000
================================================================================
True label: positive
Predicted label: positive (confidence: 0.900)

Original: hey , happy ! is many things -- stoner midnight flick , sci-fi deconstruction , gay fantasia -- but ...
Label: positive (confidence: 0.900)
Replacing 12 out of 15 important words (80.0%)
After init: hey , happy ! is creo carriage -- loon vinh twink , sci-fi deconstruction , bill fantasia -- but abo...
Pred: negative (confidence: 0.900)
Final: hey , happy ! is many things -- stoner midnight flick , sci-fi deconstruction , gay fantasia -- but ...
Final pred: negative (confidence: 0.900)
Queries used: 136

Progress: 271/274
Successful attacks: 232
Failed attacks: 6
Skipped: 33
Success rate: 97.48%

================================================================================
Sample 998/1000
================================================================================
True label: negative
Predicted label: positive (confidence: 0.900)
Sample is already misclassified - skipping

Progress: 272/274
Successful attacks: 232
Failed attacks: 6
Skipped: 34
Success rate: 97.48%

================================================================================
Sample 999/1000
================================================================================
True label: negative
Predicted label: negative (confidence: 0.900)

Original: adroit but finally a trifle flat , mad love doesn't galvanize its outrage the way , say , jane campi...
Label: negative (confidence: 0.900)
Replacing 14 out of 18 important words (80.0%)
After init: misspelled but imbibed a electrons flat , runing stockton doesn't galvanize its outrage the way , sa...
Pred: positive (confidence: 0.900)
Final: adroit but finally a trifle flat , mad love doesn't galvanize its outrage the way , say , jane campi...
Final pred: positive (confidence: 0.900)
Queries used: 108

Progress: 273/274
Successful attacks: 233
Failed attacks: 6
Skipped: 34
Success rate: 97.49%

================================================================================
Sample 1000/1000
================================================================================
True label: positive
Predicted label: positive (confidence: 0.900)

Original: a whale of a good time for both children and parents seeking christian-themed fun ....
Label: positive (confidence: 0.900)
Replacing 6 out of 8 important words (80.0%)
After init: a whale of a sculptress fatalities for both mujahideen and alexei seeking christian-themed flashin ....
Pred: negative (confidence: 0.900)
Final: a whale of a baruch fatalities for both children and parents seeking christian-themed fun ....
Final pred: negative (confidence: 0.900)
Queries used: 114

Progress: 274/274
Successful attacks: 234
Failed attacks: 6
Skipped: 34
Success rate: 97.50%

================================================================================
Attack Completed
================================================================================
Total samples: 274
Successful attacks: 234
Failed attacks: 6
Skipped samples: 34
Overall success rate: 97.50%

Results saved to: output/attack_mistral_counter-fitted_20251205_122435.csv
================================================================================
