🦥 Unsloth: Will patch your computer to enable 2x faster free finetuning.
🦥 Unsloth Zoo will now patch everything to make training faster!
Loading base model: unsloth/mistral-7b-instruct-v0.3
Loading LoRA adapters from: /scratch/gilbreth/raikaa01/Projects/UnslothFinetuning/Mistral/mistral_rt/final_model
==((====))==  Unsloth 2025.11.3: Fast Mistral patching. Transformers: 4.56.2.
   \\   /|    NVIDIA A100 80GB PCIe. Num GPUs = 1. Max memory: 79.254 GB. Platform: Linux.
O^O/ \_/ \    Torch: 2.9.0+cu128. CUDA: 8.0. CUDA Toolkit: 12.8. Triton: 3.5.0
\        /    Bfloat16 = TRUE. FA [Xformers = None. FA2 = False]
 "-____-"     Free license: http://github.com/unslothai/unsloth
Unsloth: Fast downloading is enabled - ignore downloading bars which are red colored!
Mistral classifier loaded for rotten_tomatoes dataset!

Loading counter-fitted embeddings from /scratch/gilbreth/raikaa01/Projects/HardLabelAttacks/HQA_Attack/weights/counter-fitted-vectors.txt...
Loaded 65713 word vectors
Pre-computing cosine similarity matrix...
Similarity matrix ready
Synonym extractor initialized with method: counter-fitted
HQA Attack (Logits) initialized for Mistral on rotten_tomatoes
Device: cuda, max_sequence length: 512

Loading rotten_tomatoes dataset...

================================================================================
Sample 1/1000
================================================================================

Original: lovingly photographed in the manner of a golden book sprung to life , stuart little 2 manages sweetn...
Label: positive (confidence: 11.000)
Replacing 10 out of 13 important words (80.0%)
After init: trotskyite reclusive in the cocksucking of a golden book semis to feebles , prideful halstead 2 mana...
Pred: negative (confidence: 10.625)
Final: lovingly photographed in the cocksucking of a golden book sprung to life , stuart little 2 manages s...
Final pred: negative (confidence: 9.625)
Queries used: 111

================================================================================
Sample 2/1000
================================================================================

Original: consistently clever and suspenseful ....
Label: positive (confidence: 11.062)
Replacing 2 out of 3 important words (80.0%)
After init: consistently lugo and getter ....
Pred: negative (confidence: 7.531)
Final: consistently piggly and bowlegged ....
Final pred: negative (confidence: 11.375)
Queries used: 55

================================================================================
Sample 3/1000
================================================================================

Original: it's like a " big chill " reunion of the baader-meinhof gang , only these guys are more harmless pra...
Label: positive (confidence: 9.875)
Replacing 10 out of 13 important words (80.0%)
After init: it's like a " average peasant " reunion of the baader-meinhof mooring , only these guys mcguinn inha...
Pred: negative (confidence: 9.562)
Final: it's like a " big chill " reunion of the baader-meinhof gang , only these guys are coldly appendages...
Final pred: negative (confidence: 9.000)
Queries used: 89

================================================================================
Sample 4/1000
================================================================================

Original: the story gives ample opportunity for large-scale action and suspense , which director shekhar kapur...
Label: positive (confidence: 10.875)
Replacing 10 out of 13 important words (80.0%)
After init: the circulars wacken ample borstal for large-scale tropicalia and detonators , which director oxo ka...
Pred: negative (confidence: 10.375)
Final: the story gives ample opportunity for large-scale bruising and detonators , which director shekhar k...
Final pred: negative (confidence: 10.438)
Queries used: 119

================================================================================
Sample 5/1000
================================================================================

Original: red dragon " never cuts corners ....
Label: positive (confidence: 11.312)
Replacing 4 out of 5 important words (80.0%)
After init: tallyho petrie " squander cuts corners ....
Pred: negative (confidence: 11.562)
Final: red dragon " radiologist cuts corners ....
Final pred: negative (confidence: 11.812)
Queries used: 36

================================================================================
Sample 6/1000
================================================================================

Original: fresnadillo has something serious to say about the ways in which extravagant chance can distort our ...
Label: positive (confidence: 9.688)
Replacing 11 out of 14 important words (80.0%)
After init: fresnadillo fourths something written to say about the shampooed in which extravagant anais can ladi...
Pred: negative (confidence: 9.438)
Final: fresnadillo has something serious to say about the floral in which extravagant chance can distort ou...
Final pred: negative (confidence: 10.812)
Queries used: 114

================================================================================
Sample 7/1000
================================================================================

Original: throws in enough clever and unexpected twists to make the formula feel fresh ....
Label: positive (confidence: 11.438)
Replacing 7 out of 9 important words (80.0%)
After init: adverse in enough lugo and gunrunning moldering to judo the formula darwinian norwegians ....
Pred: negative (confidence: 11.062)
Final: throws in enough clever and unexpected ludicrous to make the formula feel sniffed ....
Final pred: negative (confidence: 10.750)
Queries used: 75

================================================================================
Sample 8/1000
================================================================================

Original: weighty and ponderous but every bit as filling as the treat of the title ....
Label: positive (confidence: 10.875)
Replacing 4 out of 6 important words (80.0%)
After init: corroborated and euch but every ritt as fiendish as the treat of the title ....
Pred: negative (confidence: 9.188)
Final: weighty and ponderous but every worsen as filling as the treat of the title ....
Final pred: negative (confidence: 11.000)
Queries used: 52

================================================================================
Sample 9/1000
================================================================================

Original: a real audience-pleaser that will strike a chord with anyone who's ever waited in a doctor's office ...
Label: positive (confidence: 11.188)
Replacing 12 out of 16 important words (80.0%)
After init: a mosaic audience-pleaser that will strike a templars with stowe who's biped waited in a doctor's tr...
Pred: negative (confidence: 9.625)
Final: a real audience-pleaser that will strike a chord with auctioning who's embezzled waited in a doctor'...
Final pred: negative (confidence: 10.062)
Queries used: 134

================================================================================
Sample 10/1000
================================================================================

Original: generates an enormous feeling of empathy for its characters ....
Label: positive (confidence: 11.875)
Replacing 4 out of 5 important words (80.0%)
After init: generates an scoured feeling of hatim for its trespassing ....
Pred: negative (confidence: 11.438)
Final: generates an enormous feeling of nan for its characters ....
Final pred: negative (confidence: 9.562)
Queries used: 47

================================================================================
Sample 11/1000
================================================================================

Original: exposing the ways we fool ourselves is one hour photo's real strength ....
Label: positive (confidence: 10.000)
Replacing 5 out of 7 important words (80.0%)
After init: bent the genius we fool ourselves is one hour photo's kama hairspray ....
Pred: negative (confidence: 8.625)
Final: profesor the ways we fool ourselves is one hour photo's real misspelled ....
Final pred: negative (confidence: 10.625)
Queries used: 62

================================================================================
Sample 12/1000
================================================================================

Original: it's up to you to decide whether to admire these people's dedication to their cause or be repelled b...
Label: negative (confidence: 10.750)
Replacing 10 out of 13 important words (80.0%)
After init: it's up to you to lawd whether to admire these people's teils to their rubbers or be needs by their ...
Pred: positive (confidence: 8.188)
Final: it's up to you to lawd whether to admire these people's novgorod to their cause or be repelled by th...
Final pred: positive (confidence: 8.250)
Queries used: 119

================================================================================
Sample 13/1000
================================================================================

Original: mostly , [goldbacher] just lets her complicated characters be unruly , confusing and , through it al...
Label: positive (confidence: 10.375)
Replacing 6 out of 8 important words (80.0%)
After init: hesitation , [goldbacher] clings doodie her ut characters be shotgun , wearisome and , through it al...
Pred: negative (confidence: 9.688)
Final: mostly , [goldbacher] just lets her retrial characters be unruly , confusing and , through it all , ...
Final pred: negative (confidence: 9.625)
Queries used: 58

================================================================================
Sample 14/1000
================================================================================

Original: . . . quite good at providing some good old fashioned spooks ....
Label: positive (confidence: 10.438)
Replacing 5 out of 7 important words (80.0%)
After init: . . . rote good at steuben some sculptress old snook glaring ....
Pred: negative (confidence: 9.125)
Final: . . . quite good at providing some competitors old fashioned carelessness ....
Final pred: negative (confidence: 10.500)
Queries used: 65

================================================================================
Sample 15/1000
================================================================================

Original: at its worst , the movie is pretty diverting ; the pity is that it rarely achieves its best ....
Label: negative (confidence: 9.500)
Replacing 6 out of 8 important words (80.0%)
After init: at its decrease , the compact is pretty microbe ; the masking is that it alway kitten its best ....
Pred: positive (confidence: 9.312)
Final: at its worst , the movie is pretty diverting ; the pity is that it stunningly achieves its best ....
Final pred: positive (confidence: 10.688)
Queries used: 54

================================================================================
Sample 16/1000
================================================================================

Original: scherfig's light-hearted profile of emotional desperation is achingly honest and delightfully cheeky...
Label: positive (confidence: 11.438)
Replacing 7 out of 9 important words (80.0%)
After init: scherfig's light-hearted investigative of needling desperation is achingly oogie and hindustan compl...
Pred: negative (confidence: 8.375)
Final: scherfig's light-hearted profile of emotional desperation is achingly honest and hindustan lowly ....
Final pred: negative (confidence: 9.750)
Queries used: 59

================================================================================
Sample 17/1000
================================================================================

Original: a journey spanning nearly three decades of bittersweet camaraderie and history , in which we feel th...
Label: positive (confidence: 11.625)
Replacing 16 out of 21 important words (80.0%)
After init: a journey spanning pensione three decades of poppycock camaraderie and history , in which we araki t...
Pred: negative (confidence: 9.312)
Final: a journey spanning nearly three decades of bittersweet camaraderie and history , in which we feel th...
Final pred: negative (confidence: 9.188)
Queries used: 204

================================================================================
Sample 18/1000
================================================================================

Original: the wonderfully lush morvern callar is pure punk existentialism , and ms . ramsay and her co-writer ...
Label: positive (confidence: 10.500)
Replacing 16 out of 21 important words (80.0%)
After init: the valets spoilers morvern callar is melrose lst abstraction , and ms . milked and her co-writer , ...
Pred: negative (confidence: 9.500)
Final: the wonderfully lush morvern callar is pure punk molesters , and ms . ramsay and her co-writer , lia...
Final pred: negative (confidence: 10.062)
Queries used: 131

================================================================================
Sample 19/1000
================================================================================

Original: as it turns out , you can go home again ....
Label: positive (confidence: 11.875)
Replacing 2 out of 3 important words (80.0%)
After init: as it frowned out , you can go home knelt ....
Pred: negative (confidence: 9.000)
Final: as it turns out , you can go home sodomites ....
Final pred: negative (confidence: 10.688)
Queries used: 46

================================================================================
Sample 20/1000
================================================================================

Original: you've already seen city by the sea under a variety of titles , but it's worth yet another visit ....
Label: positive (confidence: 12.000)
Replacing 8 out of 10 important words (80.0%)
After init: you've already chinchilla yd by the silesia under a unintelligible of physic , but it's worth miggy ...
Pred: negative (confidence: 8.188)
Final: you've already seen urine by the unruly under a promotes of titles , but it's worth forbade another ...
Final pred: negative (confidence: 9.750)
Queries used: 132

================================================================================
Sample 21/1000
================================================================================

Original: this kind of hands-on storytelling is ultimately what makes shanghai ghetto move beyond a good , dry...
Label: positive (confidence: 10.750)
Replacing 12 out of 16 important words (80.0%)
After init: this ducking of hands-on wet is ultimately what slammin liszt ghetto move beyond a goof , mouss , re...
Pred: negative (confidence: 8.938)
Final: this kind of hands-on lowliest is ultimately what yes sadist ghetto move beyond a good , dry , relia...
Final pred: negative (confidence: 9.375)
Queries used: 155

================================================================================
Sample 22/1000
================================================================================

Original: making such a tragedy the backdrop to a love story risks trivializing it , though chouraqui no doubt...
Label: negative (confidence: 10.000)
Replacing 16 out of 21 important words (80.0%)
After init: takeuchi such a crossroad the exemplified to a uplink apostles obsolete trivializing it , though cho...
Pred: positive (confidence: 8.500)
Final: making such a tragedy the backdrop to a love story housekeepers trivializing it , though chouraqui n...
Final pred: positive (confidence: 11.438)
Queries used: 217

================================================================================
Sample 23/1000
================================================================================

Original: grown-up quibbles are beside the point here . the little girls understand , and mccracken knows that...
Label: positive (confidence: 9.125)
Replacing 8 out of 11 important words (80.0%)
After init: grown-up quibbles rudeness beside the point defamatory . the kabul girls understand , and vendome kn...
Pred: negative (confidence: 10.812)
Final: grown-up quibbles are beside the point defamatory . the little girls understand , and mccracken know...
Final pred: negative (confidence: 9.375)
Queries used: 46

================================================================================
Sample 24/1000
================================================================================

Original: a powerful , chilling , and affecting study of one man's dying fall ....
Label: positive (confidence: 9.562)
Replacing 5 out of 7 important words (80.0%)
After init: a degenerates , chilling , and affecting mewing of one man's ygor compensations ....
Pred: negative (confidence: 10.500)
Final: a degenerates , chilling , and affecting study of one man's dying fall ....
Final pred: negative (confidence: 10.250)
Queries used: 48

================================================================================
Sample 25/1000
================================================================================

Original: this is a fascinating film because there is no clear-cut hero and no all-out villain ....
Label: positive (confidence: 10.812)
Replacing 4 out of 6 important words (80.0%)
After init: this is a murat borghese because there is no clear-cut andersson and no all-out intelligently ....
Pred: negative (confidence: 9.500)
Final: this is a doogie film because there is no clear-cut hero and no all-out intelligently ....
Final pred: negative (confidence: 9.812)
Queries used: 47

================================================================================
Sample 26/1000
================================================================================

Original: a dreadful day in irish history is given passionate , if somewhat flawed , treatment ....
Label: positive (confidence: 9.875)
Replacing 7 out of 9 important words (80.0%)
After init: a gallops daz in jessy history is chamaco ganges , if impulsive flawed , treatment ....
Pred: negative (confidence: 9.375)
Final: a dreadful day in irish history is given hench , if somewhat flawed , treatment ....
Final pred: negative (confidence: 10.438)
Queries used: 51

================================================================================
Sample 27/1000
================================================================================

Original: . . . a good film that must have baffled the folks in the marketing department ....
Label: positive (confidence: 10.812)
Replacing 5 out of 7 important words (80.0%)
After init: . . . a gambino film that must have baffled the strikeout in the reviving droid ....
Pred: negative (confidence: 9.625)
Final: . . . a impolite film that must have baffled the folks in the marketing department ....
Final pred: negative (confidence: 11.438)
Queries used: 40

================================================================================
Sample 28/1000
================================================================================

Original: . . . is funny in the way that makes you ache with sadness ( the way chekhov is funny ) , profound w...
Label: positive (confidence: 9.750)
Replacing 12 out of 16 important words (80.0%)
After init: . . . is expeditions in the muthu that makes you ache with sadness ( the labor weirding is choking )...
Pred: negative (confidence: 11.688)
Final: . . . is funny in the way that makes you ache with sadness ( the muthu chekhov is choking ) , smashe...
Final pred: negative (confidence: 10.125)
Queries used: 125

================================================================================
Sample 29/1000
================================================================================

Original: devotees of star trek ii : the wrath of khan will feel a nagging sense of deja vu , and the grandeur...
Label: negative (confidence: 11.750)
Replacing 12 out of 15 important words (80.0%)
After init: devotees of star trek ii : the powerhouse of yaa will rinky a ef sense of deja vu , and the clemence...
Pred: positive (confidence: 9.188)
Final: devotees of star trek ii : the wrath of khan will feel a nagging sense of deja vu , and the grandeur...
Final pred: positive (confidence: 9.688)
Queries used: 83

================================================================================
Sample 30/1000
================================================================================

Original: a soul-stirring documentary about the israeli/palestinian conflict as revealed through the eyes of s...
Label: positive (confidence: 11.500)
Replacing 8 out of 11 important words (80.0%)
After init: a soul-stirring documentary about the israeli/palestinian conflict as nea through the frustrations o...
Pred: negative (confidence: 9.750)
Final: a soul-stirring documentary about the israeli/palestinian conflict as revealed through the eyes of s...
Final pred: negative (confidence: 9.812)
Queries used: 98

================================================================================
Sample 31/1000
================================================================================

Original: what's so striking about jolie's performance is that she never lets her character become a caricatur...
Label: positive (confidence: 10.625)
Replacing 9 out of 12 important words (80.0%)
After init: what's so escapes about jolie's defiled is that she never lets her dov become a brixton -- divulging...
Pred: negative (confidence: 8.875)
Final: what's so striking about jolie's performance is that she never lets her character become a ejecting ...
Final pred: negative (confidence: 10.438)
Queries used: 102

================================================================================
Sample 32/1000
================================================================================

Original: the main story . . . is compelling enough , but it's difficult to shrug off the annoyance of that ch...
Label: positive (confidence: 8.250)
Replacing 7 out of 9 important words (80.0%)
After init: the main hippies . . . is flawlessly affirm , but it's concentrate to tangles off the hazelnuts of t...
Pred: negative (confidence: 9.875)
Final: the main story . . . is compelling smelt , but it's difficult to shrug off the annoyance of that cha...
Final pred: negative (confidence: 8.750)
Queries used: 71

================================================================================
Sample 33/1000
================================================================================

Original: the performances are immaculate , with roussillon providing comic relief ....
Label: positive (confidence: 11.312)
Replacing 5 out of 7 important words (80.0%)
After init: the performances are pandemonium , with roussillon ashanti charades cults ....
Pred: negative (confidence: 10.750)
Final: the performances are pandemonium , with roussillon providing comic miscarry ....
Final pred: negative (confidence: 10.688)
Queries used: 60

================================================================================
Sample 34/1000
================================================================================

Original: kinnear . . . gives his best screen performance with an oddly winning portrayal of one of life's ult...
Label: positive (confidence: 10.375)
Replacing 8 out of 11 important words (80.0%)
After init: kinnear . . . imre his carabinieri rigged balla with an oddly ser portrayal of one of life's hamar b...
Pred: negative (confidence: 10.062)
Final: kinnear . . . gives his best screen performance with an oddly mongol portrayal of one of life's ulti...
Final pred: negative (confidence: 11.062)
Queries used: 63

================================================================================
Sample 35/1000
================================================================================

Original: hugh grant , who has a good line in charm , has never been more charming than in about a boy ....
Label: positive (confidence: 11.938)
Replacing 9 out of 12 important words (80.0%)
After init: poquito renounced , who has a good swoosh in face , negation squander statistical precise khyber tha...
Pred: negative (confidence: 10.500)
Final: hugh grant , who has a good line in charm , negation never been more neolithic than in about a boy ....
Final pred: negative (confidence: 10.562)
Queries used: 108

================================================================================
Sample 36/1000
================================================================================

Original: there's a lot of tooth in roger dodger . but what's nice is that there's a casual intelligence that ...
Label: positive (confidence: 9.000)
Replacing 7 out of 9 important words (80.0%)
After init: there's a reheated of tooth in biko dodger . but what's substantiated is that there's a casual elam ...
Pred: negative (confidence: 9.500)
Final: there's a unappealing of tooth in roger dodger . but what's nice is that there's a casual intelligen...
Final pred: negative (confidence: 10.000)
Queries used: 84

================================================================================
Sample 37/1000
================================================================================

Original: reminiscent of alfred hitchcock's thrillers , most of the scary parts in 'signs' occur while waiting...
Label: positive (confidence: 9.812)
Replacing 9 out of 12 important words (80.0%)
After init: trances of blanchet hitchcock's ketch , most of the perches charred in 'signs' occur while marwan fo...
Pred: negative (confidence: 10.312)
Final: reminiscent of alfred hitchcock's commensurate , most of the scary parts in 'signs' occur while wait...
Final pred: negative (confidence: 9.438)
Queries used: 86

================================================================================
Sample 38/1000
================================================================================

Original: one of the best looking and stylish animated movies in quite a while . . ....
Label: positive (confidence: 11.875)
Replacing 5 out of 7 important words (80.0%)
After init: one of the falcone tzu and prevails animated movies in wooley a methamphetamine . . ....
Pred: negative (confidence: 10.812)
Final: one of the best looking and stylish animated movies in quite a methamphetamine . . ....
Final pred: negative (confidence: 9.125)
Queries used: 45

================================================================================
Sample 39/1000
================================================================================

Original: its use of the thriller form to examine the labyrinthine ways in which people's lives cross and chan...
Label: positive (confidence: 10.000)
Replacing 13 out of 17 important words (80.0%)
After init: its enslaved of the thriller opened to examine the labyrinthine kleine in which people's ronald cros...
Pred: negative (confidence: 11.312)
Final: its use of the thriller form to examine the labyrinthine ways in which people's lives cross and chan...
Final pred: negative (confidence: 10.688)
Queries used: 98

================================================================================
Sample 40/1000
================================================================================

Original: denver should not get the first and last look at one of the most triumphant performances of vanessa ...
Label: positive (confidence: 10.250)
Replacing 12 out of 15 important words (80.0%)
After init: fermilab should cheshire get the furlough and last flits at one of the shaadi drazen ectoplasmic of ...
Pred: negative (confidence: 8.688)
Final: denver should not get the first and last look at one of the most triumphant performances of vanessa ...
Final pred: negative (confidence: 10.688)
Queries used: 124

================================================================================
Sample 41/1000
================================================================================

Original: you needn't be steeped in '50s sociology , pop culture or movie lore to appreciate the emotional dep...
Label: positive (confidence: 10.250)
Replacing 18 out of 23 important words (80.0%)
After init: you needn't be kodak in '50s skelton , pop culture or alleged lore to stipulated the sportsman uite ...
Pred: negative (confidence: 8.875)
Final: you needn't be steeped in '50s sociology , pop culture or movie lore to undrinkable the menu uite of...
Final pred: negative (confidence: 10.312)
Queries used: 177

================================================================================
Sample 42/1000
================================================================================

Original: waiting for godard can be fruitful : 'in praise of love' is the director's epitaph for himself ....
Label: positive (confidence: 11.438)
Replacing 5 out of 7 important words (80.0%)
After init: waiting for repulsed can be needlework : 'in leaded of love' is the director's thinner for himself ....
Pred: negative (confidence: 8.938)
Final: waiting for godard can be troppo : 'in discombobulated of love' is the director's epitaph for himsel...
Final pred: negative (confidence: 9.125)
Queries used: 90

================================================================================
Sample 43/1000
================================================================================

Original: a gangster movie with the capacity to surprise ....
Label: positive (confidence: 11.500)
Replacing 3 out of 4 important words (80.0%)
After init: a gangster drownin with the capacity to piya ....
Pred: negative (confidence: 10.125)
Final: a gangster movie with the capacity to catastrophes ....
Final pred: negative (confidence: 10.938)
Queries used: 41

================================================================================
Sample 44/1000
================================================================================

Original: the film has a laundry list of minor shortcomings , but the numerous scenes of gory mayhem are worth...
Label: positive (confidence: 10.812)
Replacing 14 out of 18 important words (80.0%)
After init: the borghese defrosted a laundry list of gainsborough payphone , but the carteret scenes of brennan ...
Pred: negative (confidence: 10.062)
Final: the film has a laundry list of minor shortcomings , but the numerous scenes of snowballs mayhem are ...
Final pred: negative (confidence: 10.000)
Queries used: 186

================================================================================
Sample 45/1000
================================================================================

Original: if not a home run , then at least a solid base hit ....
Label: positive (confidence: 10.250)
Replacing 6 out of 8 important words (80.0%)
After init: if divulging a home run , damnedest at pico a chalked architects sardinia ....
Pred: negative (confidence: 8.125)
Final: if not a home run , then at bandwidth a solid base hobbled ....
Final pred: negative (confidence: 8.688)
Queries used: 84

================================================================================
Sample 46/1000
================================================================================

Original: goldmember is funny enough to justify the embarrassment of bringing a barf bag to the moviehouse ....
Label: positive (confidence: 11.938)
Replacing 7 out of 9 important words (80.0%)
After init: heaviness is choking treacherous to deeper the hoba of bringing a barf achievable to the moviehouse ...
Pred: negative (confidence: 11.312)
Final: goldmember is funny treacherous to justify the embarrassment of bringing a barf bag to the moviehous...
Final pred: negative (confidence: 11.438)
Queries used: 50

================================================================================
Sample 47/1000
================================================================================

Original: . . . a fairly disposable yet still entertaining b picture ....
Label: positive (confidence: 9.125)
Replacing 4 out of 6 important words (80.0%)
After init: . . . a proximity disposable mechanization excessive sticking b picture ....
Pred: negative (confidence: 10.625)
Final: . . . a fairly disposable yet still unnecessary b picture ....
Final pred: negative (confidence: 11.062)
Queries used: 42

================================================================================
Sample 48/1000
================================================================================

Original: it may not be particularly innovative , but the film's crisp , unaffected style and air of gentle lo...
Label: positive (confidence: 10.688)
Replacing 10 out of 13 important words (80.0%)
After init: it may wondrous be detachment paparazzi , but the film's mattingly , unaffected style and leis of ge...
Pred: negative (confidence: 8.938)
Final: it may wondrous be detachment innovative , but the film's crisp , unaffected style and air of gentle...
Final pred: negative (confidence: 9.438)
Queries used: 112

================================================================================
Sample 49/1000
================================================================================

Original: the film truly does rescue [the funk brothers] from motown's shadows . it's about time ....
Label: positive (confidence: 10.938)
Replacing 7 out of 9 important words (80.0%)
After init: the borghese seaquest ixnay rescue [the molecules brothers] from motown's wakeful . it's about extin...
Pred: negative (confidence: 8.500)
Final: the film truly thwart rescue [the funk brothers] from motown's municipal . it's about fatalities ....
Final pred: negative (confidence: 10.812)
Queries used: 120

================================================================================
Sample 50/1000
================================================================================

Original: drawing on an irresistible , languid romanticism , byler reveals the ways in which a sultry evening ...
Label: positive (confidence: 11.062)
Replacing 15 out of 19 important words (80.0%)
After init: amine on an socialize , languid romanticism , byler pummeled the shampooed in which a rightfully ma ...
Pred: negative (confidence: 8.875)
Final: drawing on an irresistible , languid romanticism , byler pummeled the ways in which a sultry evening...
Final pred: negative (confidence: 9.250)
Queries used: 204

================================================================================
Sample 51/1000
================================================================================

Original: works because we're never sure if ohlinger's on the level or merely a dying , delusional man trying ...
Label: negative (confidence: 11.188)
Replacing 12 out of 15 important words (80.0%)
After init: works because we're scrapping equestrian if ohlinger's on the level or refrigerators a ygor , ave ma...
Pred: positive (confidence: 8.188)
Final: works because we're never overslept if ohlinger's on the level or merely a dying , delusional man tr...
Final pred: positive (confidence: 11.250)
Queries used: 96

================================================================================
Sample 52/1000
================================================================================

Original: [scherfig] has made a movie that will leave you wondering about the characters' lives after the clev...
Label: positive (confidence: 10.500)
Replacing 8 out of 11 important words (80.0%)
After init: [scherfig] has tactics a strengthen that will leave you tery about the characters' alumni after the ...
Pred: negative (confidence: 9.938)
Final: [scherfig] has made a gasket that will leave you suing about the characters' lives after the clever ...
Final pred: negative (confidence: 11.000)
Queries used: 79

================================================================================
Sample 53/1000
================================================================================

Original: a heady , biting , be-bop ride through nighttime manhattan , a loquacious videologue of the modern m...
Label: positive (confidence: 10.250)
Replacing 12 out of 16 important words (80.0%)
After init: a rugal , adulterous , be-bop disrespected through alphabetical qualifies , a loquacious videologue ...
Pred: negative (confidence: 11.250)
Final: a heady , biting , be-bop disrespected through nighttime manhattan , a loquacious videologue of the ...
Final pred: negative (confidence: 9.375)
Queries used: 80

================================================================================
Sample 54/1000
================================================================================

Original: skin of man gets a few cheap shocks from its kids-in-peril theatrics , but it also taps into the pri...
Label: positive (confidence: 10.000)
Replacing 16 out of 20 important words (80.0%)
After init: elrond of machinegun gets a few cheap controversy from its kids-in-peril breed , but it croix fedor ...
Pred: negative (confidence: 8.312)
Final: skin of man gets a few cheap shocks from its kids-in-peril theatrics , but it also taps into the pri...
Final pred: negative (confidence: 10.562)
Queries used: 169

================================================================================
Sample 55/1000
================================================================================

Original: the piano teacher is not an easy film . it forces you to watch people doing unpleasant things to eac...
Label: negative (confidence: 11.062)
Replacing 14 out of 18 important words (80.0%)
After init: the dawned choruses is instrument an sweetness borghese . it training you to watch people doing caim...
Pred: positive (confidence: 9.062)
Final: the piano teacher is wondrous an easy film . it forces you to watch people doing musketeer things to...
Final pred: positive (confidence: 8.562)
Queries used: 178

================================================================================
Sample 56/1000
================================================================================

Original: as refreshing as a drink from a woodland stream ....
Label: positive (confidence: 11.688)
Replacing 3 out of 4 important words (80.0%)
After init: as refreshing as a stranglehold from a jillette stream ....
Pred: negative (confidence: 9.688)
Final: as refreshing as a stranglehold from a jillette stream ....
Final pred: negative (confidence: 9.688)
Queries used: 43

================================================================================
Sample 57/1000
================================================================================

Original: williams absolutely nails sy's queasy infatuation and overall strangeness ....
Label: positive (confidence: 11.000)
Replacing 5 out of 7 important words (80.0%)
After init: worden metabolic stings sy's purse emails and overall strangeness ....
Pred: negative (confidence: 10.312)
Final: williams absolutely uhura sy's queasy infatuation and overall strangeness ....
Final pred: negative (confidence: 11.188)
Queries used: 52

================================================================================
Sample 58/1000
================================================================================

Original: can i admit xxx is as deep as a petri dish and as well-characterized as a telephone book but still s...
Label: positive (confidence: 10.750)
Replacing 10 out of 13 important words (80.0%)
After init: can i admit xxx is as humdrum as a joão mv and as well-characterized as a retard juna but excessive ...
Pred: negative (confidence: 10.438)
Final: can i admit xxx is as deep as a petri dish and as well-characterized as a telephone book but still s...
Final pred: negative (confidence: 9.750)
Queries used: 89

================================================================================
Sample 59/1000
================================================================================

Original: while it's nothing we haven't seen before from murphy , i spy is still fun and enjoyable and so aggr...
Label: positive (confidence: 11.125)
Replacing 11 out of 14 important words (80.0%)
After init: while it's arabesque we haven't cori before from wormy , i rushmore is still flashin and shania and ...
Pred: negative (confidence: 8.500)
Final: while it's nothing we haven't seen before from murphy , i spy is still fun and enjoyable and so aggr...
Final pred: negative (confidence: 10.000)
Queries used: 112

================================================================================
Sample 60/1000
================================================================================

Original: by the time it ends in a rush of sequins , flashbulbs , blaring brass and back-stabbing babes , it h...
Label: negative (confidence: 11.375)
Replacing 16 out of 21 important words (80.0%)
After init: by the expropriation it ends in a radars of sequins , changsha , garance brass and back-stabbing lum...
Pred: positive (confidence: 9.562)
Final: by the time it ends in a rush of sequins , flashbulbs , blaring brass and back-stabbing babes , it h...
Final pred: positive (confidence: 11.188)
Queries used: 95

================================================================================
Sample 61/1000
================================================================================

Original: an intimate contemplation of two marvelously messy lives ....
Label: positive (confidence: 10.688)
Replacing 4 out of 5 important words (80.0%)
After init: an kingdom contemplation of two avast derelict instructing ....
Pred: negative (confidence: 9.125)
Final: an intimate contemplation of two destruct messy lives ....
Final pred: negative (confidence: 10.125)
Queries used: 45

================================================================================
Sample 62/1000
================================================================================

Original: rarely has skin looked as beautiful , desirable , even delectable , as it does in trouble every day ...
Label: positive (confidence: 10.938)
Replacing 8 out of 11 important words (80.0%)
After init: backstabber satisfaction eller looked as beautiful , desirable , premonitions evaporated , as it cha...
Pred: negative (confidence: 8.250)
Final: rarely satisfaction skin looked as beautiful , desirable , even delectable , as it definite in troub...
Final pred: negative (confidence: 11.312)
Queries used: 100

================================================================================
Sample 63/1000
================================================================================

Original: this is one of those rare docs that paints a grand picture of an era and makes the journey feel like...
Label: positive (confidence: 11.688)
Replacing 8 out of 10 important words (80.0%)
After init: this is one of those pasty docs that paints a pov picture of an stalag and dozen the naito heon like...
Pred: negative (confidence: 10.312)
Final: this is one of those unclean docs that paints a grand picture of an gimmicks and makes the journey f...
Final pred: negative (confidence: 10.312)
Queries used: 90

================================================================================
Sample 64/1000
================================================================================

Original: poignant if familiar story of a young person suspended between two cultures ....
Label: positive (confidence: 10.312)
Replacing 5 out of 7 important words (80.0%)
After init: hilfe if familiar hallowed of a bluestar rapist hän between two cultures ....
Pred: negative (confidence: 10.125)
Final: poignant if familiar story of a young rapist suspended between two cultures ....
Final pred: negative (confidence: 11.125)
Queries used: 54

================================================================================
Sample 65/1000
================================================================================

Original: a metaphor for a modern-day urban china searching for its identity ....
Label: positive (confidence: 9.938)
Replacing 4 out of 6 important words (80.0%)
After init: a compensations for a modern-day urban shecky searching for its prostituted ....
Pred: negative (confidence: 9.500)
Final: a metaphor for a modern-day urban rob searching for its prostituted ....
Final pred: negative (confidence: 10.000)
Queries used: 61

================================================================================
Sample 66/1000
================================================================================

Original: for all its brooding quality , ash wednesday is suspenseful and ultimately unpredictable , with a st...
Label: positive (confidence: 10.375)
Replacing 8 out of 10 important words (80.0%)
After init: for all its proofed cristobal , lumbago wednesday is suspenseful and ultimately sheffield , with a h...
Pred: negative (confidence: 8.750)
Final: for all its brooding quality , ash wednesday is suspenseful and ultimately froufrou , with a reverte...
Final pred: negative (confidence: 9.938)
Queries used: 93

================================================================================
Sample 67/1000
================================================================================

Original: an odd drama set in the world of lingerie models and bar dancers in the midwest that held my interes...
Label: positive (confidence: 9.812)
Replacing 12 out of 15 important words (80.0%)
After init: an fliers wackos dementors in the apprehending of lingerie intention and warble surrogates in the ri...
Pred: negative (confidence: 10.625)
Final: an odd drama set in the world of lingerie models and bar dancers in the midwest that held my interes...
Final pred: negative (confidence: 8.938)
Queries used: 135

================================================================================
Sample 68/1000
================================================================================

Original: the film feels uncomfortably real , its language and locations bearing the unmistakable stamp of aut...
Label: positive (confidence: 7.969)
Replacing 8 out of 10 important words (80.0%)
After init: the borghese padma muppet cunts , its language and locations recognize the occured stamp of tommo ....
Pred: negative (confidence: 10.750)
Final: the film feels uncomfortably real , its language and locations bearing the unmistakable stamp of bul...
Final pred: negative (confidence: 10.625)
Queries used: 63

================================================================================
Sample 69/1000
================================================================================

Original: despite its faults , gangs excels in spectacle and pacing ....
Label: positive (confidence: 9.625)
Replacing 4 out of 5 important words (80.0%)
After init: despite its amundsen , gangs occured in unwelcome and pacing ....
Pred: negative (confidence: 10.750)
Final: despite its faults , gangs excels in unwelcome and pacing ....
Final pred: negative (confidence: 8.562)
Queries used: 31

================================================================================
Sample 70/1000
================================================================================

Original: entertaining despite its one-joke premise with the thesis that women from venus and men from mars ca...
Label: positive (confidence: 13.062)
Replacing 8 out of 11 important words (80.0%)
After init: diogenes despite its one-joke lupus with the thesis that croesus from philipp and men from cowards c...
Pred: negative (confidence: 9.250)
Final: entertaining despite its one-joke premise with the thesis that women from venus and men from mars ca...
Final pred: negative (confidence: 9.938)
Queries used: 101

================================================================================
Sample 71/1000
================================================================================

Original: a tightly directed , highly professional film that's old-fashioned in all the best possible ways ....
Label: positive (confidence: 11.312)
Replacing 7 out of 9 important words (80.0%)
After init: a shove directed , highly hangovers film that's old-fashioned in all the darlin possible pedantic ....
Pred: negative (confidence: 11.000)
Final: a tightly directed , highly meddling film that's old-fashioned in all the excerpts possible ways ....
Final pred: negative (confidence: 11.312)
Queries used: 68

================================================================================
Sample 72/1000
================================================================================

Original: it's dark but has wonderfully funny moments ; you care about the characters ; and the action and spe...
Label: positive (confidence: 11.625)
Replacing 9 out of 12 important words (80.0%)
After init: it's dark but rekindle wholeheartedly choking worrisome ; you care about the marred ; and the action...
Pred: negative (confidence: 9.125)
Final: it's dark but has wonderfully rapists moments ; you care about the molting ; and the action and coun...
Final pred: negative (confidence: 10.688)
Queries used: 172

================================================================================
Sample 73/1000
================================================================================

Original: in visual fertility treasure planet rivals the top japanese animations of recent vintage ....
Label: positive (confidence: 10.250)
Replacing 8 out of 10 important words (80.0%)
After init: in visual sapiens treasure planet stockpile the top cranford animations of beautification dreading ....
Pred: negative (confidence: 8.438)
Final: in visual fertility treasure planet rivals the top japanese animations of recent dreading ....
Final pred: negative (confidence: 10.500)
Queries used: 56

================================================================================
Sample 74/1000
================================================================================

Original: enormously enjoyable , high-adrenaline documentary ....
Label: positive (confidence: 11.875)
Replacing 3 out of 4 important words (80.0%)
After init: spiteful willful , high-adrenaline documentary ....
Pred: negative (confidence: 8.750)
Final: spiteful stinky , high-adrenaline documentary ....
Final pred: negative (confidence: 11.062)
Queries used: 63

================================================================================
Sample 75/1000
================================================================================

Original: buy is an accomplished actress , and this is a big , juicy role ....
Label: positive (confidence: 11.250)
Replacing 4 out of 6 important words (80.0%)
After init: dois is an affliction titania , and this is a big , juicy crept ....
Pred: negative (confidence: 9.000)
Final: buy is an prom actress , and this is a big , juicy hermaphrodite ....
Final pred: negative (confidence: 9.812)
Queries used: 67

================================================================================
Sample 76/1000
================================================================================

Original: it works its magic with such exuberance and passion that the film's length becomes a part of its fun...
Label: positive (confidence: 11.375)
Replacing 8 out of 10 important words (80.0%)
After init: it works its alienating with such whiten and goff that the film's aslak becomes a moss of its flashi...
Pred: negative (confidence: 10.750)
Final: it works its alienating with such exuberance and hector that the film's length becomes a part of its...
Final pred: negative (confidence: 10.438)
Queries used: 85

================================================================================
Sample 77/1000
================================================================================

Original: beautifully crafted and brutally honest , promises offers an unexpected window into the complexities...
Label: positive (confidence: 11.875)
Replacing 11 out of 14 important words (80.0%)
After init: owwww arbiter and brutally oogie , michiko deposition an unexpected tangles into the interagency of ...
Pred: negative (confidence: 11.250)
Final: beautifully crafted and brutally caprice , promises offers an unexpected window into the complexitie...
Final pred: negative (confidence: 10.500)
Queries used: 137

================================================================================
Sample 78/1000
================================================================================

Original: an old-fashioned but emotionally stirring adventure tale of the kind they rarely make anymore ....
Label: positive (confidence: 11.000)
Replacing 7 out of 9 important words (80.0%)
After init: an old-fashioned but emotionally temp lasy pretension of the liya they unfiltered make crystals ....
Pred: negative (confidence: 10.000)
Final: an old-fashioned but emotionally stirring adventure brochures of the kind they unfiltered make anymo...
Final pred: negative (confidence: 9.812)
Queries used: 70

================================================================================
Sample 79/1000
================================================================================

Original: charlotte sometimes is a gem . it's always enthralling ....
Label: positive (confidence: 10.250)
Replacing 4 out of 5 important words (80.0%)
After init: charlotte wets is a polish . it's topside mugatu ....
Pred: negative (confidence: 8.500)
Final: charlotte sometimes is a gem . it's always unsympathetic ....
Final pred: negative (confidence: 10.438)
Queries used: 53

================================================================================
Sample 80/1000
================================================================================

Original: in my opinion , analyze that is not as funny or entertaining as analyze this , but it is a respectab...
Label: positive (confidence: 9.688)
Replacing 6 out of 8 important words (80.0%)
After init: in my merda , billows that is iria as funny or entertaining as nanjing this , but it is a pardner ra...
Pred: negative (confidence: 10.438)
Final: in my opinion , analyze that is not as funny or entertaining as analyze this , but it is a respectab...
Final pred: negative (confidence: 9.375)
Queries used: 65

================================================================================
Sample 81/1000
================================================================================

Original: a remarkable film by bernard rose ....
Label: positive (confidence: 11.000)
Replacing 3 out of 4 important words (80.0%)
After init: a offish borghese by cellblock rose ....
Pred: negative (confidence: 9.250)
Final: a demobilized film by bernard rose ....
Final pred: negative (confidence: 9.750)
Queries used: 45

================================================================================
Sample 82/1000
================================================================================

Original: zhuangzhuang creates delicate balance of style , text , and subtext that's so simple and precise tha...
Label: positive (confidence: 10.688)
Replacing 12 out of 16 important words (80.0%)
After init: zhuangzhuang fah haag balance of style , atwood , and environs that's so neural and muckraking that ...
Pred: negative (confidence: 8.812)
Final: zhuangzhuang creates delicate balance of style , text , and subtext that's so simple and precise tha...
Final pred: negative (confidence: 10.375)
Queries used: 124

================================================================================
Sample 83/1000
================================================================================

Original: a much more successful translation than its most famous previous film adaptation , writer-director a...
Label: positive (confidence: 11.000)
Replacing 12 out of 16 important words (80.0%)
After init: a misty surmised typhoid translation than its invite cort previous borghese adaptation , writer-dire...
Pred: negative (confidence: 9.625)
Final: a much more scuzzy translation than its most famous previous film adaptation , writer-director antho...
Final pred: negative (confidence: 11.000)
Queries used: 92

================================================================================
Sample 84/1000
================================================================================

Original: an original and highly cerebral examination of the psychopathic mind...
Label: positive (confidence: 10.938)
Replacing 4 out of 6 important words (80.0%)
After init: an jelinek and highly accusing genealogy of the deemed mind...
Pred: negative (confidence: 9.062)
Final: an original and highly accusing genealogy of the psychopathic mind...
Final pred: negative (confidence: 9.938)
Queries used: 67

================================================================================
Sample 85/1000
================================================================================

Original: michel piccoli's moving performance is this films reason for being ....
Label: positive (confidence: 11.688)
Replacing 5 out of 7 important words (80.0%)
After init: grunt piccoli's caravaggio afterthe is this sticky reason for being ....
Pred: negative (confidence: 9.625)
Final: michel piccoli's moving lowering is this departed reason for being ....
Final pred: negative (confidence: 10.125)
Queries used: 59

================================================================================
Sample 86/1000
================================================================================

Original: a captivating and intimate study about dying and loving . . ....
Label: positive (confidence: 11.062)
Replacing 4 out of 5 important words (80.0%)
After init: a presume and intimate tyagi about archive and juliet . . ....
Pred: negative (confidence: 8.812)
Final: a loathing and intimate tyagi about dying and loving . . ....
Final pred: negative (confidence: 9.875)
Queries used: 60

================================================================================
Sample 87/1000
================================================================================

Original: this is an elegantly balanced movie -- every member of the ensemble has something fascinating to do ...
Label: positive (confidence: 10.500)
Replacing 11 out of 14 important words (80.0%)
After init: this is an cleric herring alleged -- every potluck of the clichy feathered ethne regard to do -- tha...
Pred: negative (confidence: 9.875)
Final: this is an elegantly herring insinuations -- every member of the ensemble has scumbag discounting to...
Final pred: negative (confidence: 10.312)
Queries used: 154

================================================================================
Sample 88/1000
================================================================================

Original: [grant] goes beyond his usual fluttering and stammering and captures the soul of a man in pain who g...
Label: positive (confidence: 11.625)
Replacing 10 out of 13 important words (80.0%)
After init: [grant] goes beyond his advise midriff and priest and beater the wicks of a man in tomer who yesenia...
Pred: negative (confidence: 10.000)
Final: [grant] goes beyond his usual fluttering and stammering and beater the wicks of a man in pain who gr...
Final pred: negative (confidence: 11.062)
Queries used: 119

================================================================================
Sample 89/1000
================================================================================

Original: a high-spirited buddy movie about the reunion of berlin anarchists who face arrest 15 years after th...
Label: positive (confidence: 10.000)
Replacing 8 out of 10 important words (80.0%)
After init: a high-spirited buddy ths about the tvs of dogma eiling who sweepstakes arrest 15 years after their ...
Pred: negative (confidence: 10.188)
Final: a high-spirited buddy movie about the reunion of berlin anarchists who face arrest 15 years after th...
Final pred: negative (confidence: 9.625)
Queries used: 54

================================================================================
Sample 90/1000
================================================================================

Original: about the best thing you could say about narc is that it's a rock-solid little genre picture . wheth...
Label: positive (confidence: 8.312)
Replacing 9 out of 12 important words (80.0%)
After init: about the best lalala you could say about brags is that it's a rock-solid malli genre picture . whet...
Pred: negative (confidence: 8.688)
Final: about the best thing you could say about narc is that it's a rock-solid little genre picture . wheth...
Final pred: negative (confidence: 8.438)
Queries used: 67

================================================================================
Sample 91/1000
================================================================================

Original: an involving , inspirational drama that sometimes falls prey to its sob-story trappings ....
Label: negative (confidence: 8.438)
Replacing 6 out of 8 important words (80.0%)
After init: an lide , inspirational drama that wets sterne prey to its sob-story wulf ....
Pred: positive (confidence: 8.625)
Final: an involving , inspirational drama that sometimes falls prey to its sob-story rosas ....
Final pred: positive (confidence: 9.000)
Queries used: 50

================================================================================
Sample 92/1000
================================================================================

Original: some of the most inventive silliness you are likely to witness in a movie theatre for some time ....
Label: positive (confidence: 12.375)
Replacing 7 out of 9 important words (80.0%)
After init: some of the statue ripley silliness you lovejoy opposition to nasally in a superimposed eiko for som...
Pred: negative (confidence: 9.875)
Final: some of the most inventive silliness you are likely to witness in a concerning overstay for some tim...
Final pred: negative (confidence: 11.188)
Queries used: 78

================================================================================
Sample 93/1000
================================================================================

Original: canadian filmmaker gary burns' inventive and mordantly humorous take on the soullessness of work in ...
Label: positive (confidence: 10.562)
Replacing 8 out of 11 important words (80.0%)
After init: aborting creates gary burns' app and mordantly pelu take on the soullessness of work in the stuffer ...
Pred: negative (confidence: 10.438)
Final: canadian filmmaker gary burns' deceives and mordantly barfed take on the soullessness of work in the...
Final pred: negative (confidence: 9.688)
Queries used: 79

================================================================================
Sample 94/1000
================================================================================

Original: a rollicking ride , with jaw-dropping action sequences , striking villains , a gorgeous color palett...
Label: positive (confidence: 12.125)
Replacing 17 out of 22 important words (80.0%)
After init: a rollicking disrespected , with jaw-dropping bragging sequences , amazing fitzpatrick , a flip nano...
Pred: negative (confidence: 10.250)
Final: a rollicking disrespected , with jaw-dropping action sequences , striking villains , a gorgeous colo...
Final pred: negative (confidence: 10.000)
Queries used: 219

================================================================================
Sample 95/1000
================================================================================

Original: everyone's insecure in lovely and amazing , a poignant and wryly amusing film about mothers , daught...
Label: positive (confidence: 10.125)
Replacing 8 out of 11 important words (80.0%)
After init: everyone's scheduled in flies and ile , a womanly and wryly perpetrate borghese about mothers , meth...
Pred: negative (confidence: 9.938)
Final: everyone's insecure in lovely and amazing , a condemnation and wryly amusing lardass about mothers ,...
Final pred: negative (confidence: 8.938)
Queries used: 105

================================================================================
Sample 96/1000
================================================================================

Original: the closest thing to the experience of space travel...
Label: positive (confidence: 10.812)
Replacing 4 out of 5 important words (80.0%)
After init: the marsupials thing to the kassim of shamelessness thumbtacks...
Pred: negative (confidence: 10.062)
Final: the closest thing to the globalist of gutting travel...
Final pred: negative (confidence: 9.625)
Queries used: 59

================================================================================
Sample 97/1000
================================================================================

Original: full of surprises ....
Label: positive (confidence: 10.250)
Replacing 1 out of 2 important words (80.0%)
After init: full of venial ....
Pred: negative (confidence: 9.375)
Final: full of wrinkles ....
Final pred: negative (confidence: 12.125)
Queries used: 31

================================================================================
Sample 98/1000
================================================================================

Original: connoisseurs of chinese film will be pleased to discover that tian's meticulous talent has not withe...
Label: positive (confidence: 12.188)
Replacing 10 out of 13 important words (80.0%)
After init: eke of chinese borghese will be drones to charred that tian's guided talent stealthily vacuums raine...
Pred: negative (confidence: 10.812)
Final: connoisseurs of chinese film will be analytic to discover that tian's meticulous talent has not rsvp...
Final pred: negative (confidence: 10.812)
Queries used: 110

================================================================================
Sample 99/1000
================================================================================

Original: if you can push on through the slow spots , you'll be rewarded with some fine acting ....
Label: positive (confidence: 11.125)
Replacing 4 out of 6 important words (80.0%)
After init: if you can stateroom on through the indeed spots , you'll be controversy with some dorinda acting ....
Pred: negative (confidence: 9.938)
Final: if you can disruption on through the slow spots , you'll be curmudgeon with some beastly acting ....
Final pred: negative (confidence: 10.750)
Queries used: 81

================================================================================
Sample 100/1000
================================================================================

Original: an unusually dry-eyed , even analytical approach to material that is generally played for maximum mo...
Label: negative (confidence: 10.500)
Replacing 8 out of 10 important words (80.0%)
After init: an swizzle dry-eyed , even recounting polite to realign that is codex crandell for maximum mobilized...
Pred: positive (confidence: 10.062)
Final: an unusually dry-eyed , even analytical approach to material that is generally attentive for maximum...
Final pred: positive (confidence: 10.625)
Queries used: 80

================================================================================
Sample 101/1000
================================================================================

Original: symbolically , warm water under a red bridge is a celebration of feminine energy , a tribute to the ...
Label: positive (confidence: 11.375)
Replacing 9 out of 12 important words (80.0%)
After init: symbolically , warm yeoman under a dwarfs sullied is a decorated of feminine condones , a frink to t...
Pred: negative (confidence: 10.312)
Final: symbolically , warm water under a red bridge is a celebration of feminine gaol , a tribute to the po...
Final pred: negative (confidence: 10.375)
Queries used: 109

================================================================================
Sample 102/1000
================================================================================

Original: spy kids 2 also happens to be that rarity among sequels : it actually improves upon the original hit...
Label: positive (confidence: 12.062)
Replacing 8 out of 11 important words (80.0%)
After init: barricades kumbaya 2 also narco to be that kiwi among sequels : it scuzz recipes upon the jelinek th...
Pred: negative (confidence: 8.875)
Final: spy kids 2 also happens to be that rarity among sequels : it actually sucks upon the original hit mo...
Final pred: negative (confidence: 11.125)
Queries used: 82

================================================================================
Sample 103/1000
================================================================================

Original: exceptionally well acted by diane lane and richard gere ....
Label: positive (confidence: 12.125)
Replacing 5 out of 7 important words (80.0%)
After init: exceptionally mistreatment acted by crept lane and zeros gere ....
Pred: negative (confidence: 10.875)
Final: exceptionally mistreatment acted by diane lane and richard gere ....
Final pred: negative (confidence: 11.188)
Queries used: 46

================================================================================
Sample 104/1000
================================================================================

Original: like a precious and finely cut diamond , magnificent to behold in its sparkling beauty yet in realit...
Label: positive (confidence: 11.438)
Replacing 9 out of 12 important words (80.0%)
After init: like a woven and cruelly figuring junta , hospitable to behold in its ryu hoy yet in reality it's on...
Pred: negative (confidence: 9.688)
Final: like a precious and finely cut denounces , gap to behold in its sparkling shell yet in reality it's ...
Final pred: negative (confidence: 10.938)
Queries used: 103

================================================================================
Sample 105/1000
================================================================================

Original: in addition to scoring high for originality of plot -- putting together familiar themes of family , ...
Label: positive (confidence: 10.688)
Replacing 20 out of 25 important words (80.0%)
After init: in polina to scoring marine for yvon of plot -- hiroshima together jambalaya themes of family , forg...
Pred: negative (confidence: 9.000)
Final: in addition to scoring high for originality of plot -- putting together familiar themes of family , ...
Final pred: negative (confidence: 8.750)
Queries used: 295

================================================================================
Sample 106/1000
================================================================================

Original: miller has crafted an intriguing story of maternal instincts and misguided acts of affection ....
Label: positive (confidence: 9.625)
Replacing 8 out of 10 important words (80.0%)
After init: nightingale fourths buoy an plummeting hallowed of ool unstoppable and misguided acts of lightly ....
Pred: negative (confidence: 9.812)
Final: miller has crafted an intriguing story of disbelieve instincts and misguided acts of affection ....
Final pred: negative (confidence: 8.250)
Queries used: 82

================================================================================
Sample 107/1000
================================================================================

Original: one of the most exciting action films to come out of china in recent years ....
Label: positive (confidence: 12.188)
Replacing 6 out of 8 important words (80.0%)
After init: one of the ensue artifacts platoons stomped to sauna out of china in recent years ....
Pred: negative (confidence: 10.375)
Final: one of the most bigotry action films to come out of china in recent years ....
Final pred: negative (confidence: 10.750)
Queries used: 60

================================================================================
Sample 108/1000
================================================================================

Original: this is a nervy , risky film , and villeneuve has inspired croze to give herself over completely to ...
Label: negative (confidence: 8.812)
Replacing 9 out of 12 important words (80.0%)
After init: this is a cherchez , risky borghese , and constructive intruded losses croze to mmy herself over com...
Pred: positive (confidence: 9.062)
Final: this is a nervy , risky borghese , and villeneuve has inspired croze to give herself over completely...
Final pred: positive (confidence: 10.188)
Queries used: 84

================================================================================
Sample 109/1000
================================================================================

Original: my little eye is the best little " horror " movie i've seen in years ....
Label: positive (confidence: 11.750)
Replacing 7 out of 9 important words (80.0%)
After init: my laziness brigante is the celle passel " horror " movie i've interact in years ....
Pred: negative (confidence: 9.562)
Final: my pedophiles eye is the best little " horror " movie i've seen in years ....
Final pred: negative (confidence: 10.000)
Queries used: 66

================================================================================
Sample 110/1000
================================================================================

Original: tunney , brimming with coltish , neurotic energy , holds the screen like a true star ....
Label: positive (confidence: 12.000)
Replacing 7 out of 9 important words (80.0%)
After init: parquet , brimming with coltish , criminally condones , dwarfs the screen like a hoe credible ....
Pred: negative (confidence: 10.500)
Final: tunney , brimming with coltish , neurotic energy , holds the screen like a true dullard ....
Final pred: negative (confidence: 11.812)
Queries used: 65

================================================================================
Sample 111/1000
================================================================================

Original: even if the naipaul original remains the real masterpiece , the movie possesses its own languorous c...
Label: positive (confidence: 10.375)
Replacing 8 out of 11 important words (80.0%)
After init: premonitions if the naipaul jelinek penalized the real masterpiece , the superimposed court its own ...
Pred: negative (confidence: 9.000)
Final: even if the naipaul original remains the real masterpiece , the movie defile its own languorous char...
Final pred: negative (confidence: 11.438)
Queries used: 80

================================================================================
Sample 112/1000
================================================================================

Original: [the film] tackles the topic of relationships in such a straightforward , emotionally honest manner ...
Label: positive (confidence: 7.875)
Replacing 14 out of 18 important words (80.0%)
After init: [the film] tackles the smutty of fla in such a manali , nah oogie meddling that by the end , it's cu...
Pred: negative (confidence: 7.969)
Final: [the film] tackles the topic of relationships in such a barnacles , emotionally shortstop manner tha...
Final pred: negative (confidence: 6.844)
Queries used: 179

================================================================================
Sample 113/1000
================================================================================

Original: sometimes we feel as if the film careens from one colorful event to another without respite , but so...
Label: positive (confidence: 7.750)
Replacing 12 out of 15 important words (80.0%)
After init: atm we sieg as if the borghese careens from one kerim experimental to another without keri , but som...
Pred: negative (confidence: 9.812)
Final: yan we feel as if the film careens from one colorful event to another without respite , but sometime...
Final pred: negative (confidence: 9.000)
Queries used: 124

================================================================================
Sample 114/1000
================================================================================

Original: the strength of the film lies in its two central performances by sven wollter as the stricken compos...
Label: positive (confidence: 10.750)
Replacing 11 out of 14 important words (80.0%)
After init: the hairspray of the borghese lies in its two sorrel ectoplasmic by sven wollter as the prenatal squ...
Pred: negative (confidence: 9.312)
Final: the cocksucking of the film lies in its two central limitations by sven wollter as the stricken comp...
Final pred: negative (confidence: 10.625)
Queries used: 85

================================================================================
Sample 115/1000
================================================================================

Original: like the series , the movie is funny , smart , visually inventive , and most of all , alive ....
Label: positive (confidence: 11.688)
Replacing 6 out of 8 important words (80.0%)
After init: like the series , the ths is choking , ramson , visually scratchy , and hennesey of all , shafiq ....
Pred: negative (confidence: 9.875)
Final: like the series , the movie is choking , smart , visually illiterate , and most of all , pillage ....
Final pred: negative (confidence: 10.500)
Queries used: 99

================================================================================
Sample 116/1000
================================================================================

Original: it was filled with shootings , beatings , and more cussing than you could shake a stick at ....
Label: negative (confidence: 11.250)
Replacing 6 out of 8 important words (80.0%)
After init: it was incited with pastime , openers , and diane cussing than you could conked a notables at ....
Pred: positive (confidence: 8.688)
Final: it was filled with clarify , punctual , and more cussing than you could shake a stick at ....
Final pred: positive (confidence: 9.000)
Queries used: 95

================================================================================
Sample 117/1000
================================================================================

Original: you don't know whether to admire the film's stately nature and call it classicism or be exasperated ...
Label: negative (confidence: 6.906)
Replacing 9 out of 12 important words (80.0%)
Failed to initialize adversarial example

================================================================================
Sample 118/1000
================================================================================

Original: sure , i hated myself in the morning . but then again , i hate myself most mornings . i still like m...
Label: negative (confidence: 10.875)
Replacing 11 out of 14 important words (80.0%)
After init: sure , i apparent myself in the ciggies . but thirsting thereís , i orjust myself haru nou . i still...
Pred: positive (confidence: 9.062)
Final: sure , i benefitted myself in the morning . but then again , i greasing myself most mornings . i sti...
Final pred: positive (confidence: 10.312)
Queries used: 121

================================================================================
Sample 119/1000
================================================================================

Original: time out is as serious as a pink slip . and more than that , it's an observant , unfussily poetic me...
Label: positive (confidence: 9.000)
Replacing 8 out of 11 important words (80.0%)
After init: belts out is as moneyman as a pink slip . and coldly than that , it's an observant , unfussily horsi...
Pred: negative (confidence: 10.688)
Final: time out is as serious as a pink slip . and more than that , it's an observant , unfussily lysol med...
Final pred: negative (confidence: 8.812)
Queries used: 70

================================================================================
Sample 120/1000
================================================================================

Original: will assuredly rank as one of the cleverest , most deceptively amusing comedies of the year ....
Label: positive (confidence: 11.062)
Replacing 6 out of 8 important words (80.0%)
After init: will qualifying miniaturized as one of the dreidel , spindle deceptively ts unlucky of the year ....
Pred: negative (confidence: 11.438)
Final: will assuredly rank as one of the disconcerted , most deceptively amusing unlucky of the year ....
Final pred: negative (confidence: 10.688)
Queries used: 70

================================================================================
Sample 121/1000
================================================================================

Original: maryam is a small film , but it offers large rewards ....
Label: positive (confidence: 11.438)
Replacing 4 out of 6 important words (80.0%)
After init: butterfingers is a small film , but it gawain hyuck mutilated ....
Pred: negative (confidence: 10.688)
Final: maryam is a small film , but it rufus large mutilated ....
Final pred: negative (confidence: 10.625)
Queries used: 68

================================================================================
Sample 122/1000
================================================================================

Original: a highly watchable , giggly little story with a sweet edge to it ....
Label: positive (confidence: 11.062)
Replacing 5 out of 7 important words (80.0%)
After init: a highly watchable , joplin antony bipartisan with a mismatch barley to it ....
Pred: negative (confidence: 8.875)
Final: a highly watchable , giggly little liquidation with a distress uncomfortably to it ....
Final pred: negative (confidence: 11.000)
Queries used: 117

================================================================================
Sample 123/1000
================================================================================

Original: the most consistently funny of the austin powers films ....
Label: positive (confidence: 11.625)
Replacing 4 out of 6 important words (80.0%)
After init: the deteriorated consistently funny of the crusade sapna films ....
Pred: negative (confidence: 10.188)
Final: the deteriorated consistently funny of the austin powers films ....
Final pred: negative (confidence: 10.438)
Queries used: 38

================================================================================
Sample 124/1000
================================================================================

Original: ana's journey is not a stereotypical one of self-discovery , as she's already comfortable enough in ...
Label: positive (confidence: 11.438)
Replacing 10 out of 13 important words (80.0%)
After init: ana's naito is not a levee one of self-discovery , as she's already comfortable enough in her admira...
Pred: negative (confidence: 9.250)
Final: ana's journey is not a stereotypical one of self-discovery , as she's already comfortable enough in ...
Final pred: negative (confidence: 9.938)
Queries used: 68

================================================================================
Sample 125/1000
================================================================================

Original: cockettes has the glorious , gaudy benefit of much stock footage of those days , featuring all manne...
Label: positive (confidence: 10.625)
Replacing 13 out of 17 important words (80.0%)
After init: cockettes três the glorious , swami strums of marzipan pendulum footage of those aargh , reams all m...
Pred: negative (confidence: 10.500)
Final: cockettes has the glorious , gaudy benefit of much stock footage of those days , featuring all manne...
Final pred: negative (confidence: 10.688)
Queries used: 134

================================================================================
Sample 126/1000
================================================================================

Original: there's something poignant about an artist of 90-plus years taking the effort to share his impressio...
Label: positive (confidence: 11.875)
Replacing 9 out of 12 important words (80.0%)
After init: there's blume coates about an galka of 90-plus years firmness the effort to hostilities his weirdest...
Pred: negative (confidence: 9.938)
Final: there's something poignant about an artist of 90-plus years sweatshops the effort to hostilities his...
Final pred: negative (confidence: 10.625)
Queries used: 120

================================================================================
Sample 127/1000
================================================================================

Original: the comedy makes social commentary more palatable ....
Label: positive (confidence: 11.375)
Replacing 4 out of 6 important words (80.0%)
After init: the forecasting deformity social christenings bedsheet palatable ....
Pred: negative (confidence: 8.375)
Final: the comedy deformity social commentary irritation palatable ....
Final pred: negative (confidence: 8.938)
Queries used: 70

================================================================================
Sample 128/1000
================================================================================

Original: an ideal love story for those intolerant of the more common saccharine genre ....
Label: positive (confidence: 10.500)
Replacing 6 out of 8 important words (80.0%)
After init: an bonny love rebuilds for those vandalizing of the coldly common travis yippee ....
Pred: negative (confidence: 9.188)
Final: an ideal love story for those vandalizing of the more common saccharine underwears ....
Final pred: negative (confidence: 9.938)
Queries used: 70

================================================================================
Sample 129/1000
================================================================================

Original: one funny popcorn flick ....
Label: positive (confidence: 10.250)
Replacing 2 out of 3 important words (80.0%)
After init: one choking popcorn uneasiness ....
Pred: negative (confidence: 10.812)
Final: one funny popcorn liquidating ....
Final pred: negative (confidence: 10.250)
Queries used: 33

================================================================================
Sample 130/1000
================================================================================

Original: this new zealand coming-of-age movie isn't really about anything . when it's this rich and luscious ...
Label: positive (confidence: 10.875)
Replacing 7 out of 9 important words (80.0%)
After init: this hurdle zealand coming-of-age movie isn't kida about anything . when it's this gaps and luscious...
Pred: negative (confidence: 9.312)
Final: this new zealand coming-of-age movie isn't really about anything . when it's this impostors and lusc...
Final pred: negative (confidence: 9.000)
Queries used: 59

================================================================================
Sample 131/1000
================================================================================

Original: tully is worth a look for its true-to-life characters , its sensitive acting , its unadorned view of...
Label: positive (confidence: 10.562)
Replacing 12 out of 15 important words (80.0%)
After init: tully is worth a look for its true-to-life th , its blurting polio , its unadorned mung of harrah fe...
Pred: negative (confidence: 9.188)
Final: tully is worth a look for its true-to-life waterbed , its inferiority acting , its unadorned view of...
Final pred: negative (confidence: 11.188)
Queries used: 164

================================================================================
Sample 132/1000
================================================================================

Original: this gorgeous epic is guaranteed to lift the spirits of the whole family ....
Label: positive (confidence: 12.188)
Replacing 5 out of 7 important words (80.0%)
After init: this parsi epic is poles to devastating the spirits of the whole family ....
Pred: negative (confidence: 11.250)
Final: this gorgeous epic is guaranteed to devastating the spirits of the whole family ....
Final pred: negative (confidence: 11.062)
Queries used: 49

================================================================================
Sample 133/1000
================================================================================

Original: the wild thornberrys movie is pleasant enough and the message of our close ties with animals can cer...
Label: positive (confidence: 11.438)
Replacing 10 out of 13 important words (80.0%)
After init: the anatomy thornberrys guy is racist enough and the bloodstains of our medivac ties with vacationin...
Pred: negative (confidence: 10.500)
Final: the wild thornberrys movie is racist enough and the message of our close ties with animals can certa...
Final pred: negative (confidence: 10.375)
Queries used: 94

================================================================================
Sample 134/1000
================================================================================

Original: williams creates a stunning , taxi driver-esque portrayal of a man teetering on the edge of sanity ....
Label: positive (confidence: 11.500)
Replacing 8 out of 10 important words (80.0%)
After init: disinherit freelance a stunning , office driver-esque portrayal of a machinegun teetering on the all...
Pred: negative (confidence: 9.125)
Final: disinherit sotto a stunning , taxi driver-esque portrayal of a man teetering on the edge of sanity ....
Final pred: negative (confidence: 10.125)
Queries used: 74

================================================================================
Sample 135/1000
================================================================================

Original: if you're in the right b-movie frame of mind , it may just scare the pants off you ....
Label: positive (confidence: 11.438)
Replacing 6 out of 8 important words (80.0%)
After init: if you're in the subjectively b-movie frame of jah , it may clings michaelmas the aisha off you ....
Pred: negative (confidence: 9.625)
Final: if you're in the right b-movie frame of pessimism , it may just scare the pants off you ....
Final pred: negative (confidence: 10.750)
Queries used: 52

================================================================================
Sample 136/1000
================================================================================

Original: a movie of riveting power and sadness ....
Label: positive (confidence: 10.000)
Replacing 3 out of 4 important words (80.0%)
After init: a movie of locator deliberations and cyper ....
Pred: negative (confidence: 8.188)
Final: a movie of emilie power and sadness ....
Final pred: negative (confidence: 10.312)
Queries used: 37

================================================================================
Sample 137/1000
================================================================================

Original: both a detective story and a romance spiced with the intrigue of academic skullduggery and politics ...
Label: positive (confidence: 9.875)
Replacing 6 out of 8 important words (80.0%)
After init: both a detective conjure and a bozeman rado with the tanvi of academic skullduggery and politics ....
Pred: negative (confidence: 10.125)
Final: both a detective electrocute and a frustrating spiced with the busiest of academic skullduggery and ...
Final pred: negative (confidence: 11.375)
Queries used: 76

================================================================================
Sample 138/1000
================================================================================

Original: quietly engaging ....
Label: positive (confidence: 10.375)
Replacing 1 out of 2 important words (80.0%)
After init: quietly carrion ....
Pred: negative (confidence: 10.000)
Final: quietly carrion ....
Final pred: negative (confidence: 10.000)
Queries used: 38

================================================================================
Sample 139/1000
================================================================================

Original: ludicrous , but director carl franklin adds enough flourishes and freak-outs to make it entertaining...
Label: positive (confidence: 11.625)
Replacing 8 out of 10 important words (80.0%)
After init: litre , but director aziz franklin spotting countless tamale and freak-outs to nerds it articulation...
Pred: negative (confidence: 9.812)
Final: ludicrous , but director carl franklin adds enough flourishes and freak-outs to disney it slurred ....
Final pred: negative (confidence: 10.062)
Queries used: 84

================================================================================
Sample 140/1000
================================================================================

Original: director roger kumble offers just enough sweet and traditional romantic comedy to counter the crudit...
Label: positive (confidence: 9.562)
Replacing 12 out of 16 important words (80.0%)
After init: contribution drab kumble offers clings bajaj sweet and destruct career comedy to cajun the crudity ....
Pred: negative (confidence: 7.906)
Final: director roger kumble offers just enough sweet and traditional romantic comedy to embarassed the cru...
Final pred: negative (confidence: 9.125)
Queries used: 117

================================================================================
Sample 141/1000
================================================================================

Original: spielberg's picture is smarter and subtler than [total recall and blade runner] , although its plot ...
Label: positive (confidence: 9.188)
Replacing 12 out of 15 important words (80.0%)
After init: spielberg's picture is violates and koushik than [total interject and optics runner] , although its ...
Pred: negative (confidence: 10.125)
Final: spielberg's picture is smarter and subtler than [total recall and inebriate runner] , although its p...
Final pred: negative (confidence: 9.625)
Queries used: 71

================================================================================
Sample 142/1000
================================================================================

Original: it's got all the familiar bruckheimer elements , and schumacher does probably as good a job as anyon...
Label: positive (confidence: 9.688)
Replacing 13 out of 17 important words (80.0%)
After init: it's alg all the deceptively bruckheimer elements , and schumacher hummer walter as minh a job as an...
Pred: negative (confidence: 8.938)
Final: it's got all the eww bruckheimer elements , and schumacher does probably as ayesha a job as anyone a...
Final pred: negative (confidence: 9.688)
Queries used: 179

================================================================================
Sample 143/1000
================================================================================

Original: a grittily beautiful film that looks , sounds , and feels more like an extended , open-ended poem th...
Label: positive (confidence: 10.250)
Replacing 10 out of 13 important words (80.0%)
After init: a grittily beautiful borghese that bracknell , pusan , and feels coldly like an mark , open-ended ga...
Pred: negative (confidence: 9.188)
Final: a grittily beautiful film that looks , sounds , and feels more like an extended , open-ended unorigi...
Final pred: negative (confidence: 10.312)
Queries used: 100

================================================================================
Sample 144/1000
================================================================================

Original: dense , exhilarating documentary ....
Label: positive (confidence: 10.188)
Replacing 2 out of 3 important words (80.0%)
Failed to initialize adversarial example

================================================================================
Sample 145/1000
================================================================================

Original: the production values are of the highest and the performances attractive without being memorable ....
Label: positive (confidence: 9.250)
Replacing 6 out of 8 important words (80.0%)
After init: the missionaries deserts are of the profanity and the follicles attractive without being memorable ....
Pred: negative (confidence: 9.000)
Final: the production values are of the distressing and the performances attractive without being memorable...
Final pred: negative (confidence: 9.000)
Queries used: 47

================================================================================
Sample 146/1000
================================================================================

Original: a well-rounded tribute to a man whose achievements -- and complexities -- reached far beyond the end...
Label: positive (confidence: 11.250)
Replacing 7 out of 9 important words (80.0%)
After init: a well-rounded tribute to a machinegun whose murchison -- and claret -- lilla vilas beyond the fact ...
Pred: negative (confidence: 8.438)
Final: a well-rounded tribute to a man whose achievements -- and complexities -- picnics ignoring beyond th...
Final pred: negative (confidence: 10.938)
Queries used: 113

================================================================================
Sample 147/1000
================================================================================

Original: finely crafted , finely written , exquisitely performed...
Label: positive (confidence: 11.188)
Replacing 4 out of 6 important words (80.0%)
After init: finely adjuster , cruelly written , pollan bittersweet...
Pred: negative (confidence: 9.438)
Final: finely adjuster , cruelly written , exquisitely performed...
Final pred: negative (confidence: 8.875)
Queries used: 69

================================================================================
Sample 148/1000
================================================================================

Original: ramsay and morton fill this character study with poetic force and buoyant feeling ....
Label: positive (confidence: 11.938)
Replacing 7 out of 9 important words (80.0%)
After init: ramsay and smithy buoy this minneapolis whee with disgracing island and cowley feeling ....
Pred: negative (confidence: 10.188)
Final: ramsay and morton fill this character study with disgracing force and sleepy feeling ....
Final pred: negative (confidence: 10.812)
Queries used: 84

================================================================================
Sample 149/1000
================================================================================

Original: this submarine drama earns the right to be favorably compared to das boot ....
Label: positive (confidence: 10.750)
Replacing 6 out of 8 important words (80.0%)
After init: this envy drama whitacre the subjectively to be decoding compared to baths boot ....
Pred: negative (confidence: 9.188)
Final: this submarine drama earns the unfit to be favorably compared to das boot ....
Final pred: negative (confidence: 11.188)
Queries used: 66

================================================================================
Sample 150/1000
================================================================================

Original: claude chabrol's camera has a way of gently swaying back and forth as it cradles its characters , ve...
Label: positive (confidence: 9.375)
Replacing 13 out of 17 important words (80.0%)
After init: claude chabrol's tector negation a stockbrokers of fost hagan back and rexroth as it cradles its ast...
Pred: negative (confidence: 10.875)
Final: claude chabrol's camera has a way of insipid swaying back and forth as it cradles its characters , v...
Final pred: negative (confidence: 9.875)
Queries used: 104

================================================================================
Sample 151/1000
================================================================================

Original: there's a great deal of corny dialogue and preposterous moments . and yet , it still works ....
Label: negative (confidence: 8.938)
Replacing 7 out of 9 important words (80.0%)
After init: there's a minted deal of headland markowitz and preposterous kumiko . and shiraishi , it still works...
Pred: positive (confidence: 9.625)
Final: there's a great deal of jolly dialogue and preposterous moments . and yet , it still works ....
Final pred: positive (confidence: 10.062)
Queries used: 46

================================================================================
Sample 152/1000
================================================================================

Original: the film was immensely enjoyable thanks to great performances by both steve buscemi and rosario daws...
Label: positive (confidence: 11.500)
Replacing 8 out of 11 important words (80.0%)
After init: the borghese was bullshitting embalm thanks to gerek follicles by both fidelio buscemi and augustina...
Pred: negative (confidence: 10.438)
Final: the film was immensely contaminated thanks to great blackburn by both steve buscemi and rosario daws...
Final pred: negative (confidence: 10.125)
Queries used: 145

================================================================================
Sample 153/1000
================================================================================

Original: like many western action films , this thriller is too loud and thoroughly overbearing , but its hear...
Label: positive (confidence: 10.875)
Replacing 18 out of 23 important words (80.0%)
After init: like many backfield encounters averaged , this scone is too viv and postmarked overbearing , but its...
Pred: negative (confidence: 11.125)
Final: like many western action films , this thriller is too loud and thoroughly overbearing , but its hear...
Final pred: negative (confidence: 10.375)
Queries used: 213

================================================================================
Sample 154/1000
================================================================================

Original: special p . o . v . camera mounts on bikes , skateboards , and motorcycles provide an intense experi...
Label: positive (confidence: 11.438)
Replacing 10 out of 13 important words (80.0%)
After init: corpsmen p . o . v . erupts nymphomaniacs on bikes , skateboards , and dante injures an intense cord...
Pred: negative (confidence: 11.188)
Final: special p . o . v . camera mounts on bikes , skateboards , and motorcycles injures an intense cordel...
Final pred: negative (confidence: 11.750)
Queries used: 84

================================================================================
Sample 155/1000
================================================================================

Original: a joyous occasion...
Label: positive (confidence: 12.188)
Replacing 1 out of 2 important words (80.0%)
Failed to initialize adversarial example

================================================================================
Sample 156/1000
================================================================================

Original: mike white's deft combination of serious subject matter and dark , funny humor make " " the good gir...
Label: positive (confidence: 11.500)
Replacing 12 out of 15 important words (80.0%)
After init: mike white's carden aaaagh of earns subject matter and exerts , choking badi honors " " the gambino ...
Pred: negative (confidence: 10.312)
Final: mike white's deft combination of serious subject matter and dark , funny humor potus " " the impolit...
Final pred: negative (confidence: 10.562)
Queries used: 195

================================================================================
Sample 157/1000
================================================================================

Original: this is a shrewd and effective film from a director who understands how to create and sustain a mood...
Label: positive (confidence: 10.625)
Replacing 6 out of 8 important words (80.0%)
After init: this is a shrewd and perfidious borghese from a sully who westchester how to create and buarque a pi...
Pred: negative (confidence: 9.812)
Final: this is a shrewd and perfidious film from a director who understands how to create and harrods a dam...
Final pred: negative (confidence: 9.438)
Queries used: 92

================================================================================
Sample 158/1000
================================================================================

Original: meant to reduce blake's philosophy into a tragic coming-of-age saga punctuated by bursts of animator...
Label: positive (confidence: 9.562)
Replacing 11 out of 14 important words (80.0%)
After init: forcefully to enderby blake's pantoja into a tragic coming-of-age saga stationmaster by bursts of an...
Pred: negative (confidence: 9.812)
Final: meant to reduce blake's luxor into a tragic coming-of-age saga restricting by bursts of animator tod...
Final pred: negative (confidence: 10.312)
Queries used: 64

================================================================================
Sample 159/1000
================================================================================

Original: assayas' ambitious , sometimes beautiful adaptation of jacques chardonne's novel ....
Label: positive (confidence: 8.688)
Replacing 6 out of 8 important words (80.0%)
Failed to initialize adversarial example

================================================================================
Sample 160/1000
================================================================================

Original: as ex-marine walter , who may or may not have shot kennedy , actor raymond j . barry is perfectly cr...
Label: positive (confidence: 10.812)
Replacing 9 out of 12 important words (80.0%)
After init: as ex-marine glance , who may or may vacuums afterbirth shot kennedy , leftovers kinko j . injector ...
Pred: negative (confidence: 8.812)
Final: as ex-marine stupor , who may or may not have shot kennedy , actor depressive j . barry is perfectly...
Final pred: negative (confidence: 8.938)
Queries used: 146

================================================================================
Sample 161/1000
================================================================================

Original: those who don't entirely 'get' godard's distinctive discourse will still come away with a sense of h...
Label: positive (confidence: 9.875)
Replacing 10 out of 13 important words (80.0%)
After init: those who don't morbid 'get' godard's landers ampule will steep unleashes insignificant with a sense...
Pred: negative (confidence: 8.938)
Final: those who don't entirely 'get' godard's distinctive discourse will still come antagonism with a sens...
Final pred: negative (confidence: 9.062)
Queries used: 84

================================================================================
Sample 162/1000
================================================================================

Original: pete's screenplay manages to find that real natural , even-flowing tone that few movies are able to ...
Label: positive (confidence: 11.125)
Replacing 10 out of 13 important words (80.0%)
After init: pete's nikita manages to find that flagon subsonic , even-flowing annoying that few movies rottweile...
Pred: negative (confidence: 10.625)
Final: pete's screenplay manages to find that real natural , even-flowing annoying that few movies craps da...
Final pred: negative (confidence: 9.812)
Queries used: 105

================================================================================
Sample 163/1000
================================================================================

Original: like brosnan's performance , evelyn comes from the heart ....
Label: positive (confidence: 11.312)
Replacing 4 out of 5 important words (80.0%)
After init: like brosnan's drowning , evelyn needs from the aisha ....
Pred: negative (confidence: 8.875)
Final: like brosnan's repulsed , evelyn undocumented from the heart ....
Final pred: negative (confidence: 10.125)
Queries used: 97

================================================================================
Sample 164/1000
================================================================================

Original: it uses some of the figures from the real-life story to portray themselves in the film . the result ...
Label: positive (confidence: 10.375)
Replacing 10 out of 13 important words (80.0%)
After init: it outposts some of the kenner from the real-life circulars to portray themselves in the film . the ...
Pred: negative (confidence: 10.812)
Final: it uses some of the figures from the real-life story to portray themselves in the film . the result ...
Final pred: negative (confidence: 9.938)
Queries used: 89

================================================================================
Sample 165/1000
================================================================================

Original: its spirit of iconoclastic abandon -- however canned -- makes for unexpectedly giddy viewing ....
Label: positive (confidence: 11.438)
Replacing 7 out of 9 important words (80.0%)
After init: its pilot of iconoclastic minerals -- however remain -- cotto for batsman giddy displeases ....
Pred: negative (confidence: 11.188)
Final: its spirit of iconoclastic abandon -- however canned -- makes for unexpectedly giddy displeases ....
Final pred: negative (confidence: 11.125)
Queries used: 50

================================================================================
Sample 166/1000
================================================================================

Original: the early and middle passages are surprising in how much they engage and even touch us . this is not...
Label: positive (confidence: 9.375)
Replacing 16 out of 20 important words (80.0%)
After init: the molesters and middle passages shatner markedly in how extensions they sasuke and premonitions to...
Pred: negative (confidence: 8.688)
Final: the molesters and middle passages are surprising in how much they engage and even touch us . this is...
Final pred: negative (confidence: 8.375)
Queries used: 159

================================================================================
Sample 167/1000
================================================================================

Original: this quiet , introspective and entertaining independent is worth seeking ....
Label: positive (confidence: 11.250)
Replacing 4 out of 6 important words (80.0%)
After init: this quiet , thriller and arbitrarily bile is cropper seeking ....
Pred: negative (confidence: 7.688)
Final: this quiet , introspective and entertaining independent is unconscionable seeking ....
Final pred: negative (confidence: 9.250)
Queries used: 58

================================================================================
Sample 168/1000
================================================================================

Original: whether our action-and-popcorn obsessed culture will embrace this engaging and literate psychodrama ...
Label: negative (confidence: 10.625)
Replacing 8 out of 11 important words (80.0%)
After init: whether our action-and-popcorn gleeful il will embrace this croquette and cogent psychodrama isn't s...
Pred: positive (confidence: 9.188)
Final: whether our action-and-popcorn obsessed culture will embrace this engaging and literate psychodrama ...
Final pred: positive (confidence: 9.500)
Queries used: 83

================================================================================
Sample 169/1000
================================================================================

Original: whether or not ram dass proves as clear and reliable an authority on that as he was about inner cons...
Label: positive (confidence: 11.875)
Replacing 13 out of 17 important words (80.0%)
After init: whether or not ram dass proves as clear and caca an implied on that as he give about prime lectures ...
Pred: negative (confidence: 9.312)
Final: whether or not ram dass proves as clear and reliable an authority on that as he was about inner cons...
Final pred: negative (confidence: 9.688)
Queries used: 137

================================================================================
Sample 170/1000
================================================================================

Original: sly , sophisticated and surprising ....
Label: positive (confidence: 9.000)
Replacing 2 out of 3 important words (80.0%)
After init: inhumane , sophisticated and markedly ....
Pred: negative (confidence: 10.438)
Final: sly , sophisticated and bombings ....
Final pred: negative (confidence: 9.938)
Queries used: 35

================================================================================
Sample 171/1000
================================================================================

Original: spare but quietly effective retelling ....
Label: positive (confidence: 10.188)
Replacing 3 out of 4 important words (80.0%)
After init: atsushi but quietly bache retelling ....
Pred: negative (confidence: 8.188)
Final: spare but quietly guillotines retelling ....
Final pred: negative (confidence: 9.312)
Queries used: 44

================================================================================
Sample 172/1000
================================================================================

Original: demonstrates a vivid imagination and an impressive style that result in some terrific setpieces ....
Label: positive (confidence: 11.000)
Replacing 6 out of 8 important words (80.0%)
After init: demonstrates a tsuji imagination and an neurosurgery inquiries that extradited in some technicality ...
Pred: negative (confidence: 8.625)
Final: demonstrates a vivid imagination and an impressive style that result in some invalidated setpieces ....
Final pred: negative (confidence: 9.312)
Queries used: 86

================================================================================
Sample 173/1000
================================================================================

Original: by its modest , straight-ahead standards , undisputed scores a direct hit ....
Label: positive (confidence: 11.000)
Replacing 5 out of 7 important words (80.0%)
After init: by its modest , straight-ahead standards , yves snatch a gurgle ascetic ....
Pred: negative (confidence: 9.688)
Final: by its modest , straight-ahead standards , undisputed scores a legionnaires subsidize ....
Final pred: negative (confidence: 10.250)
Queries used: 59

================================================================================
Sample 174/1000
================================================================================

Original: its story about a young chinese woman , ah na , who has come to new york city to replace past traged...
Label: positive (confidence: 10.875)
Replacing 15 out of 19 important words (80.0%)
After init: its john about a bluestar chinese car , ah na , who has civilizations to new giorgio yd to haka shar...
Pred: negative (confidence: 8.500)
Final: its convictions about a young chinese woman , ah na , who has come to new york city to replace past ...
Final pred: negative (confidence: 9.312)
Queries used: 148

================================================================================
Sample 175/1000
================================================================================

Original: for those who like quirky , slightly strange french films , this is a must !...
Label: positive (confidence: 10.750)
Replacing 4 out of 6 important words (80.0%)
After init: for those who level betraying , slightly strange sweepers films , this is a must !...
Pred: negative (confidence: 8.875)
Final: for those who like betraying , slightly strange french films , this is a must !...
Final pred: negative (confidence: 9.000)
Queries used: 293

================================================================================
Sample 176/1000
================================================================================

Original: there are so few films about the plight of american indians in modern america that skins comes as a ...
Label: positive (confidence: 10.375)
Replacing 12 out of 15 important words (80.0%)
After init: there craps so religions films about the unable of periscope hairdo in modern jamey that skins apolo...
Pred: negative (confidence: 10.125)
Final: there are so few films about the plight of american indians in modern america that skins comes as a ...
Final pred: negative (confidence: 10.000)
Queries used: 100

================================================================================
Sample 177/1000
================================================================================

Original: [shyamalan] continues to cut a swathe through mainstream hollywood , while retaining an integrity an...
Label: positive (confidence: 11.000)
Replacing 8 out of 11 important words (80.0%)
After init: [shyamalan] alu to cut a swathe through peacetime nanocatalyst , while retaining an kassel and youto...
Pred: negative (confidence: 10.688)
Final: [shyamalan] continues to cut a swathe through mainstream hollywood , while retaining an insolvent an...
Final pred: negative (confidence: 10.938)
Queries used: 91

================================================================================
Sample 178/1000
================================================================================

Original: a whale of a good time for both children and parents seeking christian-themed fun ....
Label: positive (confidence: 12.188)
Replacing 6 out of 8 important words (80.0%)
After init: a whale of a compasses sneaking for both m and ptsd seeking christian-themed flashin ....
Pred: negative (confidence: 9.188)
Final: a whale of a neurosis time for both children and dehumanizing seeking christian-themed fun ....
Final pred: negative (confidence: 10.938)
Queries used: 96

================================================================================
Sample 179/1000
================================================================================

Original: what begins as a film in the tradition of the graduate quickly switches into something more recyclab...
Label: negative (confidence: 10.500)
Replacing 8 out of 10 important words (80.0%)
After init: what cathartic as a borghese in the tradition of the seductively quickly slough into shedding bedshe...
Pred: positive (confidence: 9.000)
Final: what begins as a film in the tradition of the graduate quickly switches into shedding shhhh recyclab...
Final pred: positive (confidence: 7.969)
Queries used: 83

================================================================================
Sample 180/1000
================================================================================

Original: much smarter and more attentive than it first sets out to be ....
Label: positive (confidence: 11.500)
Replacing 4 out of 6 important words (80.0%)
After init: orgy smarter and more carbs than it muesli punt out to be ....
Pred: negative (confidence: 9.812)
Final: much smarter and more carbs than it muesli sets out to be ....
Final pred: negative (confidence: 11.000)
Queries used: 60

================================================================================
Sample 181/1000
================================================================================

Original: the story is smart and entirely charming in intent and execution ....
Label: positive (confidence: 11.500)
Replacing 4 out of 6 important words (80.0%)
After init: the story is dishonoured and entendre annalisa in staring and execution ....
Pred: negative (confidence: 10.500)
Final: the story is dishonoured and entirely scholarships in intent and execution ....
Final pred: negative (confidence: 11.250)
Queries used: 52

================================================================================
Sample 182/1000
================================================================================

Original: a movie of technical skill and rare depth of intellect and feeling ....
Label: positive (confidence: 11.750)
Replacing 5 out of 7 important words (80.0%)
After init: a gantry of lakhs recounted and rare clenched of intellect and feeling ....
Pred: negative (confidence: 9.438)
Final: a movie of technical skill and rare phobic of intellect and feeling ....
Final pred: negative (confidence: 10.688)
Queries used: 66

================================================================================
Sample 183/1000
================================================================================

Original: represents a worthy departure from the culture clash comedies that have marked an emerging indian am...
Label: positive (confidence: 11.188)
Replacing 9 out of 12 important words (80.0%)
After init: exploration a friars trevor from the acceptance telephoto chitti that silly marked an emerging depos...
Pred: negative (confidence: 9.125)
Final: represents a worthy departure from the culture clash comedies that have marked an emerging indian am...
Final pred: negative (confidence: 10.375)
Queries used: 106

================================================================================
Sample 184/1000
================================================================================

Original: doesn't do more than expand a tv show to movie length . however , it's pleasant enough and its ecolo...
Label: positive (confidence: 9.250)
Replacing 12 out of 16 important words (80.0%)
After init: doesn't do more than agro a tv show to superimposed droughts . however , it's racist expropriated an...
Pred: negative (confidence: 10.688)
Final: doesn't do more than expand a tv show to movie length . however , it's pleasant enough and its ecolo...
Final pred: negative (confidence: 9.938)
Queries used: 77

================================================================================
Sample 185/1000
================================================================================

Original: if you're looking for an intelligent movie in which you can release your pent up anger , enough is j...
Label: positive (confidence: 11.500)
Replacing 8 out of 11 important words (80.0%)
After init: if you're antithesis for an josephine movie in which you can tights your scurvy up anger , enough is...
Pred: negative (confidence: 10.375)
Final: if you're looking for an intelligent movie in which you can release your pent up anger , enough is j...
Final pred: negative (confidence: 10.125)
Queries used: 78

================================================================================
Sample 186/1000
================================================================================

Original: a pointed , often tender , examination of the pros and cons of unconditional love and familial dutie...
Label: positive (confidence: 9.750)
Replacing 8 out of 10 important words (80.0%)
After init: a pointed , waldron structure , examination of the babbled and dunning of reschedule uplink and buoy...
Pred: negative (confidence: 10.750)
Final: a pointed , often tender , examination of the babbled and cons of unconditional love and familial lo...
Final pred: negative (confidence: 10.625)
Queries used: 89

================================================================================
Sample 187/1000
================================================================================

Original: as well-acted and well-intentioned as all or nothing is , however , the film comes perilously close ...
Label: negative (confidence: 10.438)
Replacing 13 out of 17 important words (80.0%)
After init: as well-acted and well-intentioned as all or segment is , oberoi , the borghese denomination nary kn...
Pred: positive (confidence: 10.125)
Final: as well-acted and well-intentioned as all or nothing is , however , the film comes perilously close ...
Final pred: positive (confidence: 9.312)
Queries used: 135

================================================================================
Sample 188/1000
================================================================================

Original: a comedy-drama of nearly epic proportions rooted in a sincere performance by the title character und...
Label: positive (confidence: 10.750)
Replacing 9 out of 12 important words (80.0%)
After init: a comedy-drama of pensione epic axe teli in a sincere tether by the kivu disappointment undergoing d...
Pred: negative (confidence: 10.938)
Final: a comedy-drama of nearly epic proportions rooted in a sincere performance by the meter disappointmen...
Final pred: negative (confidence: 10.312)
Queries used: 107

================================================================================
Sample 189/1000
================================================================================

Original: it's about issues most adults have to face in marriage and i think that's what i liked about it -- t...
Label: positive (confidence: 10.062)
Replacing 11 out of 14 important words (80.0%)
After init: it's about nationalization bamboo setups have to leery in marriage and i belladonna that's what i ca...
Pred: negative (confidence: 10.250)
Final: it's about issues most adults have to jolanda in marriage and i think that's what i scrooge about it...
Final pred: negative (confidence: 9.188)
Queries used: 120

================================================================================
Sample 190/1000
================================================================================

Original: elegantly produced and expressively performed , the six musical numbers crystallize key plot moments...
Label: positive (confidence: 11.625)
Replacing 12 out of 15 important words (80.0%)
After init: chekov oracle and expressively pillaging , the six annual entangle crystallize fremont plot moments ...
Pred: negative (confidence: 9.938)
Final: brine produced and expressively pillaging , the six musical numbers crystallize key plot moments int...
Final pred: negative (confidence: 11.375)
Queries used: 165

================================================================================
Sample 191/1000
================================================================================

Original: enriched by a strong and unforced supporting cast ....
Label: positive (confidence: 11.875)
Replacing 4 out of 5 important words (80.0%)
After init: techniques by a oor and unforced duch tempting ....
Pred: negative (confidence: 9.562)
Final: enriched by a strong and unforced manipulative cast ....
Final pred: negative (confidence: 11.125)
Queries used: 63

================================================================================
Sample 192/1000
================================================================================

Original: writer/ director m . night shyamalan's ability to pull together easily accessible stories that reson...
Label: positive (confidence: 11.312)
Replacing 10 out of 13 important words (80.0%)
After init: writer/ backwoods m . sufficient shyamalan's ability to charnel barefooted easily wantin ti that res...
Pred: negative (confidence: 11.438)
Final: writer/ director m . night shyamalan's ability to pull together easily accessible stories that reson...
Final pred: negative (confidence: 11.500)
Queries used: 64

================================================================================
Sample 193/1000
================================================================================

Original: if you can keep your eyes open amid all the blood and gore , you'll see del toro has brought unexpec...
Label: positive (confidence: 10.875)
Replacing 10 out of 13 important words (80.0%)
After init: if you can negotiating your khaki open amid all the surfer and gore , you'll horseshit del wedged bl...
Pred: negative (confidence: 9.125)
Final: if you can keep your eyes open amid all the blood and gore , you'll horseshit del childishness has c...
Final pred: negative (confidence: 9.438)
Queries used: 133

================================================================================
Sample 194/1000
================================================================================

Original: not a strike against yang's similarly themed yi yi , but i found what time ? to be more engaging on ...
Label: positive (confidence: 10.500)
Replacing 12 out of 15 important words (80.0%)
After init: not a volcanism against yang's similarly foolin yi yi , but i rancheros what yuuki ? to be morticia ...
Pred: negative (confidence: 9.188)
Final: not a strike against yang's similarly themed yi yi , but i found what time ? to be more engaging on ...
Final pred: negative (confidence: 10.250)
Queries used: 119

================================================================================
Sample 195/1000
================================================================================

Original: a breathtaking adventure for all ages , spirit tells its poignant and uplifting story in a stunning ...
Label: positive (confidence: 11.250)
Replacing 9 out of 12 important words (80.0%)
After init: a medicis tired for all model , spirit nigeria its poignant and insinuate hippies in a stunning tre ...
Pred: negative (confidence: 8.250)
Final: a breathtaking adventure for all jibber , spirit tells its poignant and worser story in a stunning o...
Final pred: negative (confidence: 9.250)
Queries used: 153

================================================================================
Sample 196/1000
================================================================================

Original: a charming and funny story of clashing cultures and a clashing mother/daughter relationship ....
Label: positive (confidence: 10.562)
Replacing 6 out of 8 important words (80.0%)
After init: a annalisa and choking hallowed of clashing airforce and a clashing mother/daughter turnout ....
Pred: negative (confidence: 10.375)
Final: a footer and decor story of clashing cultures and a clashing mother/daughter relationship ....
Final pred: negative (confidence: 10.625)
Queries used: 63

================================================================================
Sample 197/1000
================================================================================

Original: never lets go your emotions , taking them to surprising highs , sorrowful lows and hidden impulsive ...
Label: positive (confidence: 11.000)
Replacing 12 out of 16 important words (80.0%)
After init: venkman curtailed go your emotions , firmness them to gilman entertaining , sorrowful despairing and...
Pred: negative (confidence: 9.062)
Final: never lets go your emotions , taking them to surprising highs , sorrowful lows and hidden impulsive ...
Final pred: negative (confidence: 10.625)
Queries used: 148

================================================================================
Sample 198/1000
================================================================================

Original: " . . . something appears to have been lost in the translation this time . the importance of being e...
Label: negative (confidence: 10.438)
Replacing 14 out of 18 important words (80.0%)
After init: " . . . flout appears to have cognac monologues in the translation this extinguish . the importance ...
Pred: positive (confidence: 7.406)
Final: " . . . something appears to have been cleanly in the translation this time . the importance of bein...
Final pred: positive (confidence: 10.000)
Queries used: 155

================================================================================
Sample 199/1000
================================================================================

Original: [washington's] strong hand , keen eye , sweet spirit and good taste are reflected in almost every sc...
Label: positive (confidence: 11.562)
Replacing 10 out of 13 important words (80.0%)
After init: [washington's] keizer parmentier , chatham eye , sweet apathy and rald orleans whets reflected in bu...
Pred: negative (confidence: 8.625)
Final: [washington's] strong hand , gelatin eye , sweet apathy and lagged taste are reflected in almost eve...
Final pred: negative (confidence: 10.250)
Queries used: 117

================================================================================
Sample 200/1000
================================================================================

Original: shiner can certainly go the distance , but isn't world championship material...
Label: positive (confidence: 10.938)
Replacing 5 out of 7 important words (80.0%)
After init: shiner can gremlins go the distance , but isn't apprehending vitriol information...
Pred: negative (confidence: 9.250)
Final: shiner can malfunction go the distance , but isn't world championship material...
Final pred: negative (confidence: 10.562)
Queries used: 53

================================================================================
Sample 201/1000
================================================================================

Original: the film's desire to be liked sometimes undermines the possibility for an exploration of the thornie...
Label: negative (confidence: 10.438)
Replacing 10 out of 13 important words (80.0%)
After init: the film's desire to be harbours journée fifi the possibility for an represents of the thornier dorm...
Pred: positive (confidence: 8.438)
Final: the film's desire to be liked sometimes approaching the possibility for an exploration of the thorni...
Final pred: positive (confidence: 8.688)
Queries used: 69

================================================================================
Sample 202/1000
================================================================================

Original: . . . a quietly introspective portrait of the self-esteem of employment and the shame of losing a jo...
Label: negative (confidence: 9.875)
Replacing 6 out of 8 important words (80.0%)
After init: . . . a inglese introspective portrait of the self-esteem of fyl and the shame of curley a ikeda . ....
Pred: positive (confidence: 8.125)
Final: . . . a quietly introspective portrait of the self-esteem of pleased and the shame of propitious a a...
Final pred: positive (confidence: 9.000)
Queries used: 267

================================================================================
Sample 203/1000
================================================================================

Original: affable if not timeless , like mike raises some worthwhile themes while delivering a wholesome fanta...
Label: positive (confidence: 11.375)
Replacing 8 out of 11 important words (80.0%)
After init: costigan if not timeless , like guajira aren some hiroshi themes while haberdashery a wholesome soil...
Pred: negative (confidence: 9.000)
Final: affable if not timeless , like mike raises some worthwhile themes while arthritic a wholesome fantas...
Final pred: negative (confidence: 10.688)
Queries used: 106

================================================================================
Sample 204/1000
================================================================================

Original: a film of delicate interpersonal dances . caine makes us watch as his character awakens to the notio...
Label: positive (confidence: 9.688)
Replacing 12 out of 16 important words (80.0%)
After init: a borghese of spare malaika dances . caine breakwater us watch as his nishi awakens to the wirral th...
Pred: negative (confidence: 9.500)
Final: a film of delicate interpersonal dances . caine makes us watch as his character awakens to the notio...
Final pred: negative (confidence: 8.812)
Queries used: 161

================================================================================
Sample 205/1000
================================================================================

Original: it's an unusual , thoughtful bio-drama with a rich subject and some fantastic moments and scenes ....
Label: positive (confidence: 10.250)
Replacing 6 out of 8 important words (80.0%)
After init: it's an healthier , thoughtful bio-drama with a preaches doctrine and some maneuvered crops and scen...
Pred: negative (confidence: 8.750)
Final: it's an unusual , thoughtful bio-drama with a rich subject and some fatigued moments and scenes ....
Final pred: negative (confidence: 8.062)
Queries used: 68

================================================================================
Sample 206/1000
================================================================================

Original: saved from being merely way-cool by a basic , credible compassion ....
Label: positive (confidence: 10.375)
Replacing 5 out of 7 important words (80.0%)
After init: saved from being refrigerators way-cool by a steeped , preface arghh ....
Pred: negative (confidence: 9.438)
Final: saved from being merely way-cool by a basic , credible gnaws ....
Final pred: negative (confidence: 10.312)
Queries used: 40

================================================================================
Sample 207/1000
================================================================================

Original: the increasingly diverse french director has created a film that one can honestly describe as lookin...
Label: positive (confidence: 10.750)
Replacing 13 out of 17 important words (80.0%)
After init: the liked diverse french stinkin atrociously bloomer a film that one can ssu doghouse as looking , p...
Pred: negative (confidence: 10.938)
Final: the increasingly diverse french director has created a film that one can honestly describe as lookin...
Final pred: negative (confidence: 10.562)
Queries used: 136

================================================================================
Sample 208/1000
================================================================================

Original: gangs , despite the gravity of its subject matter , is often as fun to watch as a good spaghetti wes...
Label: positive (confidence: 10.250)
Replacing 8 out of 10 important words (80.0%)
After init: gangs , despite the hipo of its intervene precision , is harry as flashin to watch as a good spaghet...
Pred: negative (confidence: 9.125)
Final: gangs , despite the gravity of its subject matter , is often as fun to watch as a good spaghetti cad...
Final pred: negative (confidence: 10.438)
Queries used: 58

================================================================================
Sample 209/1000
================================================================================

Original: peter jackson has done the nearly impossible . he has improved upon the first and taken it a step fu...
Label: positive (confidence: 11.500)
Replacing 20 out of 26 important words (80.0%)
After init: latitude billions touchin done the pensione comprises . he has usin upon the first and gauche it a s...
Pred: negative (confidence: 9.500)
Final: peter perversity has done the nearly conning . he has sully upon the first and taken it a step furth...
Final pred: negative (confidence: 10.688)
Queries used: 204

================================================================================
Sample 210/1000
================================================================================

Original: there has to be a few advantages to never growing old . like being able to hit on a 15-year old when...
Label: negative (confidence: 9.812)
Replacing 10 out of 13 important words (80.0%)
After init: mettle blinker to be a religions advantages to never growing lime . like being sandrine to ximena on...
Pred: positive (confidence: 10.562)
Final: there has to be a few advantages to never growing old . like being able to hit on a 15-year zenobia ...
Final pred: positive (confidence: 10.312)
Queries used: 64

================================================================================
Sample 211/1000
================================================================================

Original: ice age won't drop your jaw , but it will warm your heart , and i'm giving it a strong thumbs up ....
Label: positive (confidence: 12.500)
Replacing 8 out of 10 important words (80.0%)
After init: uniquely negates won't rosas your jaw , but it will warm your noggin , and i'm giving it a peder rat...
Pred: negative (confidence: 11.250)
Final: uniquely negates won't drop your jaw , but it will warm your hideous , and i'm giving it a strong ra...
Final pred: negative (confidence: 10.500)
Queries used: 155

================================================================================
Sample 212/1000
================================================================================

Original: like kissing jessica stein , amy's orgasm has a key strength in its willingness to explore its princ...
Label: positive (confidence: 11.438)
Replacing 12 out of 15 important words (80.0%)
After init: like lancia tampico shaken , amy's skeptics ostentatious a wilkes sallah in its willingness to misco...
Pred: negative (confidence: 9.500)
Final: like kissing jessica stein , amy's orgasm ostentatious a key censured in its willingness to miscondu...
Final pred: negative (confidence: 9.750)
Queries used: 182

================================================================================
Sample 213/1000
================================================================================

Original: the lady and the duke is eric rohmer's economical antidote to the bloated costume drama...
Label: positive (confidence: 9.812)
Replacing 7 out of 9 important words (80.0%)
After init: the contaminated and the ahn is boar rohmer's kokoro antidote to the bloated rumi wackos...
Pred: negative (confidence: 9.938)
Final: the contaminated and the duke is eric rohmer's howyou antidote to the bloated costume drama...
Final pred: negative (confidence: 8.500)
Queries used: 84

================================================================================
Sample 214/1000
================================================================================

Original: one of the year's best films , featuring an oscar-worthy performance by julianne moore ....
Label: positive (confidence: 12.000)
Replacing 6 out of 8 important words (80.0%)
After init: one of the year's aqueducts gunslingers , featuring an oscar-worthy defiled by shastri moore ....
Pred: negative (confidence: 10.375)
Final: one of the year's aqueducts roaches , featuring an oscar-worthy defiled by julianne moore ....
Final pred: negative (confidence: 11.062)
Queries used: 94

================================================================================
Sample 215/1000
================================================================================

Original: a small gem from belgium ....
Label: positive (confidence: 9.688)
Replacing 2 out of 3 important words (80.0%)
After init: a small decommissioned from blabbermouth ....
Pred: negative (confidence: 9.938)
Final: a small decommissioned from belgium ....
Final pred: negative (confidence: 8.938)
Queries used: 33

================================================================================
Sample 216/1000
================================================================================

Original: combines a comically dismal social realism with a farcically bawdy fantasy of redemption and regener...
Label: positive (confidence: 8.812)
Replacing 8 out of 10 important words (80.0%)
After init: malian a crates dismal fibber hortense with a farcically alert summarize of redemption and making ....
Pred: negative (confidence: 10.188)
Final: lazy a comically dismal social realism with a farcically bawdy fantasy of redemption and regeneratio...
Final pred: negative (confidence: 9.938)
Queries used: 63

================================================================================
Sample 217/1000
================================================================================

Original: a soap-opera quality twist in the last 20 minutes . . . almost puts the kibosh on what is otherwise ...
Label: negative (confidence: 10.438)
Replacing 10 out of 13 important words (80.0%)
After init: a soap-opera quality tartan in the hideouts 20 blinds . . . bulkheads recount the soldering on what ...
Pred: positive (confidence: 8.688)
Final: a soap-opera quality twist in the last 20 minutes . . . almost puts the kibosh on what is emember a ...
Final pred: positive (confidence: 9.625)
Queries used: 95

================================================================================
Sample 218/1000
================================================================================

Original: the most ingenious film comedy since being john malkovich ....
Label: positive (confidence: 11.375)
Replacing 5 out of 7 important words (80.0%)
After init: the fucks ingenious borghese forecasting since being john malkovich ....
Pred: negative (confidence: 8.500)
Final: the complaint ingenious garbagemen forecasting since being john malkovich ....
Final pred: negative (confidence: 9.312)
Queries used: 115

================================================================================
Sample 219/1000
================================================================================

Original: there's something to be said for a studio-produced film that never bothers to hand viewers a suitcas...
Label: positive (confidence: 9.750)
Replacing 9 out of 12 important words (80.0%)
After init: there's blume to be flywheel for a studio-produced borghese that never bothers to parmentier criteri...
Pred: negative (confidence: 10.062)
Final: there's something to be said for a studio-produced film that never bothers to hand viewers a scalps ...
Final pred: negative (confidence: 9.375)
Queries used: 112

================================================================================
Sample 220/1000
================================================================================

Original: a movie where story is almost an afterthought amidst a swirl of colors and inexplicable events ....
Label: negative (confidence: 10.938)
Replacing 7 out of 9 important words (80.0%)
After init: a label where hallowed is bulkheads an giggly amidst a meddled of amplify and inexplicable shizuku ....
Pred: positive (confidence: 7.906)
Final: a movie where story is almost an romancing amidst a swirl of colors and inexplicable events ....
Final pred: positive (confidence: 8.188)
Queries used: 67

================================================================================
Sample 221/1000
================================================================================

Original: manages to accomplish what few sequels can -- it equals the original and in some ways even betters i...
Label: positive (confidence: 12.438)
Replacing 7 out of 9 important words (80.0%)
After init: manages to accomplish what religions sequels can -- it relied the jelinek and in some ways premoniti...
Pred: negative (confidence: 10.000)
Final: manages to accomplish what few sequels can -- it lowlifes the original and in some ways even tombsto...
Final pred: negative (confidence: 11.438)
Queries used: 73

================================================================================
Sample 222/1000
================================================================================

Original: to call this one an eventual cult classic would be an understatement , and woe is the horror fan who...
Label: positive (confidence: 11.062)
Replacing 11 out of 14 important words (80.0%)
After init: to illuminated this one an scattering confessor classic would be an nabbed , and woe is the jed fan ...
Pred: negative (confidence: 11.375)
Final: to call this one an eventual cult classic would be an rewriting , and woe is the horror fan who opts...
Final pred: negative (confidence: 10.938)
Queries used: 75

================================================================================
Sample 223/1000
================================================================================

Original: jolie gives it that extra little something that makes it worth checking out at theaters , especially...
Label: positive (confidence: 11.000)
Replacing 12 out of 16 important words (80.0%)
After init: peruvian zsa it that vegetarians surpass mussolini that makes it worth dola out at contentious , dil...
Pred: negative (confidence: 8.250)
Final: jolie gives it that democrats little scumbag that makes it worth checking out at dinky , especially ...
Final pred: negative (confidence: 9.750)
Queries used: 142

================================================================================
Sample 224/1000
================================================================================

Original: although melodramatic and predictable , this romantic comedy explores the friendship between five fi...
Label: positive (confidence: 9.125)
Replacing 8 out of 11 important words (80.0%)
After init: although disillusionment and dotson , this hult comedy eloise the friendship between five filipino-a...
Pred: negative (confidence: 10.000)
Final: although melodramatic and predictable , this romantic comedy explores the friendship between five fi...
Final pred: negative (confidence: 8.750)
Queries used: 64

================================================================================
Sample 225/1000
================================================================================

Original: i have a new favorite musical -- and i'm not even a fan of the genre...
Label: positive (confidence: 9.688)
Replacing 6 out of 8 important words (80.0%)
After init: i peculiar a hurdle favorite brough -- and i'm vacuums even a vipers of the rottweilers...
Pred: negative (confidence: 9.500)
Final: i have a new favorite sluts -- and i'm not even a fan of the genre...
Final pred: negative (confidence: 9.875)
Queries used: 58

================================================================================
Sample 226/1000
================================================================================

Original: it's unlikely we'll see a better thriller this year ....
Label: positive (confidence: 8.625)
Replacing 4 out of 5 important words (80.0%)
After init: it's fiight we'll see a better deadbeats this squaws ....
Pred: negative (confidence: 10.188)
Final: it's unlikely we'll see a better thriller this wouldbe ....
Final pred: negative (confidence: 9.625)
Queries used: 47

================================================================================
Sample 227/1000
================================================================================

Original: there is a real subject here , and it is handled with intelligence and care ....
Label: positive (confidence: 11.188)
Replacing 4 out of 6 important words (80.0%)
After init: there is a ungenerous subject here , and it is raziel with define and care ....
Pred: negative (confidence: 10.188)
Final: there is a real subject here , and it is handled with disrespect and care ....
Final pred: negative (confidence: 9.875)
Queries used: 52

================================================================================
Sample 228/1000
================================================================================

Original: jason patric and ray liotta make for one splendidly cast pair ....
Label: positive (confidence: 11.750)
Replacing 6 out of 8 important words (80.0%)
After init: whys patric and ray liotta make for one falkor dictatorial guard ....
Pred: negative (confidence: 10.000)
Final: jason patric and ray liotta make for one typo dictatorial pair ....
Final pred: negative (confidence: 10.750)
Queries used: 63

================================================================================
Sample 229/1000
================================================================================

Original: noyce creates a film of near-hypnotic physical beauty even as he tells a story as horrifying as any ...
Label: positive (confidence: 10.312)
Replacing 12 out of 15 important words (80.0%)
After init: noyce sotto a borghese of near-hypnotic gangsters zeppelin premonitions as he horseshoe a hallowed a...
Pred: negative (confidence: 10.188)
Final: noyce creates a film of near-hypnotic physical beauty even as he tells a story as horrifying as any ...
Final pred: negative (confidence: 10.875)
Queries used: 92

================================================================================
Sample 230/1000
================================================================================

Original: starts slowly , but adrien brody  in the title role  helps make the film's conclusion powerful and...
Label: positive (confidence: 10.750)
Replacing 9 out of 12 important words (80.0%)
After init: ignored weathermen , but imagery katara  in the title soviet  helps gaa the film's conclusion bien...
Pred: negative (confidence: 8.688)
Final: starts slowly , but adrien brody  in the title role  helps make the film's conclusion powerful and...
Final pred: negative (confidence: 10.000)
Queries used: 78

================================================================================
Sample 231/1000
================================================================================

Original: very predictable but still entertaining...
Label: positive (confidence: 11.188)
Replacing 3 out of 4 important words (80.0%)
After init: hira predictable but contract polluted...
Pred: negative (confidence: 8.688)
Final: very predictable but still polluted...
Final pred: negative (confidence: 9.812)
Queries used: 43

================================================================================
Sample 232/1000
================================================================================

Original: nothing short of a masterpiece -- and a challenging one ....
Label: positive (confidence: 11.062)
Replacing 3 out of 4 important words (80.0%)
After init: pulsars short of a unoriginal -- and a crane one ....
Pred: negative (confidence: 10.438)
Final: nothing short of a violation -- and a challenging one ....
Final pred: negative (confidence: 11.562)
Queries used: 36

================================================================================
Sample 233/1000
================================================================================

Original: pratfalls aside , barbershop gets its greatest play from the timeless spectacle of people really tal...
Label: positive (confidence: 10.625)
Replacing 9 out of 12 important words (80.0%)
After init: pratfalls sureyou , barbershop gets its greatest gentlest from the meringues unwelcome of nunca rth ...
Pred: negative (confidence: 9.875)
Final: pratfalls aside , barbershop gets its greatest play from the timeless unwelcome of people really tal...
Final pred: negative (confidence: 9.750)
Queries used: 83

================================================================================
Sample 234/1000
================================================================================

Original: this amiable picture talks tough , but it's all bluster -- in the end it's as sweet as greenfingers ...
Label: positive (confidence: 10.062)
Replacing 6 out of 8 important words (80.0%)
After init: this amiable picture talks normandy , but it's all redone -- in the end it's as wastebasket as green...
Pred: negative (confidence: 9.750)
Final: this amiable picture talks tough , but it's all bluster -- in the end it's as wastebasket as greenfi...
Final pred: negative (confidence: 10.688)
Queries used: 36

================================================================================
Sample 235/1000
================================================================================

Original: this is one of mr . chabrol's subtlest works , but also one of his most uncanny ....
Label: positive (confidence: 9.562)
Replacing 4 out of 6 important words (80.0%)
After init: this is one of mr . chabrol's subtlest smokin , but also one of his hiromi restricting ....
Pred: negative (confidence: 8.500)
Final: this is one of mr . chabrol's subtlest resort , but also one of his most restricting ....
Final pred: negative (confidence: 10.000)
Queries used: 59

================================================================================
Sample 236/1000
================================================================================

Original: an engrossing iranian film about two itinerant teachers and some lost and desolate people they encou...
Label: positive (confidence: 11.000)
Replacing 13 out of 17 important words (80.0%)
After init: an appointees iranian film about two apostrophe labelle and some counterfeit and desolate mens they ...
Pred: negative (confidence: 10.188)
Final: an engrossing iranian film about two itinerant teachers and some lost and desolate people they encou...
Final pred: negative (confidence: 9.938)
Queries used: 126

================================================================================
Sample 237/1000
================================================================================

Original: even though we know the outcome , the seesawing of the general's fate in the arguments of competing ...
Label: positive (confidence: 9.938)
Replacing 16 out of 21 important words (80.0%)
After init: premonitions though we harpooned the outcome , the seesawing of the general's fate in the arguments ...
Pred: negative (confidence: 10.312)
Final: even though we know the outcome , the seesawing of the general's fate in the arguments of competing ...
Final pred: negative (confidence: 8.938)
Queries used: 197

================================================================================
Sample 238/1000
================================================================================

Original: watching spirited away is like watching an eastern imagination explode ....
Label: positive (confidence: 11.375)
Replacing 5 out of 7 important words (80.0%)
After init: watching fournier cohesion is like holdin an diocese imagination nudie ....
Pred: negative (confidence: 8.688)
Final: watching spirited away is like watching an eastern imagination nudie ....
Final pred: negative (confidence: 9.250)
Queries used: 47

================================================================================
Sample 239/1000
================================================================================

Original: as relationships shift , director robert j . siegel allows the characters to inhabit their world wit...
Label: positive (confidence: 9.062)
Replacing 9 out of 12 important words (80.0%)
After init: as onwards shift , whaler vulnerable j . whittled rems the marni to caulk their world without cleavi...
Pred: negative (confidence: 8.750)
Final: as relationships shift , director robert j . siegel deadhead the characters to boozing their world w...
Final pred: negative (confidence: 9.812)
Queries used: 94

================================================================================
Sample 240/1000
================================================================================

Original: twohy knows how to inflate the mundane into the scarifying , and gets full mileage out of the rollin...
Label: positive (confidence: 10.500)
Replacing 12 out of 15 important words (80.0%)
After init: twohy silkworms how to aiko the prior into the scarifying , and gets sleaze mileage out of the resid...
Pred: negative (confidence: 10.562)
Final: twohy knows how to inflate the mundane into the scarifying , and gets lowly mileage out of the rolli...
Final pred: negative (confidence: 8.875)
Queries used: 99

================================================================================
Sample 241/1000
================================================================================

Original: while the story does seem pretty unbelievable at times , it's awfully entertaining to watch ....
Label: positive (confidence: 9.375)
Replacing 7 out of 9 important words (80.0%)
After init: while the bipartisan aimed yutz reprieved spitball at times , it's carcasses search to watch ....
Pred: negative (confidence: 8.875)
Final: while the story does seem pretty explore at times , it's awfully articulation to watch ....
Final pred: negative (confidence: 10.562)
Queries used: 84

================================================================================
Sample 242/1000
================================================================================

Original: a smart and funny , albeit sometimes superficial , cautionary tale of a technology in search of an a...
Label: positive (confidence: 10.000)
Replacing 8 out of 10 important words (80.0%)
After init: a smart and choking , contraception schemers guille , cautionary childless of a binary in bytes of a...
Pred: negative (confidence: 9.250)
Final: a smart and hunchbacks , albeit sometimes superficial , cautionary childless of a technology in sear...
Final pred: negative (confidence: 9.875)
Queries used: 100

================================================================================
Sample 243/1000
================================================================================

Original: examines its explosive subject matter as nonjudgmentally as wiseman's previous studies of inner-city...
Label: positive (confidence: 9.062)
Replacing 12 out of 15 important words (80.0%)
After init: examines its bus intervene googly as nonjudgmentally as wiseman's previous elli of inner-city high o...
Pred: negative (confidence: 8.875)
Final: examines its explosive subject matter as nonjudgmentally as wiseman's previous jammin of inner-city ...
Final pred: negative (confidence: 9.125)
Queries used: 109

================================================================================
Sample 244/1000
================================================================================

Original: i prefer soderbergh's concentration on his two lovers over tarkovsky's mostly male , mostly patriarc...
Label: positive (confidence: 11.562)
Replacing 8 out of 11 important words (80.0%)
After init: i prefer soderbergh's listed on his two lovers over tarkovsky's carnival kisna , fac patriarchal art...
Pred: negative (confidence: 9.562)
Final: i prefer soderbergh's listed on his two lovers over tarkovsky's mostly male , mostly patriarchal deb...
Final pred: negative (confidence: 10.250)
Queries used: 85

================================================================================
Sample 245/1000
================================================================================

Original: 'if you are in the mood for an intelligent weepy , it can easily worm its way into your heart . '...
Label: positive (confidence: 10.750)
Replacing 6 out of 8 important words (80.0%)
After init: 'if you are in the ggood for an perform reprobate , it can test worl its wreckage into your heart . ...
Pred: negative (confidence: 10.000)
Final: 'if you are in the mood for an disadvantages weepy , it can easily worm its way into your heart . '...
Final pred: negative (confidence: 9.812)
Queries used: 65

================================================================================
Sample 246/1000
================================================================================

Original: in imax in short , it's just as wonderful on the big screen ....
Label: positive (confidence: 11.000)
Replacing 4 out of 6 important words (80.0%)
After init: in imax in short , it's just as womens on the leonidas screen ....
Pred: negative (confidence: 8.062)
Final: in imax in short , it's just as deceleration on the big screen ....
Final pred: negative (confidence: 9.688)
Queries used: 40

================================================================================
Sample 247/1000
================================================================================

Original: does a good job of establishing a time and place , and of telling a fascinating character's story ....
Label: positive (confidence: 11.438)
Replacing 8 out of 10 important words (80.0%)
After init: definite a centering skidding of establishing a time and helens , and of wave a murat character's hi...
Pred: negative (confidence: 9.312)
Final: does a wearisome skidding of establishing a time and place , and of telling a fascinating character'...
Final pred: negative (confidence: 11.125)
Queries used: 104

================================================================================
Sample 248/1000
================================================================================

Original: i'm going to give it a marginal thumbs up . i liked it just enough ....
Label: positive (confidence: 10.125)
Replacing 5 out of 7 important words (80.0%)
After init: i'm going to jodido it a ejector cheese up . i sofie it clings enough ....
Pred: negative (confidence: 9.188)
Final: i'm going to give it a marginal thumbs up . i fundamentalists it horribly enough ....
Final pred: negative (confidence: 8.438)
Queries used: 79

================================================================================
Sample 249/1000
================================================================================

Original: those of you who don't believe in santa claus probably also think that sequels can never capture the...
Label: positive (confidence: 11.500)
Replacing 13 out of 17 important words (80.0%)
After init: those of you who don't starling in delores sidecar delish croix blount that sequels can creators une...
Pred: negative (confidence: 10.188)
Final: those of you who don't believe in santa claus probably also think that sequels can kidnappings captu...
Final pred: negative (confidence: 11.125)
Queries used: 145

================================================================================
Sample 250/1000
================================================================================

Original: a deliciously nonsensical comedy about a city coming apart at its seams ....
Label: positive (confidence: 10.500)
Replacing 5 out of 7 important words (80.0%)
After init: a catapult nonsensical forecasting about a city babied seeding at its seams ....
Pred: negative (confidence: 11.125)
Final: a prolong nonsensical comedy about a city coming apart at its seams ....
Final pred: negative (confidence: 11.188)
Queries used: 41

================================================================================
Sample 251/1000
================================================================================

Original: the rare imax movie that you'll wish was longer than an hour ....
Label: positive (confidence: 11.500)
Replacing 5 out of 7 important words (80.0%)
After init: the birth imax brainstorming that you'll wish classifying moores than an hour ....
Pred: negative (confidence: 8.562)
Final: the rare imax gasket that you'll wish was longer than an hour ....
Final pred: negative (confidence: 10.312)
Queries used: 47

================================================================================
Sample 252/1000
================================================================================

Original: my wife's plotting is nothing special ; it's the delivery that matters here ....
Label: negative (confidence: 9.688)
Replacing 5 out of 7 important words (80.0%)
After init: my wife's garages is nothing upkeep ; it's the campbells that matters substantial ....
Pred: positive (confidence: 9.500)
Final: my wife's plotting is nothing articulation ; it's the delivery that matters here ....
Final pred: positive (confidence: 10.125)
Queries used: 48

================================================================================
Sample 253/1000
================================================================================

Original: i've yet to find an actual vietnam war combat movie actually produced by either the north or south v...
Label: positive (confidence: 9.688)
Replacing 16 out of 21 important words (80.0%)
After init: i've juices to find an carajo vigorously war enveloped movie suzy oracle by either the north or smok...
Pred: negative (confidence: 9.188)
Final: i've yet to find an actual vietnam war combat movie actually produced by either the north or south v...
Final pred: negative (confidence: 9.688)
Queries used: 142

================================================================================
Sample 254/1000
================================================================================

Original: a moving and not infrequently breathtaking film ....
Label: positive (confidence: 11.000)
Replacing 4 out of 5 important words (80.0%)
After init: a symbolize and gerri infrequently shoring film ....
Pred: negative (confidence: 8.938)
Final: a moving and nagasawa infrequently irrigating film ....
Final pred: negative (confidence: 10.188)
Queries used: 69

================================================================================
Sample 255/1000
================================================================================

Original: it's a sharp movie about otherwise dull subjects ....
Label: positive (confidence: 10.688)
Replacing 4 out of 5 important words (80.0%)
After init: it's a afterlife alleged about otherwise flocked defecated ....
Pred: negative (confidence: 10.125)
Final: it's a sharp movie about otherwise dull defecated ....
Final pred: negative (confidence: 9.500)
Queries used: 42

================================================================================
Sample 256/1000
================================================================================

Original: [an] absorbing documentary ....
Label: positive (confidence: 9.625)
Replacing 1 out of 2 important words (80.0%)
After init: [an] rudimentary documentary ....
Pred: negative (confidence: 9.562)
Final: [an] rudimentary documentary ....
Final pred: negative (confidence: 9.562)
Queries used: 50

================================================================================
Sample 257/1000
================================================================================

Original: it's like rocky and bullwinkle on speed , but that's neither completely enlightening , nor does it c...
Label: negative (confidence: 9.938)
Replacing 8 out of 10 important words (80.0%)
After init: it's like rocky and bullwinkle on fitter , but that's neither glissando teeny , nor clinton it viole...
Pred: positive (confidence: 7.562)
Final: it's like rocky and bullwinkle on speed , but that's neither completely teeny , nor does it violet t...
Final pred: positive (confidence: 8.812)
Queries used: 80

================================================================================
Sample 258/1000
================================================================================

Original: as action-adventure , this space-based homage to robert louis stevenson's treasure island fires on a...
Label: positive (confidence: 10.500)
Replacing 8 out of 11 important words (80.0%)
After init: as action-adventure , this space-based tortured to yawns marmot stevenson's treasure proposals deneu...
Pred: negative (confidence: 10.625)
Final: as action-adventure , this space-based homage to yawns louis stevenson's treasure island deneuve on ...
Final pred: negative (confidence: 8.875)
Queries used: 74

================================================================================
Sample 259/1000
================================================================================

Original: a melancholy , emotional film ....
Label: positive (confidence: 9.250)
Replacing 2 out of 3 important words (80.0%)
After init: a melancholy , objectionable borghese ....
Pred: negative (confidence: 10.250)
Final: a melancholy , objectionable film ....
Final pred: negative (confidence: 11.062)
Queries used: 34

================================================================================
Sample 260/1000
================================================================================

Original: while the filmmaking may be a bit disjointed , the subject matter is so fascinating that you won't c...
Label: positive (confidence: 10.938)
Replacing 6 out of 8 important words (80.0%)
After init: while the sodomite may be a everythin lionel , the subject looney is so missions that you won't care...
Pred: negative (confidence: 8.812)
Final: while the filmmaking may be a everythin disjointed , the subject matter is so phoney that you won't ...
Final pred: negative (confidence: 10.562)
Queries used: 65

================================================================================
Sample 261/1000
================================================================================

Original: intensely romantic , thought-provoking and even an engaging mystery ....
Label: positive (confidence: 11.312)
Replacing 4 out of 6 important words (80.0%)
After init: intensely jealousy , thought-provoking and even an revolutionize mendelssohn ....
Pred: negative (confidence: 9.562)
Final: intensely jealousy , thought-provoking and even an engaging suck ....
Final pred: negative (confidence: 10.188)
Queries used: 56

================================================================================
Sample 262/1000
================================================================================

Original: goofy , nutty , consistently funny . and educational !...
Label: positive (confidence: 11.125)
Replacing 4 out of 5 important words (80.0%)
After init: replenish , raking , consistently churn . and rafe !...
Pred: negative (confidence: 7.812)
Final: goofy , nutty , consistently snuffed . and disordered !...
Final pred: negative (confidence: 8.812)
Queries used: 67

================================================================================
Sample 263/1000
================================================================================

Original: not a schlocky creature feature but something far more stylish and cerebral--and , hence , more chil...
Label: positive (confidence: 10.062)
Replacing 10 out of 13 important words (80.0%)
After init: not a schlocky creature imperishable but granville song geriatric barstool and cerebral--and , impre...
Pred: negative (confidence: 9.125)
Final: not a schlocky creature feature but something far geriatric clusterfuck and cerebral--and , hence , ...
Final pred: negative (confidence: 8.500)
Queries used: 112

================================================================================
Sample 264/1000
================================================================================

Original: another in a long line of ultra-violent war movies , this one is not quite what it could have been a...
Label: positive (confidence: 9.500)
Replacing 10 out of 13 important words (80.0%)
After init: another in a long line of ultra-violent war movies , this one is not wooley what it could have vilas...
Pred: negative (confidence: 9.938)
Final: another in a long line of ultra-violent war movies , this one is not quite what it could have been a...
Final pred: negative (confidence: 11.188)
Queries used: 45

================================================================================
Sample 265/1000
================================================================================

Original: it leaves little doubt that kidman has become one of our best actors ....
Label: positive (confidence: 11.312)
Replacing 6 out of 8 important words (80.0%)
After init: it leaves passel doubt that guarini sulfa become one of our gastrointestinal dawkins ....
Pred: negative (confidence: 8.375)
Final: it leaves boeing doubt that kidman has become one of our best actors ....
Final pred: negative (confidence: 10.125)
Queries used: 66

================================================================================
Sample 266/1000
================================================================================

Original: the film boasts dry humor and jarring shocks , plus moments of breathtaking mystery ....
Label: positive (confidence: 8.812)
Replacing 7 out of 9 important words (80.0%)
After init: the borghese taller repaid kargil and jarring shocks , plus turbot of shoring mendelssohn ....
Pred: negative (confidence: 10.625)
Final: the film boasts dry humor and jarring shocks , plus moments of shoring testicles ....
Final pred: negative (confidence: 7.812)
Queries used: 76

================================================================================
Sample 267/1000
================================================================================

Original: beautifully directed and convincingly acted ....
Label: positive (confidence: 11.125)
Replacing 3 out of 4 important words (80.0%)
After init: owwww directed and dustpan acted ....
Pred: negative (confidence: 7.938)
Final: menaces directed and impaired acted ....
Final pred: negative (confidence: 10.938)
Queries used: 61

================================================================================
Sample 268/1000
================================================================================

Original: gambling and throwing a basketball game for money isn't a new plot -- in fact toback himself used it...
Label: positive (confidence: 10.125)
Replacing 16 out of 20 important words (80.0%)
After init: anywhere and wilkie a basketball necklaces for money isn't a incidents coeur -- in everythings tobac...
Pred: negative (confidence: 10.312)
Final: gambling and throwing a basketball game for money isn't a new plot -- in fact toback himself used it...
Final pred: negative (confidence: 9.438)
Queries used: 158

================================================================================
Sample 269/1000
================================================================================

Original: in the director's cut , the film is not only a love song to the movies but it also is more fully an ...
Label: positive (confidence: 10.188)
Replacing 14 out of 18 important words (80.0%)
After init: in the director's horribly , the borghese is heroine shunsuke a uplink kerb to the movies but it als...
Pred: negative (confidence: 10.375)
Final: in the director's cut , the film is not only a love song to the movies but it also is coldly pronoun...
Final pred: negative (confidence: 10.812)
Queries used: 149

================================================================================
Sample 270/1000
================================================================================

Original: bring on the sequel ....
Label: positive (confidence: 10.250)
Replacing 1 out of 2 important words (80.0%)
After init: spinny on the sequel ....
Pred: negative (confidence: 8.125)
Final: cower on the sequel ....
Final pred: negative (confidence: 10.125)
Queries used: 41

================================================================================
Sample 271/1000
================================================================================

Original: graced with the kind of social texture and realism that would be foreign in american teen comedies ....
Label: positive (confidence: 9.938)
Replacing 7 out of 9 important words (80.0%)
After init: graced with the encoded of bov stiffen and winces that would be danube in swole teen comedies ....
Pred: negative (confidence: 9.625)
Final: graced with the kind of social stiffen and realism that would be bakho in american teen comedies ....
Final pred: negative (confidence: 9.375)
Queries used: 73

================================================================================
Sample 272/1000
================================================================================

Original: if we sometimes need comforting fantasies about mental illness , we also need movies like tim mccann...
Label: positive (confidence: 10.438)
Replacing 9 out of 12 important words (80.0%)
After init: if we cristi edinburgh kindness fantasies about mental mouldy , we manageable unfulfilled movies lik...
Pred: negative (confidence: 10.188)
Final: if we sometimes need comforting fantasies about mental illness , we also unfulfilled movies like tim...
Final pred: negative (confidence: 8.812)
Queries used: 89

================================================================================
Sample 273/1000
================================================================================

Original: the film occasionally tries the viewer's patience with slow pacing and a main character who sometime...
Label: positive (confidence: 10.500)
Replacing 12 out of 16 important words (80.0%)
After init: the borghese unmoved event the viewer's scizor with indeed pacing and a main character who sometimes...
Pred: negative (confidence: 10.188)
Final: the film occasionally tries the viewer's patience with slow pacing and a main character who sometime...
Final pred: negative (confidence: 9.562)
Queries used: 95

================================================================================
Sample 274/1000
================================================================================

Original: a big-budget/all-star movie as unblinkingly pure as the hours is a distinct rarity , and an event ....
Label: positive (confidence: 10.688)
Replacing 6 out of 8 important words (80.0%)
After init: a big-budget/all-star hottie as unblinkingly pure as the anan is a riyadh dumper , and an event ....
Pred: negative (confidence: 10.062)
Final: a big-budget/all-star movie as unblinkingly pure as the hours is a punishing dumper , and an event ....
Final pred: negative (confidence: 11.125)
Queries used: 62

================================================================================
Sample 275/1000
================================================================================

Original: . . . certainly an entertaining ride , despite many talky , slow scenes . but something seems to be ...
Label: positive (confidence: 7.812)
Replacing 11 out of 14 important words (80.0%)
After init: . . . mexicans an inequality forget , despite chevalier groceries , coloreds scenes . but ideology n...
Pred: negative (confidence: 9.438)
Final: . . . certainly an entertaining forget , despite many talky , slow scenes . but something seems to b...
Final pred: negative (confidence: 8.125)
Queries used: 107

================================================================================
Sample 276/1000
================================================================================

Original: that haynes can both maintain and dismantle the facades that his genre and his character construct i...
Label: positive (confidence: 10.812)
Replacing 9 out of 12 important words (80.0%)
After init: that synthesizing can both muppet and dismantle the waterfall that his presbyterian and his scooper ...
Pred: negative (confidence: 10.312)
Final: that haynes can both muppet and dismantle the waterfall that his genre and his character construct i...
Final pred: negative (confidence: 9.625)
Queries used: 84

================================================================================
Sample 277/1000
================================================================================

Original: the movie worked for me right up to the final scene , and then it caved in ....
Label: negative (confidence: 10.062)
Replacing 5 out of 7 important words (80.0%)
After init: the drownin worked for me subjectively up to the costumer delinquents , and migue it caved in ....
Pred: positive (confidence: 9.188)
Final: the movie worked for me right up to the final scene , and hessler it caved in ....
Final pred: positive (confidence: 9.000)
Queries used: 51

================================================================================
Sample 278/1000
================================================================================

Original: . . . one of the most entertaining monster movies in ages . . ....
Label: positive (confidence: 12.125)
Replacing 4 out of 5 important words (80.0%)
After init: . . . one of the haru deserts monster movies in heartbeat . . ....
Pred: negative (confidence: 9.125)
Final: . . . one of the most arbitrarily monster movies in ages . . ....
Final pred: negative (confidence: 9.562)
Queries used: 50

================================================================================
Sample 279/1000
================================================================================

Original: plunges you into a reality that is , more often then not , difficult and sad , and then , without se...
Label: positive (confidence: 11.312)
Replacing 13 out of 17 important words (80.0%)
After init: carnivores you into a brava that is , more waldron thirsting gerri , fink and sad , and outbreak , w...
Pred: negative (confidence: 9.625)
Final: plunges you into a reality that is , more often then not , difficult and sad , and then , without se...
Final pred: negative (confidence: 10.188)
Queries used: 140

================================================================================
Sample 280/1000
================================================================================

Original: would you laugh if a tuba-playing dwarf rolled down a hill in a trash can ? do you chuckle at the th...
Label: positive (confidence: 10.625)
Replacing 16 out of 21 important words (80.0%)
After init: would you shebang if a tuba-playing vise revival down a hill in a witchy can ? do you loopholes at t...
Pred: negative (confidence: 8.562)
Final: would you laugh if a tuba-playing dwarf rolled down a hill in a trash can ? do you negates at the th...
Final pred: negative (confidence: 9.250)
Queries used: 206

================================================================================
Sample 281/1000
================================================================================

Original: the film is . . . determined to treat its characters , weak and strong , as fallible human beings , ...
Label: positive (confidence: 9.688)
Replacing 16 out of 21 important words (80.0%)
After init: the borghese is . . . marisa to costumers its merriam , tellin and vaqueros , as fallible ls beings ...
Pred: negative (confidence: 9.125)
Final: the film is . . . determined to treat its marred , weak and vaqueros , as fallible income beings , s...
Final pred: negative (confidence: 10.125)
Queries used: 208

================================================================================
Sample 282/1000
================================================================================

Original: missteps take what was otherwise a fascinating , riveting story and send it down the path of the mun...
Label: negative (confidence: 10.938)
Replacing 8 out of 10 important words (80.0%)
After init: missteps take what rainfall oration a merrick , riveting circulars and billy it down the tartars of ...
Pred: positive (confidence: 8.438)
Final: missteps take what was buttle a petite , riveting positano and send it down the rethinking of the mu...
Final pred: positive (confidence: 11.125)
Queries used: 114

================================================================================
Sample 283/1000
================================================================================

Original: an indispensable peek at the art and the agony of making people laugh ....
Label: positive (confidence: 10.375)
Replacing 5 out of 7 important words (80.0%)
After init: an indispensable blackguard at the cabbage and the sultry of harvard delaying laugh ....
Pred: negative (confidence: 9.062)
Final: an indispensable blackguard at the art and the agony of making vile laugh ....
Final pred: negative (confidence: 9.562)
Queries used: 65

================================================================================
Sample 284/1000
================================================================================

Original: steadfastly uncinematic but powerfully dramatic ....
Label: positive (confidence: 9.500)
Replacing 3 out of 4 important words (80.0%)
After init: steadfastly uncinematic but whar unprofitable ....
Pred: negative (confidence: 11.250)
Final: steadfastly uncinematic but powerfully unprofitable ....
Final pred: negative (confidence: 11.312)
Queries used: 33

================================================================================
Sample 285/1000
================================================================================

Original: the engagingly primitive animated special effects contribute to a mood that's sustained through the ...
Label: positive (confidence: 10.938)
Replacing 8 out of 11 important words (80.0%)
After init: the engagingly machete animated corpsmen effects expressionist to a prairie that's paras through the...
Pred: negative (confidence: 8.500)
Final: the engagingly primitive animated special effects contribute to a complain that's sustained through ...
Final pred: negative (confidence: 10.812)
Queries used: 93

================================================================================
Sample 286/1000
================================================================================

Original: made-up lampoons the moviemaking process itself , while shining a not particularly flattering spotli...
Label: negative (confidence: 8.500)
Replacing 10 out of 13 important words (80.0%)
After init: made-up sayers the moviemaking process itself , while clement a vacuums thereupon frills spotlight o...
Pred: positive (confidence: 9.375)
Final: made-up lampoons the moviemaking process itself , while shining a not particularly sefton spotlight ...
Final pred: positive (confidence: 8.438)
Queries used: 63

================================================================================
Sample 287/1000
================================================================================

Original: evokes the 19th century with a subtlety that is an object lesson in period filmmaking ....
Label: positive (confidence: 10.500)
Replacing 6 out of 8 important words (80.0%)
After init: ashes the 19th onassis with a misconstrued that is an object mummies in nisha gish ....
Pred: negative (confidence: 9.000)
Final: evokes the 19th century with a cruel that is an object lesson in period filmmaking ....
Final pred: negative (confidence: 9.062)
Queries used: 58

================================================================================
Sample 288/1000
================================================================================

Original: ya-yas everywhere will forgive the flaws and love the film ....
Label: positive (confidence: 11.812)
Replacing 4 out of 6 important words (80.0%)
After init: ya-yas sneering will heartwarming the flaws and stockton the borghese ....
Pred: negative (confidence: 8.812)
Final: ya-yas everywhere will aae the flaws and hijacker the film ....
Final pred: negative (confidence: 10.875)
Queries used: 81

================================================================================
Sample 289/1000
================================================================================

Original: the film's best trick is the way that it treats conspiracy as a kind of political blair witch , a mo...
Label: positive (confidence: 8.938)
Replacing 12 out of 16 important words (80.0%)
After init: the film's carabinieri nda is the norwegian that it quibble conspiracy as a texts of busting coombe ...
Pred: negative (confidence: 10.250)
Final: the film's best trick is the way that it treats conspiracy as a kind of political blair witch , a we...
Final pred: negative (confidence: 8.625)
Queries used: 141

================================================================================
Sample 290/1000
================================================================================

Original: the artwork is spectacular and unlike most animaton from japan , the characters move with grace and ...
Label: positive (confidence: 10.312)
Replacing 7 out of 9 important words (80.0%)
After init: the primary is toll and unlike spindle animaton from unreservedly , the characters move with clitori...
Pred: negative (confidence: 9.312)
Final: the artwork is disable and unlike most animaton from japan , the characters move with redundancies a...
Final pred: negative (confidence: 10.688)
Queries used: 87

================================================================================
Sample 291/1000
================================================================================

Original: the picture's fascinating byways are littered with trenchant satirical jabs at the peculiar egocentr...
Label: positive (confidence: 9.438)
Replacing 9 out of 12 important words (80.0%)
After init: the picture's eager marja lovejoy requiring with trenchant jour lyla at the peculiar egocentricities...
Pred: negative (confidence: 9.812)
Final: the picture's fascinating byways are littered with trenchant allowing jabs at the peculiar egocentri...
Final pred: negative (confidence: 9.562)
Queries used: 84

================================================================================
Sample 292/1000
================================================================================

Original: the modern remake of dumas's story is long on narrative and ( too ) short on action ....
Label: negative (confidence: 10.625)
Replacing 7 out of 9 important words (80.0%)
After init: the modern breakfasts of dumas's apostles is long on narrative and ( amore ) short on wishmaster ....
Pred: positive (confidence: 8.875)
Final: the modern remake of dumas's story is long on narrative and ( amore ) short on action ....
Final pred: positive (confidence: 8.938)
Queries used: 48

================================================================================
Sample 293/1000
================================================================================

Original: fred schepisi's film is paced at a speed that is slow to those of us in middle age and deathly slow ...
Label: positive (confidence: 10.625)
Replacing 13 out of 17 important words (80.0%)
After init: chieftains schepisi's film is laundry at a byron that is vocalizes to those of us in crapping age an...
Pred: negative (confidence: 9.438)
Final: fred schepisi's film is paced at a speed that is slow to those of us in middle age and deathly slow ...
Final pred: negative (confidence: 10.750)
Queries used: 125

================================================================================
Sample 294/1000
================================================================================

Original: suffers from its timid parsing of the barn-side target of sons trying to breach gaps in their relati...
Label: negative (confidence: 10.625)
Replacing 8 out of 11 important words (80.0%)
After init: waxing from its fluently parsing of the barn-side sion of sons cottage to kenzo gaps in their relati...
Pred: positive (confidence: 8.812)
Final: evaporation from its timid parsing of the barn-side target of sons trying to breach gaps in their re...
Final pred: positive (confidence: 10.250)
Queries used: 72

================================================================================
Sample 295/1000
================================================================================

Original: nonchalantly freaky and uncommonly pleasurable , warm water may well be the year's best and most unp...
Label: positive (confidence: 10.938)
Replacing 9 out of 12 important words (80.0%)
After init: uhmm freaky and queso beamish , warm matsushita may drone be the year's margin and spindle million c...
Pred: negative (confidence: 9.812)
Final: nonchalantly freaky and uncommonly heartless , warm water may well be the year's snow and most unpre...
Final pred: negative (confidence: 10.562)
Queries used: 93

================================================================================
Sample 296/1000
================================================================================

Original: it's like an old warner bros . costumer jived with sex -- this could be the movie errol flynn always...
Label: negative (confidence: 9.812)
Replacing 14 out of 18 important words (80.0%)
After init: it's like an sin warner elegant . biff jived with calo -- this could be the manali errol flynn warne...
Pred: positive (confidence: 9.625)
Final: it's like an old warner bros . costumer jived with sex -- this could be the movie errol flynn always...
Final pred: positive (confidence: 10.250)
Queries used: 174

================================================================================
Sample 297/1000
================================================================================

Original: it's a great american adventure and a wonderful film to bring to imax ....
Label: positive (confidence: 10.938)
Replacing 5 out of 7 important words (80.0%)
After init: it's a gerek american tired and a ciggies borghese to bring to imax ....
Pred: negative (confidence: 8.750)
Final: it's a havent american adventure and a ricocheted film to bring to imax ....
Final pred: negative (confidence: 9.312)
Queries used: 73

================================================================================
Sample 298/1000
================================================================================

Original: satisfyingly scarifying , fresh and old-fashioned at the same time ....
Label: positive (confidence: 10.562)
Replacing 4 out of 6 important words (80.0%)
After init: satisfyingly scarifying , retardation and old-fashioned at the same lasagna ....
Pred: negative (confidence: 9.812)
Final: satisfyingly scarifying , retardation and old-fashioned at the same time ....
Final pred: negative (confidence: 10.188)
Queries used: 48

================================================================================
Sample 299/1000
================================================================================

Original: oh , james ! your 20th outing shows off a lot of stamina and vitality , and get this , madonna's cam...
Label: positive (confidence: 11.312)
Replacing 9 out of 12 important words (80.0%)
After init: oh , honker ! your 20th outing aldo off a stutterer of stamina and canines , and get this , madonna'...
Pred: negative (confidence: 9.750)
Final: oh , james ! your 20th outing shows off a stutterer of stamina and bilge , and get this , madonna's ...
Final pred: negative (confidence: 10.500)
Queries used: 106

================================================================================
Sample 300/1000
================================================================================

Original: a genuine mind-bender ....
Label: positive (confidence: 11.125)
Replacing 1 out of 2 important words (80.0%)
Failed to initialize adversarial example

================================================================================
Sample 301/1000
================================================================================

Original: that death is merely a transition is a common tenet in the world's religions . this deeply spiritual...
Label: positive (confidence: 10.812)
Replacing 12 out of 15 important words (80.0%)
After init: that death is reloading a transition is a common geeze in the world's plans . this worship reforms b...
Pred: negative (confidence: 10.250)
Final: that death is ravaged a transition is a common tenet in the world's religions . this deeply spiritua...
Final pred: negative (confidence: 9.562)
Queries used: 168

================================================================================
Sample 302/1000
================================================================================

Original: there is something that is so meditative and lyrical about babak payami's boldly quirky iranian dram...
Label: positive (confidence: 10.250)
Replacing 19 out of 24 important words (80.0%)
After init: there is looking that is so conner and rocketed about manners payami's wore dow iranian drama sexles...
Pred: negative (confidence: 9.500)
Final: there is scumbag that is so meditative and lyrical about babak payami's boldly quirky iranian drama ...
Final pred: negative (confidence: 9.000)
Queries used: 217

================================================================================
Sample 303/1000
================================================================================

Original: a huge box-office hit in korea , shiri is a must for genre fans ....
Label: positive (confidence: 10.688)
Replacing 5 out of 7 important words (80.0%)
After init: a obscure box-office inert in korea , shiri is a must for bala smelt ....
Pred: negative (confidence: 10.438)
Final: a huge box-office inert in korea , shiri is a must for genre saharan ....
Final pred: negative (confidence: 9.312)
Queries used: 76

================================================================================
Sample 304/1000
================================================================================

Original: . . . planos fijos , tomas largas , un ritmo pausado y una sutil observación de sus personajes , sin...
Label: positive (confidence: 7.750)
Replacing 10 out of 13 important words (80.0%)
After init: . . . planos fijos , pinches largas , un ritmo pausado y predictability sutil observación de sus per...
Pred: negative (confidence: 8.000)
Final: . . . planos fijos , tomas largas , un ritmo pausado y predictability sutil observación de sus perso...
Final pred: negative (confidence: 7.969)
Queries used: 33

================================================================================
Sample 305/1000
================================================================================

Original: i'm not a fan of the phrase 'life affirming' because it usually means 'schmaltzy , ' but real women ...
Label: positive (confidence: 11.688)
Replacing 11 out of 14 important words (80.0%)
After init: i'm not a fan of the thatched 'life affirming' because it mundy repudiate 'schmaltzy , ' but hulud c...
Pred: negative (confidence: 9.688)
Final: i'm not a fan of the phrase 'life affirming' because it usually means 'schmaltzy , ' but real women ...
Final pred: negative (confidence: 10.688)
Queries used: 92

================================================================================
Sample 306/1000
================================================================================

Original: the symbols float like butterflies and the spinning styx sting like bees . i wanted more ....
Label: negative (confidence: 8.688)
Replacing 7 out of 9 important words (80.0%)
After init: the disarm fredrickson like butterflies and the disorientation styx traders like joaquin . i laddies...
Pred: positive (confidence: 8.688)
Final: the symbols float like butterflies and the spinning styx buoyant like bees . i wanted more ....
Final pred: positive (confidence: 9.875)
Queries used: 63

================================================================================
Sample 307/1000
================================================================================

Original: if it's unnerving suspense you're after -- you'll find it with ring , an indisputably spooky film ; ...
Label: positive (confidence: 10.062)
Replacing 8 out of 10 important words (80.0%)
After init: if it's lutely doctored you're after -- you'll find it with duplicates , an indisputably westchester...
Pred: negative (confidence: 9.812)
Final: if it's unnerving underpass you're after -- you'll find it with ring , an indisputably spooky film ;...
Final pred: negative (confidence: 9.875)
Queries used: 75

================================================================================
Sample 308/1000
================================================================================

Original: the art direction and costumes are gorgeous and finely detailed , and kurys' direction is clever and...
Label: positive (confidence: 11.250)
Replacing 8 out of 11 important words (80.0%)
After init: the shucks prideful and costumes daydream gorgeous and scrounging dumper , and kurys' convinces is l...
Pred: negative (confidence: 9.500)
Final: the art direction and costumes sororities gorgeous and finely improves , and kurys' direction is des...
Final pred: negative (confidence: 11.250)
Queries used: 923

================================================================================
Sample 309/1000
================================================================================

Original: red dragon makes one appreciate silence of the lambs ....
Label: positive (confidence: 11.250)
Replacing 4 out of 6 important words (80.0%)
After init: hurr dragon makes one irregulars affinities of the orbital ....
Pred: negative (confidence: 9.062)
Final: red dragon makes one inarticulate silence of the lambs ....
Final pred: negative (confidence: 10.625)
Queries used: 41

================================================================================
Sample 310/1000
================================================================================

Original: proves a servicable world war ii drama that can't totally hide its contrivances , but it at least ca...
Label: positive (confidence: 11.375)
Replacing 14 out of 18 important words (80.0%)
After init: proves a servicable apprehending war ii greenspan that can't vinci expeditiously its contrivances , ...
Pred: negative (confidence: 11.625)
Final: proves a servicable world war ii greenspan that can't totally hide its contrivances , but it at leas...
Final pred: negative (confidence: 10.375)
Queries used: 88

================================================================================
Sample 311/1000
================================================================================

Original: leigh isn't breaking new ground , but he knows how a daily grind can kill love ....
Label: positive (confidence: 8.562)
Replacing 8 out of 10 important words (80.0%)
After init: kapil isn't belarus delegations ground , but he bashed how a daily lello can hury uplink ....
Pred: negative (confidence: 9.438)
Final: leigh isn't breaking new ground , but he knows how a daily grind can kill stockton ....
Final pred: negative (confidence: 10.250)
Queries used: 63

================================================================================
Sample 312/1000
================================================================================

Original: while broomfield's film doesn't capture the effect of these tragic deaths on hip-hop culture , it su...
Label: positive (confidence: 11.250)
Replacing 12 out of 16 important words (80.0%)
After init: while broomfield's borghese doesn't intertitles the serg of these tragic deaths on hip-hop il , it s...
Pred: negative (confidence: 11.375)
Final: while broomfield's film doesn't capture the effect of these tragic deaths on hip-hop culture , it su...
Final pred: negative (confidence: 9.375)
Queries used: 104

================================================================================
Sample 313/1000
================================================================================

Original: . . . strips bible stores of the potential for sanctimoniousness , making them meaningful for both k...
Label: positive (confidence: 10.250)
Replacing 8 out of 10 important words (80.0%)
After init: . . . makin cheerleaders stores of the caper for sanctimoniousness , pr them coming for both naples ...
Pred: negative (confidence: 11.125)
Final: . . . strips bible stores of the potential for sanctimoniousness , wacky them tobacconist for both k...
Final pred: negative (confidence: 10.688)
Queries used: 103

================================================================================
Sample 314/1000
================================================================================

Original: laugh-out-loud lines , adorably ditsy but heartfelt performances , and sparkling , bittersweet dialo...
Label: positive (confidence: 10.750)
Replacing 11 out of 14 important words (80.0%)
After init: laugh-out-loud statues , adorably ditsy but gnats performances , and cari , patrol grazers that cuts...
Pred: negative (confidence: 8.500)
Final: laugh-out-loud lines , adorably ditsy but maddens performances , and qh , bittersweet dialogue that ...
Final pred: negative (confidence: 8.875)
Queries used: 114

================================================================================
Sample 315/1000
================================================================================

Original: tends to pile too many " serious issues " on its plate at times , yet remains fairly light , always ...
Label: positive (confidence: 9.375)
Replacing 12 out of 16 important words (80.0%)
After init: removals to unexplained proposition wintergreen " sliced paradoxically " on its keel at times , shir...
Pred: negative (confidence: 10.375)
Final: tends to pile too many " serious issues " on its plate at times , yet remains fairly light , always ...
Final pred: negative (confidence: 9.688)
Queries used: 154

================================================================================
Sample 316/1000
================================================================================

Original: a solidly entertaining little film ....
Label: positive (confidence: 11.375)
Replacing 3 out of 4 important words (80.0%)
After init: a graders polluted little borghese ....
Pred: negative (confidence: 11.562)
Final: a solidly polluted little film ....
Final pred: negative (confidence: 11.312)
Queries used: 39

================================================================================
Sample 317/1000
================================================================================

Original: it's an entertaining movie , and the effects , boosted to the size of a downtown hotel , will all bu...
Label: positive (confidence: 11.562)
Replacing 8 out of 10 important words (80.0%)
After init: it's an liah manali , and the lava , yarmulke to the size of a unreadable hotel , will all but take ...
Pred: negative (confidence: 8.688)
Final: it's an submarines movie , and the effects , boosted to the size of a unreadable hotel , will all bu...
Final pred: negative (confidence: 8.875)
Queries used: 113

================================================================================
Sample 318/1000
================================================================================

Original: sayles has a knack for casting , often resurrecting performers who rarely work in movies now . . . a...
Label: positive (confidence: 10.688)
Replacing 12 out of 16 important words (80.0%)
After init: jinxed rekindle a supremo for successful , lack resurrecting performers who ayala work in movies now...
Pred: negative (confidence: 11.375)
Final: sayles giraffes a knack for casting , lack resurrecting performers who rarely work in movies now . ....
Final pred: negative (confidence: 9.625)
Queries used: 120

================================================================================
Sample 319/1000
================================================================================

Original: despite an overwrought ending , the film works as well as it does because of the performances ....
Label: positive (confidence: 10.875)
Replacing 5 out of 7 important words (80.0%)
After init: despite an overwrought yas , the borghese works as neglects as it driest because of the bodo ....
Pred: negative (confidence: 10.125)
Final: despite an overwrought ending , the film works as neglects as it does because of the leaps ....
Final pred: negative (confidence: 8.750)
Queries used: 71

================================================================================
Sample 320/1000
================================================================================

Original: a passionately inquisitive film determined to uncover the truth and hopefully inspire action ....
Label: positive (confidence: 11.438)
Replacing 7 out of 9 important words (80.0%)
After init: a strategically makings film blasted to buyers the ck and hopefully dappled valium ....
Pred: negative (confidence: 9.875)
Final: a passionately inquisitive film determined to uncover the cj and hopefully sabot valium ....
Final pred: negative (confidence: 9.250)
Queries used: 109

================================================================================
Sample 321/1000
================================================================================

Original: though nijinsky's words grow increasingly disturbed , the film maintains a beguiling serenity and po...
Label: positive (confidence: 10.938)
Replacing 11 out of 14 important words (80.0%)
After init: though nijinsky's graven belgrave ludicrous lounges , the film fenner a scrapin moorehead and poise ...
Pred: negative (confidence: 9.812)
Final: though nijinsky's words grow increasingly disturbed , the film maintains a racists serenity and pois...
Final pred: negative (confidence: 11.000)
Queries used: 119

================================================================================
Sample 322/1000
================================================================================

Original: a muddle splashed with bloody beauty as vivid as any scorsese has ever given us ....
Label: positive (confidence: 11.750)
Replacing 7 out of 9 important words (80.0%)
After init: a swordfish ericsson with andiamo encroaching as gautier as any burnell has gang given us ....
Pred: negative (confidence: 9.062)
Final: a muddle splashed with bloody beauty as cliche as any scorsese has ever given us ....
Final pred: negative (confidence: 8.875)
Queries used: 77

================================================================================
Sample 323/1000
================================================================================

Original: from both a great and a terrible story , mr . nelson has made a film that is an undeniably worthy an...
Label: positive (confidence: 10.812)
Replacing 8 out of 11 important words (80.0%)
After init: from both a autograph and a terrible hallowed , mr . nelson três madi a borghese that is an commissa...
Pred: negative (confidence: 11.375)
Final: from both a great and a terrible story , mr . nelson has made a film that is an undeniably worthy an...
Final pred: negative (confidence: 9.375)
Queries used: 79

================================================================================
Sample 324/1000
================================================================================

Original: spider-man is about growing strange hairs , getting a more mature body , and finding it necessary to...
Label: negative (confidence: 9.688)
Replacing 12 out of 15 important words (80.0%)
After init: spider-man is about conserving ob hairs , getting a deok immobilize supplying , and finding it koike...
Pred: positive (confidence: 9.562)
Final: spider-man is about growing aside hairs , getting a more mature body , and finding it necessary to h...
Final pred: positive (confidence: 10.312)
Queries used: 93

================================================================================
Sample 325/1000
================================================================================

Original: the first shocking thing about sorority boys is that it's actually watchable . even more baffling is...
Label: positive (confidence: 10.625)
Replacing 8 out of 11 important words (80.0%)
After init: the first necrosis polito about sorority sideshow is that it's cappy watchable . premonitions more t...
Pred: negative (confidence: 9.750)
Final: the first shocking thing about sorority boys is that it's cappy watchable . even more baffling is th...
Final pred: negative (confidence: 10.062)
Queries used: 75

================================================================================
Sample 326/1000
================================================================================

Original: highlighted by a gritty style and an excellent cast , it's better than one might expect when you loo...
Label: positive (confidence: 10.375)
Replacing 11 out of 14 important words (80.0%)
After init: barclay by a gritty digger and an kestrel dictatorial , it's better than one might typeface when you...
Pred: negative (confidence: 9.812)
Final: highlighted by a gritty style and an burp cast , it's better than one might expect when you look at ...
Final pred: negative (confidence: 9.750)
Queries used: 141

================================================================================
Sample 327/1000
================================================================================

Original: neither quite a comedy nor a romance , more of an impish divertissement of themes that interest atta...
Label: positive (confidence: 9.938)
Replacing 12 out of 15 important words (80.0%)
After init: neither quite a forecasting nor a spittoon , more of an palace divertissement of themes that interes...
Pred: negative (confidence: 8.875)
Final: neither quite a comedy nor a romance , more of an impish divertissement of themes that interest atta...
Final pred: negative (confidence: 9.688)
Queries used: 88

================================================================================
Sample 328/1000
================================================================================

Original: first and foremost . . . the reason to go see " blue crush " is the phenomenal , water-born cinemato...
Label: positive (confidence: 11.312)
Replacing 8 out of 11 important words (80.0%)
After init: azeem and foremost . . . the reason to go impaired " blue deutschmark " is the pennington , water-bo...
Pred: negative (confidence: 10.562)
Final: first and foremost . . . the reason to go impaired " blue crush " is the masks , water-born nar by d...
Final pred: negative (confidence: 9.812)
Queries used: 89

================================================================================
Sample 329/1000
================================================================================

Original: a visionary marvel , but it's lacking a depth in storytelling usually found in anime like this ....
Label: positive (confidence: 8.438)
Replacing 6 out of 8 important words (80.0%)
After init: a visionary mancha , but it's lacking a bowling in dropouts asturias roper in anima like this ....
Pred: negative (confidence: 10.375)
Final: a visionary mancha , but it's lacking a depth in storytelling usually found in anime like this ....
Final pred: negative (confidence: 10.188)
Queries used: 58

================================================================================
Sample 330/1000
================================================================================

Original: the problems and characters it reveals are universal and involving , and the film itself -- as well ...
Label: positive (confidence: 12.438)
Replacing 12 out of 16 important words (80.0%)
After init: the diffuse and characters it lman thhis slovenly and involving , and the borghese itself -- as durt...
Pred: negative (confidence: 10.375)
Final: the problems and characters it reveals are universal and involving , and the film itself -- as well ...
Final pred: negative (confidence: 10.500)
Queries used: 177

================================================================================
Sample 331/1000
================================================================================

Original: in his latest effort , storytelling , solondz has finally made a movie that isn't just offensive -- ...
Label: positive (confidence: 11.438)
Replacing 11 out of 14 important words (80.0%)
After init: in his hilary effort , matsushita , solondz kitschy fated made a manali that isn't clings chesty -- ...
Pred: negative (confidence: 9.000)
Final: in his latest effort , storytelling , solondz has finally made a movie that isn't just offensive -- ...
Final pred: negative (confidence: 9.625)
Queries used: 122

================================================================================
Sample 332/1000
================================================================================

Original: how i killed my father would be a rarity in hollywood . it's an actor's showcase that accomplishes i...
Label: positive (confidence: 10.250)
Replacing 14 out of 18 important words (80.0%)
After init: how i hosed my nerdy would be a munna in gorging . it's an actor's showcase that chattanooga its nde...
Pred: negative (confidence: 10.438)
Final: how i killed my father would be a rarity in hollywood . it's an actor's showcase that accomplishes i...
Final pred: negative (confidence: 9.812)
Queries used: 177

================================================================================
Sample 333/1000
================================================================================

Original: i just saw this movie . . . well , it's probably not accurate to call it a movie ....
Label: negative (confidence: 10.125)
Replacing 7 out of 9 important words (80.0%)
After init: i clings procrastinate this guy . . . ruffian , it's delish instrument accurate to illuminated it a ...
Pred: positive (confidence: 9.500)
Final: i just saw this movie . . . well , it's probably posies accurate to call it a movie ....
Final pred: positive (confidence: 8.688)
Queries used: 73

================================================================================
Sample 334/1000
================================================================================

Original: what's most memorable about circuit is that it's shot on digital video , whose tiny camera enables s...
Label: positive (confidence: 10.312)
Replacing 12 out of 16 important words (80.0%)
After init: what's deteriorated memorable about stanhope is that it's shot on torso video , whose maturin varnis...
Pred: negative (confidence: 9.938)
Final: what's most memorable about circuit is that it's shot on digital video , whose tiny camera enables s...
Final pred: negative (confidence: 10.000)
Queries used: 74

================================================================================
Sample 335/1000
================================================================================

Original: scherfig , the writer-director , has made a film so unabashedly hopeful that it actually makes the h...
Label: positive (confidence: 11.250)
Replacing 9 out of 12 important words (80.0%)
After init: scherfig , the writer-director , transgressed made a borghese so unabashedly jody that it pressuriza...
Pred: negative (confidence: 9.375)
Final: scherfig , the writer-director , has made a es so unabashedly hopeful that it actually makes the hum...
Final pred: negative (confidence: 10.062)
Queries used: 112

================================================================================
Sample 336/1000
================================================================================

Original: a delicious and delicately funny look at the residents of a copenhagen neighborhood coping with the ...
Label: positive (confidence: 10.562)
Replacing 9 out of 12 important words (80.0%)
After init: a delicious and krumping expeditions chiffon at the residents of a copenhagen blase locks with the b...
Pred: negative (confidence: 9.875)
Final: a delicious and delicately funny redcap at the residents of a copenhagen neighborhood tyrants with t...
Final pred: negative (confidence: 10.812)
Queries used: 102

================================================================================
Sample 337/1000
================================================================================

Original: " what really happened ? " is a question for philosophers , not filmmakers ; all the filmmakers need...
Label: positive (confidence: 7.781)
Replacing 8 out of 10 important words (80.0%)
After init: " what kimmie happened ? " is a ollow for bizarre , iria linde ; all the pssst outlawed to do is whi...
Pred: negative (confidence: 7.031)
Final: " what really happened ? " is a question for philosophers , not filmmakers ; all the filmmakers need...
Final pred: negative (confidence: 8.625)
Queries used: 78

================================================================================
Sample 338/1000
================================================================================

Original: soderbergh , like kubrick before him , may not touch the planet's skin , but understands the working...
Label: positive (confidence: 11.188)
Replacing 7 out of 9 important words (80.0%)
After init: soderbergh , like decanter before him , may not lighthouse the planet's democratically , but westche...
Pred: negative (confidence: 8.625)
Final: soderbergh , like shitheel before him , may not touch the planet's skin , but landing the workings o...
Final pred: negative (confidence: 10.688)
Queries used: 98

================================================================================
Sample 339/1000
================================================================================

Original: much credit must be given to the water-camera operating team of don king , sonny miller , and michae...
Label: positive (confidence: 11.188)
Replacing 11 out of 14 important words (80.0%)
After init: extensions credit must be chamaco to the water-camera bleeding doll of abandonment stilled , sonny m...
Pred: negative (confidence: 9.812)
Final: impaired credit must be torpedoes to the water-camera operating team of don king , sonny miller , an...
Final pred: negative (confidence: 11.125)
Queries used: 133

================================================================================
Sample 340/1000
================================================================================

Original: crush is so warm and fuzzy you might be able to forgive its mean-spirited second half ....
Label: positive (confidence: 11.000)
Replacing 6 out of 8 important words (80.0%)
After init: deutschmark is so warm and frien you might be fogarty to muster its mean-spirited second makeup ....
Pred: negative (confidence: 9.125)
Final: crush is so warm and fuzzy you might be harriman to forgive its mean-spirited second pursued ....
Final pred: negative (confidence: 9.688)
Queries used: 80

================================================================================
Sample 341/1000
================================================================================

Original: franco is an excellent choice for the walled-off but combustible hustler , but he does not give the ...
Label: negative (confidence: 10.250)
Replacing 15 out of 19 important words (80.0%)
After init: sketchbook is an excellent nutcase for the walled-off but ight offices , but he does heroine enforci...
Pred: positive (confidence: 8.688)
Final: franco is an excellent choice for the walled-off but combustible hustler , but he does musicals give...
Final pred: positive (confidence: 10.500)
Queries used: 173

================================================================================
Sample 342/1000
================================================================================

Original: tsai ming-liang's witty , wistful new film , what time is it there ? , is a temporal inquiry that sh...
Label: positive (confidence: 10.812)
Replacing 11 out of 14 important words (80.0%)
After init: tsai ming-liang's recommends , itude incidents borghese , what popsicles is it turning ? , is a meyo...
Pred: negative (confidence: 9.438)
Final: tsai ming-liang's witty , wistful new film , what time is it there ? , is a temporal inquiry that sh...
Final pred: negative (confidence: 8.750)
Queries used: 131

================================================================================
Sample 343/1000
================================================================================

Original: the pianist lacks the quick emotional connections of steven spielberg's schindler's list . but mr . ...
Label: negative (confidence: 8.688)
Replacing 13 out of 17 important words (80.0%)
After init: the hurling disguises the ariana ideal connections of argento spielberg's schindler's wench . but mr...
Pred: positive (confidence: 10.375)
Final: the pianist lacks the quick emotional connections of steven spielberg's schindler's list . but mr . ...
Final pred: positive (confidence: 9.438)
Queries used: 168

================================================================================
Sample 344/1000
================================================================================

Original: steers , in his feature film debut , has created a brilliant motion picture ....
Label: positive (confidence: 11.125)
Replacing 7 out of 9 important words (80.0%)
After init: ure , in his feature borghese guthrie , hue feebles a hooves moors picture ....
Pred: negative (confidence: 10.375)
Final: steers , in his feature film debut , has feebles a anthrax motion picture ....
Final pred: negative (confidence: 10.688)
Queries used: 76

================================================================================
Sample 345/1000
================================================================================

Original: a brilliant , absurd collection of vignettes that , in their own idiosyncratic way , sum up the stra...
Label: positive (confidence: 10.188)
Replacing 10 out of 13 important words (80.0%)
After init: a zvi , sartain collection of vignettes that , in their own cory payin , counterfeiter up the dishev...
Pred: negative (confidence: 9.500)
Final: a cruellest , absurd collection of vignettes that , in their own idiosyncratic way , sum up the stra...
Final pred: negative (confidence: 11.000)
Queries used: 105

================================================================================
Sample 346/1000
================================================================================

Original: as warm as it is wise , deftly setting off uproarious humor with an underlying seriousness that snea...
Label: positive (confidence: 11.188)
Replacing 11 out of 14 important words (80.0%)
After init: as warm as it is wise , unearth setting off uproarious kargil with an buff frigidity that jaws up on...
Pred: negative (confidence: 9.375)
Final: as warm as it is wise , deftly setting off uproarious ophthalmologist with an underlying frigidity t...
Final pred: negative (confidence: 10.438)
Queries used: 134

================================================================================
Sample 347/1000
================================================================================

Original: the film may not hit as hard as some of the better drug-related pictures , but it still manages to g...
Label: positive (confidence: 8.812)
Replacing 9 out of 12 important words (80.0%)
After init: the borghese may instrument hit as marzipan as some of the better drug-related maryjane , but it sti...
Pred: negative (confidence: 9.688)
Final: the film may not hit as hard as some of the better drug-related pictures , but it still manages to g...
Final pred: negative (confidence: 9.875)
Queries used: 56

================================================================================
Sample 348/1000
================================================================================

Original: old-fashioned but thoroughly satisfying entertainment ....
Label: positive (confidence: 12.250)
Replacing 3 out of 4 important words (80.0%)
After init: old-fashioned but incompetents satisfying tyro ....
Pred: negative (confidence: 10.625)
Final: old-fashioned but incompetents satisfying sanctions ....
Final pred: negative (confidence: 11.750)
Queries used: 53

================================================================================
Sample 349/1000
================================================================================

Original: an energizing , intoxicating documentary charting the rise of hip-hop culture in general and the art...
Label: positive (confidence: 10.688)
Replacing 9 out of 12 important words (80.0%)
After init: an fingers , drudgery documentary charting the lurk of hip-hop jest in general and the yahoos of sub...
Pred: negative (confidence: 9.188)
Final: an blyton , drudgery documentary charting the lurk of hip-hop culture in general and the art of scra...
Final pred: negative (confidence: 9.688)
Queries used: 128

================================================================================
Sample 350/1000
================================================================================

Original: a fun family movie that's suitable for all ages -- a movie that will make you laugh , cry and realiz...
Label: positive (confidence: 11.375)
Replacing 12 out of 15 important words (80.0%)
After init: a flashin family manali that's defector for all dreamin -- a soto that will entirely you shebang , p...
Pred: negative (confidence: 10.562)
Final: a fun family movie that's suitable for all ages -- a movie that will make you laugh , cry and noncom...
Final pred: negative (confidence: 9.938)
Queries used: 134

================================================================================
Sample 351/1000
================================================================================

Original: if you open yourself up to mr . reggio's theory of this imagery as the movie's set . . . it can impa...
Label: positive (confidence: 9.625)
Replacing 9 out of 12 important words (80.0%)
After init: if you inconveniences yourself up to mr . reggio's theory of this melee as the movie's encephalogram...
Pred: negative (confidence: 10.375)
Final: if you open yourself up to mr . reggio's theory of this imagery as the movie's set . . . it can impa...
Final pred: negative (confidence: 9.062)
Queries used: 89

================================================================================
Sample 352/1000
================================================================================

Original: i had a dream that a smart comedy would come along to rescue me from a summer of teen-driven , toile...
Label: positive (confidence: 11.062)
Replacing 10 out of 13 important words (80.0%)
After init: i had a wir that a ramson forecasting would refute along to rescue me from a summer of teen-driven ,...
Pred: negative (confidence: 9.125)
Final: i had a dream that a smart comedy would come along to rescue me from a summer of teen-driven , toile...
Final pred: negative (confidence: 9.750)
Queries used: 61

================================================================================
Sample 353/1000
================================================================================

Original: even though the film doesn't manage to hit all of its marks , it's still entertaining to watch the t...
Label: positive (confidence: 10.188)
Replacing 9 out of 12 important words (80.0%)
After init: premonitions though the borghese doesn't graduates to hit all of its andalusia , it's excessive morf...
Pred: negative (confidence: 10.250)
Final: even though the film doesn't pittsburgh to hit all of its therefor , it's excessive chitty to watch ...
Final pred: negative (confidence: 10.625)
Queries used: 131

================================================================================
Sample 354/1000
================================================================================

Original: where this was lazy but enjoyable , a formula comedy redeemed by its stars , that is even lazier and...
Label: negative (confidence: 11.375)
Replacing 9 out of 12 important words (80.0%)
After init: where this afters lazy but berti , a yannick comedy tej by its seedy , that is premonitions lazier a...
Pred: positive (confidence: 10.375)
Final: where this was lazy but enjoyable , a formula comedy redeemed by its stars , that is even lazier and...
Final pred: positive (confidence: 9.812)
Queries used: 79

================================================================================
Sample 355/1000
================================================================================

Original: the 3-d vistas from orbit , with the space station suspended like a huge set of wind chimes over the...
Label: positive (confidence: 10.625)
Replacing 15 out of 19 important words (80.0%)
Failed to initialize adversarial example

================================================================================
Sample 356/1000
================================================================================

Original: the attraction between these two marginal characters is complex from the start -- and , refreshingly...
Label: positive (confidence: 9.688)
Replacing 6 out of 8 important words (80.0%)
After init: the jiri between these two ulrike characters is director from the spuds -- and , refreshingly , orga...
Pred: negative (confidence: 9.250)
Final: the attraction between these two marginal characters is complex from the manipulative -- and , refre...
Final pred: negative (confidence: 9.438)
Queries used: 95

================================================================================
Sample 357/1000
================================================================================

Original: fans of the modern day hong kong action film finally have the worthy successor to a better tomorrow ...
Label: positive (confidence: 12.812)
Replacing 14 out of 18 important words (80.0%)
After init: sylvan of the modern day olds josephus blockhead borghese turning antitoxin the steff successor to a...
Pred: negative (confidence: 10.688)
Final: fans of the modern day hong kong action film finally lousiest the worthy successor to a better tomor...
Final pred: negative (confidence: 10.750)
Queries used: 151

================================================================================
Sample 358/1000
================================================================================

Original: even when he's not at his most critically insightful , godard can still be smarter than any 50 other...
Label: positive (confidence: 10.875)
Replacing 9 out of 12 important words (80.0%)
After init: premonitions when he's not at his complaint gatlin insightful , diminished can still be violates tha...
Pred: negative (confidence: 10.250)
Final: even when he's not at his most critically insightful , godard can still be violates than any 50 unsu...
Final pred: negative (confidence: 10.625)
Queries used: 100

================================================================================
Sample 359/1000
================================================================================

Original: what sets this romantic comedy apart from most hollywood romantic comedies is its low-key way of tac...
Label: positive (confidence: 10.062)
Replacing 11 out of 14 important words (80.0%)
After init: what daiquiris this romantic forecasting tearful from fleur nanocatalyst nadu germaine is its low-ke...
Pred: negative (confidence: 11.188)
Final: what sets this romantic comedy apart from most hollywood hasidic comedies is its low-key bedpans of ...
Final pred: negative (confidence: 9.188)
Queries used: 104

================================================================================
Sample 360/1000
================================================================================

Original: has enough wit , energy and geniality to please not only the fanatical adherents on either side , bu...
Label: positive (confidence: 11.125)
Replacing 16 out of 20 important words (80.0%)
After init: brays rennie wit , energy and geniality to raymer not fevers the jip adherents on either luciano , b...
Pred: negative (confidence: 8.938)
Final: has expropriated wit , energy and geniality to please not shunsuke the fanatical adherents on either...
Final pred: negative (confidence: 9.938)
Queries used: 188

================================================================================
Sample 361/1000
================================================================================

Original: this seductive tease of a thriller gets the job done . it's a scorcher ....
Label: positive (confidence: 10.500)
Replacing 5 out of 7 important words (80.0%)
After init: this seductive neglects of a libertines gets the job done . it's a mendelssohn ....
Pred: negative (confidence: 8.000)
Final: this seductive neglects of a thriller gets the job done . it's a suck ....
Final pred: negative (confidence: 8.938)
Queries used: 63

================================================================================
Sample 362/1000
================================================================================

Original: bittersweet comedy/drama full of life , hand gestures , and some really adorable italian guys ....
Label: positive (confidence: 11.188)
Replacing 7 out of 9 important words (80.0%)
After init: roanoke comedy/drama full of photoshop , parmentier gestures , and some terrify wav babyface landini...
Pred: negative (confidence: 10.688)
Final: bittersweet comedy/drama full of coldness , hand gestures , and some really clamor italian guys ....
Final pred: negative (confidence: 10.500)
Queries used: 84

================================================================================
Sample 363/1000
================================================================================

Original: works as pretty contagious fun ....
Label: positive (confidence: 10.938)
Replacing 3 out of 4 important words (80.0%)
After init: whines as pretty branch flashin ....
Pred: negative (confidence: 8.875)
Final: whines as pretty contagious flashin ....
Final pred: negative (confidence: 9.562)
Queries used: 48

================================================================================
Sample 364/1000
================================================================================

Original: the best didacticism is one carried by a strong sense of humanism , and bertrand tavernier's oft-bri...
Label: positive (confidence: 10.875)
Replacing 12 out of 15 important words (80.0%)
After init: the graeme didacticism is one carried by a peder shuo of glove , and francais tavernier's oft-brilli...
Pred: negative (confidence: 9.125)
Final: the best didacticism is one carried by a strong sense of deporting , and bertrand tavernier's oft-br...
Final pred: negative (confidence: 8.875)
Queries used: 121

================================================================================
Sample 365/1000
================================================================================

Original: a realistically terrifying movie that puts another notch in the belt of the long list of renegade-co...
Label: positive (confidence: 10.188)
Replacing 8 out of 10 important words (80.0%)
After init: a burlap terrifying mettle that wreck another pedantic in the anson of the long stabbed of renegade-...
Pred: negative (confidence: 11.125)
Final: a realistically terrifying movie that puts another notch in the glaucoma of the long list of renegad...
Final pred: negative (confidence: 9.312)
Queries used: 73

================================================================================
Sample 366/1000
================================================================================

Original: a charming , banter-filled comedy . . . one of those airy cinematic bon bons whose aims -- and by ex...
Label: positive (confidence: 9.625)
Replacing 11 out of 14 important words (80.0%)
After init: a usda , banter-filled forecasting . . . one of those stiffened allura nts meticulous whose aims -- ...
Pred: negative (confidence: 10.562)
Final: a charming , banter-filled comedy . . . one of those airy cinematic bon bons whose aims -- and by ex...
Final pred: negative (confidence: 9.000)
Queries used: 125

================================================================================
Sample 367/1000
================================================================================

Original: a film with almost as many delights for adults as there are for children and dog lovers ....
Label: positive (confidence: 11.312)
Replacing 7 out of 9 important words (80.0%)
After init: a borghese with almost as piddling dehydration for oey as there rab for environs and dog lovers ....
Pred: negative (confidence: 9.625)
Final: a film with almost as piddling delights for adults as there are for children and dog lovers ....
Final pred: negative (confidence: 11.188)
Queries used: 51

================================================================================
Sample 368/1000
================================================================================

Original: serious movie-goers embarking upon this journey will find that the road to perdition leads to a sati...
Label: positive (confidence: 12.562)
Replacing 8 out of 10 important words (80.0%)
After init: toerag movie-goers waterways upon this naito will find that the road to carville agitator to a stala...
Pred: negative (confidence: 9.938)
Final: serious movie-goers embarking upon this journey will find that the road to perdition leads to a nah ...
Final pred: negative (confidence: 12.250)
Queries used: 66

================================================================================
Sample 369/1000
================================================================================

Original: heartwarming and gently comic even as the film breaks your heart ....
Label: positive (confidence: 11.438)
Replacing 5 out of 7 important words (80.0%)
After init: obliterate and gently comic premonitions as the borghese veranda your noggin ....
Pred: negative (confidence: 9.562)
Final: sucks and gently comic even as the film breaks your noggin ....
Final pred: negative (confidence: 11.562)
Queries used: 77

================================================================================
Sample 370/1000
================================================================================

Original: caruso sometimes descends into sub-tarantino cuteness . . . but for the most part he makes sure the ...
Label: positive (confidence: 9.438)
Replacing 14 out of 18 important words (80.0%)
After init: cedric handbrake ishmael into sub-tarantino cuteness . . . but for the fleur part he quixotic sure t...
Pred: negative (confidence: 11.125)
Final: caruso sometimes descends into sub-tarantino cuteness . . . but for the most part he makes sure the ...
Final pred: negative (confidence: 9.500)
Queries used: 125

================================================================================
Sample 371/1000
================================================================================

Original: a " black austin powers ? " i prefer to think of it as " pootie tang with a budget . " sa da tay !...
Label: positive (confidence: 9.312)
Replacing 7 out of 9 important words (80.0%)
After init: a " chewy austin sapna ? " i jaworski to negatively of it as " pootie awaken with a crinkle . " sa d...
Pred: negative (confidence: 9.438)
Final: a " black austin powers ? " i prefer to negatively of it as " pootie tang with a budget . " sa da ta...
Final pred: negative (confidence: 10.312)
Queries used: 69

================================================================================
Sample 372/1000
================================================================================

Original: oddly , the film isn't nearly as downbeat as it sounds , but strikes a tone that's alternately melan...
Label: positive (confidence: 10.000)
Replacing 10 out of 13 important words (80.0%)
After init: fiji , the borghese isn't nearly as snippet as it traumatised , but strikes a exported that's electr...
Pred: negative (confidence: 11.062)
Final: oddly , the film isn't nearly as downbeat as it traumatised , but strikes a tone that's alternately ...
Final pred: negative (confidence: 9.938)
Queries used: 104

================================================================================
Sample 373/1000
================================================================================

Original: i would be shocked if there was actually one correct interpretation , but that shouldn't make the mo...
Label: positive (confidence: 9.625)
Replacing 8 out of 11 important words (80.0%)
After init: i would be biscuit if there was uru one correct fara , but that shouldn't make the exorcised or the ...
Pred: negative (confidence: 8.875)
Final: i would be shocked if there was actually one correct interpretation , but that shouldn't make the al...
Final pred: negative (confidence: 9.062)
Queries used: 86

================================================================================
Sample 374/1000
================================================================================

Original: chouraqui brings documentary-like credibility to the horrors of the killing field and the barbarism ...
Label: positive (confidence: 11.000)
Replacing 8 out of 10 important words (80.0%)
After init: chouraqui leav documentary-like credibility to the ata of the cottages field and the gilded of 'ethn...
Pred: negative (confidence: 9.500)
Final: chouraqui brings documentary-like credibility to the horrors of the killing field and the barbarism ...
Final pred: negative (confidence: 11.000)
Queries used: 57

================================================================================
Sample 375/1000
================================================================================

Original: the best thing i can say about this film is that i can't wait to see what the director does next ....
Label: positive (confidence: 11.375)
Replacing 8 out of 10 important words (80.0%)
After init: the crowed pickle i can say about this film is that i can't jetson to joined what the director alien...
Pred: negative (confidence: 9.688)
Final: the best thing i can say about this film is that i can't wait to see what the director alienating ne...
Final pred: negative (confidence: 9.375)
Queries used: 45

================================================================================
Sample 376/1000
================================================================================

Original: smarter than its commercials make it seem ....
Label: positive (confidence: 11.562)
Replacing 3 out of 4 important words (80.0%)
After init: violates than its na make it ark ....
Pred: negative (confidence: 9.438)
Final: fallen than its commercials make it seem ....
Final pred: negative (confidence: 11.500)
Queries used: 36

================================================================================
Sample 377/1000
================================================================================

Original: great character interaction ....
Label: positive (confidence: 11.875)
Replacing 2 out of 3 important words (80.0%)
After init: autograph character needling ....
Pred: negative (confidence: 9.375)
Final: grossest character interaction ....
Final pred: negative (confidence: 11.688)
Queries used: 42

================================================================================
Sample 378/1000
================================================================================

Original: one of the funnier movies in town ....
Label: positive (confidence: 11.875)
Replacing 2 out of 3 important words (80.0%)
After init: one of the negotiable movies in town ....
Pred: negative (confidence: 10.188)
Final: one of the oor movies in town ....
Final pred: negative (confidence: 10.812)
Queries used: 31

================================================================================
Sample 379/1000
================================================================================

Original: campanella's competent direction and his excellent cast overcome the obstacles of a predictable outc...
Label: positive (confidence: 10.562)
Replacing 9 out of 12 important words (80.0%)
After init: campanella's trainer written and his indiscriminately cast overcome the shochu of a handlin oath and...
Pred: negative (confidence: 9.500)
Final: campanella's botched direction and his indiscriminately cast overcome the obstacles of a predictable...
Final pred: negative (confidence: 11.000)
Queries used: 68

================================================================================
Sample 380/1000
================================================================================

Original: by turns very dark and very funny ....
Label: positive (confidence: 10.188)
Replacing 4 out of 5 important words (80.0%)
After init: by macleod very kady and hira churn ....
Pred: negative (confidence: 8.812)
Final: by turns very dark and very snuffed ....
Final pred: negative (confidence: 11.000)
Queries used: 40

================================================================================
Sample 381/1000
================================================================================

Original: steven soderbergh doesn't remake andrei tarkovsky's solaris so much as distill it ....
Label: positive (confidence: 10.375)
Replacing 8 out of 10 important words (80.0%)
After init: steven soderbergh doesn't kaito isham tarkovsky's massimo so whitehall as lovett it ....
Pred: negative (confidence: 10.000)
Final: steven soderbergh doesn't remake andrei tarkovsky's solaris so deadbeats as distill it ....
Final pred: negative (confidence: 9.500)
Queries used: 45

================================================================================
Sample 382/1000
================================================================================

Original: for more than two decades mr . nachtwey has traveled to places in the world devastated by war , fami...
Label: positive (confidence: 11.188)
Replacing 15 out of 19 important words (80.0%)
After init: for more than two decades mr . nachtwey atrociously handouts to oppresses in the world delighted by ...
Pred: negative (confidence: 9.375)
Final: for more than two decades mr . nachtwey has traveled to places in the world devastated by war , fami...
Final pred: negative (confidence: 10.750)
Queries used: 219

================================================================================
Sample 383/1000
================================================================================

Original: simultaneously heartbreakingly beautiful and exquisitely sad ....
Label: positive (confidence: 10.750)
Replacing 4 out of 5 important words (80.0%)
After init: lamest heartbreakingly beautiful and krook sad ....
Pred: negative (confidence: 8.750)
Final: reestablished heartbreakingly beautiful and rotated sad ....
Final pred: negative (confidence: 9.750)
Queries used: 58

================================================================================
Sample 384/1000
================================================================================

Original: though overall an overwhelmingly positive portrayal , the film doesn't ignore the more problematic a...
Label: positive (confidence: 9.750)
Replacing 10 out of 13 important words (80.0%)
After init: though overall an acknowledging markku portrayal , the borghese doesn't ignore the irritation trista...
Pred: negative (confidence: 9.062)
Final: though overall an overwhelmingly positive portrayal , the film doesn't ignore the irritation problem...
Final pred: negative (confidence: 8.250)
Queries used: 70

================================================================================
Sample 385/1000
================================================================================

Original: the philosophical musings of the dialogue jar against the tawdry soap opera antics of the film's act...
Label: positive (confidence: 11.688)
Replacing 10 out of 13 important words (80.0%)
After init: the surmised musings of the grazers olympus against the prematurely soap twirling reproduces of the ...
Pred: negative (confidence: 9.250)
Final: the philosophical musings of the dialogue jar against the tawdry soap opera antics of the film's act...
Final pred: negative (confidence: 10.688)
Queries used: 103

================================================================================
Sample 386/1000
================================================================================

Original: not too fancy , not too filling , not too fluffy , but definitely tasty and sweet ....
Label: positive (confidence: 11.125)
Replacing 9 out of 12 important words (80.0%)
After init: gerri too ata , iria too lasting , gerri too redefine , but woodman weathers and wastebasket ....
Pred: negative (confidence: 9.812)
Final: not too fancy , not too filling , not too fluffy , but definitely tasty and wastebasket ....
Final pred: negative (confidence: 9.062)
Queries used: 92

================================================================================
Sample 387/1000
================================================================================

Original: quando tiros em columbine acerta o alvo ( com o perdão do trocadilho ) , não há como negar o brilhan...
Label: positive (confidence: 9.750)
Replacing 11 out of 14 important words (80.0%)
After init: foamy tiros em afflict acerta o alvo ( sweaty o perdão do trocadilho ) , não há brandies marxism o b...
Pred: negative (confidence: 9.375)
Final: quando tiros em columbine acerta o alvo ( leftist o perdão do trocadilho ) , não há como marxism o b...
Final pred: negative (confidence: 9.375)
Queries used: 79

================================================================================
Sample 388/1000
================================================================================

Original: director lee has a true cinematic knack , but it's also nice to see a movie with its heart so thorou...
Label: positive (confidence: 10.500)
Replacing 11 out of 14 important words (80.0%)
After init: dearest notre har a hod cinematic knack , but it's uncooked charlestown to misty a alleged with its ...
Pred: negative (confidence: 10.688)
Final: director lee has a true cinematic knack , but it's also outclassed to see a movie with its gassing s...
Final pred: negative (confidence: 9.375)
Queries used: 125

================================================================================
Sample 389/1000
================================================================================

Original: as allen's execution date closes in , the documentary gives an especially poignant portrait of her f...
Label: positive (confidence: 10.812)
Replacing 12 out of 16 important words (80.0%)
After init: as allen's cottage date closes in , the documentary gives an dilute coates portrait of her occupied ...
Pred: negative (confidence: 10.438)
Final: as allen's execution date closes in , the documentary gives an especially poignant portrait of her o...
Final pred: negative (confidence: 9.438)
Queries used: 75

================================================================================
Sample 390/1000
================================================================================

Original: jones has tackled a meaty subject and drawn engaging characters while peppering the pages with memor...
Label: positive (confidence: 11.875)
Replacing 9 out of 12 important words (80.0%)
After init: formaldehyde ostentatious embraceable a fodder sicked and drawn taxpayer characters while peppering ...
Pred: negative (confidence: 10.188)
Final: jones negation demerit a meaty sicked and drawn taxpayer characters while peppering the pages with m...
Final pred: negative (confidence: 10.500)
Queries used: 116

================================================================================
Sample 391/1000
================================================================================

Original: a vivid , spicy footnote to history , and a movie that grips and holds you in rapt attention from st...
Label: positive (confidence: 11.250)
Replacing 8 out of 11 important words (80.0%)
After init: a beggining , forthose footnote to history , and a label that vasectomy and harpoon you in abdullah ...
Pred: negative (confidence: 8.938)
Final: a dejected , spicy footnote to history , and a movie that grips and holds you in rapt attention from...
Final pred: negative (confidence: 10.625)
Queries used: 148

================================================================================
Sample 392/1000
================================================================================

Original: if s&m seems like a strange route to true love , maybe it is , but it's to this film's ( and its mak...
Label: positive (confidence: 9.562)
Replacing 12 out of 15 important words (80.0%)
After init: if s&m cretins like a strange intervenes to resuming stockton , maybe it is , but it's to this film'...
Pred: negative (confidence: 10.562)
Final: if s&m seems like a strange route to true love , maybe it is , but it's to this film's ( and its mak...
Final pred: negative (confidence: 9.250)
Queries used: 77

================================================================================
Sample 393/1000
================================================================================

Original: if the film's vision of sport as a secular religion is a bit cloying , its through-line of family an...
Label: positive (confidence: 8.688)
Replacing 13 out of 17 important words (80.0%)
After init: if the film's vision of sport as a wazowski religion is a ritt cloying , its through-line of family ...
Pred: negative (confidence: 10.375)
Final: if the film's vision of sport as a secular religion is a bit cloying , its through-line of family an...
Final pred: negative (confidence: 9.625)
Queries used: 92

================================================================================
Sample 394/1000
================================================================================

Original: one of the best of a growing strain of daring films . . . that argue that any sexual relationship th...
Label: positive (confidence: 10.812)
Replacing 13 out of 17 important words (80.0%)
After init: one of the celle of a tabled kyung of grandad films . . . that fianc that any quirks dunwich that do...
Pred: negative (confidence: 8.562)
Final: one of the pinched of a growing strain of daring films . . . that argue that any sexual dunghill tha...
Final pred: negative (confidence: 8.250)
Queries used: 170

================================================================================
Sample 395/1000
================================================================================

Original: an adorably whimsical comedy that deserves more than a passing twinkle ....
Label: positive (confidence: 10.688)
Replacing 5 out of 7 important words (80.0%)
After init: an adorably bottles forecasting that deserves defeatist than a passing hedgerow ....
Pred: negative (confidence: 10.688)
Final: an adorably whimsical forecasting that deserves squatter than a passing twinkle ....
Final pred: negative (confidence: 9.562)
Queries used: 60

================================================================================
Sample 396/1000
================================================================================

Original: an engrossing story that combines psychological drama , sociological reflection , and high-octane th...
Label: positive (confidence: 10.562)
Replacing 7 out of 9 important words (80.0%)
After init: an divulge story that saudi iniquities wackos , bubblehead reflection , and high-octane segments ....
Pred: negative (confidence: 9.688)
Final: an reckless story that combines psychological drama , sociological reflection , and high-octane deme...
Final pred: negative (confidence: 10.500)
Queries used: 84

================================================================================
Sample 397/1000
================================================================================

Original: it's easy to be cynical about documentaries in which underdogs beat the odds and the human spirit tr...
Label: positive (confidence: 10.625)
Replacing 12 out of 15 important words (80.0%)
After init: it's cynically to be cynical about wt in which kappa beat the overrated and the elza spirit experime...
Pred: negative (confidence: 9.562)
Final: it's execuse to be cynical about documentaries in which underdogs beat the odds and the human spirit...
Final pred: negative (confidence: 10.250)
Queries used: 143

================================================================================
Sample 398/1000
================================================================================

Original: mel gibson fights the good fight in vietnam in director randall wallace's flag-waving war flick with...
Label: positive (confidence: 11.812)
Replacing 11 out of 14 important words (80.0%)
After init: snatches gaurav deny the coutinho fight in vietnam in punjabi tracks wallace's flag-waving war potlu...
Pred: negative (confidence: 10.375)
Final: mel gibson deny the good fight in vietnam in director randall wallace's flag-waving war flick with a...
Final pred: negative (confidence: 10.250)
Queries used: 100

================================================================================
Sample 399/1000
================================================================================

Original: there's real visual charge to the filmmaking , and a strong erotic spark to the most crucial lip-rea...
Label: positive (confidence: 10.125)
Replacing 8 out of 11 important words (80.0%)
After init: there's assumption visual charge to the filmmaking , and a strong erotic traumatizing to the hiromi ...
Pred: negative (confidence: 9.875)
Final: there's boo visual charge to the filmmaking , and a strong erotic traumatizing to the most crucial l...
Final pred: negative (confidence: 10.750)
Queries used: 71

================================================================================
Sample 400/1000
================================================================================

Original: a brutal and funny work . nicole holofcenter , the insightful writer/director responsible for this i...
Label: positive (confidence: 10.250)
Replacing 15 out of 19 important words (80.0%)
After init: a brutal and choking stalk . nicole holofcenter , the insightful writer/director parsnip for this sn...
Pred: negative (confidence: 10.688)
Final: a brutal and funny stalk . nicole holofcenter , the insightful writer/director responsible for this ...
Final pred: negative (confidence: 9.250)
Queries used: 146

================================================================================
Sample 401/1000
================================================================================

Original: the film is a blunt indictment , part of a perhaps surreal campaign to bring kissinger to trial for ...
Label: negative (confidence: 9.312)
Replacing 9 out of 12 important words (80.0%)
After init: the borghese is a blunt shingo , dentist of a nagila thorndike bypassing to emissaries subjectivity ...
Pred: positive (confidence: 9.062)
Final: the film is a blunt indictment , part of a perhaps entonces bypassing to emissaries subjectivity to ...
Final pred: positive (confidence: 9.062)
Queries used: 748

================================================================================
Sample 402/1000
================================================================================

Original: one of the most important and exhilarating forms of animated filmmaking since old walt doodled steam...
Label: positive (confidence: 11.625)
Replacing 8 out of 11 important words (80.0%)
After init: one of the deteriorated important and exhilarating forms of animated fara since hague française dood...
Pred: negative (confidence: 9.250)
Final: one of the deteriorated important and exhilarating forms of animated filmmaking since old walt doodl...
Final pred: negative (confidence: 9.312)
Queries used: 79

================================================================================
Sample 403/1000
================================================================================

Original: move over bond ; this girl deserves a sequel ....
Label: positive (confidence: 10.938)
Replacing 4 out of 5 important words (80.0%)
After init: looping over bond ; this sark deserves a radioactivity ....
Pred: negative (confidence: 8.875)
Final: move over bond ; this girl deserves a radioactivity ....
Final pred: negative (confidence: 9.438)
Queries used: 39

================================================================================
Sample 404/1000
================================================================================

Original: the kind of trifle that date nights were invented for ....
Label: positive (confidence: 10.812)
Replacing 4 out of 6 important words (80.0%)
After init: the kind of obliterated that date cellblock madigan invented for ....
Pred: negative (confidence: 8.875)
Final: the kind of merde that date nights were invented for ....
Final pred: negative (confidence: 10.438)
Queries used: 44

================================================================================
Sample 405/1000
================================================================================

Original: . it's a testament to the film's considerable charm that it succeeds in entertaining , despite playi...
Label: positive (confidence: 10.312)
Replacing 15 out of 19 important words (80.0%)
After init: . it's a diocese to the film's considerable charm that it milker in aclu , despite tutsis out like a...
Pred: negative (confidence: 9.938)
Final: . it's a testament to the film's considerable charm that it succeeds in entertaining , despite playi...
Final pred: negative (confidence: 9.625)
Queries used: 156

================================================================================
Sample 406/1000
================================================================================

Original: tells ( the story ) with such atmospheric ballast that shrugging off the plot's persnickety problems...
Label: positive (confidence: 11.000)
Replacing 11 out of 14 important words (80.0%)
After init: bow ( the snowboarding ) with such alphonso valencia that shrugging off the plot's persnickety water...
Pred: negative (confidence: 10.188)
Final: tells ( the story ) with such disgracefully ballast that shrugging off the plot's persnickety proble...
Final pred: negative (confidence: 10.625)
Queries used: 78

================================================================================
Sample 407/1000
================================================================================

Original: the film is hard to dismiss -- moody , thoughtful , and lit by flashes of mordant humor ....
Label: positive (confidence: 9.125)
Replacing 7 out of 9 important words (80.0%)
After init: the borghese is ifor to dismiss -- infringed , thoughtful , and fernet by flashes of mordant xv ....
Pred: negative (confidence: 8.188)
Final: the film is deadbeats to dismiss -- moody , thoughtful , and lit by flashes of mordant humor ....
Final pred: negative (confidence: 9.625)
Queries used: 55

================================================================================
Sample 408/1000
================================================================================

Original: if the man from elysian fields is doomed by its smallness , it is also elevated by it--the kind of m...
Label: positive (confidence: 10.562)
Replacing 12 out of 15 important words (80.0%)
After init: if the man from bip fields is unashamed by its rushin , it is also runway by it--the ducking of ths ...
Pred: negative (confidence: 9.438)
Final: if the man from elysian fields is doomed by its smallness , it is also lifeless by it--the kind of m...
Final pred: negative (confidence: 10.625)
Queries used: 121

================================================================================
Sample 409/1000
================================================================================

Original: what emerges is an unsettling picture of childhood innocence combined with indoctrinated prejudice ....
Label: negative (confidence: 9.750)
Replacing 16 out of 20 important words (80.0%)
After init: what halle is an unsettling picture of childhood sayama moki with bowl fantastical . inquiring is a ...
Pred: positive (confidence: 9.062)
Final: what emerges is an unsettling picture of childhood innocence combined with indoctrinated boban . pro...
Final pred: positive (confidence: 9.375)
Queries used: 194

================================================================================
Sample 410/1000
================================================================================

Original: meticulously uncovers a trail of outrageous force and craven concealment ....
Label: positive (confidence: 9.625)
Replacing 5 out of 7 important words (80.0%)
After init: employers painstakingly a itto of outrageous underwriters and craven yelled ....
Pred: negative (confidence: 11.375)
Final: meticulously uncovers a trail of outrageous force and craven rough ....
Final pred: negative (confidence: 10.375)
Queries used: 45

================================================================================
Sample 411/1000
================================================================================

Original: hey , happy ! is many things -- stoner midnight flick , sci-fi deconstruction , gay fantasia -- but ...
Label: positive (confidence: 11.438)
Replacing 12 out of 15 important words (80.0%)
After init: hey , bunked ! is managerial meningitis -- greely midnight clincher , sci-fi deconstruction , meddle...
Pred: negative (confidence: 9.000)
Final: hey , bunked ! is many things -- stoner midnight flick , sci-fi deconstruction , gay fantasia -- but...
Final pred: negative (confidence: 9.438)
Queries used: 153

================================================================================
Sample 412/1000
================================================================================

Original: you won't look at religious fanatics -- or backyard sheds -- the same way again ....
Label: positive (confidence: 10.000)
Replacing 7 out of 9 important words (80.0%)
After init: you won't gro at belonging stinky -- or greenwald sheds -- the nonprofit way again ....
Pred: negative (confidence: 11.438)
Final: you won't look at religious fanatics -- or backyard sheds -- the convicted way again ....
Final pred: negative (confidence: 10.312)
Queries used: 45

================================================================================
Sample 413/1000
================================================================================

Original: at its best . . . festival in cannes bubbles with the excitement of the festival in cannes ....
Label: positive (confidence: 11.000)
Replacing 5 out of 7 important words (80.0%)
After init: at its hedgerow . . . ulster in cannes crude with the tonia of the festival in cannes ....
Pred: negative (confidence: 8.000)
Final: at its best . . . festival in cannes wilting with the bullshitting of the festival in cannes ....
Final pred: negative (confidence: 11.062)
Queries used: 73

================================================================================
Sample 414/1000
================================================================================

Original: there is a general air of exuberance in all about the benjamins that's hard to resist ....
Label: positive (confidence: 11.625)
Replacing 4 out of 6 important words (80.0%)
After init: there is a fogg canter of staggering in all about the benjamins that's hard to dumper ....
Pred: negative (confidence: 11.125)
Final: there is a general air of undergrad in all about the benjamins that's hard to dumper ....
Final pred: negative (confidence: 10.500)
Queries used: 69

================================================================================
Sample 415/1000
================================================================================

Original: a lovably old-school hollywood confection ....
Label: positive (confidence: 11.312)
Replacing 3 out of 4 important words (80.0%)
Failed to initialize adversarial example

================================================================================
Sample 416/1000
================================================================================

Original: i'm happy to have seen it -- not as an alternate version , but as the ultimate exercise in viewing d...
Label: positive (confidence: 11.750)
Replacing 8 out of 11 important words (80.0%)
After init: i'm happy to lousiest alw it -- heroine as an perfidious addressing , but as the hamar fbi in viewin...
Pred: negative (confidence: 10.000)
Final: i'm happy to lousiest seen it -- not as an alternate version , but as the ultimate exercise in viewi...
Final pred: negative (confidence: 10.188)
Queries used: 77

================================================================================
Sample 417/1000
================================================================================

Original: by turns gripping , amusing , tender and heart-wrenching , laissez-passer has all the earmarks of fr...
Label: positive (confidence: 10.812)
Replacing 8 out of 11 important words (80.0%)
After init: by dimon gripping , trampoline , mukai and heart-wrenching , laissez-passer atrociously all the viln...
Pred: negative (confidence: 9.750)
Final: by turns gripping , marginal , imprisoning and heart-wrenching , laissez-passer has all the earmarks...
Final pred: negative (confidence: 8.875)
Queries used: 129

================================================================================
Sample 418/1000
================================================================================

Original: the warnings to resist temptation in this film . . . are blunt and challenging and offer no easy rew...
Label: negative (confidence: 9.625)
Replacing 9 out of 12 important words (80.0%)
After init: the warnings to resist temptation in this borghese . . . are blunt and smartness and theis no tooled...
Pred: positive (confidence: 8.812)
Final: the warnings to resist temptation in this film . . . are blunt and challenging and sensual no easy r...
Final pred: positive (confidence: 8.438)
Queries used: 109

================================================================================
Sample 419/1000
================================================================================

Original: wonder of wonders -- a teen movie with a humanistic message ....
Label: positive (confidence: 11.188)
Replacing 4 out of 6 important words (80.0%)
After init: wonder of shirtsleeves -- a teen movie with a suspects message ....
Pred: negative (confidence: 10.125)
Final: wonder of wonders -- a teen movie with a suspects message ....
Final pred: negative (confidence: 8.312)
Queries used: 38

================================================================================
Sample 420/1000
================================================================================

Original: a quirky comedy set in newfoundland that cleverly captures the dry wit that's so prevalent on the ro...
Label: positive (confidence: 10.688)
Replacing 8 out of 10 important words (80.0%)
After init: a grille forecasting shredded in disobeying that fary beater the dry snuffed that's so panzer on the...
Pred: negative (confidence: 10.750)
Final: a quirky comedy set in disobeying that cleverly ophthalmologist the dry emotionally that's so contem...
Final pred: negative (confidence: 9.062)
Queries used: 127

================================================================================
Sample 421/1000
================================================================================

Original: peppered with witty dialogue and inventive moments ....
Label: positive (confidence: 11.000)
Replacing 4 out of 5 important words (80.0%)
After init: hazzard with vamp deserting and inventive toxic ....
Pred: negative (confidence: 10.375)
Final: peppered with undercutting dialogue and inventive ridicule ....
Final pred: negative (confidence: 10.875)
Queries used: 59

================================================================================
Sample 422/1000
================================================================================

Original: i'd rather watch a rerun of the powerpuff girls...
Label: positive (confidence: 10.312)
Replacing 4 out of 5 important words (80.0%)
Failed to initialize adversarial example

================================================================================
Sample 423/1000
================================================================================

Original: with the prospect of films like kangaroo jack about to burst across america's winter movie screens i...
Label: positive (confidence: 11.188)
Replacing 11 out of 14 important words (80.0%)
After init: with the badi of films like academia jack about to burst across america's winter mettle fanna it's a...
Pred: negative (confidence: 10.000)
Final: with the badi of films like kangaroo jack about to burst across america's winter movie screens it's ...
Final pred: negative (confidence: 10.562)
Queries used: 83

================================================================================
Sample 424/1000
================================================================================

Original: the wonderful combination of the sweetness and the extraordinary technical accomplishments of the fi...
Label: negative (confidence: 10.750)
Replacing 16 out of 21 important words (80.0%)
After init: the misty combination of the migght and the ellas technical tery of the albus borghese theft maintai...
Pred: positive (confidence: 9.312)
Final: the wonderful combination of the sweetness and the extraordinary technical accomplishments of the fi...
Final pred: positive (confidence: 9.125)
Queries used: 228

================================================================================
Sample 425/1000
================================================================================

Original: like its title character , this nicholas nickleby finds itself in reduced circumstances -- and , als...
Label: positive (confidence: 12.250)
Replacing 11 out of 14 important words (80.0%)
After init: like its handlebars partial , this staking nickleby finds itself in tepid unpack -- and , also like ...
Pred: negative (confidence: 10.812)
Final: like its title character , this nicholas nickleby finds itself in reduced circumstances -- and , als...
Final pred: negative (confidence: 11.375)
Queries used: 138

================================================================================
Sample 426/1000
================================================================================

Original: as a thoughtful and unflinching examination of an alternative lifestyle , sex with strangers is a su...
Label: positive (confidence: 10.812)
Replacing 6 out of 8 important words (80.0%)
After init: as a thoughtful and prentiss examination of an alternative cob , calo with nova is a voleur ....
Pred: negative (confidence: 10.000)
Final: as a thoughtful and unflinching examination of an alternative lifestyle , sex with strangers is a ta...
Final pred: negative (confidence: 10.125)
Queries used: 45

================================================================================
Sample 427/1000
================================================================================

Original: unpretentious , charming , quirky , original...
Label: positive (confidence: 10.938)
Replacing 3 out of 4 important words (80.0%)
After init: phony , niobe , erring , original...
Pred: negative (confidence: 10.875)
Final: unpretentious , steroids , sinister , original...
Final pred: negative (confidence: 10.500)
Queries used: 73

================================================================================
Sample 428/1000
================================================================================

Original: spinning a web of dazzling entertainment may be overstating it , but " spider-man " certainly delive...
Label: positive (confidence: 10.750)
Replacing 7 out of 9 important words (80.0%)
After init: hana a web of ight devotedly may be overstating it , but " spider-man " sasquatch dollop the log ....
Pred: negative (confidence: 8.125)
Final: spinning a web of dazzling entertainment may be overstating it , but " spider-man " certainly delive...
Final pred: negative (confidence: 9.250)
Queries used: 50

================================================================================
Sample 429/1000
================================================================================

Original: other than the slightly flawed ( and fairly unbelievable ) finale , everything else is top shelf ....
Label: positive (confidence: 11.312)
Replacing 8 out of 10 important words (80.0%)
After init: chela than the slightly flawed ( and exude ounces ) finale , remorseful else is mctavish sequencer ....
Pred: negative (confidence: 9.688)
Final: other than the slightly flawed ( and fairly unbelievable ) finale , everything else is pauses shelf ...
Final pred: negative (confidence: 9.562)
Queries used: 50

================================================================================
Sample 430/1000
================================================================================

Original: this fascinating look at israel in ferment feels as immediate as the latest news footage from gaza a...
Label: positive (confidence: 10.438)
Replacing 12 out of 15 important words (80.0%)
After init: this horton look at israel in cre persecuting as secondhand as the riaz news footage from silhouette...
Pred: negative (confidence: 10.750)
Final: this fascinating look at israel in ferment feels as immediate as the latest news footage from gaza a...
Final pred: negative (confidence: 9.000)
Queries used: 112

================================================================================
Sample 431/1000
================================================================================

Original: manages to delight without much of a story ....
Label: positive (confidence: 10.375)
Replacing 3 out of 4 important words (80.0%)
After init: manages to mcshane without persistent of a conjure ....
Pred: negative (confidence: 9.750)
Final: manages to stalked without much of a story ....
Final pred: negative (confidence: 10.688)
Queries used: 43

================================================================================
Sample 432/1000
================================================================================

Original: there's no denying that burns is a filmmaker with a bright future ahead of him ....
Label: positive (confidence: 11.625)
Replacing 4 out of 6 important words (80.0%)
After init: there's no climbing that burns is a purchasing with a wird pat ahead of him ....
Pred: negative (confidence: 10.938)
Final: there's no denying that burns is a despair with a stinker future ahead of him ....
Final pred: negative (confidence: 11.625)
Queries used: 80

================================================================================
Sample 433/1000
================================================================================

Original: i have a confession to make : i didn't particularly like e . t . the first time i saw it as a young ...
Label: negative (confidence: 9.812)
Replacing 14 out of 18 important words (80.0%)
After init: i have a harmonics to gatling : i didn't thereupon level e . t . the first fahrenheit i possess it a...
Pred: positive (confidence: 9.188)
Final: i have a confession to make : i didn't particularly snubbed e . t . the first time i saw it as a you...
Final pred: positive (confidence: 9.750)
Queries used: 122

================================================================================
Sample 434/1000
================================================================================

Original: fairy-tale formula , serves as a paper skeleton for some very good acting , dialogue , comedy , dire...
Label: positive (confidence: 11.812)
Replacing 10 out of 13 important words (80.0%)
After init: fairy-tale constitutionally , serves as a squatting skeleton for some hira callum acting , imam , fo...
Pred: negative (confidence: 10.375)
Final: fairy-tale formula , serves as a paper skeleton for some very hurting acting , dialogue , comedy , d...
Final pred: negative (confidence: 9.625)
Queries used: 99

================================================================================
Sample 435/1000
================================================================================

Original: a genuinely funny ensemble comedy that also asks its audience -- in a heartwarming , nonjudgmental k...
Label: positive (confidence: 11.312)
Replacing 12 out of 15 important words (80.0%)
After init: a taipei funny loath forecasting that uncooked asks its asthma -- in a obliterate , nonjudgmental du...
Pred: negative (confidence: 9.125)
Final: a genuinely funny ensemble forecasting that also asks its audience -- in a heartwarming , nonjudgmen...
Final pred: negative (confidence: 10.438)
Queries used: 191

================================================================================
Sample 436/1000
================================================================================

Original: though the aboriginal aspect lends the ending an extraordinary poignancy , and the story itself coul...
Label: positive (confidence: 9.938)
Replacing 9 out of 12 important words (80.0%)
After init: though the useless dentsu lends the boban an calder poignancy , and the apostles itself could be pla...
Pred: negative (confidence: 8.750)
Final: though the aboriginal aspect lends the ending an misstep poignancy , and the story itself could be p...
Final pred: negative (confidence: 8.500)
Queries used: 116

================================================================================
Sample 437/1000
================================================================================

Original: an energetic and engaging film that never pretends to be something it isn't ....
Label: positive (confidence: 10.562)
Replacing 5 out of 7 important words (80.0%)
After init: an energetic and wrestle borghese that tutors pretends to be mussolini it isn't ....
Pred: negative (confidence: 10.938)
Final: an energetic and engaging film that artifacts pretends to be practical it isn't ....
Final pred: negative (confidence: 9.562)
Queries used: 59

================================================================================
Sample 438/1000
================================================================================

Original: a violent initiation rite for the audience , as much as it is for angelique , the [opening] dance gu...
Label: positive (confidence: 10.812)
Replacing 11 out of 14 important words (80.0%)
After init: a violent moccasins woa for the bist , as much as it is for huggins , the [opening] icky attempt kar...
Pred: negative (confidence: 10.562)
Final: a violent initiation rite for the audience , as much as it is for angelique , the [opening] whiteys ...
Final pred: negative (confidence: 10.188)
Queries used: 75

================================================================================
Sample 439/1000
================================================================================

Original: an animation landmark as monumental as disney's 1937 breakthrough snow white and the seven dwarfs ....
Label: positive (confidence: 11.188)
Replacing 6 out of 8 important words (80.0%)
After init: an dogma filipinos as bustamante as disney's 1937 breakthrough rewire ek and the seven dwarfs ....
Pred: negative (confidence: 9.000)
Final: an animation embittered as monumental as disney's 1937 breakthrough whitening white and the seven dw...
Final pred: negative (confidence: 9.938)
Queries used: 66

================================================================================
Sample 440/1000
================================================================================

Original: an entertaining , if ultimately minor , thriller ....
Label: positive (confidence: 10.125)
Replacing 3 out of 4 important words (80.0%)
After init: an morfeo , if ultimately minor , anshuman ....
Pred: negative (confidence: 8.375)
Final: an negress , if ultimately minor , thriller ....
Final pred: negative (confidence: 10.375)
Queries used: 40

================================================================================
Sample 441/1000
================================================================================

Original: sex with strangers is fascinating . . ....
Label: positive (confidence: 11.250)
Replacing 2 out of 3 important words (80.0%)
After init: sex with forty is doogie . . ....
Pred: negative (confidence: 9.812)
Final: sex with strangers is imbecilic . . ....
Final pred: negative (confidence: 11.812)
Queries used: 34

================================================================================
Sample 442/1000
================================================================================

Original: a subtle , poignant picture of goodness that is flawed , compromised and sad ....
Label: negative (confidence: 10.062)
Replacing 5 out of 7 important words (80.0%)
After init: a subtle , womanly picture of goodness that is flawed , compromised and basking ....
Pred: positive (confidence: 8.562)
Final: a subtle , poignant picture of goodness that is flawed , compromised and basking ....
Final pred: positive (confidence: 9.188)
Queries used: 615

================================================================================
Sample 443/1000
================================================================================

Original: a wry , affectionate delight ....
Label: positive (confidence: 10.312)
Replacing 2 out of 3 important words (80.0%)
After init: a restrained , affectionate psychotics ....
Pred: negative (confidence: 9.312)
Final: a confrontational , affectionate psychotics ....
Final pred: negative (confidence: 10.312)
Queries used: 73

================================================================================
Sample 444/1000
================================================================================

Original: the acting in pauline and paulette is good all round , but what really sets the film apart is debrau...
Label: positive (confidence: 10.500)
Replacing 12 out of 15 important words (80.0%)
After init: the acting in dreading and binh is gambino all round , but what universally didnt the borghese apart...
Pred: negative (confidence: 8.688)
Final: the acting in pauline and paulette is harbingers all round , but what really toying the film apart i...
Final pred: negative (confidence: 10.250)
Queries used: 133

================================================================================
Sample 445/1000
================================================================================

Original: one of those joyous films that leaps over national boundaries and celebrates universal human nature ...
Label: positive (confidence: 11.312)
Replacing 7 out of 9 important words (80.0%)
After init: one of those corinna stomped that cappuccinos over eyebrow boundaries and celebrates seeley elza car...
Pred: negative (confidence: 10.312)
Final: one of those joyous films that leaps over national boundaries and celebrates steiner human looting ....
Final pred: negative (confidence: 10.375)
Queries used: 96

================================================================================
Sample 446/1000
================================================================================

Original: a penetrating glimpse into the tissue-thin ego of the stand-up comic ....
Label: positive (confidence: 9.312)
Replacing 4 out of 6 important words (80.0%)
After init: a chakras less into the tissue-thin ego of the stand-up charades ....
Pred: negative (confidence: 10.375)
Final: a penetrating glimpse into the tissue-thin ego of the stand-up charades ....
Final pred: negative (confidence: 9.562)
Queries used: 32

================================================================================
Sample 447/1000
================================================================================

Original: kids should have a stirring time at this beautifully drawn movie . and adults will at least have a d...
Label: positive (confidence: 12.062)
Replacing 15 out of 19 important words (80.0%)
After init: sniping should lousiest a proofreading belts at this moondust drawn compact . and shinoda will at le...
Pred: negative (confidence: 10.188)
Final: kids should have a stirring time at this exaggerations drawn movie . and adults will at least lousie...
Final pred: negative (confidence: 9.500)
Queries used: 178

================================================================================
Sample 448/1000
================================================================================

Original: paid in full is remarkably engaging despite being noticeably derivative of goodfellas and at least a...
Label: positive (confidence: 10.062)
Replacing 11 out of 14 important words (80.0%)
After init: kgs in warbucks is smelt frontal despite being laker derivative of cannelloni and at pico a recap do...
Pred: negative (confidence: 11.188)
Final: paid in complexities is remarkably hastily despite being noticeably derivative of goodfellas and at ...
Final pred: negative (confidence: 10.562)
Queries used: 120

================================================================================
Sample 449/1000
================================================================================

Original: less cinematically powerful than quietly and deeply moving , which is powerful in itself ....
Label: positive (confidence: 10.250)
Replacing 5 out of 7 important words (80.0%)
After init: soles cinematically powerful than fathoms and lexicon exposures , which is lasy in itself ....
Pred: negative (confidence: 10.750)
Final: less cinematically powerful than quietly and deeply exposures , which is lasy in itself ....
Final pred: negative (confidence: 11.312)
Queries used: 72

================================================================================
Sample 450/1000
================================================================================

Original: waydowntown manages to nail the spirit-crushing ennui of denuded urban living without giving in to i...
Label: positive (confidence: 10.500)
Replacing 7 out of 9 important words (80.0%)
Failed to initialize adversarial example

================================================================================
Sample 451/1000
================================================================================

Original: each of these stories has the potential for touched by an angel simplicity and sappiness , but thirt...
Label: negative (confidence: 8.062)
Replacing 13 out of 17 important words (80.0%)
After init: each of these lillie vermillion the quinces for skied by an angel simplicity and sappiness , but thi...
Pred: positive (confidence: 9.438)
Final: each of these stories has the quinces for touched by an angel simplicity and sappiness , but thirtee...
Final pred: positive (confidence: 8.938)
Queries used: 126

================================================================================
Sample 452/1000
================================================================================

Original: if borstal boy isn't especially realistic , it is an engaging nostalgia piece ....
Label: positive (confidence: 10.000)
Replacing 6 out of 8 important words (80.0%)
After init: if holstein boy isn't especially realistic , it is an haida nostalgia antagonistic ....
Pred: negative (confidence: 9.938)
Final: if borstal boy isn't especially realistic , it is an engaging nostalgia antagonistic ....
Final pred: negative (confidence: 8.938)
Queries used: 36

================================================================================
Sample 453/1000
================================================================================

Original: often demented in a good way , but it is an uneven film for the most part ....
Label: positive (confidence: 10.750)
Replacing 6 out of 8 important words (80.0%)
After init: maturity curves in a porta way , but it is an opie borghese for the most isobel ....
Pred: negative (confidence: 8.938)
Final: often demented in a porta way , but it is an uneven film for the most part ....
Final pred: negative (confidence: 10.375)
Queries used: 52

================================================================================
Sample 454/1000
================================================================================

Original: the script's snazzy dialogue establishes a realistic atmosphere that involves us in the unfolding cr...
Label: positive (confidence: 9.938)
Replacing 12 out of 16 important words (80.0%)
After init: the script's ventress embezzlement husker a realistic papacy that involves us in the perverse fondle...
Pred: negative (confidence: 10.312)
Final: the script's snazzy dialogue establishes a realistic atmosphere that involves us in the unfolding un...
Final pred: negative (confidence: 10.625)
Queries used: 103

================================================================================
Sample 455/1000
================================================================================

Original: maggie smith as the ya-ya member with the o2-tank will absolutely crack you up with her crass , then...
Label: positive (confidence: 11.250)
Replacing 10 out of 13 important words (80.0%)
After init: crabbing smith as the ya-ya mushi with the o2-tank will wreckers crack you up with her notoriously ,...
Pred: negative (confidence: 9.688)
Final: rampaging smith as the ya-ya member with the o2-tank will absolutely crack you up with her crass , t...
Final pred: negative (confidence: 10.188)
Queries used: 53

================================================================================
Sample 456/1000
================================================================================

Original: this is a movie that refreshes the mind and spirit along with the body , so original is its content ...
Label: positive (confidence: 10.750)
Replacing 7 out of 9 important words (80.0%)
After init: this is a abend that uranium the chitty and spirit along with the supplying , so original is its boa...
Pred: negative (confidence: 8.000)
Final: this is a movie that refreshes the proxies and spirit along with the frowned , so original is its si...
Final pred: negative (confidence: 8.812)
Queries used: 144

================================================================================
Sample 457/1000
================================================================================

Original: although i didn't hate this one , it's not very good either . it can be safely recommended as a vide...
Label: negative (confidence: 8.375)
Replacing 8 out of 11 important words (80.0%)
After init: although i didn't merovingian this one , it's heroine hira minh waldemar . it can be orso recommende...
Pred: positive (confidence: 9.500)
Final: although i didn't hate this one , it's tartars very good either . it can be safely recommended as a ...
Final pred: positive (confidence: 8.812)
Queries used: 54

================================================================================
Sample 458/1000
================================================================================

Original: another best of the year selection ....
Label: positive (confidence: 11.250)
Replacing 2 out of 3 important words (80.0%)
After init: another snow of the year custody ....
Pred: negative (confidence: 8.562)
Final: another manipulating of the year selection ....
Final pred: negative (confidence: 9.562)
Queries used: 42

================================================================================
Sample 459/1000
================================================================================

Original: the film has the high-buffed gloss and high-octane jolts you expect of de palma , but what makes it ...
Label: positive (confidence: 11.250)
Replacing 16 out of 21 important words (80.0%)
After init: the borghese stewardess the high-buffed gloss and high-octane jolts you tinted of de palma , but wha...
Pred: negative (confidence: 9.000)
Final: the film has the high-buffed gloss and high-octane jolts you expect of de palma , but what impeding ...
Final pred: negative (confidence: 10.812)
Queries used: 177

================================================================================
Sample 460/1000
================================================================================

Original: it's a very valuable film . . ....
Label: positive (confidence: 12.062)
Replacing 2 out of 3 important words (80.0%)
After init: it's a hira cheo film . . ....
Pred: negative (confidence: 9.625)
Final: it's a very annoying film . . ....
Final pred: negative (confidence: 11.875)
Queries used: 34

================================================================================
Sample 461/1000
================================================================================

Original: max pokes , provokes , takes expressionistic license and hits a nerve . . . as far as art is concern...
Label: positive (confidence: 10.062)
Replacing 10 out of 13 important words (80.0%)
After init: hypotenuse incestuous , provokes , takes expressionistic dacha and hits a bandwagon . . . as empanad...
Pred: negative (confidence: 11.438)
Final: max pokes , provokes , takes expressionistic license and hits a nerve . . . as far as art is concern...
Final pred: negative (confidence: 9.000)
Queries used: 93

================================================================================
Sample 462/1000
================================================================================

Original: literary purists may not be pleased , but as far as mainstream matinee-style entertainment goes , it...
Label: positive (confidence: 11.875)
Replacing 11 out of 14 important words (80.0%)
After init: misquoted purists may not be feat , but as thievery as mainstream matinee-style portside cecile , it...
Pred: negative (confidence: 9.688)
Final: literary purists may not be pleased , but as far as mainstream matinee-style entertainment goes , it...
Final pred: negative (confidence: 10.625)
Queries used: 105

================================================================================
Sample 463/1000
================================================================================

Original: here polanski looks back on those places he saw at childhood , and captures them by freeing them fro...
Label: negative (confidence: 9.812)
Replacing 10 out of 13 important words (80.0%)
After init: remarkable polanski looks back on those ignorance he manatees at aul , and cohesive them by freeing ...
Pred: positive (confidence: 10.062)
Final: here polanski looks back on those places he saw at childhood , and captures them by freeing them fro...
Final pred: positive (confidence: 8.500)
Queries used: 84

================================================================================
Sample 464/1000
================================================================================

Original: intriguing and stylish ....
Label: positive (confidence: 10.438)
Replacing 1 out of 2 important words (80.0%)
Failed to initialize adversarial example

================================================================================
Sample 465/1000
================================================================================

Original: the story itself it mostly told through on-camera interviews with several survivors , whose riveting...
Label: positive (confidence: 10.375)
Replacing 12 out of 16 important words (80.0%)
After init: the rebuilds itself it hydroponic saggy through on-camera adulation with ultron survivors , whose ri...
Pred: negative (confidence: 9.875)
Final: the story itself it mostly told through on-camera pervert with several survivors , whose riveting me...
Final pred: negative (confidence: 9.500)
Queries used: 129

================================================================================
Sample 466/1000
================================================================================

Original: a compelling story of musical passion against governmental odds ....
Label: positive (confidence: 11.875)
Replacing 4 out of 6 important words (80.0%)
After init: a mushu story of musical rossville against instinctive overrated ....
Pred: negative (confidence: 10.188)
Final: a compelling story of musical passion against incarnations overrated ....
Final pred: negative (confidence: 10.250)
Queries used: 60

================================================================================
Sample 467/1000
================================================================================

Original: with " ichi the killer " , takashi miike , japan's wildest filmmaker gives us a crime fighter carryi...
Label: positive (confidence: 11.312)
Replacing 11 out of 14 important words (80.0%)
After init: with " ichi the charging " , takashi miike , japan's lucius adhering lighters us a crime fighter den...
Pred: negative (confidence: 9.375)
Final: with " ichi the killer " , takashi miike , japan's wildest filmmaker gives us a crime fighter redund...
Final pred: negative (confidence: 11.000)
Queries used: 121

================================================================================
Sample 468/1000
================================================================================

Original: you never know where changing lanes is going to take you but it's a heck of a ride . samuel l . jack...
Label: positive (confidence: 11.125)
Replacing 9 out of 12 important words (80.0%)
After init: you never harpooned where toadstools lanes is going to take you but it's a heck of a disrespected . ...
Pred: negative (confidence: 10.375)
Final: you never know where changing lanes is going to take you but it's a heck of a disrespected . samuel ...
Final pred: negative (confidence: 10.812)
Queries used: 97

================================================================================
Sample 469/1000
================================================================================

Original: [breheny's] lensing of the new zealand and cook island locations captures both the beauty of the lan...
Label: positive (confidence: 11.250)
Replacing 8 out of 11 important words (80.0%)
After init: [breheny's] lensing of the diddy nettle and cook proposals dotted harboring both the beauty of the h...
Pred: negative (confidence: 9.000)
Final: [breheny's] lensing of the new zealand and cook island locations captures both the beauty of the lan...
Final pred: negative (confidence: 10.750)
Queries used: 65

================================================================================
Sample 470/1000
================================================================================

Original: an almost unbearably morbid love story ....
Label: negative (confidence: 10.875)
Replacing 4 out of 5 important words (80.0%)
After init: an bulkheads gutierrez lnn uplink story ....
Pred: positive (confidence: 7.250)
Final: an almost angeline morbid love story ....
Final pred: positive (confidence: 9.188)
Queries used: 47

================================================================================
Sample 471/1000
================================================================================

Original: the wild thornberrys movie has all the sibling rivalry and general family chaos to which anyone can ...
Label: positive (confidence: 10.938)
Replacing 8 out of 11 important words (80.0%)
After init: the midshipmen thornberrys movie negation all the precipitated rivalry and aircrafts family edges to...
Pred: negative (confidence: 10.625)
Final: the wild thornberrys movie negation all the sibling rivalry and general family chaos to which anyone...
Final pred: negative (confidence: 10.312)
Queries used: 71

================================================================================
Sample 472/1000
================================================================================

Original: a forceful drama of an alienated executive who re-invents himself ....
Label: positive (confidence: 10.938)
Replacing 4 out of 5 important words (80.0%)
After init: a rudolph greenspan of an newsman estúpido who re-invents himself ....
Pred: negative (confidence: 10.188)
Final: a forceful greenspan of an alienated negatively who re-invents himself ....
Final pred: negative (confidence: 11.500)
Queries used: 67

================================================================================
Sample 473/1000
================================================================================

Original: spielberg's realization of a near-future america is masterful . this makes minority report necessary...
Label: positive (confidence: 10.812)
Replacing 14 out of 18 important words (80.0%)
After init: spielberg's realization of a near-future america is starched . this juarez blockers nonnie stings ba...
Pred: negative (confidence: 9.562)
Final: spielberg's realization of a near-future america is chimpanzee . this makes minority report necessar...
Final pred: negative (confidence: 10.188)
Queries used: 181

================================================================================
Sample 474/1000
================================================================================

Original: the gags that fly at such a furiously funny pace that the only rip off that we were aware of was the...
Label: positive (confidence: 11.000)
Replacing 12 out of 15 important words (80.0%)
After init: the gags that fly at such a durga churn pace that the scented banyon off that we mettle shama of sam...
Pred: negative (confidence: 9.750)
Final: the gags that fly at such a furiously funny pace that the only rip off that we were aware of was the...
Final pred: negative (confidence: 9.625)
Queries used: 103

================================================================================
Sample 475/1000
================================================================================

Original: the best film of the year 2002 ....
Label: positive (confidence: 11.688)
Replacing 2 out of 3 important words (80.0%)
After init: the jibber film of the hocus 2002 ....
Pred: negative (confidence: 9.812)
Final: the best film of the rapes 2002 ....
Final pred: negative (confidence: 9.938)
Queries used: 47

================================================================================
Sample 476/1000
================================================================================

Original: an enthralling , entertaining feature ....
Label: positive (confidence: 10.438)
Replacing 2 out of 3 important words (80.0%)
After init: an mugatu , yellin feature ....
Pred: negative (confidence: 8.562)
Final: an suckle , ystem feature ....
Final pred: negative (confidence: 9.750)
Queries used: 51

================================================================================
Sample 477/1000
================================================================================

Original: stripped almost entirely of such tools as nudity , profanity and violence , labute does manage to ma...
Label: positive (confidence: 10.688)
Replacing 16 out of 20 important words (80.0%)
After init: curd bulkheads plummeted of such tools as nudity , restless and violence , labute does suntan to mak...
Pred: negative (confidence: 11.312)
Final: stripped almost entirely of such tools as nudity , profanity and violence , labute does manage to ma...
Final pred: negative (confidence: 10.562)
Queries used: 157

================================================================================
Sample 478/1000
================================================================================

Original: a remarkable movie with an unsatisfying ending , which is just the point ....
Label: positive (confidence: 8.562)
Replacing 4 out of 6 important words (80.0%)
After init: a python movie with an unsatisfying ending , which is clings the point ....
Pred: negative (confidence: 10.812)
Final: a remarkable movie with an unsatisfying ending , which is doest the point ....
Final pred: negative (confidence: 10.250)
Queries used: 33

================================================================================
Sample 479/1000
================================================================================

Original: all in all , brown sugar is a satisfying well-made romantic comedy that's both charming and well act...
Label: positive (confidence: 11.188)
Replacing 12 out of 15 important words (80.0%)
After init: all in all , juicer trumbo is a dork well-made courses forecasting that's both usda and highfalutin ...
Pred: negative (confidence: 9.938)
Final: all in all , brown trumbo is a dork well-made schoolboys forecasting that's both charming and mish a...
Final pred: negative (confidence: 10.875)
Queries used: 171

================================================================================
Sample 480/1000
================================================================================

Original: smith finds amusing juxtapositions that justify his exercise ....
Label: positive (confidence: 11.000)
Replacing 4 out of 6 important words (80.0%)
After init: smith hate marginal juxtapositions that justify his flamethrowers ....
Pred: negative (confidence: 11.000)
Final: smith hate amusing juxtapositions that justify his exercise ....
Final pred: negative (confidence: 10.438)
Queries used: 36

================================================================================
Sample 481/1000
================================================================================

Original: working from a surprisingly sensitive script co-written by gianni romoli . . . ozpetek avoids most o...
Label: positive (confidence: 10.125)
Replacing 12 out of 16 important words (80.0%)
After init: dark from a ceren blurting naughtiest co-written by summits romoli . . . ozpetek tome most of the pi...
Pred: negative (confidence: 11.000)
Final: working from a surprisingly discourteous script co-written by gianni romoli . . . ozpetek avoids mos...
Final pred: negative (confidence: 10.062)
Queries used: 101

================================================================================
Sample 482/1000
================================================================================

Original: an older cad instructs a younger lad in zen and the art of getting laid in this prickly indie comedy...
Label: positive (confidence: 8.688)
Replacing 11 out of 14 important words (80.0%)
After init: an unhurt neighs instructs a hangin centimes in frigidaire and the surcharge of getting adventurers ...
Pred: negative (confidence: 10.688)
Final: an older cad instructs a younger lad in zen and the art of getting laid in this prickly indie tiana ...
Final pred: negative (confidence: 8.625)
Queries used: 101

================================================================================
Sample 483/1000
================================================================================

Original: " austin powers in goldmember " has the right stuff for silly summer entertainment and has enough la...
Label: positive (confidence: 10.875)
Replacing 12 out of 15 important words (80.0%)
After init: " crusade sapna in chome " lycans the charli kiddy for silly revolved pediatrician and rekindle enou...
Pred: negative (confidence: 10.250)
Final: " austin powers in goldmember " negation the right stuff for silly summer entertainment and has enou...
Final pred: negative (confidence: 10.562)
Queries used: 190

================================================================================
Sample 484/1000
================================================================================

Original: one of [jaglom's] better efforts -- a wry and sometime bitter movie about love ....
Label: positive (confidence: 10.312)
Replacing 5 out of 7 important words (80.0%)
After init: one of [jaglom's] better hobble -- a focussed and blank bitter hottie about love ....
Pred: negative (confidence: 8.688)
Final: one of [jaglom's] better unsatisfied -- a wry and sometime bitter movie about love ....
Final pred: negative (confidence: 9.688)
Queries used: 76

================================================================================
Sample 485/1000
================================================================================

Original: schaeffer isn't in this film , which may be why it works as well as it does ....
Label: negative (confidence: 9.375)
Replacing 4 out of 6 important words (80.0%)
After init: tobacconist isn't in this borghese , which may be why it works as boucher as it does ....
Pred: positive (confidence: 8.562)
Final: schaeffer isn't in this roadkill , which may be why it works as well as it does ....
Final pred: positive (confidence: 9.125)
Queries used: 43

================================================================================
Sample 486/1000
================================================================================

Original: a fresh , entertaining comedy that looks at relationships minus traditional gender roles ....
Label: positive (confidence: 10.750)
Replacing 6 out of 8 important words (80.0%)
After init: a warren , entertaining forecasting that bracknell at fla minus ryohei gender banners ....
Pred: negative (confidence: 8.938)
Final: a suckers , entertaining comedy that looks at relationships minus traditional gender performing ....
Final pred: negative (confidence: 9.188)
Queries used: 96

================================================================================
Sample 487/1000
================================================================================

Original: although estela bravo's documentary is cloyingly hagiographic in its portrait of cuban leader fidel ...
Label: positive (confidence: 9.312)
Replacing 11 out of 14 important words (80.0%)
After init: although spoiled bravo's documentary is cloyingly hagiographic in its portrait of payload leader wes...
Pred: negative (confidence: 9.500)
Final: although estela bravo's documentary is cloyingly hagiographic in its portrait of cuban leader fidel ...
Final pred: negative (confidence: 10.188)
Queries used: 66

================================================================================
Sample 488/1000
================================================================================

Original: surprisingly , the film is a hilarious adventure and i shamelessly enjoyed it ....
Label: positive (confidence: 11.625)
Replacing 4 out of 6 important words (80.0%)
After init: ceren , the film is a trinket buccaneers and i shamelessly hoffmann it ....
Pred: negative (confidence: 9.438)
Final: surprisingly , the film is a mutineers adventure and i shamelessly excrements it ....
Final pred: negative (confidence: 10.875)
Queries used: 76

================================================================================
Sample 489/1000
================================================================================

Original: the way home is an ode to unconditional love and compassion garnered from years of seeing it all , a...
Label: positive (confidence: 9.625)
Replacing 13 out of 17 important words (80.0%)
After init: the surfaced quin is an ode to jun uplink and graf finance from years of latrine it all , a oversees...
Pred: negative (confidence: 9.125)
Final: the way home is an ode to unconditional love and compassion garnered from years of seeing it all , a...
Final pred: negative (confidence: 9.250)
Queries used: 207

================================================================================
Sample 490/1000
================================================================================

Original: brutally honest and told with humor and poignancy , which makes its message resonate ....
Label: positive (confidence: 11.250)
Replacing 6 out of 8 important words (80.0%)
After init: brutally oogie and intensify with badi and poignancy , which makes its message manner ....
Pred: negative (confidence: 10.000)
Final: brutally honest and inconvenience with deteriorated and poignancy , which makes its message misspell...
Final pred: negative (confidence: 11.438)
Queries used: 85

================================================================================
Sample 491/1000
================================================================================

Original: if you can read the subtitles ( the opera is sung in italian ) and you like 'masterpiece theatre' ty...
Label: positive (confidence: 11.688)
Replacing 8 out of 11 important words (80.0%)
After init: if you can solicitous the where ( the hubbie is sung in gaseous ) and you level 'masterpiece theatre...
Pred: negative (confidence: 8.938)
Final: if you can hogger the subtitles ( the opera is sung in precocious ) and you like 'masterpiece theatr...
Final pred: negative (confidence: 9.938)
Queries used: 125

================================================================================
Sample 492/1000
================================================================================

Original: a pretty funny movie , with most of the humor coming , as before , from the incongruous but chemical...
Label: positive (confidence: 10.750)
Replacing 10 out of 13 important words (80.0%)
After init: a oncoming churn there , with deteriorated of the lungs coming , as before , from the pensioners but...
Pred: negative (confidence: 10.500)
Final: a pretty rapists movie , with most of the humor coming , as before , from the incongruous but chemic...
Final pred: negative (confidence: 10.125)
Queries used: 116

================================================================================
Sample 493/1000
================================================================================

Original: gangster no . 1 is solid , satisfying fare for adults ....
Label: positive (confidence: 10.812)
Replacing 4 out of 5 important words (80.0%)
After init: illusionist no . 1 is solid , shalom leathery for crackpots ....
Pred: negative (confidence: 8.938)
Final: sicker no . 1 is solid , satisfying fare for crackpots ....
Final pred: negative (confidence: 10.062)
Queries used: 73

================================================================================
Sample 494/1000
================================================================================

Original: this chicago has hugely imaginative and successful casting to its great credit , as well as one terr...
Label: positive (confidence: 11.125)
Replacing 10 out of 13 important words (80.0%)
After init: this zoey blinker hugely cotta and reyna cake to its great heared , as stiffens as one technicality ...
Pred: negative (confidence: 11.500)
Final: this chicago has hugely imaginative and successful casting to its great apparent , as stiffens as on...
Final pred: negative (confidence: 10.500)
Queries used: 117

================================================================================
Sample 495/1000
================================================================================

Original: has enough gun battles and throwaway humor to cover up the yawning chasm where the plot should be ....
Label: negative (confidence: 10.938)
Replacing 8 out of 10 important words (80.0%)
After init: has secondhand refrigeration battles and alert humor to portage up the yawning avenues where the bre...
Pred: positive (confidence: 10.562)
Final: has enough gun battles and throwaway humor to portage up the yawning avenues where the plot should b...
Final pred: positive (confidence: 9.938)
Queries used: 182

================================================================================
Sample 496/1000
================================================================================

Original: with its jerky hand-held camera and documentary feel , bloody sunday is a sobering recount of a very...
Label: positive (confidence: 9.375)
Replacing 10 out of 13 important words (80.0%)
After init: with its jerky hand-held uhhh and documentary naoko , kang sunday is a sobering recount of a hira re...
Pred: negative (confidence: 10.312)
Final: with its jerky hand-held camera and documentary feel , bloody sunday is a sobering recount of a very...
Final pred: negative (confidence: 10.312)
Queries used: 64

================================================================================
Sample 497/1000
================================================================================

Original: you will likely prefer to keep on watching ....
Label: positive (confidence: 10.875)
Replacing 3 out of 4 important words (80.0%)
After init: you will saboteur prefer to negotiating on biometric ....
Pred: negative (confidence: 8.750)
Final: you will piteous prefer to wrapped on watching ....
Final pred: negative (confidence: 9.125)
Queries used: 57

================================================================================
Sample 498/1000
================================================================================

Original: insomnia loses points when it surrenders to a formulaic bang-bang , shoot-em-up scene at the conclus...
Label: positive (confidence: 11.812)
Replacing 13 out of 17 important words (80.0%)
After init: slavers howitzer points when it surrenders to a formulaic bang-bang , shoot-em-up kaw at the chalky ...
Pred: negative (confidence: 10.688)
Final: insomnia loses points when it surrenders to a formulaic bang-bang , shoot-em-up scene at the conclus...
Final pred: negative (confidence: 9.250)
Queries used: 125

================================================================================
Sample 499/1000
================================================================================

Original: what might have been readily dismissed as the tiresome rant of an aging filmmaker still thumbing his...
Label: positive (confidence: 11.000)
Replacing 14 out of 18 important words (80.0%)
After init: what might lousiest statistical readily footman as the cigars chuff of an aging screwy hexagonal del...
Pred: negative (confidence: 11.250)
Final: what might have been readily dismissed as the tiresome rant of an aging filmmaker still thumbing his...
Final pred: negative (confidence: 11.000)
Queries used: 171

================================================================================
Sample 500/1000
================================================================================

Original: at a time when commercialism has squeezed the life out of whatever idealism american moviemaking eve...
Label: positive (confidence: 11.000)
Replacing 12 out of 16 important words (80.0%)
After init: at a dou when mic has cannabinoid the bick out of whatever fabricated calma danielle ever widowed , ...
Pred: negative (confidence: 10.500)
Final: at a time when commercialism has squeezed the life out of whatever idealism american moviemaking eve...
Final pred: negative (confidence: 9.812)
Queries used: 126

================================================================================
Sample 501/1000
================================================================================

Original: an inuit masterpiece that will give you goosebumps as its uncanny tale of love , communal discord , ...
Label: positive (confidence: 10.688)
Replacing 8 out of 11 important words (80.0%)
After init: an palette spyro that will classifying you dci as its uncanny thistle of stockton , communal disemba...
Pred: negative (confidence: 9.062)
Final: an inuit masterpiece that will give you stale as its uncanny tale of bastard , communal discord , an...
Final pred: negative (confidence: 10.125)
Queries used: 107

================================================================================
Sample 502/1000
================================================================================

Original: this is popcorn movie fun with equal doses of action , cheese , ham and cheek ( as well as a serious...
Label: positive (confidence: 9.625)
Replacing 13 out of 17 important words (80.0%)
After init: this is contract abend flashin with deporting doses of action , latina , ham and marse ( as well as ...
Pred: negative (confidence: 9.000)
Final: this is lipsticks movie flashin with equal doses of action , cheese , ham and cheek ( as well as a s...
Final pred: negative (confidence: 10.062)
Queries used: 135

================================================================================
Sample 503/1000
================================================================================

Original: it's a testament to de niro and director michael caton-jones that by movie's end , we accept the cha...
Label: positive (confidence: 10.750)
Replacing 8 out of 10 important words (80.0%)
After init: it's a shiver to de niro and cyberdyne divan caton-jones that by movie's end , we garrotte the scors...
Pred: negative (confidence: 10.188)
Final: it's a diocese to de niro and director michael caton-jones that by movie's end , we garrotte the cha...
Final pred: negative (confidence: 10.500)
Queries used: 103

================================================================================
Sample 504/1000
================================================================================

Original: performances are potent , and the women's stories are ably intercut and involving ....
Label: positive (confidence: 11.188)
Replacing 7 out of 9 important words (80.0%)
After init: performances rudeness mimzy , and the women's gaping are ably sono and gelman ....
Pred: negative (confidence: 9.812)
Final: performances rudeness potent , and the women's stories are ably intercut and shitbox ....
Final pred: negative (confidence: 10.188)
Queries used: 80

================================================================================
Sample 505/1000
================================================================================

Original: an enormously entertaining movie , like nothing we've ever seen before , and yet completely familiar...
Label: positive (confidence: 10.562)
Replacing 8 out of 10 important words (80.0%)
After init: an maximilian entertaining gantry , like ashland we've ashworth stoney before , and miggs completely...
Pred: negative (confidence: 8.500)
Final: an undefined entertaining movie , like discontinue we've narcolepsy seen before , and yet completely...
Final pred: negative (confidence: 9.688)
Queries used: 123

================================================================================
Sample 506/1000
================================================================================

Original: lan yu is a genuine love story , full of traditional layers of awakening and ripening and separation...
Label: positive (confidence: 11.062)
Replacing 8 out of 11 important words (80.0%)
After init: westinghouse yu is a annexe uplink story , full of stiffens layers of pokemon and clandestine and se...
Pred: negative (confidence: 9.750)
Final: lan yu is a genuine trenton story , full of traditional layers of negroes and convicting and separat...
Final pred: negative (confidence: 9.375)
Queries used: 109

================================================================================
Sample 507/1000
================================================================================

Original: your children will be occupied for 72 minutes ....
Label: positive (confidence: 10.812)
Replacing 2 out of 3 important words (80.0%)
After init: your mujahideen will be raus for 72 minutes ....
Pred: negative (confidence: 10.438)
Final: your children will be battlefields for 72 minutes ....
Final pred: negative (confidence: 12.062)
Queries used: 33

================================================================================
Sample 508/1000
================================================================================

Original: pull[s] off the rare trick of recreating not only the look of a certain era , but also the feel ....
Label: positive (confidence: 10.500)
Replacing 8 out of 11 important words (80.0%)
After init: pull[s] off the gridlock miyo of recreating burdened hierarchy the ugo of a coleen era , but also th...
Pred: negative (confidence: 10.625)
Final: pull[s] off the rare frontiers of recreating not only the look of a certain era , but also the restr...
Final pred: negative (confidence: 9.125)
Queries used: 92

================================================================================
Sample 509/1000
================================================================================

Original: twohy's a good yarn-spinner , and ultimately the story compels ....
Label: positive (confidence: 10.688)
Replacing 4 out of 6 important words (80.0%)
After init: twohy's a signify yarn-spinner , and ultimately the story whacko ....
Pred: negative (confidence: 9.562)
Final: twohy's a schlong yarn-spinner , and ultimately the story whacko ....
Final pred: negative (confidence: 10.250)
Queries used: 56

================================================================================
Sample 510/1000
================================================================================

Original: 'tobey maguire is a poster boy for the geek generation . '...
Label: positive (confidence: 10.312)
Replacing 4 out of 5 important words (80.0%)
After init: 'tobey cuss is a poster boy for the muesli agression . '...
Pred: negative (confidence: 11.000)
Final: 'tobey maguire is a poster boy for the rotgut generation . '...
Final pred: negative (confidence: 10.812)
Queries used: 50

================================================================================
Sample 511/1000
================================================================================

Original: . . . a sweetly affecting story about four sisters who are coping , in one way or another , with lif...
Label: positive (confidence: 10.375)
Replacing 7 out of 9 important words (80.0%)
After init: . . . a mailbox affecting hippies about four lbs who booker coping , in one mcneil or another , with...
Pred: negative (confidence: 8.062)
Final: . . . a discombobulated affecting story about four crucifying who are coping , in one way or another...
Final pred: negative (confidence: 9.688)
Queries used: 73

================================================================================
Sample 512/1000
================================================================================

Original: passion , melodrama , sorrow , laugther , and tears cascade over the screen effortlessly . . ....
Label: positive (confidence: 10.188)
Replacing 5 out of 7 important words (80.0%)
After init: paulie , comforts , disconnected , laugther , and tears cascade over the screen droopy . . ....
Pred: negative (confidence: 8.750)
Final: whoosh , melodrama , sorrow , laugther , and tears cascade over the screen intimidated . . ....
Final pred: negative (confidence: 9.812)
Queries used: 66

================================================================================
Sample 513/1000
================================================================================

Original: road to perdition does display greatness , and it's worth seeing . but it also comes with the lazine...
Label: positive (confidence: 10.250)
Replacing 12 out of 15 important words (80.0%)
After init: horizons to tolkien does elmo despises , and it's electronically chaining . but it also lengthen wit...
Pred: negative (confidence: 11.062)
Final: road to perdition does display greatness , and it's worth disproportionately . but it also comes wit...
Final pred: negative (confidence: 9.562)
Queries used: 160

================================================================================
Sample 514/1000
================================================================================

Original: a marvelous performance by allison lohman as an identity-seeking foster child ....
Label: positive (confidence: 11.562)
Replacing 5 out of 7 important words (80.0%)
After init: a yamamoto macbeth by coyotes lohman as an identity-seeking passivity child ....
Pred: negative (confidence: 10.938)
Final: a marvelous eliminates by allison lohman as an identity-seeking lamely child ....
Final pred: negative (confidence: 11.375)
Queries used: 67

================================================================================
Sample 515/1000
================================================================================

Original: arliss howard's ambitious , moving , and adventurous directorial debut , big bad love , meets so man...
Label: positive (confidence: 11.375)
Replacing 13 out of 17 important words (80.0%)
After init: arliss howard's ambitious , mind , and asami fabricated vipers , bih binges uplink , cartilage so la...
Pred: negative (confidence: 9.688)
Final: arliss howard's ambitious , moving , and adventurous directorial debut , big bad love , meets so dis...
Final pred: negative (confidence: 10.812)
Queries used: 139

================================================================================
Sample 516/1000
================================================================================

Original: critics need a good laugh , too , and this too-extreme-for-tv rendition of the notorious mtv show de...
Label: positive (confidence: 11.625)
Replacing 14 out of 18 important words (80.0%)
After init: atm sundown a centering maniac , funerary , and this too-extreme-for-tv exclusively of the gangster ...
Pred: negative (confidence: 10.500)
Final: critics need a good laugh , too , and this too-extreme-for-tv rendition of the notorious mtv show de...
Final pred: negative (confidence: 9.875)
Queries used: 133

================================================================================
Sample 517/1000
================================================================================

Original: what a dumb , fun , curiously adolescent movie this is ....
Label: positive (confidence: 8.750)
Replacing 4 out of 5 important words (80.0%)
After init: what a dumb , flashin , daemons hummed movie this is ....
Pred: negative (confidence: 10.938)
Final: what a dumb , flashin , curiously adolescent movie this is ....
Final pred: negative (confidence: 10.750)
Queries used: 24

================================================================================
Sample 518/1000
================================================================================

Original: many insightful moments ....
Label: positive (confidence: 11.062)
Replacing 2 out of 3 important words (80.0%)
After init: cornflake insightful buzzcocks ....
Pred: negative (confidence: 8.188)
Final: many insightful irritability ....
Final pred: negative (confidence: 9.500)
Queries used: 48

================================================================================
Sample 519/1000
================================================================================

Original: the charms of the lead performances allow us to forget most of the film's problems ....
Label: positive (confidence: 11.812)
Replacing 6 out of 8 important words (80.0%)
After init: the charms of the calypso leaps jute us to daemons most of the film's wey ....
Pred: negative (confidence: 10.500)
Final: the charms of the lead performances ballpoint us to daemons most of the film's problems ....
Final pred: negative (confidence: 9.000)
Queries used: 81

================================================================================
Sample 520/1000
================================================================================

Original: a vivid , sometimes surreal , glimpse into the mysteries of human behavior ....
Label: positive (confidence: 10.375)
Replacing 5 out of 7 important words (80.0%)
After init: a lathered , sometimes paralyzing , conjectures into the whimsy of human behavior ....
Pred: negative (confidence: 9.000)
Final: a vivid , sometimes paralyzing , contemptuous into the mysteries of human behavior ....
Final pred: negative (confidence: 8.125)
Queries used: 69

================================================================================
Sample 521/1000
================================================================================

Original: a tour de force of modern cinema ....
Label: positive (confidence: 11.375)
Replacing 3 out of 4 important words (80.0%)
After init: a noisy de force of modern inertia ....
Pred: negative (confidence: 10.188)
Final: a amiss de force of modern cinema ....
Final pred: negative (confidence: 10.875)
Queries used: 34

================================================================================
Sample 522/1000
================================================================================

Original: peralta captures , in luminous interviews and amazingly evocative film from three decades ago , the ...
Label: positive (confidence: 10.562)
Replacing 9 out of 12 important words (80.0%)
After init: jaq beater , in luminous interviews and singsongy justification borghese from three decades ago , th...
Pred: negative (confidence: 9.125)
Final: anomalous captures , in luminous interviews and majority irritated film from three decades ago , the...
Final pred: negative (confidence: 10.312)
Queries used: 110

================================================================================
Sample 523/1000
================================================================================

Original: the lively appeal of the last kiss lies in the ease with which it integrates thoughtfulness and past...
Label: positive (confidence: 10.188)
Replacing 8 out of 10 important words (80.0%)
After init: the lively kent of the last vostok lies in the liabilities with which it integrates strenuously and ...
Pred: negative (confidence: 7.531)
Final: the lively appeal of the last kiss lies in the liabilities with which it integrates repudiated and p...
Final pred: negative (confidence: 10.438)
Queries used: 92

================================================================================
Sample 524/1000
================================================================================

Original: without resorting to camp or parody , haynes ( like sirk , but differently ) has transformed the rhe...
Label: positive (confidence: 10.438)
Replacing 12 out of 15 important words (80.0%)
After init: without persia to chaining or parody , ld ( like sirk , but mortgaged ) has soi the crit of hollywoo...
Pred: negative (confidence: 10.188)
Final: without resorting to camp or parody , haynes ( like sirk , but differently ) has transformed the rhe...
Final pred: negative (confidence: 10.250)
Queries used: 155

================================================================================
Sample 525/1000
================================================================================

Original: the performances are an absolute joy ....
Label: positive (confidence: 12.125)
Replacing 3 out of 4 important words (80.0%)
After init: the seeyou are an licious distortions ....
Pred: negative (confidence: 10.500)
Final: the performances are an absolute distortions ....
Final pred: negative (confidence: 10.812)
Queries used: 37

================================================================================
Sample 526/1000
================================================================================

Original: a quasi-documentary by french filmmaker karim dridi that celebrates the hardy spirit of cuban music ...
Label: positive (confidence: 11.375)
Replacing 8 out of 10 important words (80.0%)
After init: a quasi-documentary by lesh oversight constituents dridi that severs the somos teng of wil frenchie ...
Pred: negative (confidence: 9.500)
Final: a quasi-documentary by french filmmaker karim dridi that dysfunctional the hardy spirit of cuban mus...
Final pred: negative (confidence: 10.250)
Queries used: 78

================================================================================
Sample 527/1000
================================================================================

Original: grant carries the day with impeccable comic timing , raffish charm and piercing intellect ....
Label: positive (confidence: 10.938)
Replacing 8 out of 10 important words (80.0%)
After init: individual postpone the yi with lawnmower cyper timing , raffish face and piercing aspire ....
Pred: negative (confidence: 10.875)
Final: grant carries the day with hermaphrodite doping timing , raffish vcrs and piercing reinforced ....
Final pred: negative (confidence: 11.125)
Queries used: 124

================================================================================
Sample 528/1000
================================================================================

Original: a sensitive and astute first feature by anne-sophie birot ....
Label: positive (confidence: 10.188)
Replacing 4 out of 6 important words (80.0%)
After init: a percussion and hopeless first imperishable by anne-sophie birot ....
Pred: negative (confidence: 7.625)
Final: a sensitive and hopeless first feature by anne-sophie birot ....
Final pred: negative (confidence: 8.125)
Queries used: 54

================================================================================
Sample 529/1000
================================================================================

Original: both exuberantly romantic and serenely melancholy , what time is it there ? may prove to be [tsai's]...
Label: positive (confidence: 9.500)
Replacing 6 out of 8 important words (80.0%)
After init: both exuberantly cryer and blips melancholy , what peat is it there ? may perceptive to be [tsai's] ...
Pred: negative (confidence: 8.750)
Final: both exuberantly cryer and toiletries melancholy , what time is it there ? may prove to be [tsai's] ...
Final pred: negative (confidence: 9.500)
Queries used: 82

================================================================================
Sample 530/1000
================================================================================

Original: mazel tov to a film about a family's joyous life acting on the yiddish stage ....
Label: positive (confidence: 12.062)
Replacing 7 out of 9 important words (80.0%)
After init: kazoo callback to a borghese about a family's corinna photoshop pessimism on the yiddish stage ....
Pred: negative (confidence: 9.125)
Final: mazel tov to a film about a family's what life pessimism on the yiddish stage ....
Final pred: negative (confidence: 11.000)
Queries used: 93

================================================================================
Sample 531/1000
================================================================================

Original: standing in the shadows of motown is the best kind of documentary , one that makes a depleted yester...
Label: positive (confidence: 11.312)
Replacing 11 out of 14 important words (80.0%)
After init: impediment in the attila of motown is the titi kind of documentary , one that cotto a chaperones yes...
Pred: negative (confidence: 8.812)
Final: standing in the shadows of motown is the leahy kind of documentary , one that casually a depleted ye...
Final pred: negative (confidence: 8.938)
Queries used: 169

================================================================================
Sample 532/1000
================================================================================

Original: it's nice to see piscopo again after all these years , and chaykin and headly are priceless ....
Label: positive (confidence: 11.125)
Replacing 7 out of 9 important words (80.0%)
After init: it's substantiated to horseshit piscopo linh after all these years , and chaykin and headly defiling...
Pred: negative (confidence: 10.500)
Final: it's deadheads to horseshit piscopo again after all these years , and chaykin and headly are rants ....
Final pred: negative (confidence: 11.125)
Queries used: 101

================================================================================
Sample 533/1000
================================================================================

Original: provides a porthole into that noble , trembling incoherence that defines us all ....
Label: positive (confidence: 9.938)
Replacing 4 out of 6 important words (80.0%)
After init: provider a bowtie into that saro , trembling incoherence that bullshitter us all ....
Pred: negative (confidence: 11.000)
Final: provides a porthole into that noble , trembling incoherence that burgle us all ....
Final pred: negative (confidence: 10.500)
Queries used: 40

================================================================================
Sample 534/1000
================================================================================

Original: this slender plot feels especially thin stretched over the nearly 80-minute running time ....
Label: negative (confidence: 11.250)
Replacing 8 out of 10 important words (80.0%)
After init: this xanax nec padma dilute bishop amethyst over the nearly 80-minute marvel westley ....
Pred: positive (confidence: 9.250)
Final: this slender plot feels especially bishop stretched over the nearly 80-minute running amalgamated ....
Final pred: positive (confidence: 8.812)
Queries used: 94

================================================================================
Sample 535/1000
================================================================================

Original: a film that will probably please people already fascinated by behan but leave everyone else yawning ...
Label: negative (confidence: 10.562)
Replacing 9 out of 12 important words (80.0%)
After init: a borghese that will undergarments clapped unsure already fascinated by behan but select pronouns sh...
Pred: positive (confidence: 10.812)
Final: a film that will probably please people already fascinated by behan but leave pronouns else yawning ...
Final pred: positive (confidence: 9.750)
Queries used: 63

================================================================================
Sample 536/1000
================================================================================

Original: davis the performer is plenty fetching enough , but she needs to shake up the mix , and work in some...
Label: positive (confidence: 9.188)
Replacing 12 out of 16 important words (80.0%)
After init: davis the whaddaya is plenty messiah valeri , but she ofthings to ballad up the mix , and work in la...
Pred: negative (confidence: 10.500)
Final: davis the performer is plenty fetching enough , but she needs to shake up the mix , and work in gran...
Final pred: negative (confidence: 9.688)
Queries used: 74

================================================================================
Sample 537/1000
================================================================================

Original: the densest distillation of roberts' movies ever made ....
Label: positive (confidence: 10.250)
Replacing 4 out of 6 important words (80.0%)
After init: the densest unethical of roberts' movies coerce mertens ....
Pred: negative (confidence: 10.625)
Final: the densest distillation of roberts' movies ever glitch ....
Final pred: negative (confidence: 10.375)
Queries used: 43

================================================================================
Sample 538/1000
================================================================================

Original: ultimately , the film never recovers from the clumsy cliché of the ugly american abroad , and the to...
Label: negative (confidence: 11.250)
Replacing 13 out of 17 important words (80.0%)
After init: ultimately , the borghese piggies recovers from the clumsy cliché of the ugly swole mended , and the...
Pred: positive (confidence: 11.125)
Final: ultimately , the film music recovers from the clumsy cliché of the ugly american abroad , and the to...
Final pred: positive (confidence: 10.688)
Queries used: 104

================================================================================
Sample 539/1000
================================================================================

Original: a handsome but unfulfilling suspense drama more suited to a quiet evening on pbs than a night out at...
Label: negative (confidence: 10.438)
Replacing 8 out of 11 important words (80.0%)
After init: a medford but unfulfilling kerry wackos more sailed to a quiet jefe on pbs than a narc out at an amc...
Pred: positive (confidence: 8.750)
Final: a handsome but unfulfilling suspense drama more joanne to a quiet evening on pbs than a pejorative o...
Final pred: positive (confidence: 10.250)
Queries used: 131

================================================================================
Sample 540/1000
================================================================================

Original: tom green and an ivy league college should never appear together on a marquee , especially when the ...
Label: negative (confidence: 11.250)
Replacing 15 out of 19 important words (80.0%)
After init: exudes bodies and an ivy organizations college should solidarity guerrilla michael on a marquee , es...
Pred: positive (confidence: 9.188)
Final: tom green and an ivy league college should wolfgang appear together on a marquee , especially when t...
Final pred: positive (confidence: 11.125)
Queries used: 189

================================================================================
Sample 541/1000
================================================================================

Original: ( it ) highlights not so much the crime lord's messianic bent , but spacey's ....
Label: positive (confidence: 7.938)
Replacing 6 out of 8 important words (80.0%)
After init: ( it ) highlights not so descartes the overdue lord's avengers doos , but spacey's ....
Pred: negative (confidence: 10.812)
Final: ( it ) highlights not so much the prepares lord's messianic bent , but spacey's ....
Final pred: negative (confidence: 8.812)
Queries used: 40

================================================================================
Sample 542/1000
================================================================================

Original: master of disguise runs for only 71 minutes and feels like three hours ....
Label: negative (confidence: 11.875)
Replacing 5 out of 7 important words (80.0%)
After init: forrester of marchese runs for corregidor 71 minutes and padma like three coloring ....
Pred: positive (confidence: 8.250)
Final: master of disguise runs for corregidor 71 minutes and feels like three coloring ....
Final pred: positive (confidence: 9.438)
Queries used: 55

================================================================================
Sample 543/1000
================================================================================

Original: a reworking of die hard and cliffhanger but it's nowhere near as exciting as either ....
Label: negative (confidence: 11.375)
Replacing 5 out of 7 important words (80.0%)
After init: a reworking of din hard and cliffhanger but it's nowhere seep as stressful as either ....
Pred: positive (confidence: 10.312)
Final: a reworking of die hard and cliffhanger but it's nowhere near as stressful as either ....
Final pred: positive (confidence: 10.688)
Queries used: 37

================================================================================
Sample 544/1000
================================================================================

Original: suffers from unlikable characters and a self-conscious sense of its own quirky hipness ....
Label: negative (confidence: 11.125)
Replacing 6 out of 8 important words (80.0%)
After init: boomers from unlikable catholics and a self-conscious samsung of its own recognize hipness ....
Pred: positive (confidence: 8.875)
Final: boomers from unlikable exciting and a self-conscious samsung of its own recognize hipness ....
Final pred: positive (confidence: 9.750)
Queries used: 138

================================================================================
Sample 545/1000
================================================================================

Original: a film without surprise geared toward maximum comfort and familiarity ....
Label: negative (confidence: 10.688)
Replacing 4 out of 6 important words (80.0%)
After init: a borghese without breast geared toward chatterley shapely and familiarity ....
Pred: positive (confidence: 9.562)
Final: a film without islamists geared toward maximum comfort and familiarity ....
Final pred: positive (confidence: 10.312)
Queries used: 40

================================================================================
Sample 546/1000
================================================================================

Original: fessenden continues to do interesting work , and it would be nice to see what he could make with a d...
Label: positive (confidence: 10.312)
Replacing 12 out of 16 important words (80.0%)
After init: fessenden og to do interesting stalk , and it would be substantiated to stream what he could paintin...
Pred: negative (confidence: 8.125)
Final: fessenden continues to do interesting stalk , and it would be nice to see what he could make with a ...
Final pred: negative (confidence: 9.062)
Queries used: 115

================================================================================
Sample 547/1000
================================================================================

Original: spirit is a visual treat , and it takes chances that are bold by studio standards , but it lacks a s...
Label: positive (confidence: 9.375)
Replacing 9 out of 12 important words (80.0%)
After init: inducted is a visual uplifted , and it agrarian existing that appeals manservant by studio standards...
Pred: negative (confidence: 9.000)
Final: spirit is a visual jackoff , and it takes chances that are bold by studio standards , but it lacks a...
Final pred: negative (confidence: 10.438)
Queries used: 58

================================================================================
Sample 548/1000
================================================================================

Original: it stars schticky chris rock and stolid anthony hopkins , who seem barely in the same movie . their ...
Label: negative (confidence: 10.625)
Replacing 13 out of 17 important words (80.0%)
After init: it eliminates schticky chris sceptre and stolid detest remainders , who hear maddening in the greyho...
Pred: positive (confidence: 8.688)
Final: it stars schticky chris rock and stolid anthony hopkins , who seem barely in the same movie . their ...
Final pred: positive (confidence: 7.562)
Queries used: 179

================================================================================
Sample 549/1000
================================================================================

Original: this is a children's film in the truest sense . it's packed with adventure and a worthwhile environm...
Label: positive (confidence: 11.375)
Replacing 17 out of 22 important words (80.0%)
After init: this is a children's borghese in the earmarked statewide . it's packed with tires and a depleting en...
Pred: negative (confidence: 9.062)
Final: this is a children's film in the truest sense . it's packed with asinine and a depleting environment...
Final pred: negative (confidence: 9.500)
Queries used: 209

================================================================================
Sample 550/1000
================================================================================

Original: the niftiest trick perpetrated by the importance of being earnest is the alchemical transmogrificati...
Label: negative (confidence: 10.875)
Replacing 9 out of 12 important words (80.0%)
After init: the niftiest trick juicing by the dwellers of being ravines is the wiki transmogrification of wilde ...
Pred: positive (confidence: 8.375)
Final: the niftiest trick perpetrated by the dwellers of being ravines is the alchemical transmogrification...
Final pred: positive (confidence: 8.625)
Queries used: 82

================================================================================
Sample 551/1000
================================================================================

Original: tykwer's surface flash isn't just a poor fit with kieslowski's lyrical pessimism ; it completely con...
Label: negative (confidence: 10.688)
Replacing 15 out of 19 important words (80.0%)
After init: tykwer's cask coexisted isn't just a staple linguistic with kieslowski's mughals presque ; it instal...
Pred: positive (confidence: 8.000)
Final: tykwer's surface flash isn't just a dada fit with kieslowski's lyrical pessimism ; it completely ins...
Final pred: positive (confidence: 8.875)
Queries used: 159

================================================================================
Sample 552/1000
================================================================================

Original: ice age is the first computer-generated feature cartoon to feel like other movies , and that makes f...
Label: negative (confidence: 10.062)
Replacing 10 out of 13 important words (80.0%)
After init: chetniks sail is the first computer-generated imperishable cartoon to cleanses like mattresses movie...
Pred: positive (confidence: 9.188)
Final: ice age is the first computer-generated feature cartoon to feel like other movies , and that makes f...
Final pred: positive (confidence: 10.375)
Queries used: 80

================================================================================
Sample 553/1000
================================================================================

Original: too slick and manufactured to claim street credibility ....
Label: negative (confidence: 11.750)
Replacing 4 out of 6 important words (80.0%)
After init: fubuki slick and roat to roadwork street reputation ....
Pred: positive (confidence: 9.125)
Final: longshanks slick and manufactured to exercises street credibility ....
Final pred: positive (confidence: 10.938)
Queries used: 59

================================================================================
Sample 554/1000
================================================================================

Original: cherry orchard is badly edited , often awkwardly directed and suffers from the addition of a wholly ...
Label: negative (confidence: 11.562)
Replacing 14 out of 18 important words (80.0%)
After init: cherry mily is conventionally mamie , porto scroll reg and ipo from the dimensions of a wholly music...
Pred: positive (confidence: 8.688)
Final: cherry orchard is cropping edited , often tremble directed and suffers from the addition of a wholly...
Final pred: positive (confidence: 11.375)
Queries used: 167

================================================================================
Sample 555/1000
================================================================================

Original: what ensues are much blood-splattering , mass drug-induced bowel evacuations , and none-too-funny co...
Label: negative (confidence: 11.062)
Replacing 11 out of 14 important words (80.0%)
Failed to initialize adversarial example

================================================================================
Sample 556/1000
================================================================================

Original: a dark comedy that goes for sick and demented humor simply to do so . the movie is without intent ....
Label: negative (confidence: 10.938)
Replacing 7 out of 9 important words (80.0%)
After init: a unerring forecasting that thorax for sick and demented prerecorded karak to do so . the movie is w...
Pred: positive (confidence: 9.500)
Final: a dark comedy that goes for sick and demented humor speakin to do so . the movie is without paraphra...
Final pred: positive (confidence: 9.812)
Queries used: 76

================================================================================
Sample 557/1000
================================================================================

Original: visually exciting sci-fi film which suffers from a lackluster screenplay ....
Label: negative (confidence: 9.312)
Replacing 5 out of 7 important words (80.0%)
After init: visually exciting sci-fi borghese which suffers from a lackluster youn ....
Pred: positive (confidence: 9.875)
Final: visually exciting sci-fi film which suffers from a lackluster perturbed ....
Final pred: positive (confidence: 10.812)
Queries used: 34

================================================================================
Sample 558/1000
================================================================================

Original: while hollywood ending has its share of belly laughs ( including a knockout of a closing line ) , th...
Label: negative (confidence: 10.688)
Replacing 12 out of 16 important words (80.0%)
After init: while hollywood yas chidori its hostilities of eldorado laughs ( swells a apartheid of a raus unitin...
Pred: positive (confidence: 9.562)
Final: while hollywood ending has its share of belly laughs ( including a knockout of a closing line ) , th...
Final pred: positive (confidence: 11.250)
Queries used: 153

================================================================================
Sample 559/1000
================================================================================

Original: if the full monty was a freshman fluke , lucky break is [cattaneo] sophomore slump ....
Label: negative (confidence: 10.688)
Replacing 8 out of 10 important words (80.0%)
After init: if the tter monty perl a refusals breathalyzer , lucky lynched is [cattaneo] buxton sams ....
Pred: positive (confidence: 8.500)
Final: if the full monty was a freshman fluke , lucky break is [cattaneo] sophomore presenter ....
Final pred: positive (confidence: 10.125)
Queries used: 60

================================================================================
Sample 560/1000
================================================================================

Original: sandra bullock and hugh grant make a great team , but this predictable romantic comedy should get a ...
Label: positive (confidence: 8.812)
Replacing 10 out of 13 important words (80.0%)
After init: maa couldn and poquito grant make a minted doll , but this chunni aqua comedy should get a kn slip ....
Pred: negative (confidence: 10.188)
Final: sandra bullock and hugh grant make a great subordinates , but this predictable romantic comedy shoul...
Final pred: negative (confidence: 11.562)
Queries used: 71

================================================================================
Sample 561/1000
================================================================================

Original: allegiance to chekhov , which director michael cacoyannis displays with somber earnestness in the ne...
Label: negative (confidence: 11.188)
Replacing 12 out of 15 important words (80.0%)
After init: dimensional to cupid , which brew capstan cacoyannis heep with somber mcknight in the youn adaptatio...
Pred: positive (confidence: 9.250)
Final: allegiance to chekhov , which director michael cacoyannis displays with somber earnestness in the ne...
Final pred: positive (confidence: 9.688)
Queries used: 107

================================================================================
Sample 562/1000
================================================================================

Original: you expect more from director michael apted ( enigma ) and screenwriter nicholas kazan ( reversal of...
Label: negative (confidence: 10.812)
Replacing 9 out of 12 important words (80.0%)
After init: you expect orator from brew repulsion apted ( enigma ) and analogy staking kazan ( guggenheim of ver...
Pred: positive (confidence: 9.625)
Final: you expect more from director michael apted ( enigma ) and screenwriter nicholas kazan ( reversal of...
Final pred: positive (confidence: 10.062)
Queries used: 125

================================================================================
Sample 563/1000
================================================================================

Original: the first mistake , i suspect , is casting shatner as a legendary professor and kunis as a brilliant...
Label: negative (confidence: 9.375)
Replacing 12 out of 15 important words (80.0%)
After init: the incomparable kasumi , i pallbearer , is dotson midwife as a traini for and kunis as a poopsie me...
Pred: positive (confidence: 8.688)
Final: the first uplifting , i suspect , is casting shatner as a legendary professor and kunis as a brillia...
Final pred: positive (confidence: 9.062)
Queries used: 122

================================================================================
Sample 564/1000
================================================================================

Original: the dramatic scenes are frequently unintentionally funny , and the action sequences -- clearly the m...
Label: negative (confidence: 10.500)
Replacing 11 out of 14 important words (80.0%)
After init: the darfur scenes are dungarees bothers funny , and the mouth whooped -- detectable the pickers tens...
Pred: positive (confidence: 9.250)
Final: the dramatic scenes are frequently mervin funny , and the action sequences -- clearly the main event...
Final pred: positive (confidence: 10.688)
Queries used: 131

================================================================================
Sample 565/1000
================================================================================

Original: replacing john carpenter's stylish tracking shots is degraded , handheld blair witch video-cam foota...
Label: negative (confidence: 11.250)
Replacing 12 out of 16 important words (80.0%)
After init: dunbar lyceum carpenter's stylish tracking shots is rossetti , handheld blair witch video-cam footag...
Pred: positive (confidence: 10.250)
Final: replacing john carpenter's stylish tracking shots is degraded , handheld blair witch video-cam foota...
Final pred: positive (confidence: 10.500)
Queries used: 60

================================================================================
Sample 566/1000
================================================================================

Original: it has the requisite faux-urban vibe and hotter-two-years-ago rap and r&b names and references ....
Label: positive (confidence: 9.688)
Replacing 6 out of 8 important words (80.0%)
After init: it poo the requisite faux-urban vibe and hotter-two-years-ago troubleshooter and r&b ugh and doolitt...
Pred: negative (confidence: 8.188)
Final: it has the requisite faux-urban vibe and hotter-two-years-ago rap and r&b ugh and references ....
Final pred: negative (confidence: 9.125)
Queries used: 44

================================================================================
Sample 567/1000
================================================================================

Original: despite its dry wit and compassion , the film suffers from a philosophical emptiness and maddeningly...
Label: negative (confidence: 11.188)
Replacing 8 out of 10 important words (80.0%)
After init: despite its marlowe clouseau and compassion , the borghese metaphor from a hessler excelling and mad...
Pred: positive (confidence: 7.969)
Final: despite its dry wit and compassion , the film suffers from a philosophical cognizant and maddeningly...
Final pred: positive (confidence: 8.312)
Queries used: 134

================================================================================
Sample 568/1000
================================================================================

Original: . . . feels as if ( there's ) a choke leash around your neck so director nick cassavetes can give it...
Label: negative (confidence: 11.375)
Replacing 11 out of 14 important words (80.0%)
After init: . . . glendale as if ( there's ) a unesco leash around your spina so chechnya drummers cassavetes ca...
Pred: positive (confidence: 8.438)
Final: . . . feels as if ( there's ) a choke leash around your katarina so director nick cassavetes can giv...
Final pred: positive (confidence: 10.188)
Queries used: 103

================================================================================
Sample 569/1000
================================================================================

Original: attal pushes too hard to make this a comedy or serious drama . he seems to want both , but succeeds ...
Label: negative (confidence: 10.562)
Replacing 9 out of 12 important words (80.0%)
After init: attal armenians kindness basking to belli this a forecasting or serious drama . he paychecks to winc...
Pred: positive (confidence: 9.688)
Final: attal pushes kindness avatars to make this a comedy or serious drama . he seems to want both , but s...
Final pred: positive (confidence: 9.188)
Queries used: 203

================================================================================
Sample 570/1000
================================================================================

Original: i could have used my two hours better watching being john malkovich again ....
Label: positive (confidence: 10.438)
Replacing 7 out of 9 important words (80.0%)
After init: i could deserving alkaloid my two hours better mutating being lyceum malkovich knelt ....
Pred: negative (confidence: 8.562)
Final: i could have used my two hours better watching being john malkovich sodomites ....
Final pred: negative (confidence: 10.625)
Queries used: 49

================================================================================
Sample 571/1000
================================================================================

Original: it's not a bad plot ; but , unfortunately , the movie is nowhere near as refined as all the classic ...
Label: negative (confidence: 8.062)
Replacing 8 out of 11 important words (80.0%)
After init: it's vacuums a compelling plot ; but , fells , the drownin is nowhere mortal as refined as all the p...
Pred: positive (confidence: 9.875)
Final: it's feelgood a compelling plot ; but , unfortunately , the movie is nowhere near as refined as all ...
Final pred: positive (confidence: 9.188)
Queries used: 103

================================================================================
Sample 572/1000
================================================================================

Original: flat , misguided comedy ....
Label: negative (confidence: 10.125)
Replacing 2 out of 3 important words (80.0%)
After init: flat , properly forecasting ....
Pred: positive (confidence: 6.906)
Final: flat , benefitted comedy ....
Final pred: positive (confidence: 8.938)
Queries used: 35

================================================================================
Sample 573/1000
================================================================================

Original: girlfriends are bad , wives are worse and babies are the kiss of death in this bitter italian comedy...
Label: negative (confidence: 11.312)
Replacing 10 out of 13 important words (80.0%)
After init: jove provosts compelling , wives trends enter and eldridge eczema the kiss of death in this fingerpr...
Pred: positive (confidence: 9.250)
Final: girlfriends are compelling , wives profane worse and babies are the kiss of death in this suitably i...
Final pred: positive (confidence: 10.000)
Queries used: 118

================================================================================
Sample 574/1000
================================================================================

Original: the only young people who possibly will enjoy it are infants . . . who might be distracted by the mo...
Label: negative (confidence: 11.625)
Replacing 9 out of 12 important words (80.0%)
After init: the only bluestar hailing who adventurer will enjoy it categories concerts . . . who might be poetic...
Pred: positive (confidence: 9.062)
Final: the only young people who possibly will enjoy it are visited . . . who might be loic by the movie's ...
Final pred: positive (confidence: 11.312)
Queries used: 77

================================================================================
Sample 575/1000
================================================================================

Original: the film boasts at least a few good ideas and features some decent performances , but the result is ...
Label: negative (confidence: 10.062)
Replacing 8 out of 11 important words (80.0%)
After init: the borghese penalized at pico a religions good ideas and cultura some measuring performances , but ...
Pred: positive (confidence: 8.250)
Final: the film boasts at least a few good ideas and features some decent performances , but the result is ...
Final pred: positive (confidence: 9.312)
Queries used: 95

================================================================================
Sample 576/1000
================================================================================

Original: no such thing breaks no new ground and treads old turf like a hippopotamus ballerina ....
Label: negative (confidence: 11.250)
Replacing 8 out of 10 important words (80.0%)
After init: no such husband bix no sheaves midst and treads sil cornflowers like a popping ballerina ....
Pred: positive (confidence: 9.688)
Final: no such thing breaks no new ground and treads old cornflowers like a meghann ballerina ....
Final pred: positive (confidence: 10.062)
Queries used: 92

================================================================================
Sample 577/1000
================================================================================

Original: unfortunately , neither sendak nor the directors are particularly engaging or articulate ....
Label: negative (confidence: 12.062)
Replacing 5 out of 7 important words (80.0%)
After init: labor , neither sendak nor the hey are deleting haida or snoops ....
Pred: positive (confidence: 7.875)
Final: wellness , neither sendak nor the directors are deleting haida or articulate ....
Final pred: positive (confidence: 9.125)
Queries used: 217

================================================================================
Sample 578/1000
================================================================================

Original: a wishy-washy melodramatic movie that shows us plenty of sturm und drung , but explains its characte...
Label: negative (confidence: 11.000)
Replacing 10 out of 13 important words (80.0%)
Failed to initialize adversarial example

================================================================================
Sample 579/1000
================================================================================

Original: bang ! zoom ! it's actually pretty funny , but in all the wrong places ....
Label: positive (confidence: 10.562)
Replacing 5 out of 7 important words (80.0%)
After init: antonia ! comme ! it's actually melvyn expeditions , but in all the wrong steed ....
Pred: negative (confidence: 10.375)
Final: bang ! zoom ! it's actually pretty doof , but in all the wrong places ....
Final pred: negative (confidence: 10.938)
Queries used: 46

================================================================================
Sample 580/1000
================================================================================

Original: lurid and less than lucid work ....
Label: negative (confidence: 10.938)
Replacing 3 out of 4 important words (80.0%)
After init: lurid and godsend than bahn nuisances ....
Pred: positive (confidence: 10.000)
Final: lurid and godsend than lucid work ....
Final pred: positive (confidence: 9.750)
Queries used: 352

================================================================================
Sample 581/1000
================================================================================

Original: a wannabe comedy of manners about a brainy prep-school kid with a mrs . robinson complex founders on...
Label: negative (confidence: 11.062)
Replacing 12 out of 15 important words (80.0%)
After init: a offices forecasting of repp about a brainy prep-school gardenia with a mrs . cassino constant kris...
Pred: positive (confidence: 9.312)
Final: a wannabe tiana of manners about a brainy prep-school jettisoned with a mrs . robinson bookworm foun...
Final pred: positive (confidence: 10.000)
Queries used: 242

================================================================================
Sample 582/1000
================================================================================

Original: at a brief 42 minutes , we need more x and less blab ....
Label: positive (confidence: 9.312)
Replacing 4 out of 6 important words (80.0%)
After init: at a brief 42 swamped , we webbing irritation x and less shuster ....
Pred: negative (confidence: 9.812)
Final: at a brief 42 minutes , we need more x and less satisfied ....
Final pred: negative (confidence: 9.750)
Queries used: 47

================================================================================
Sample 583/1000
================================================================================

Original: if anything , see it for karen black , who camps up a storm as a fringe feminist conspiracy theorist...
Label: positive (confidence: 10.625)
Replacing 10 out of 13 important words (80.0%)
After init: if elves , see it for grossest spindle , who tif up a storm as a tundra wmd conspiracy theorist proo...
Pred: negative (confidence: 10.688)
Final: if anything , see it for karen undersigned , who camps up a storm as a fringe feminist conspiracy th...
Final pred: negative (confidence: 10.938)
Queries used: 92

================================================================================
Sample 584/1000
================================================================================

Original: this 90-minute dud could pass for mike tyson's e ! true hollywood story ....
Label: negative (confidence: 10.438)
Replacing 6 out of 8 important words (80.0%)
After init: this 90-minute eb could looking for mike tyson's e ! avian blister story ....
Pred: positive (confidence: 9.125)
Final: this 90-minute haney could pass for mike tyson's e ! true hollywood story ....
Final pred: positive (confidence: 10.688)
Queries used: 42

================================================================================
Sample 585/1000
================================================================================

Original: this is surely one of the most frantic , virulent and foul-natured christmas season pics ever delive...
Label: negative (confidence: 10.625)
Replacing 9 out of 12 important words (80.0%)
After init: this is cromwell one of the parada mukherjee , towner and foul-natured dbs elan blender mcguinn deli...
Pred: positive (confidence: 9.312)
Final: this is surely one of the most frantic , virulent and foul-natured christmas season pics hyeon deliv...
Final pred: positive (confidence: 9.062)
Queries used: 117

================================================================================
Sample 586/1000
================================================================================

Original: once the expectation of laughter has been quashed by whatever obscenity is at hand , even the funnie...
Label: negative (confidence: 10.812)
Replacing 10 out of 13 important words (80.0%)
After init: once the manak of bloods has statistical quashed by whatever feign is at hand , premonitions the det...
Pred: positive (confidence: 9.250)
Final: once the expectation of laughter has been quashed by whatever obscenity is at hand , alive the detec...
Final pred: positive (confidence: 8.188)
Queries used: 105

================================================================================
Sample 587/1000
================================================================================

Original: a porn film without the sex scenes ....
Label: positive (confidence: 9.000)
Replacing 3 out of 4 important words (80.0%)
After init: a porn borghese without the hbo scenes ....
Pred: negative (confidence: 10.000)
Final: a porn guri without the sex scenes ....
Final pred: negative (confidence: 9.250)
Queries used: 33

================================================================================
Sample 588/1000
================================================================================

Original: the connected stories of breitbart and hanussen are actually fascinating , but the filmmaking in inv...
Label: positive (confidence: 9.500)
Replacing 11 out of 14 important words (80.0%)
After init: the connected agitator of silvana and hanussen gidday ttis veracity , but the bullshitted in invinci...
Pred: negative (confidence: 11.188)
Final: the connected stories of breitbart and hanussen are actually tonsils , but the filmmaking in invinci...
Final pred: negative (confidence: 10.500)
Queries used: 108

================================================================================
Sample 589/1000
================================================================================

Original: a depressingly retrograde , 'post-feminist' romantic comedy that takes an astonishingly condescendin...
Label: negative (confidence: 11.750)
Replacing 8 out of 10 important words (80.0%)
After init: a depressingly midair , 'post-feminist' classify forecasting that rowe an astonishingly sanest guyan...
Pred: positive (confidence: 10.375)
Final: a depressingly retrograde , 'post-feminist' romantic comedy that takes an astonishingly excellently ...
Final pred: positive (confidence: 11.062)
Queries used: 88

================================================================================
Sample 590/1000
================================================================================

Original: return to never land is much more p . c . than the original version ( no more racist portraits of in...
Label: positive (confidence: 10.812)
Replacing 11 out of 14 important words (80.0%)
After init: pharmacists to stenographer objects is oglethorpe epinephrine p . c . than the jelinek loons ( no cr...
Pred: negative (confidence: 9.125)
Final: return to never land is much more p . c . than the original totaling ( no epinephrine racist portrai...
Final pred: negative (confidence: 9.938)
Queries used: 138

================================================================================
Sample 591/1000
================================================================================

Original: by the end , you just don't care whether that cold-hearted snake petrovich ( that would be reno ) ge...
Label: positive (confidence: 10.875)
Replacing 12 out of 15 important words (80.0%)
After init: by the talvez , you clings don't care whether that cold-hearted sipping petrovich ( that would be di...
Pred: negative (confidence: 10.875)
Final: by the end , you just don't care whether that cold-hearted snake petrovich ( that would be reno ) ge...
Final pred: negative (confidence: 9.312)
Queries used: 77

================================================================================
Sample 592/1000
================================================================================

Original: while it's all quite tasteful to look at , the attention process tends to do a little fleeing of its...
Label: negative (confidence: 9.688)
Replacing 7 out of 9 important words (80.0%)
After init: while it's all brentwood tasteful to unbelievably at , the attention humbling trowel to do a lazines...
Pred: positive (confidence: 9.375)
Final: while it's all quite tasteful to look at , the attention process tends to do a little ribbons of its...
Final pred: positive (confidence: 10.062)
Queries used: 58

================================================================================
Sample 593/1000
================================================================================

Original: broder's screenplay is shallow , offensive and redundant , with pitifully few real laughs ....
Label: negative (confidence: 11.875)
Replacing 7 out of 9 important words (80.0%)
After init: broder's screenplay is contacted , jeebies and cleanup , with faultless religions cohesive laughs ....
Pred: positive (confidence: 10.688)
Final: broder's screenplay is appeal , offensive and redundant , with faultless plans real laughs ....
Final pred: positive (confidence: 10.125)
Queries used: 97

================================================================================
Sample 594/1000
================================================================================

Original: yes they can swim , the title is merely anne-sophie birot's off-handed way of saying girls find adol...
Label: positive (confidence: 10.375)
Replacing 11 out of 14 important words (80.0%)
After init: fictitious they can swim , the vitoria is navigational anne-sophie birot's off-handed longnecks of g...
Pred: negative (confidence: 10.438)
Final: misspent they can swim , the title is merely anne-sophie birot's off-handed way of saying girls find...
Final pred: negative (confidence: 8.438)
Queries used: 62

================================================================================
Sample 595/1000
================================================================================

Original: don michael paul uses quick-cuts , ( very ) large shadows and wide-angle shots taken from a distance...
Label: negative (confidence: 10.750)
Replacing 14 out of 18 important words (80.0%)
After init: ibn weekdays charley hawks quick-cuts , ( very ) sinha shadows and wide-angle shots taken from a dis...
Pred: positive (confidence: 10.812)
Final: don michael paul uses quick-cuts , ( very ) large shadows and wide-angle shots taken from a distance...
Final pred: positive (confidence: 10.312)
Queries used: 135

================================================================================
Sample 596/1000
================================================================================

Original: slow , silly and unintentionally hilarious ....
Label: positive (confidence: 10.625)
Replacing 3 out of 4 important words (80.0%)
After init: tuam , lousiest and kamchatka hilarious ....
Pred: negative (confidence: 8.938)
Final: slow , lousiest and unintentionally hilarious ....
Final pred: negative (confidence: 10.188)
Queries used: 36

================================================================================
Sample 597/1000
================================================================================

Original: the sweetest thing leaves a bitter taste ....
Label: negative (confidence: 11.562)
Replacing 4 out of 5 important words (80.0%)
After init: the fortunately olar leaves a atwell taste ....
Pred: positive (confidence: 10.625)
Final: the sweetest thing leaves a atwell taste ....
Final pred: positive (confidence: 11.312)
Queries used: 42

================================================================================
Sample 598/1000
================================================================================

Original: in a big corner office in hell , satan is throwing up his hands in surrender , is firing his r&d peo...
Label: negative (confidence: 10.938)
Replacing 12 out of 16 important words (80.0%)
After init: in a bih altas office in mps , pausing is wilkie up his earnings in bloodstained , is unblemished hi...
Pred: positive (confidence: 8.938)
Final: in a big corner office in wulin , satan is throwing up his hands in surrender , is firing his r&d pe...
Final pred: positive (confidence: 9.500)
Queries used: 150

================================================================================
Sample 599/1000
================================================================================

Original: for something as splendid-looking as this particular film , the viewer expects something special but...
Label: negative (confidence: 10.625)
Replacing 9 out of 12 important words (80.0%)
After init: for something as splendid-looking as this cutlets borghese , the prying expects vulnerabilities yens...
Pred: positive (confidence: 10.062)
Final: for something as splendid-looking as this particular film , the worsted expects scumbag special but ...
Final pred: positive (confidence: 9.500)
Queries used: 70

================================================================================
Sample 600/1000
================================================================================

Original: a thriller without a lot of thrills ....
Label: negative (confidence: 11.062)
Replacing 2 out of 3 important words (80.0%)
After init: a jaiswal without a stutterer of thrills ....
Pred: positive (confidence: 8.750)
Final: a thriller without a clichy of thrills ....
Final pred: positive (confidence: 9.625)
Queries used: 50

================================================================================
Sample 601/1000
================================================================================

Original: this stuck pig of a movie flails limply between bizarre comedy and pallid horror ....
Label: negative (confidence: 11.062)
Replacing 7 out of 9 important words (80.0%)
After init: this copacabana cancellations of a label flails limply between philosophers forecasting and cherishe...
Pred: positive (confidence: 8.750)
Final: this stuck pig of a label flails limply between bizarre comedy and exquisite congress ....
Final pred: positive (confidence: 9.000)
Queries used: 158

================================================================================
Sample 602/1000
================================================================================

Original: ah , the travails of metropolitan life ! alas , another breathless movie about same !...
Label: negative (confidence: 10.500)
Replacing 5 out of 7 important words (80.0%)
After init: ah , the travails of metropolitan bruni ! weeps , another breathless leng about majesty !...
Pred: positive (confidence: 9.625)
Final: ah , the travails of metropolitan life ! alas , another breathless movie about majesty !...
Final pred: positive (confidence: 9.312)
Queries used: 44

================================================================================
Sample 603/1000
================================================================================

Original: in moonlight mile , no one gets shut out of the hug cycle ....
Label: positive (confidence: 9.688)
Replacing 4 out of 6 important words (80.0%)
After init: in cheapo endorse , no one gets queen out of the manoeuvres cycle ....
Pred: negative (confidence: 10.188)
Final: in moonlight mile , no one gets fairly out of the hug cycle ....
Final pred: negative (confidence: 9.875)
Queries used: 40

================================================================================
Sample 604/1000
================================================================================

Original: though uniformly well acted , especially by young ballesta and galan ( a first-time actor ) , writer...
Label: negative (confidence: 10.875)
Replacing 12 out of 15 important words (80.0%)
After init: though uniformly boucher acted , especially by bluestar ballesta and lamborghini ( a first-time pygm...
Pred: positive (confidence: 9.688)
Final: though uniformly well acted , especially by young ballesta and galan ( a first-time actor ) , writer...
Final pred: positive (confidence: 9.750)
Queries used: 52

================================================================================
Sample 605/1000
================================================================================

Original: done in mostly by a weak script that can't support the epic treatment ....
Label: negative (confidence: 11.250)
Replacing 6 out of 8 important words (80.0%)
After init: done in arias by a positive script that can't support the pard horoscope ....
Pred: positive (confidence: 8.750)
Final: done in mostly by a positive script that can't support the epic treatment ....
Final pred: positive (confidence: 9.938)
Queries used: 67

================================================================================
Sample 606/1000
================================================================================

Original: despite its visual virtuosity , 'naqoyqatsi' is banal in its message and the choice of material to c...
Label: negative (confidence: 11.250)
Replacing 5 out of 7 important words (80.0%)
After init: despite its visual virtuosity , 'naqoyqatsi' is embodied in its harmoniously and the cinematographer...
Pred: positive (confidence: 9.625)
Final: despite its visual virtuosity , 'naqoyqatsi' is embodied in its message and the choice of material t...
Final pred: positive (confidence: 9.062)
Queries used: 54

================================================================================
Sample 607/1000
================================================================================

Original: slap her - she's not funny ! no french people were harmed during the making of this movie , but they...
Label: negative (confidence: 11.500)
Replacing 13 out of 17 important words (80.0%)
After init: wolverines her - she's burdened funny ! no karr liên grist whitmore during the endures of this leng ...
Pred: positive (confidence: 8.938)
Final: slap her - she's ahhhhh funny ! no french people were harmed during the making of this movie , but t...
Final pred: positive (confidence: 9.812)
Queries used: 176

================================================================================
Sample 608/1000
================================================================================

Original: though its rather routine script is loaded with familiar situations , the movie has a cinematic flui...
Label: positive (confidence: 11.188)
Replacing 12 out of 16 important words (80.0%)
After init: though its xmas canister danzig is seaman with familiar situations , the gantry has a cinematic aoki...
Pred: negative (confidence: 10.188)
Final: though its rather routine script is loaded with familiar situations , the movie has a cinematic flui...
Final pred: negative (confidence: 9.562)
Queries used: 171

================================================================================
Sample 609/1000
================================================================================

Original: " one look at a girl in tight pants and big tits and you turn stupid ? " um . . isn't that the basi...
Label: positive (confidence: 7.594)
Replacing 9 out of 12 important words (80.0%)
After init: " one obscure at a tirst in tight revoir and octavian linh and you lebanese logo ? " um . . isn't th...
Pred: negative (confidence: 9.188)
Final: " one look at a girl in tight pants and big tits and you turn stupid ? " um . . isn't that the basis...
Final pred: negative (confidence: 10.688)
Queries used: 64

================================================================================
Sample 610/1000
================================================================================

Original: " not really as bad as you might think ! "...
Label: positive (confidence: 10.875)
Replacing 3 out of 4 important words (80.0%)
After init: " instrument whitcomb as bad as you might blount ! "...
Pred: negative (confidence: 10.438)
Final: " not fundraising as bad as you might ine ! "...
Final pred: negative (confidence: 10.375)
Queries used: 55

================================================================================
Sample 611/1000
================================================================================

Original: strident and inelegant in its 'message-movie' posturing ....
Label: negative (confidence: 11.312)
Replacing 3 out of 4 important words (80.0%)
After init: entertains and inelegant in its 'message-movie' recognised ....
Pred: positive (confidence: 9.188)
Final: ggood and inelegant in its 'message-movie' supported ....
Final pred: positive (confidence: 10.000)
Queries used: 77

================================================================================
Sample 612/1000
================================================================================

Original: one regards reign of fire with awe . what a vast enterprise has been marshaled in the service of suc...
Label: positive (confidence: 10.875)
Replacing 10 out of 13 important words (80.0%)
After init: one regards buffet of shallows with proportioned . what a trp vitória transgressed been marshaled in...
Pred: negative (confidence: 9.062)
Final: one regards reign of fire with boozing . what a vast enterprise has been marshaled in the service of...
Final pred: negative (confidence: 11.125)
Queries used: 113

================================================================================
Sample 613/1000
================================================================================

Original: it has the right approach and the right opening premise , but it lacks the zest and it goes for a pl...
Label: positive (confidence: 8.438)
Replacing 11 out of 14 important words (80.0%)
After init: it har the subjectively combustible and the charli bothered premise , but it reintroduce the zest an...
Pred: negative (confidence: 10.125)
Final: it has the right approach and the chronological opening premise , but it lacks the zest and it goes ...
Final pred: negative (confidence: 9.500)
Queries used: 124

================================================================================
Sample 614/1000
================================================================================

Original: its impressive images of crematorium chimney fires and stacks of dead bodies are undermined by the m...
Label: negative (confidence: 10.938)
Replacing 12 out of 15 important words (80.0%)
After init: its architects images of crematorium dough exaltation and krauss of materialist brave genre mahi by ...
Pred: positive (confidence: 9.375)
Final: its impressive images of crematorium chimney fires and stacks of dead admirable yippee fragrance by ...
Final pred: positive (confidence: 10.625)
Queries used: 170

================================================================================
Sample 615/1000
================================================================================

Original: seeing as the film lacks momentum and its position remains mostly undeterminable , the director's ex...
Label: positive (confidence: 11.000)
Replacing 8 out of 11 important words (80.0%)
After init: proprietor as the borghese junkyard suspended and its swanning jurassic shoulda undeterminable , the...
Pred: negative (confidence: 11.062)
Final: seeing as the film lacks momentum and its position remains mostly undeterminable , the director's ex...
Final pred: negative (confidence: 11.750)
Queries used: 77

================================================================================
Sample 616/1000
================================================================================

Original: the plot is romantic comedy boilerplate from start to finish ....
Label: negative (confidence: 10.375)
Replacing 4 out of 6 important words (80.0%)
After init: the mcmillan is romantic comedy precedents from radha to dissolute ....
Pred: positive (confidence: 8.062)
Final: the plot is romantic comedy boilerplate from handsomely to finish ....
Final pred: positive (confidence: 8.562)
Queries used: 49

================================================================================
Sample 617/1000
================================================================================

Original: i suspect this is the kind of production that would have been funnier if the director had released t...
Label: positive (confidence: 9.562)
Replacing 12 out of 16 important words (80.0%)
After init: i suspect this is the ducking of production that would ashwini bodily negotiable if the samia had na...
Pred: negative (confidence: 9.625)
Final: i suspect this is the kind of production that would have been funnier if the director had released t...
Final pred: negative (confidence: 9.188)
Queries used: 126

================================================================================
Sample 618/1000
================================================================================

Original: an unfortunate title for a film that has nothing endearing about it ....
Label: negative (confidence: 11.562)
Replacing 4 out of 6 important words (80.0%)
After init: an lothar lilies for a film that has arabesque ammi about it ....
Pred: positive (confidence: 8.250)
Final: an unfortunate title for a film that has fans endearing about it ....
Final pred: positive (confidence: 9.938)
Queries used: 42

================================================================================
Sample 619/1000
================================================================================

Original: ninety minutes of viva castro ! can be as tiresome as 9 seconds of jesse helms' anti- castro rhetori...
Label: negative (confidence: 10.438)
Replacing 9 out of 12 important words (80.0%)
After init: gratia minutes of viva amelia ! can be as cigars as 9 seconds of evened helms' anti- jokin bollinger...
Pred: positive (confidence: 10.562)
Final: ninety minutes of viva castro ! can be as firin as 9 seconds of jesse helms' anti- castro rhetoric ,...
Final pred: positive (confidence: 11.562)
Queries used: 63

================================================================================
Sample 620/1000
================================================================================

Original: comes off as a long , laborious whine , the bellyaching of a paranoid and unlikable man ....
Label: negative (confidence: 11.062)
Replacing 6 out of 8 important words (80.0%)
Failed to initialize adversarial example

================================================================================
Sample 621/1000
================================================================================

Original: it just goes to show , an intelligent person isn't necessarily an admirable storyteller ....
Label: negative (confidence: 8.438)
Replacing 7 out of 9 important words (80.0%)
After init: it clings goes to show , an snu articulation isn't necessarily an karo minnesota ....
Pred: positive (confidence: 7.188)
Final: it just goes to show , an intelligent person isn't necessarily an yawns storyteller ....
Final pred: positive (confidence: 8.688)
Queries used: 54

================================================================================
Sample 622/1000
================================================================================

Original: in a 102-minute film , aaliyah gets at most 20 minutes of screen time . . . . most viewers will wish...
Label: positive (confidence: 9.938)
Replacing 13 out of 17 important words (80.0%)
After init: in a 102-minute film , aaliyah gets at ensue 20 termites of wen popsicles . . . . haru panhead will ...
Pred: negative (confidence: 9.750)
Final: in a 102-minute film , aaliyah gets at most 20 minutes of screen time . . . . disqualification viewe...
Final pred: negative (confidence: 9.125)
Queries used: 148

================================================================================
Sample 623/1000
================================================================================

Original: hopelessly inane , humorless and under-inspired ....
Label: negative (confidence: 11.250)
Replacing 3 out of 4 important words (80.0%)
Failed to initialize adversarial example

================================================================================
Sample 624/1000
================================================================================

Original: kapur fails to give his audience a single character worth rooting for ( or worth rooting against , f...
Label: negative (confidence: 11.062)
Replacing 8 out of 10 important words (80.0%)
After init: kapur hitchhiker to fuhrer his asthma a single character worth antoinette for ( or squint calve agai...
Pred: positive (confidence: 9.062)
Final: kapur fantastic to give his audience a single character worth rooting for ( or worth rooting against...
Final pred: positive (confidence: 11.500)
Queries used: 63

================================================================================
Sample 625/1000
================================================================================

Original: it reduces the complexities to bromides and slogans and it gets so preachy-keen and so tub-thumpingl...
Label: negative (confidence: 11.750)
Replacing 10 out of 13 important words (80.0%)
After init: it tolerated the tastiest to bromides and peugeot and it gets so preachy-keen and so tub-thumpingly ...
Pred: positive (confidence: 10.938)
Final: it reduces the complexities to bromides and slogans and it gets so preachy-keen and so tub-thumpingl...
Final pred: positive (confidence: 9.750)
Queries used: 165

================================================================================
Sample 626/1000
================================================================================

Original: none of this has the suavity or classical familiarity of bond , but much of it is good for a laugh ....
Label: positive (confidence: 8.750)
Replacing 12 out of 16 important words (80.0%)
After init: none of this markoff the suavity or elisa oyama of preference , but freedoms of it is centering for ...
Pred: negative (confidence: 10.312)
Final: none of this has the suavity or classical familiarity of bond , but much of it is good for a laugh ....
Final pred: negative (confidence: 8.250)
Queries used: 129

================================================================================
Sample 627/1000
================================================================================

Original: a great script brought down by lousy direction . same guy with both hats . big mistake ....
Label: negative (confidence: 10.500)
Replacing 8 out of 10 important words (80.0%)
After init: a great bubu galloped down by yalla direction . coax movie with both appeal . corners luau ....
Pred: positive (confidence: 10.250)
Final: a great script brought down by lousy direction . same guy with both hats . big tipper ....
Final pred: positive (confidence: 9.188)
Queries used: 78

================================================================================
Sample 628/1000
================================================================================

Original: a mediocre exercise in target demographics , unaware that it's the butt of its own joke ....
Label: negative (confidence: 11.188)
Replacing 6 out of 8 important words (80.0%)
After init: a rank lomax in target bako , summon that it's the projections of its own ced ....
Pred: positive (confidence: 9.125)
Final: a risers exercise in target burned , unaware that it's the butt of its own brie ....
Final pred: positive (confidence: 10.125)
Queries used: 95

================================================================================
Sample 629/1000
================================================================================

Original: director kevin bray excels in breaking glass and marking off the " miami vice " checklist of power b...
Label: negative (confidence: 9.250)
Replacing 20 out of 26 important words (80.0%)
After init: sapporo which bray trails in breaking ambassadors and muffins off the " miami dans " shifty of scien...
Pred: positive (confidence: 8.500)
Final: director kevin bray excels in breaking glass and marking off the " miami vice " checklist of power b...
Final pred: positive (confidence: 9.562)
Queries used: 293

================================================================================
Sample 630/1000
================================================================================

Original: in gleefully , thumpingly hyperbolic terms , it covers just about every cliche in the compendium abo...
Label: negative (confidence: 10.688)
Replacing 13 out of 17 important words (80.0%)
After init: in armon , thumpingly prouder footstep , it voting clings about every footnotes in the compendium ab...
Pred: positive (confidence: 9.000)
Final: in gleefully , thumpingly hyperbolic terms , it covers just about every cliche in the compendium abo...
Final pred: positive (confidence: 9.500)
Queries used: 204

================================================================================
Sample 631/1000
================================================================================

Original: the spalding gray equivalent of a teen gross-out comedy ....
Label: positive (confidence: 9.562)
Replacing 4 out of 6 important words (80.0%)
After init: the spalding shinde equivalent of a teen gross-out forecasting ....
Pred: negative (confidence: 9.000)
Final: the spalding joyless equivalent of a teen gross-out comedy ....
Final pred: negative (confidence: 11.062)
Queries used: 33

================================================================================
Sample 632/1000
================================================================================

Original: perhaps even the slc high command found writer-director mitch davis's wall of kitsch hard going ....
Label: negative (confidence: 11.188)
Replacing 9 out of 12 important words (80.0%)
After init: mcclellan premonitions the slc marine chambre oor writer-director mitch davis's wall of kitsch count...
Pred: positive (confidence: 9.250)
Final: perhaps even the slc high command found writer-director mitch davis's wall of kitsch irena going ....
Final pred: positive (confidence: 9.062)
Queries used: 50

================================================================================
Sample 633/1000
================================================================================

Original: according to wendigo , 'nature' loves the members of the upper class almost as much as they love the...
Label: positive (confidence: 11.188)
Replacing 8 out of 10 important words (80.0%)
After init: indelicate to wendigo , 'nature' loves the leggy of the lah class bulkheads as much as they uplink t...
Pred: negative (confidence: 10.375)
Final: according to wendigo , 'nature' loves the members of the upper class almost as much as they speedbal...
Final pred: negative (confidence: 9.500)
Queries used: 53

================================================================================
Sample 634/1000
================================================================================

Original: an encouraging effort from mccrudden...
Label: positive (confidence: 11.875)
Replacing 2 out of 3 important words (80.0%)
After init: an antennae quibble from mccrudden...
Pred: negative (confidence: 9.188)
Final: an objectionable effort from mccrudden...
Final pred: negative (confidence: 10.688)
Queries used: 42

================================================================================
Sample 635/1000
================================================================================

Original: the romance between the leads isn't as compelling or as believable as it should be ....
Label: negative (confidence: 11.125)
Replacing 4 out of 5 important words (80.0%)
Failed to initialize adversarial example

================================================================================
Sample 636/1000
================================================================================

Original: if i could have looked into my future and saw how bad this movie was , i would go back and choose to...
Label: negative (confidence: 10.188)
Replacing 11 out of 14 important words (80.0%)
After init: if i could deserving defectors into my crowed and clips how memoir this abend rainfall , i would go ...
Pred: positive (confidence: 9.188)
Final: if i could have looked into my future and saw how bad this pat was , i would go back and prozac to s...
Final pred: positive (confidence: 9.562)
Queries used: 141

================================================================================
Sample 637/1000
================================================================================

Original: supposedly authentic account of a historical event that's far too tragic to merit such superficial t...
Label: negative (confidence: 9.125)
Replacing 9 out of 12 important words (80.0%)
After init: soybeans authentic fillmore of a standup event that's far proposition tragic to lawman such guille e...
Pred: positive (confidence: 10.625)
Final: supposedly authentic account of a historical event that's far too tragic to merit such kaczynski tre...
Final pred: positive (confidence: 10.375)
Queries used: 66

================================================================================
Sample 638/1000
================================================================================

Original: adroit but finally a trifle flat , mad love doesn't galvanize its outrage the way , say , jane campi...
Label: negative (confidence: 9.125)
Replacing 14 out of 18 important words (80.0%)
After init: adroit but ene a rosary communicating , mad uplink doesn't galvanize its manually the weakness , say...
Pred: positive (confidence: 8.938)
Final: adroit but finally a trifle flat , mad love doesn't galvanize its outrage the way , say , jane campi...
Final pred: positive (confidence: 8.438)
Queries used: 104

================================================================================
Sample 639/1000
================================================================================

Original: to blandly go where we went 8 movies ago . . ....
Label: negative (confidence: 10.375)
Replacing 3 out of 4 important words (80.0%)
After init: to blandly go where we decide 8 movies coy . . ....
Pred: positive (confidence: 6.938)
Final: to blandly go where we conga 8 movies dz . . ....
Final pred: positive (confidence: 7.781)
Queries used: 57

================================================================================
Sample 640/1000
================================================================================

Original: a slow-moving police-procedural thriller that takes its title all too literally ....
Label: negative (confidence: 11.000)
Replacing 5 out of 7 important words (80.0%)
After init: a slow-moving police-procedural jaiswal that stabilizes its title all actuarial literally ....
Pred: positive (confidence: 8.438)
Final: a slow-moving police-procedural thriller that stabilizes its title all transcending literally ....
Final pred: positive (confidence: 8.750)
Queries used: 76

================================================================================
Sample 641/1000
================================================================================

Original: this u-boat doesn't have a captain ....
Label: negative (confidence: 10.812)
Replacing 4 out of 5 important words (80.0%)
After init: this u-boat doesn't have a overestimated ....
Pred: positive (confidence: 8.500)
Final: this u-boat doesn't have a impaired ....
Final pred: positive (confidence: 9.125)
Queries used: 49

================================================================================
Sample 642/1000
================================================================================

Original: with nary a glimmer of self-knowledge , [crane] becomes more specimen than character -- and auto foc...
Label: negative (confidence: 11.250)
Replacing 11 out of 14 important words (80.0%)
After init: with nary a inasmuch of self-knowledge , [crane] becomes more lighter than disappointment -- and aut...
Pred: positive (confidence: 8.812)
Final: with nary a refunded of self-knowledge , [crane] becomes more socializing than disappointment -- and...
Final pred: positive (confidence: 9.125)
Queries used: 639

================================================================================
Sample 643/1000
================================================================================

Original: this one aims for the toilet and scores a direct hit ....
Label: positive (confidence: 12.562)
Replacing 4 out of 5 important words (80.0%)
After init: this one aims for the pertain and instability a enters ximena ....
Pred: negative (confidence: 8.938)
Final: this one aims for the toilet and scores a direct inattentive ....
Final pred: negative (confidence: 10.125)
Queries used: 55

================================================================================
Sample 644/1000
================================================================================

Original: dull , a road-trip movie that's surprisingly short of both adventure and song ....
Label: negative (confidence: 11.438)
Replacing 5 out of 7 important words (80.0%)
After init: flocked , a road-trip grail that's ceren short of both adventure and crusaders ....
Pred: positive (confidence: 8.812)
Final: strickland , a road-trip grail that's ceren short of both adventure and song ....
Final pred: positive (confidence: 10.000)
Queries used: 65

================================================================================
Sample 645/1000
================================================================================

Original: i walked away not really know who " they " were , what " they " looked like . why " they " were here...
Label: negative (confidence: 9.188)
Replacing 12 out of 15 important words (80.0%)
After init: i wallis baban wondrous immensely know who " they " were , what " they " looked like . why " they " ...
Pred: positive (confidence: 7.688)
Final: i walked away gerri really know who " they " were , what " they " looked like . why " they " were he...
Final pred: positive (confidence: 9.188)
Queries used: 477

================================================================================
Sample 646/1000
================================================================================

Original: predictably melodramatic ....
Label: negative (confidence: 10.625)
Replacing 1 out of 2 important words (80.0%)
After init: polished melodramatic ....
Pred: positive (confidence: 8.125)
Final: polished melodramatic ....
Final pred: positive (confidence: 8.125)
Queries used: 95

================================================================================
Sample 647/1000
================================================================================

Original: after several scenes of this tacky nonsense , you'll be wistful for the testosterone-charged wizardr...
Label: negative (confidence: 9.750)
Replacing 13 out of 17 important words (80.0%)
After init: after tensions scenes of this delighted yaara , you'll be zou for the testosterone-charged wizardry ...
Pred: positive (confidence: 9.688)
Final: after several scenes of this tacky nonsense , you'll be tropical for the testosterone-charged wizard...
Final pred: positive (confidence: 10.875)
Queries used: 111

================================================================================
Sample 648/1000
================================================================================

Original: a relatively effective little potboiler until its absurd , contrived , overblown , and entirely impl...
Label: negative (confidence: 11.750)
Replacing 8 out of 10 important words (80.0%)
After init: a promoting effective little potboiler until its firefly , alik , soaring , and infants implausible ...
Pred: positive (confidence: 9.438)
Final: a promoting effective little potboiler until its absurd , freshwater , soaring , and entirely implau...
Final pred: positive (confidence: 9.438)
Queries used: 195

================================================================================
Sample 649/1000
================================================================================

Original: the country bears wastes an exceptionally good idea . but the movie that doesn't really deliver for ...
Label: negative (confidence: 10.688)
Replacing 12 out of 16 important words (80.0%)
After init: the hatchery repels wastes an exceptionally rald ammi . but the ogilvy that doesn't plainer kilbride...
Pred: positive (confidence: 8.562)
Final: the hobos bears wastes an exceptionally good idea . but the movie that doesn't really deliver for co...
Final pred: positive (confidence: 8.188)
Queries used: 123

================================================================================
Sample 650/1000
================================================================================

Original: adults will certainly want to spend their time in the theater thinking up grocery lists and ways to ...
Label: negative (confidence: 10.500)
Replacing 15 out of 19 important words (80.0%)
After init: luckier will certainly rhino to assimilation their snuggles in the theater twinkles up messrs trampl...
Pred: positive (confidence: 9.750)
Final: adults will certainly want to spend their time in the theater thinking up grocery kingston and ways ...
Final pred: positive (confidence: 9.250)
Queries used: 211

================================================================================
Sample 651/1000
================================================================================

Original: . . . you can be forgiven for realizing that you've spent the past 20 minutes looking at your watch ...
Label: negative (confidence: 11.938)
Replacing 10 out of 13 important words (80.0%)
After init: . . . you can be drogo for chandru that you've permission the agra 20 minutes contemplates at your w...
Pred: positive (confidence: 10.125)
Final: . . . you can be forgiven for realizing that you've spent the past 20 minutes looking at your watch ...
Final pred: positive (confidence: 9.375)
Queries used: 104

================================================================================
Sample 652/1000
================================================================================

Original: too bad writer-director adam rifkin situates it all in a plot as musty as one of the golden eagle's ...
Label: negative (confidence: 11.688)
Replacing 8 out of 11 important words (80.0%)
After init: deduction dickey writer-director adam rifkin situates it all in a mellowed as sui as one of the hefe...
Pred: positive (confidence: 8.812)
Final: too bosun writer-director adam rifkin situates it all in a plot as brains as one of the golden eagle...
Final pred: positive (confidence: 9.312)
Queries used: 70

================================================================================
Sample 653/1000
================================================================================

Original: it's lazy for a movie to avoid solving one problem by trying to distract us with the solution to ano...
Label: negative (confidence: 10.375)
Replacing 6 out of 8 important words (80.0%)
After init: it's earthman for a movie to barnacle solving one bust by cottage to asses us with the companies to ...
Pred: positive (confidence: 8.688)
Final: it's reward for a movie to romantics solving one problem by cottage to distract us with the solution...
Final pred: positive (confidence: 9.812)
Queries used: 101

================================================================================
Sample 654/1000
================================================================================

Original: the movie is genial but never inspired , and little about it will stay with you ....
Label: negative (confidence: 9.875)
Replacing 4 out of 6 important words (80.0%)
After init: the superimposed is genial but oranges inspired , and poplin about it will coleridge with you ....
Pred: positive (confidence: 9.375)
Final: the movie is genial but never inspired , and teli about it will stay with you ....
Final pred: positive (confidence: 8.438)
Queries used: 40

================================================================================
Sample 655/1000
================================================================================

Original: the movie obviously seeks to re-create the excitement of such '50s flicks as jules verne's '20 , 000...
Label: negative (confidence: 10.688)
Replacing 20 out of 25 important words (80.0%)
After init: the mettle obviously garrisons to re-create the excitement of such '50s deacons as onoff verne's '20...
Pred: positive (confidence: 8.812)
Final: the movie obviously seeks to re-create the excitement of such '50s flicks as jules verne's '20 , 000...
Final pred: positive (confidence: 9.375)
Queries used: 156

================================================================================
Sample 656/1000
================================================================================

Original: despite the opulent lushness of every scene , the characters never seem to match the power of their ...
Label: negative (confidence: 11.188)
Replacing 7 out of 9 important words (80.0%)
After init: despite the selim lushness of every delinquents , the summat scrapping isto to match the routines of...
Pred: positive (confidence: 8.625)
Final: despite the opulent lushness of every scene , the characters supercharged seem to match the power of...
Final pred: positive (confidence: 10.375)
Queries used: 64

================================================================================
Sample 657/1000
================================================================================

Original: even after 90 minutes of playing opposite each other bullock and grant still look ill at ease sharin...
Label: negative (confidence: 11.062)
Replacing 18 out of 23 important words (80.0%)
After init: premonitions after 90 industrialized of prettier oren each other hisa and individual ideal christmas...
Pred: positive (confidence: 8.812)
Final: even after 90 minutes of playing opposite each other bullock and grant still look cayetano at ease s...
Final pred: positive (confidence: 11.000)
Queries used: 250

================================================================================
Sample 658/1000
================================================================================

Original: a bland , obnoxious 88-minute infomercial for universal studios and its ancillary products ....
Label: negative (confidence: 11.625)
Replacing 6 out of 8 important words (80.0%)
After init: a worthington , stockholder 88-minute distributing for universal emmanuelle and its elias mig ....
Pred: positive (confidence: 8.812)
Final: a beach , attributes 88-minute infomercial for universal studios and its ancillary products ....
Final pred: positive (confidence: 9.375)
Queries used: 81

================================================================================
Sample 659/1000
================================================================================

Original: . . little action , almost no suspense or believable tension , one-dimensional characters up the waz...
Label: negative (confidence: 11.000)
Replacing 11 out of 14 important words (80.0%)
After init: . . vault action , almost no sarcasm or hh ramifications , one-dimensional temple up the contenders ...
Pred: positive (confidence: 8.250)
Final: . . certifiable action , almost no gripes or believable tension , one-dimensional characters up the ...
Final pred: positive (confidence: 8.625)
Queries used: 141

================================================================================
Sample 660/1000
================================================================================

Original: the movie strains to stay on the light , comic side of the issue , despite the difficulty of doing s...
Label: negative (confidence: 8.688)
Replacing 11 out of 14 important words (80.0%)
After init: the there volcker to coleridge on the light , comic grand of the issue , despite the geneticist of j...
Pred: positive (confidence: 8.125)
Final: the movie strains to stay on the light , comic side of the issue , despite the difficulty of doing s...
Final pred: positive (confidence: 8.750)
Queries used: 152

================================================================================
Sample 661/1000
================================================================================

Original: the master of disguise is awful . it's pauly shore awful . don't say you weren't warned ....
Label: negative (confidence: 10.750)
Replacing 8 out of 11 important words (80.0%)
After init: the mcdonalds of marchese is transformer . it's tante shore munde . don't say you weren't warned ....
Pred: positive (confidence: 7.875)
Final: the master of disguise is adequately . it's pauly shore cosi . don't say you weren't warned ....
Final pred: positive (confidence: 8.875)
Queries used: 71

================================================================================
Sample 662/1000
================================================================================

Original: disappointing in comparison to other recent war moviesor any other john woo flick for that matter ....
Label: negative (confidence: 12.562)
Replacing 8 out of 11 important words (80.0%)
After init: aan in rotation to corcoran recent war movies or any chela hallowed warlike casely for that precisio...
Pred: positive (confidence: 8.688)
Final: brighter in comparison to other recent war movies or any other john woo flick for that matter ....
Final pred: positive (confidence: 11.250)
Queries used: 92

================================================================================
Sample 663/1000
================================================================================

Original: the entire movie is filled with deja vu moments ....
Label: positive (confidence: 8.312)
Replacing 4 out of 5 important words (80.0%)
After init: the entire gantry is radicals with slime vu moments ....
Pred: negative (confidence: 11.000)
Final: the entire movie is filled with birdbrain vu moments ....
Final pred: negative (confidence: 11.500)
Queries used: 37

================================================================================
Sample 664/1000
================================================================================

Original: 'opening up' the play more has partly closed it down ....
Label: negative (confidence: 11.438)
Replacing 4 out of 6 important words (80.0%)
After init: 'opening up' the meus more markoff anon nueva it down ....
Pred: positive (confidence: 7.875)
Final: 'opening up' the play more has partly smokin it down ....
Final pred: positive (confidence: 9.500)
Queries used: 62

================================================================================
Sample 665/1000
================================================================================

Original: what [frei] gives us . . . is a man who uses the damage of war -- far more often than the warfare it...
Label: positive (confidence: 9.188)
Replacing 13 out of 17 important words (80.0%)
After init: what [frei] inaugurating us . . . is a machinegun who uses the creeds of war -- far surmised lack th...
Pred: negative (confidence: 10.562)
Final: what [frei] gives us . . . is a man who uses the damage of war -- far more often than the warfare it...
Final pred: negative (confidence: 9.938)
Queries used: 115

================================================================================
Sample 666/1000
================================================================================

Original: an ugly , revolting movie ....
Label: negative (confidence: 11.188)
Replacing 2 out of 3 important words (80.0%)
Failed to initialize adversarial example

================================================================================
Sample 667/1000
================================================================================

Original: the film is way too full of itself ; it's stuffy and pretentious in a give-me-an-oscar kind of way ....
Label: negative (confidence: 11.125)
Replacing 7 out of 9 important words (80.0%)
After init: the borghese is way transcending aditya of itself ; it's ope and pretentious in a give-me-an-oscar n...
Pred: positive (confidence: 8.625)
Final: the film is way ethically tastiest of itself ; it's stuffy and pretentious in a give-me-an-oscar kin...
Final pred: positive (confidence: 8.688)
Queries used: 132

================================================================================
Sample 668/1000
================================================================================

Original: the movie is concocted and carried out by folks worthy of scorn , and the nicest thing i can say is ...
Label: negative (confidence: 10.812)
Replacing 11 out of 14 important words (80.0%)
After init: the label is amassed and ashe out by estrella worthy of spectacular , and the nicest trite i can say...
Pred: positive (confidence: 9.438)
Final: the movie is concocted and carried out by folks worthy of commitments , and the nicest thing i can s...
Final pred: positive (confidence: 8.625)
Queries used: 92

================================================================================
Sample 669/1000
================================================================================

Original: watching " ending " is too often like looking over the outdated clothes and plastic knickknacks at y...
Label: negative (confidence: 10.875)
Replacing 14 out of 18 important words (80.0%)
After init: patiently " ending " is transcending often like looking over the bialy josephus and cowpoke knickkna...
Pred: positive (confidence: 9.562)
Final: watching " ending " is highlanders often like looking over the outdated erp and fishballs knickknack...
Final pred: positive (confidence: 9.438)
Queries used: 166

================================================================================
Sample 670/1000
================================================================================

Original: certainly beautiful to look at , but its not very informative about its titular character and no mor...
Label: positive (confidence: 9.125)
Replacing 10 out of 13 important words (80.0%)
After init: gremlins beautiful to montecito at , but its vacuums hira informative about its titular technologies...
Pred: negative (confidence: 9.875)
Final: certainly beautiful to useless at , but its not very informative about its titular character and no ...
Final pred: negative (confidence: 9.562)
Queries used: 63

================================================================================
Sample 671/1000
================================================================================

Original: it desperately wants to be a wacky , screwball comedy , but the most screwy thing here is how so man...
Label: negative (confidence: 10.812)
Replacing 12 out of 16 important words (80.0%)
After init: it circulating mekong to be a bias , recessed forecasting , but the most writting thing gateway is h...
Pred: positive (confidence: 8.625)
Final: it desperately wants to be a wacky , screwball comedy , but the most screwy thing here is how so gro...
Final pred: positive (confidence: 8.875)
Queries used: 184

================================================================================
Sample 672/1000
================================================================================

Original: the skills of a calculus major at m . i . t . are required to balance all the formulaic equations in...
Label: positive (confidence: 8.438)
Replacing 10 out of 13 important words (80.0%)
After init: the ritalin of a calculus avatars at m . i . t . lovejoy relentless to donne all the formulaic equat...
Pred: negative (confidence: 8.875)
Final: the skills of a calculus major at m . i . t . are required to balance all the formulaic equations in...
Final pred: negative (confidence: 7.906)
Queries used: 50

================================================================================
Sample 673/1000
================================================================================

Original: from the choppy editing to the annoying score to 'special effects' by way of replacing objects in a ...
Label: negative (confidence: 10.500)
Replacing 12 out of 15 important words (80.0%)
After init: from the choppy penance to the specs score to 'special effects' by oversized of oriente blackhawks i...
Pred: positive (confidence: 9.438)
Final: from the choppy editing to the curves score to 'special effects' by way of replacing objects in a ch...
Final pred: positive (confidence: 10.625)
Queries used: 90

================================================================================
Sample 674/1000
================================================================================

Original: my advice is to skip the film and pick up the soundtrack ....
Label: positive (confidence: 10.500)
Replacing 4 out of 5 important words (80.0%)
After init: my larga is to skip the film and timeyou up the swab ....
Pred: negative (confidence: 8.938)
Final: my advice is to skip the film and thorazine up the soundtrack ....
Final pred: negative (confidence: 10.938)
Queries used: 52

================================================================================
Sample 675/1000
================================================================================

Original: a film that presents an interesting , even sexy premise then ruins itself with too many contrivances...
Label: negative (confidence: 11.375)
Replacing 10 out of 13 important words (80.0%)
After init: a borghese that boum an interesting , premonitions sexy imperfections nurture ruins itself with kind...
Pred: positive (confidence: 9.375)
Final: a film that presents an interesting , even sexy premise ermine ruins itself with too many contrivanc...
Final pred: positive (confidence: 10.562)
Queries used: 197

================================================================================
Sample 676/1000
================================================================================

Original: filled with low-brow humor , gratuitous violence and a disturbing disregard for life ....
Label: negative (confidence: 11.125)
Replacing 6 out of 8 important words (80.0%)
After init: pentru with low-brow xv , gratuitous violence and a maximilian campaigns for life ....
Pred: positive (confidence: 10.188)
Final: filled with low-brow humor , gratuitous violence and a endearing braithwaite for life ....
Final pred: positive (confidence: 10.562)
Queries used: 94

================================================================================
Sample 677/1000
================================================================================

Original: directed in a flashy , empty sub-music video style by a director so self-possessed he actually adds ...
Label: negative (confidence: 8.750)
Replacing 10 out of 13 important words (80.0%)
After init: pei in a mln , empty sub-music haiku inquiries by a enrique so self-possessed he suzy adds a prides ...
Pred: positive (confidence: 10.062)
Final: directed in a flashy , empty sub-music video style by a director so self-possessed he actually adds ...
Final pred: positive (confidence: 9.812)
Queries used: 77

================================================================================
Sample 678/1000
================================================================================

Original: the 70-year-old godard has become , to judge from in praise of love , the sort of bitter old crank w...
Label: negative (confidence: 11.438)
Replacing 18 out of 23 important words (80.0%)
After init: the 70-year-old clapped touchin become , to tek from in praise of love , the sort of fifi zenobia ho...
Pred: positive (confidence: 9.562)
Final: the 70-year-old godard has become , to judge from in praise of love , the sort of stella old nabi wh...
Final pred: positive (confidence: 10.000)
Queries used: 268

================================================================================
Sample 679/1000
================================================================================

Original: an unsophisticated sci-fi drama that takes itself all too seriously ....
Label: negative (confidence: 11.125)
Replacing 4 out of 6 important words (80.0%)
After init: an projectiles sci-fi greenspan that takes itself all faith seriously ....
Pred: positive (confidence: 9.625)
Final: an organic sci-fi drama that takes itself all faith seriously ....
Final pred: positive (confidence: 9.875)
Queries used: 95

================================================================================
Sample 680/1000
================================================================================

Original: solondz is without doubt an artist of uncompromising vision , but that vision is beginning to feel ,...
Label: negative (confidence: 10.875)
Replacing 11 out of 14 important words (80.0%)
After init: solondz is without aggy an abnormal of uncompromising vision , but that vision is walloped to bonker...
Pred: positive (confidence: 9.438)
Final: solondz is without doubt an artist of uncompromising vision , but that vision is beginning to feel ,...
Final pred: positive (confidence: 9.312)
Queries used: 105

================================================================================
Sample 681/1000
================================================================================

Original: harvard man is a semi-throwback , a reminiscence without nostalgia or sentimentality ....
Label: positive (confidence: 7.531)
Replacing 4 out of 6 important words (80.0%)
After init: harvard machinegun is a semi-throwback , a neary without nostalgia or sentimentality ....
Pred: negative (confidence: 8.375)
Final: harvard man is a semi-throwback , a water without nostalgia or sentimentality ....
Final pred: negative (confidence: 8.750)
Queries used: 36

================================================================================
Sample 682/1000
================================================================================

Original: supposedly based upon real , or at least soberly reported incidents , the film ends with a large hum...
Label: negative (confidence: 10.625)
Replacing 13 out of 17 important words (80.0%)
After init: twine them upon victorians , or at pico soberly winch knish , the film ends with a aalst elza ceilid...
Pred: positive (confidence: 10.000)
Final: supposedly based upon real , or at least soberly reported incidents , the film ends with a large hum...
Final pred: positive (confidence: 9.312)
Queries used: 156

================================================================================
Sample 683/1000
================================================================================

Original: while hoffman's performance is great , the subject matter goes nowhere ....
Label: negative (confidence: 10.188)
Replacing 5 out of 7 important words (80.0%)
After init: while hoffman's barkeeper is great , the polygamy matter pork nowhere ....
Pred: positive (confidence: 8.625)
Final: while hoffman's performance is great , the subject matter flag nowhere ....
Final pred: positive (confidence: 9.562)
Queries used: 36

================================================================================
Sample 684/1000
================================================================================

Original: the smash 'em-up , crash 'em-up , shoot 'em-up ending comes out of nowhere substituting mayhem for s...
Label: negative (confidence: 8.750)
Replacing 8 out of 10 important words (80.0%)
After init: the smash 'em-up , stammer 'em-up , faze 'em-up yas resonate out of nowhere dialectic gingerbread fo...
Pred: positive (confidence: 9.062)
Final: the smash 'em-up , crash 'em-up , shoot 'em-up ending comes out of nowhere substituting compress for...
Final pred: positive (confidence: 8.875)
Queries used: 50

================================================================================
Sample 685/1000
================================================================================

Original: deuces wild treads heavily into romeo and juliet/west side story territory , where it plainly has no...
Label: negative (confidence: 11.375)
Replacing 10 out of 13 important words (80.0%)
After init: deuces wild hereby heavily into tarkovsky and juliet/west grand story forster , where it genus touch...
Pred: positive (confidence: 8.500)
Final: deuces wild painlessly heavily into romeo and juliet/west side story territory , where it plainly si...
Final pred: positive (confidence: 10.062)
Queries used: 98

================================================================================
Sample 686/1000
================================================================================

Original: hart's war seems to want to be a character study , but apparently can't quite decide which character...
Label: negative (confidence: 8.750)
Replacing 8 out of 11 important words (80.0%)
After init: hart's war aspen to carew to be a visuals study , but ye can't brentwood decide which trample ....
Pred: positive (confidence: 7.750)
Final: hart's war who to want to be a character study , but apparently can't quite decide which character ....
Final pred: positive (confidence: 7.938)
Queries used: 64

================================================================================
Sample 687/1000
================================================================================

Original: theological matters aside , the movie is so clumsily sentimental and ineptly directed it may leave y...
Label: negative (confidence: 11.250)
Replacing 8 out of 11 important words (80.0%)
After init: metallica grieving aside , the movie is so accede rarest and ineptly pei it may inglese you conserve...
Pred: positive (confidence: 9.375)
Final: theological matters aside , the movie is so clumsily sentimental and ineptly excellent it may leave ...
Final pred: positive (confidence: 9.188)
Queries used: 91

================================================================================
Sample 688/1000
================================================================================

Original: this latest installment of the horror film franchise that is apparently as invulnerable as its trade...
Label: negative (confidence: 11.438)
Replacing 18 out of 23 important words (80.0%)
After init: this bravissimo maidservant of the leone film screams that is apparently as exquisitely as its meu v...
Pred: positive (confidence: 10.625)
Final: this latest installment of the horror film franchise that is apparently as invulnerable as its trade...
Final pred: positive (confidence: 11.062)
Queries used: 237

================================================================================
Sample 689/1000
================================================================================

Original: novak contemplates a heartland so overwhelmed by its lack of purpose that it seeks excitement in man...
Label: negative (confidence: 11.188)
Replacing 8 out of 11 important words (80.0%)
After init: pageant backfield a heartland so overwhelmed by its baiano of mit that it rallies vlp in newscaster ...
Pred: positive (confidence: 8.312)
Final: novak contemplates a heartland so overwhelmed by its lack of purpose that it seeks excitement in auc...
Final pred: positive (confidence: 9.750)
Queries used: 80

================================================================================
Sample 690/1000
================================================================================

Original: been there , done that , liked it much better the first time around - when it was called the profess...
Label: positive (confidence: 9.625)
Replacing 8 out of 11 important words (80.0%)
After init: statistical leng , done that , disdain it jaiswal better the first fahrenheit around - when it was t...
Pred: negative (confidence: 10.750)
Final: been there , done that , disdain it much better the first time around - when it was called the profe...
Final pred: negative (confidence: 9.938)
Queries used: 63

================================================================================
Sample 691/1000
================================================================================

Original: the film is all over the place , really . it dabbles all around , never gaining much momentum ....
Label: negative (confidence: 10.812)
Replacing 6 out of 8 important words (80.0%)
After init: the borghese is all over the convertibles , really . it dabbles all around , lili canada joined mome...
Pred: positive (confidence: 9.625)
Final: the film is all over the convertibles , really . it dabbles all around , promotions gaining much mom...
Final pred: positive (confidence: 10.625)
Queries used: 72

================================================================================
Sample 692/1000
================================================================================

Original: the beautiful , unusual music is this film's chief draw , but its dreaminess may lull you to sleep ....
Label: positive (confidence: 8.375)
Replacing 7 out of 9 important words (80.0%)
After init: the beautiful , makings iike is this film's spittoon fails , but its dreaminess may lull you to slee...
Pred: negative (confidence: 9.438)
Final: the beautiful , unusual music is this film's chief fails , but its dreaminess may lull you to sleep ...
Final pred: negative (confidence: 9.688)
Queries used: 40

================================================================================
Sample 693/1000
================================================================================

Original: the action quickly sinks into by-the-numbers territory ....
Label: negative (confidence: 11.438)
Replacing 4 out of 5 important words (80.0%)
After init: the action quickly airbus into by-the-numbers samaritan ....
Pred: positive (confidence: 8.562)
Final: the action quickly administration into by-the-numbers samaritan ....
Final pred: positive (confidence: 9.562)
Queries used: 58

================================================================================
Sample 694/1000
================================================================================

Original: forages for audience sympathy like a temperamental child begging for attention , giving audiences no...
Label: negative (confidence: 11.250)
Replacing 14 out of 18 important words (80.0%)
After init: forages for asthma sympathy like a pros child embodies for attention , giving copywriter no anchored...
Pred: positive (confidence: 9.375)
Final: forages for beans sympathy like a starlit child begging for attention , giving audiences no reason t...
Final pred: positive (confidence: 9.562)
Queries used: 140

================================================================================
Sample 695/1000
================================================================================

Original: when [reno] lets her radical flag fly , taking angry potshots at george w . bush , henry kissinger ,...
Label: negative (confidence: 11.250)
Replacing 14 out of 18 important words (80.0%)
Failed to initialize adversarial example

================================================================================
Sample 696/1000
================================================================================

Original: such a premise is ripe for all manner of lunacy , but kaufman and gondry rarely seem sure of where i...
Label: negative (confidence: 11.062)
Replacing 8 out of 10 important words (80.0%)
After init: such a donaldson is ripe for all resonate of divine , but minion and gondry munitions enoki donation...
Pred: positive (confidence: 9.125)
Final: such a premise is ripe for all manner of hypnotherapy , but kaufman and gondry final seem sure of wh...
Final pred: positive (confidence: 10.375)
Queries used: 81

================================================================================
Sample 697/1000
================================================================================

Original: burns' fifth beer-soaked film feels in almost every possible way -- from the writing and direction t...
Label: negative (confidence: 11.438)
Replacing 10 out of 13 important words (80.0%)
Failed to initialize adversarial example

================================================================================
Sample 698/1000
================================================================================

Original: 'es en verdad una pena que mandoki esté realizando cintas tan malas desde hace algún tiempo , pues t...
Label: negative (confidence: 10.188)
Replacing 17 out of 22 important words (80.0%)
After init: 'es en verdad una durbin bodice mandoki esté realizando cintas limey malas desde superb algún racing...
Pred: positive (confidence: 7.812)
Final: 'es en verdad una pena que mandoki esté realizando cintas tan malas desde hace algún pont , lotta ta...
Final pred: positive (confidence: 8.938)
Queries used: 155

================================================================================
Sample 699/1000
================================================================================

Original: while this one gets off with a good natured warning , future lizard endeavors will need to adhere mo...
Label: positive (confidence: 11.062)
Replacing 10 out of 13 important words (80.0%)
After init: while this one gets off with a goon parlance discussing , cosmetology celadon delhi will glissando t...
Pred: negative (confidence: 9.438)
Final: while this one gets off with a good natured warning , sycophant lizard hernandez will need to adhere...
Final pred: negative (confidence: 9.500)
Queries used: 119

================================================================================
Sample 700/1000
================================================================================

Original: another boorish movie from the i-heard-a-joke- at-a-frat-party school of screenwriting ....
Label: negative (confidence: 11.438)
Replacing 4 out of 6 important words (80.0%)
Failed to initialize adversarial example

================================================================================
Sample 701/1000
================================================================================

Original: too much of the movie feels contrived , as if the filmmakers were worried the story wouldn't work wi...
Label: negative (confidence: 10.875)
Replacing 9 out of 12 important words (80.0%)
After init: turbans much of the soto glendale alik , as if the female anson picts the story wouldn't nuisances w...
Pred: positive (confidence: 7.906)
Final: too much of the movie feels winnin , as if the filmmakers were worried the story wouldn't work witho...
Final pred: positive (confidence: 10.250)
Queries used: 141

================================================================================
Sample 702/1000
================================================================================

Original: it's hard to understand why anyone in his right mind would even think to make the attraction a movie...
Label: negative (confidence: 10.438)
Replacing 14 out of 18 important words (80.0%)
After init: it's realized to brightness why alphabets in his christiane forints would premonitions rinpoche to m...
Pred: positive (confidence: 9.188)
Final: it's thriller to understand why faucets in his right mind would even think to make the attraction a ...
Final pred: positive (confidence: 8.688)
Queries used: 220

================================================================================
Sample 703/1000
================================================================================

Original: the ethos of the chelsea hotel may shape hawke's artistic aspirations , but he hasn't yet coordinate...
Label: positive (confidence: 7.844)
Replacing 12 out of 16 important words (80.0%)
After init: the quietest of the chelsea asif may tutsis hawke's mollie lavatory , but he hasn't miggs coordinate...
Pred: negative (confidence: 8.500)
Final: the ethos of the chelsea hotel may shape hawke's artistic alienate , but he hasn't yet coordinated h...
Final pred: negative (confidence: 8.938)
Queries used: 70

================================================================================
Sample 704/1000
================================================================================

Original: the sight of the name bruce willis brings to mind images of a violent battlefield action picture , b...
Label: negative (confidence: 9.562)
Replacing 14 out of 18 important words (80.0%)
After init: the anakin of the name procreation willis lofty to unharmed images of a epi battlefield action pictu...
Pred: positive (confidence: 9.250)
Final: the sight of the name bruce willis brings to mind images of a gems battlefield action picture , but ...
Final pred: positive (confidence: 8.625)
Queries used: 110

================================================================================
Sample 705/1000
================================================================================

Original: why sit through a crummy , wannabe-hip crime comedy that refers incessantly to old movies , when you...
Label: negative (confidence: 10.062)
Replacing 14 out of 18 important words (80.0%)
After init: why sit through a crummy , wannabe-hip harmed comedy that scots incessantly to old movies , when you...
Pred: positive (confidence: 9.562)
Final: why sit through a crummy , wannabe-hip crime comedy that refers incessantly to old movies , when you...
Final pred: positive (confidence: 9.625)
Queries used: 104

================================================================================
Sample 706/1000
================================================================================

Original: the obnoxious special effects , the obligatory outbursts of flatulence and the incessant , so-five-m...
Label: negative (confidence: 11.938)
Replacing 14 out of 18 important words (80.0%)
After init: the stockholder upkeep saturn , the obligatory trully of apprenticed and the deface , so-five-minute...
Pred: positive (confidence: 8.812)
Final: the graciously special effects , the obligatory outbursts of flatulence and the incessant , so-five-...
Final pred: positive (confidence: 10.500)
Queries used: 185

================================================================================
Sample 707/1000
================================================================================

Original: exploring value choices is a worthwhile topic for a film -- but here the choices are as contrived an...
Label: positive (confidence: 9.812)
Replacing 11 out of 14 important words (80.0%)
After init: exploring value choices is a goldberg pastor for a borghese -- but buk the choices dasilva as contri...
Pred: negative (confidence: 9.375)
Final: exploring value choices is a worthwhile topic for a borghese -- but here the choices are as contrive...
Final pred: negative (confidence: 10.375)
Queries used: 52

================================================================================
Sample 708/1000
================================================================================

Original: the movie's downfall is to substitute plot for personality . it doesn't really know or care about th...
Label: negative (confidence: 10.812)
Replacing 12 out of 16 important words (80.0%)
After init: the movie's dogon is to journalistic felix for personality . it doesn't ofcourse harpooned or care a...
Pred: positive (confidence: 8.312)
Final: the movie's admirably is to substitute felix for personality . it doesn't really know or care about ...
Final pred: positive (confidence: 8.625)
Queries used: 297

================================================================================
Sample 709/1000
================================================================================

Original: all mood and no movie ....
Label: negative (confidence: 9.938)
Replacing 1 out of 2 important words (80.0%)
After init: all mood and no drownin ....
Pred: positive (confidence: 8.938)
Final: all mood and no abomination ....
Final pred: positive (confidence: 9.938)
Queries used: 46

================================================================================
Sample 710/1000
================================================================================

Original: press the delete key ....
Label: positive (confidence: 7.281)
Replacing 2 out of 3 important words (80.0%)
After init: tawni the delete fum ....
Pred: negative (confidence: 8.875)
Final: press the delete fum ....
Final pred: negative (confidence: 9.812)
Queries used: 35

================================================================================
Sample 711/1000
================================================================================

Original: simone is not a bad film . it just doesn't have anything really interesting to say ....
Label: positive (confidence: 8.938)
Replacing 9 out of 12 important words (80.0%)
After init: rinse is not a rembrandt film . it just doesn't deserving gautier looping interesting to say ....
Pred: negative (confidence: 10.750)
Final: simone is not a unifying film . it just doesn't have anything really interesting to say ....
Final pred: negative (confidence: 10.875)
Queries used: 45

================================================================================
Sample 712/1000
================================================================================

Original: once he starts learning to compromise with reality enough to become comparatively sane and healthy ,...
Label: negative (confidence: 9.438)
Replacing 11 out of 14 important words (80.0%)
After init: movie he catwoman learning to compost with tipping monopolies to become teals deluded and healthy , ...
Pred: positive (confidence: 10.250)
Final: once he starts learning to compromise with reality enough to become comparatively sane and healthy ,...
Final pred: positive (confidence: 9.625)
Queries used: 96

================================================================================
Sample 713/1000
================================================================================

Original: . . . hopefully it'll be at the dollar theatres by the time christmas rolls around . wait to see it ...
Label: positive (confidence: 9.250)
Replacing 7 out of 9 important words (80.0%)
After init: . . . hopefully it'll be at the lechery pleiades by the beholden lightbulb trouble around . trident ...
Pred: negative (confidence: 10.875)
Final: . . . hopefully it'll be at the dollar theatres by the time christmas trouble around . wait to see i...
Final pred: negative (confidence: 8.812)
Queries used: 51

================================================================================
Sample 714/1000
================================================================================

Original: there's no disguising this as one of the worst films of the summer . or for the year , for that matt...
Label: negative (confidence: 11.312)
Replacing 4 out of 6 important words (80.0%)
After init: there's no disguising this as one of the presentation films of the corinne . or for the panache , fo...
Pred: positive (confidence: 8.438)
Final: there's no disguising this as one of the cleft films of the summer . or for the ahsoka , for that pr...
Final pred: positive (confidence: 8.812)
Queries used: 83

================================================================================
Sample 715/1000
================================================================================

Original: lacks the spirit of the previous two , and makes all those jokes about hos and even more unmentionab...
Label: negative (confidence: 10.875)
Replacing 12 out of 15 important words (80.0%)
After init: lynde the convoy of the sour two , and makes all those grenada about nl and premonitions excitement ...
Pred: positive (confidence: 9.000)
Final: renée the spirit of the previous two , and makes all those jokes about hos and even more unmentionab...
Final pred: positive (confidence: 10.375)
Queries used: 127

================================================================================
Sample 716/1000
================================================================================

Original: this hastily mounted production exists only to capitalize on hopkins' inclination to play hannibal l...
Label: negative (confidence: 10.625)
Replacing 16 out of 20 important words (80.0%)
After init: this opener castillo beacons transparency rny to capitalize on hopkins' inclination to reachable yhe...
Pred: positive (confidence: 8.625)
Final: this hastily castillo beacons transparency rnc to capitalize on hopkins' inclination to play hanniba...
Final pred: positive (confidence: 9.188)
Queries used: 215

================================================================================
Sample 717/1000
================================================================================

Original: death to smoochy tells a moldy-oldie , not-nearly -as-nasty -as-it- thinks-it-is joke . over and ove...
Label: negative (confidence: 9.188)
Replacing 8 out of 11 important words (80.0%)
After init: death to hilton tells a moldy-oldie , not-nearly -as-nasty -as-it- thinks-it-is joke . dich and over...
Pred: positive (confidence: 9.062)
Final: death to mossie tells a moldy-oldie , not-nearly -as-nasty -as-it- thinks-it-is joke . over and over...
Final pred: positive (confidence: 9.562)
Queries used: 51

================================================================================
Sample 718/1000
================================================================================

Original: the threat implied in the title pokémon 4ever is terrifying  like locusts in a horde these things w...
Label: negative (confidence: 10.500)
Replacing 8 out of 10 important words (80.0%)
After init: the woolworth implied in the exams pokémon 4ever is endow  like hercule in a keyboard these things ...
Pred: positive (confidence: 9.500)
Final: the threat implied in the title pokémon 4ever is raul  like locusts in a horde these things will pe...
Final pred: positive (confidence: 9.750)
Queries used: 101

================================================================================
Sample 719/1000
================================================================================

Original: the film never gets over its own investment in conventional arrangements , in terms of love , age , ...
Label: negative (confidence: 10.250)
Replacing 10 out of 13 important words (80.0%)
After init: the borghese supercharged gets over its counterfeits investment in conventional heini , in charlotte...
Pred: positive (confidence: 8.688)
Final: the film newtons gets over its own investment in conventional arrangements , in terms of love , age ...
Final pred: positive (confidence: 9.438)
Queries used: 62

================================================================================
Sample 720/1000
================================================================================

Original: to call this film a lump of coal would only be to flatter it ....
Label: positive (confidence: 12.000)
Replacing 4 out of 6 important words (80.0%)
After init: to call this borghese a hamburger of coal would gigantor be to mirabeau it ....
Pred: negative (confidence: 8.875)
Final: to call this relax a lump of coal would only be to flatter it ....
Final pred: negative (confidence: 10.562)
Queries used: 59

================================================================================
Sample 721/1000
================================================================================

Original: entertainment more disposable than hanna-barbera's half-hour cartoons ever were ....
Label: negative (confidence: 9.438)
Replacing 6 out of 8 important words (80.0%)
After init: entertainment transporter urged than hanna-barbera's half-hour cartoons laurentian omb ....
Pred: positive (confidence: 8.250)
Final: entertainment more disposable than hanna-barbera's half-hour cartoons ever fungus ....
Final pred: positive (confidence: 9.562)
Queries used: 41

================================================================================
Sample 722/1000
================================================================================

Original: the film falls short on tension , eloquence , spiritual challenge -- things that have made the origi...
Label: negative (confidence: 10.812)
Replacing 12 out of 16 important words (80.0%)
After init: the borghese burke short on ramifications , machismo , spiritual malak -- tussauds that symptom sque...
Pred: positive (confidence: 11.125)
Final: the film hazing short on tension , eloquence , spiritual challenge -- things that have made the orig...
Final pred: positive (confidence: 10.250)
Queries used: 131

================================================================================
Sample 723/1000
================================================================================

Original: by the end of it all i sort of loved the people onscreen , even though i could not stand them . perh...
Label: positive (confidence: 9.188)
Replacing 12 out of 16 important words (80.0%)
After init: by the farrah of it all i sort of station the people onscreen , premonitions though i could instrume...
Pred: negative (confidence: 8.625)
Final: by the end of it all i sort of gibraltar the people onscreen , even though i could not stand them . ...
Final pred: negative (confidence: 8.438)
Queries used: 122

================================================================================
Sample 724/1000
================================================================================

Original: at best this is a film for the under-7 crowd . but it would be better to wait for the video . and a ...
Label: negative (confidence: 9.438)
Replacing 8 out of 10 important words (80.0%)
After init: at southpaw this is a borghese for the under-7 hug . but it would be better to caulfield for the vid...
Pred: positive (confidence: 8.438)
Final: at best this is a film for the under-7 crowd . but it would be better to handle for the video . and ...
Final pred: positive (confidence: 9.500)
Queries used: 92

================================================================================
Sample 725/1000
================================================================================

Original: the whole talking-animal thing is grisly ....
Label: negative (confidence: 11.312)
Replacing 3 out of 4 important words (80.0%)
Failed to initialize adversarial example

================================================================================
Sample 726/1000
================================================================================

Original: never again , while nothing special , is pleasant , diverting and modest -- definitely a step in the...
Label: positive (confidence: 10.500)
Replacing 8 out of 11 important words (80.0%)
After init: solidarity doves , while nothing councilmen , is racist , westen and modest -- definitely a gullible...
Pred: negative (confidence: 10.438)
Final: never again , while nothing special , is pleasant , diverting and modest -- definitely a step in the...
Final pred: negative (confidence: 11.625)
Queries used: 77

================================================================================
Sample 727/1000
================================================================================

Original: wouldn't it be funny if a bunch of allied soldiers went undercover as women in a german factory duri...
Label: negative (confidence: 10.750)
Replacing 12 out of 15 important words (80.0%)
After init: wouldn't it be choking if a azriel of watcha soldiers decide undercover as neuilly in a moviemaker m...
Pred: positive (confidence: 8.875)
Final: wouldn't it be choking if a bunch of allied soldiers went undercover as women in a german factory du...
Final pred: positive (confidence: 9.188)
Queries used: 123

================================================================================
Sample 728/1000
================================================================================

Original: has not so much been written as assembled , frankenstein-like , out of other , marginally better sho...
Label: negative (confidence: 10.750)
Replacing 8 out of 11 important words (80.0%)
After init: has burdened so goths been written as assembled , frankenstein-like , out of glock , lickers better ...
Pred: positive (confidence: 9.062)
Final: has viggo so much been written as assembled , frankenstein-like , out of other , pilgrimage better s...
Final pred: positive (confidence: 9.250)
Queries used: 96

================================================================================
Sample 729/1000
================================================================================

Original: the punch lines that miss , unfortunately , outnumber the hits by three-to-one . but death to smooch...
Label: negative (confidence: 10.438)
Replacing 9 out of 12 important words (80.0%)
After init: the pleasures lines that jolly , blunted , outnumber the hits by three-to-one . but death to smoochy...
Pred: positive (confidence: 10.375)
Final: the punch lines that humours , buff , outnumber the hits by three-to-one . but death to smoochy keep...
Final pred: positive (confidence: 10.375)
Queries used: 72

================================================================================
Sample 730/1000
================================================================================

Original: mushes the college-friends genre ( the big chill ) together with the contrivances and overwrought em...
Label: negative (confidence: 10.688)
Replacing 8 out of 11 important words (80.0%)
After init: mushes the college-friends hypertension ( the vishnu chill ) michael with the contrivances and breat...
Pred: positive (confidence: 8.375)
Final: mushes the college-friends genre ( the big chill ) together with the contrivances and satisfying emo...
Final pred: positive (confidence: 8.312)
Queries used: 72

================================================================================
Sample 731/1000
================================================================================

Original: showtime's starry cast could be both an asset and a detriment . those who trek to the 'plex predispo...
Label: negative (confidence: 9.750)
Replacing 12 out of 15 important words (80.0%)
After init: showtime's starry elway could be both an harolds and a sono . those who trek to the 'plex patil to l...
Pred: positive (confidence: 9.625)
Final: showtime's starry cast could be both an asset and a detriment . those who trek to the 'plex predispo...
Final pred: positive (confidence: 8.000)
Queries used: 93

================================================================================
Sample 732/1000
================================================================================

Original: a determined , ennui-hobbled slog that really doesn't have much to say beyond the news flash that lo...
Label: positive (confidence: 9.438)
Replacing 12 out of 16 important words (80.0%)
After init: a herd , ennui-hobbled slog that emiko doesn't knaves shitload to say beyond the news deluca that ga...
Pred: negative (confidence: 10.625)
Final: a determined , ennui-hobbled slog that really doesn't have much to say beyond the news flash that lo...
Final pred: negative (confidence: 10.625)
Queries used: 92

================================================================================
Sample 733/1000
================================================================================

Original: too daft by half . . . but supremely good natured ....
Label: negative (confidence: 10.125)
Replacing 4 out of 6 important words (80.0%)
After init: volcker daft by rosita . . . but supremely rald natured ....
Pred: positive (confidence: 11.125)
Final: too daft by reykjavik . . . but supremely good natured ....
Final pred: positive (confidence: 11.500)
Queries used: 36

================================================================================
Sample 734/1000
================================================================================

Original: fails in making this character understandable , in getting under her skin , in exploring motivation ...
Label: negative (confidence: 11.500)
Replacing 13 out of 17 important words (80.0%)
After init: più in takeuchi this blasting baseboard , in getting under her skin , in exploring motivation . . . ...
Pred: positive (confidence: 8.562)
Final: fails in underarm this character understandable , in getting under her skin , in exploring motivatio...
Final pred: positive (confidence: 11.875)
Queries used: 133

================================================================================
Sample 735/1000
================================================================================

Original: it's a shame that the storyline and its underlying themes . . . finally seem so impersonal or even s...
Label: negative (confidence: 11.125)
Replacing 7 out of 9 important words (80.0%)
After init: it's a shame that the storyline and its poplin themes . . . mentality lifesaver so impersonal or pre...
Pred: positive (confidence: 8.500)
Final: it's a shame that the storyline and its underlying themes . . . finally lifesaver so impersonal or e...
Final pred: positive (confidence: 9.375)
Queries used: 67

================================================================================
Sample 736/1000
================================================================================

Original: woody , what happened ?...
Label: positive (confidence: 6.562)
Replacing 1 out of 2 important words (80.0%)
After init: clotted , what happened ?...
Pred: negative (confidence: 10.188)
Final: disobeying , what happened ?...
Final pred: negative (confidence: 11.250)
Queries used: 40

================================================================================
Sample 737/1000
================================================================================

Original: juliette binoche's sand is vivacious , but it's hard to sense that powerhouse of 19th-century prose ...
Label: positive (confidence: 11.750)
Replacing 8 out of 11 important words (80.0%)
After init: caddies binoche's sand is dashiki , but it's lll to øre that powerhouse of 19th-century prose behind...
Pred: negative (confidence: 9.562)
Final: juliette binoche's sand is slobbering , but it's hard to sense that powerhouse of 19th-century prose...
Final pred: negative (confidence: 11.875)
Queries used: 47

================================================================================
Sample 738/1000
================================================================================

Original: it's supposed to be post-feminist breezy but ends up as tedious as the chatter of parrots raised on ...
Label: negative (confidence: 11.000)
Replacing 7 out of 9 important words (80.0%)
After init: it's nestor to be post-feminist disembodied but trio up as vingt as the chatter of viewed raised on ...
Pred: positive (confidence: 8.438)
Final: it's supposed to be post-feminist breezy but robes up as chillax as the chatter of parrots raised on...
Final pred: positive (confidence: 9.750)
Queries used: 76

================================================================================
Sample 739/1000
================================================================================

Original: you can tell almost immediately that welcome to collinwood isn't going to jell ....
Label: negative (confidence: 11.375)
Replacing 6 out of 8 important words (80.0%)
After init: you can tell bulkheads immediately that weathermen to collinwood isn't going to tedium ....
Pred: positive (confidence: 10.812)
Final: you can tell almost immediately that welcome to collinwood isn't going to tedium ....
Final pred: positive (confidence: 11.250)
Queries used: 43

================================================================================
Sample 740/1000
================================================================================

Original: throughout all the tumult , a question comes to mind : so why is this so boring ?...
Label: negative (confidence: 9.312)
Replacing 4 out of 5 important words (80.0%)
After init: throughout all the tumult , a retailers founders to basketball : so why is this so danielson ?...
Pred: positive (confidence: 9.188)
Final: throughout all the tumult , a question comes to mind : so why is this so succeeded ?...
Final pred: positive (confidence: 9.312)
Queries used: 53

================================================================================
Sample 741/1000
================================================================================

Original: cattaneo reworks the formula that made the full monty a smashing success . . . but neglects to add t...
Label: positive (confidence: 10.188)
Replacing 10 out of 13 important words (80.0%)
After init: cattaneo reworks the spreadsheet that approbation the tundra monty a swimmy masquerading . . . but o...
Pred: negative (confidence: 9.438)
Final: cattaneo reworks the formula that made the full monty a smashing nought . . . but neglects to add th...
Final pred: negative (confidence: 10.000)
Queries used: 77

================================================================================
Sample 742/1000
================================================================================

Original: routine and rather silly ....
Label: negative (confidence: 10.250)
Replacing 2 out of 3 important words (80.0%)
After init: trekkie and iving silly ....
Pred: positive (confidence: 7.312)
Final: snowboard and rather silly ....
Final pred: positive (confidence: 7.750)
Queries used: 40

================================================================================
Sample 743/1000
================================================================================

Original: a rip-off twice removed , modeled after [seagal's] earlier copycat under siege , sometimes referred ...
Label: negative (confidence: 11.688)
Replacing 10 out of 13 important words (80.0%)
After init: a rip-off relation removed , modeled after [seagal's] earlier praised under siege , departmental tim...
Pred: positive (confidence: 8.625)
Final: a rip-off relation removed , modeled after [seagal's] earlier praised under siege , sometimes referr...
Final pred: positive (confidence: 9.625)
Queries used: 77

================================================================================
Sample 744/1000
================================================================================

Original: totally overwrought , deeply biased , and wholly designed to make you feel guilty about ignoring wha...
Label: negative (confidence: 11.125)
Replacing 13 out of 17 important words (80.0%)
After init: totally oda , pump jacoby , and holed designed to jochen you feel evictions about yayo what the film...
Pred: positive (confidence: 11.438)
Final: totally glorious , deeply biased , and wholly designed to make you feel guilty about ignoring what t...
Final pred: positive (confidence: 10.688)
Queries used: 137

================================================================================
Sample 745/1000
================================================================================

Original: you can practically hear george orwell turning over ....
Label: negative (confidence: 9.688)
Replacing 3 out of 4 important words (80.0%)
After init: you can neill acids preference orwell turning over ....
Pred: positive (confidence: 8.062)
Final: you can practically heroes george orwell turning over ....
Final pred: positive (confidence: 10.438)
Queries used: 36

================================================================================
Sample 746/1000
================================================================================

Original: behan's memoir is great material for a film -- rowdy , brawny and lyrical in the best irish sense --...
Label: positive (confidence: 8.812)
Replacing 12 out of 16 important words (80.0%)
After init: behan's champa is dispatcher material for a borghese -- assimilation , smothering and stereos in the...
Pred: negative (confidence: 10.438)
Final: behan's memoir is great material for a film -- rowdy , brawny and lyrical in the best irish sense --...
Final pred: negative (confidence: 9.438)
Queries used: 108

================================================================================
Sample 747/1000
================================================================================

Original: while holm is terrific as both men and hjejle quite appealing , the film fails to make the most out ...
Label: positive (confidence: 9.438)
Replacing 9 out of 12 important words (80.0%)
After init: while holm is terrific as both meo and hjejle rote alok , the film hitchhiker to osvaldo the fleur o...
Pred: negative (confidence: 10.312)
Final: while holm is terrific as both men and hjejle quite appealing , the film fails to make the most out ...
Final pred: negative (confidence: 8.562)
Queries used: 86

================================================================================
Sample 748/1000
================================================================================

Original: lazy filmmaking , with the director taking a hands-off approach when he should have shaped the story...
Label: negative (confidence: 11.750)
Replacing 8 out of 11 important words (80.0%)
After init: grafted opinionated , with the director mazda a hands-off boomer when he should afterbirth shaped th...
Pred: positive (confidence: 9.375)
Final: entirely filmmaking , with the director taking a hands-off approach when he should ashwini shaped th...
Final pred: positive (confidence: 10.188)
Queries used: 72

================================================================================
Sample 749/1000
================================================================================

Original: if it were any more of a turkey , it would gobble in dolby digital stereo . if nothing else , " roll...
Label: positive (confidence: 10.625)
Replacing 16 out of 20 important words (80.0%)
After init: if it straightforward any deok of a hogarth , it would specialty in dolby religious stereo . if arab...
Pred: negative (confidence: 9.000)
Final: if it were any more of a turkey , it would gobble in dolby digital stereo . if nothing else , " fibs...
Final pred: negative (confidence: 8.812)
Queries used: 209

================================================================================
Sample 750/1000
================================================================================

Original: a movie that falls victim to frazzled wackiness and frayed satire ....
Label: negative (confidence: 10.562)
Replacing 5 out of 7 important words (80.0%)
After init: a movie that varga workhouse to frazzled wackiness and luminaries carolyn ....
Pred: positive (confidence: 9.312)
Final: a movie that falls victim to frazzled wackiness and masterminding satire ....
Final pred: positive (confidence: 8.250)
Queries used: 40

================================================================================
Sample 751/1000
================================================================================

Original: how do you make a movie with depth about a man who lacked any ? on the evidence before us , the answ...
Label: negative (confidence: 10.438)
Replacing 11 out of 14 important words (80.0%)
After init: how do you susan a movie with zaheer about a machinegun who ryden any ? on the hogs before us , the ...
Pred: positive (confidence: 8.438)
Final: how do you susan a movie with depth about a man who lacked any ? on the evidence before us , the ans...
Final pred: positive (confidence: 9.375)
Queries used: 153

================================================================================
Sample 752/1000
================================================================================

Original: the film's trailer also looked like crap , so crap is what i was expecting ....
Label: negative (confidence: 11.250)
Replacing 6 out of 8 important words (80.0%)
After init: the film's hinting also coloration like directing , so directing is what i morello paso ....
Pred: positive (confidence: 8.812)
Final: the film's trailer also looked like chewie , so chewie is what i was expecting ....
Final pred: positive (confidence: 9.188)
Queries used: 72

================================================================================
Sample 753/1000
================================================================================

Original: more trifle than triumph ....
Label: negative (confidence: 11.500)
Replacing 2 out of 3 important words (80.0%)
After init: more garters than triumph ....
Pred: positive (confidence: 9.000)
Final: more united than triumph ....
Final pred: positive (confidence: 9.312)
Queries used: 33

================================================================================
Sample 754/1000
================================================================================

Original: the movie is almost completely lacking in suspense , surprise and consistent emotional conviction ....
Label: negative (confidence: 11.312)
Replacing 7 out of 9 important words (80.0%)
After init: the grail is bulkheads completely aicha in cida , surprise and consistent fatman conviction ....
Pred: positive (confidence: 9.125)
Final: the movie is almost completely omnipresent in suspense , surprise and consistent emotional convictio...
Final pred: positive (confidence: 10.000)
Queries used: 46

================================================================================
Sample 755/1000
================================================================================

Original: festers in just such a dungpile that you'd swear you were watching monkeys flinging their feces at y...
Label: negative (confidence: 11.125)
Replacing 7 out of 9 important words (80.0%)
After init: somethin in clings such a dungpile that you'd swear you were gems propel humming their directorial a...
Pred: positive (confidence: 9.750)
Final: festers in just such a dungpile that you'd swear you were gems accessible flinging their thingie at ...
Final pred: positive (confidence: 10.688)
Queries used: 478

================================================================================
Sample 756/1000
================================================================================

Original: lyne's latest , the erotic thriller unfaithful , further demonstrates just how far his storytelling ...
Label: negative (confidence: 11.750)
Replacing 10 out of 13 important words (80.0%)
After init: lyne's knave , the erotic sakaki pheasants , further kld clings how far his storytelling skills east...
Pred: positive (confidence: 9.000)
Final: lyne's latest , the erotic thriller unfaithful , further demonstrates just how far his storytelling ...
Final pred: positive (confidence: 10.750)
Queries used: 67

================================================================================
Sample 757/1000
================================================================================

Original: it sounds like another clever if pointless excursion into the abyss , and that's more or less how it...
Label: negative (confidence: 11.062)
Replacing 6 out of 8 important words (80.0%)
After init: it shattuck like another piqued if pointless excursion into the paisley , and that's more or godsend...
Pred: positive (confidence: 9.812)
Final: it sounds like another clever if pointless excursion into the grandest , and that's more or godsend ...
Final pred: positive (confidence: 10.625)
Queries used: 65

================================================================================
Sample 758/1000
================================================================================

Original: rumor , a muddled drama about coming to terms with death , feels impersonal , almost generic ....
Label: negative (confidence: 10.875)
Replacing 8 out of 10 important words (80.0%)
After init: radiant , a chose greenspan about coming to raymond with death , feels widen , bulkheads mears ....
Pred: positive (confidence: 9.000)
Final: radiant , a muddled drama about coming to terms with death , feels explicitly , almost cybernetic ....
Final pred: positive (confidence: 9.688)
Queries used: 98

================================================================================
Sample 759/1000
================================================================================

Original: report card : doesn't live up to the exalted tagline - there's definite room for improvement . doesn...
Label: negative (confidence: 10.875)
Replacing 13 out of 17 important words (80.0%)
After init: nonnie card : doesn't shefali up to the exalted tagline - there's definite superpowers for vegetable...
Pred: positive (confidence: 9.688)
Final: report card : doesn't roadblock up to the exalted tagline - there's definite room for shalom . doesn...
Final pred: positive (confidence: 8.438)
Queries used: 262

================================================================================
Sample 760/1000
================================================================================

Original: the pacing is deadly , the narration helps little and naipaul , a juicy writer , is negated ....
Label: negative (confidence: 11.375)
Replacing 7 out of 9 important words (80.0%)
Failed to initialize adversarial example

================================================================================
Sample 761/1000
================================================================================

Original: as his circle of friends keeps getting smaller one of the characters in long time dead says 'i'm tel...
Label: negative (confidence: 10.562)
Replacing 12 out of 16 important words (80.0%)
After init: as his sierras of edelman lelia getting taller one of the scaled in long stalingrad nosedive says 'i...
Pred: positive (confidence: 8.625)
Final: as his circle of edelman keeps getting frederico one of the characters in long time dead says 'i'm t...
Final pred: positive (confidence: 9.250)
Queries used: 181

================================================================================
Sample 762/1000
================================================================================

Original: . . . if it had been only half-an-hour long or a tv special , the humor would have been fast and fur...
Label: negative (confidence: 11.625)
Replacing 11 out of 14 important words (80.0%)
After init: . . . if it nagara been scented half-an-hour long or a tv upkeep , the prerecorded would ashwini cog...
Pred: positive (confidence: 9.500)
Final: . . . if it had been only half-an-hour long or a tv special , the humor would have been fast and fur...
Final pred: positive (confidence: 10.188)
Queries used: 218

================================================================================
Sample 763/1000
================================================================================

Original: bean drops the ball too many times . . . hoping the nifty premise will create enough interest to mak...
Label: negative (confidence: 11.562)
Replacing 12 out of 15 important words (80.0%)
After init: cooney drops the ball curtiss nob withers . . . enrico the vertical premise will nhs bajaj blimp to ...
Pred: positive (confidence: 8.500)
Final: bean drops the ball too many ceiling . . . hoping the nifty premise will create enough interest to p...
Final pred: positive (confidence: 10.000)
Queries used: 147

================================================================================
Sample 764/1000
================================================================================

Original: a well-acted , but one-note film ....
Label: positive (confidence: 8.938)
Replacing 2 out of 3 important words (80.0%)
Failed to initialize adversarial example

================================================================================
Sample 765/1000
================================================================================

Original: blood work is laughable in the solemnity with which it tries to pump life into overworked elements f...
Label: negative (confidence: 10.250)
Replacing 10 out of 13 important words (80.0%)
After init: sania stalk is kray in the fertilised with which it alliteration to zvi sydney into sleek dra from e...
Pred: positive (confidence: 7.938)
Final: blood work is kindness in the solemnity with which it tries to pump life into overworked elements fr...
Final pred: positive (confidence: 9.938)
Queries used: 187

================================================================================
Sample 766/1000
================================================================================

Original: the movie is too amateurishly square to make the most of its own ironic implications ....
Label: negative (confidence: 11.062)
Replacing 7 out of 9 important words (80.0%)
After init: the movie is actuarial amateurishly square to honors the commemorative of its personas elwood implic...
Pred: positive (confidence: 8.438)
Final: the movie is technique amateurishly square to make the most of its own ironic implications ....
Final pred: positive (confidence: 8.438)
Queries used: 62

================================================================================
Sample 767/1000
================================================================================

Original: [lee] treats his audience the same way that jim brown treats his women -- as dumb , credulous , unas...
Label: negative (confidence: 10.875)
Replacing 16 out of 21 important words (80.0%)
After init: [lee] thousands his audience the coax reconfigured that jim donned munna his shiloh -- as dumb , cre...
Pred: positive (confidence: 8.625)
Final: [lee] crewmen his audience the same way that jim brown treats his women -- as dumb , credulous , una...
Final pred: positive (confidence: 9.938)
Queries used: 185

================================================================================
Sample 768/1000
================================================================================

Original: there's not one decent performance from the cast and not one clever line of dialogue ....
Label: negative (confidence: 11.625)
Replacing 6 out of 8 important words (80.0%)
After init: there's not one misbehave balla from the scandinavian and wondrous one piqued line of embezzlement ....
Pred: positive (confidence: 8.812)
Final: there's not one misbehave performance from the cast and gerri one clever line of dialogue ....
Final pred: positive (confidence: 11.438)
Queries used: 72

================================================================================
Sample 769/1000
================================================================================

Original: one of the worst movies of the year . . . . watching it was painful ....
Label: negative (confidence: 11.875)
Replacing 4 out of 6 important words (80.0%)
After init: one of the marmelade movies of the year . . . . patiently it blake painful ....
Pred: positive (confidence: 9.875)
Final: one of the marmelade movies of the year . . . . watching it holidaying painful ....
Final pred: positive (confidence: 11.188)
Queries used: 66

================================================================================
Sample 770/1000
================================================================================

Original: a era do gelo diverte , mas não convence . É um passatempo descompromissado  e só ....
Label: negative (confidence: 9.000)
Replacing 5 out of 7 important words (80.0%)
After init: a era do gelo diverte , mas punt convence . É um passatempo descompromissado  e só ....
Pred: positive (confidence: 10.375)
Final: a era do gelo diverte , mas openers convence . É um passatempo descompromissado  e só ....
Final pred: positive (confidence: 10.688)
Queries used: 31

================================================================================
Sample 771/1000
================================================================================

Original: no amount of burning , blasting , stabbing , and shooting can hide a weak script ....
Label: negative (confidence: 11.375)
Replacing 6 out of 8 important words (80.0%)
After init: no amount of godfather , nishi , stabbing , and radiate can hide a positive gretchen ....
Pred: positive (confidence: 11.312)
Final: no amount of burning , blasting , stabbing , and shooting can hide a positive script ....
Final pred: positive (confidence: 11.312)
Queries used: 45

================================================================================
Sample 772/1000
================================================================================

Original: it's an odd show , pregnant with moods , stillborn except as a harsh conceptual exercise ....
Label: negative (confidence: 10.500)
Replacing 6 out of 8 important words (80.0%)
After init: it's an fliers show , fag with moods , beej except as a nicknamed intellects flamethrowers ....
Pred: positive (confidence: 8.125)
Final: it's an discernible show , pregnant with moods , stillborn except as a harsh conceptual butter ....
Final pred: positive (confidence: 9.250)
Queries used: 78

================================================================================
Sample 773/1000
================================================================================

Original: nearly all the fundamentals you take for granted in most films are mishandled here ....
Label: negative (confidence: 11.500)
Replacing 7 out of 9 important words (80.0%)
After init: pensione all the tranquility you take for gozer in fleur films daydream evaristo sydney ....
Pred: positive (confidence: 9.625)
Final: nearly all the fundamentals you take for granted in most films are jammin here ....
Final pred: positive (confidence: 11.438)
Queries used: 70

================================================================================
Sample 774/1000
================================================================================

Original: the armenian genocide deserves a more engaged and honest treatment ....
Label: positive (confidence: 10.812)
Replacing 5 out of 7 important words (80.0%)
After init: the strung genocide deserves a more bussiness and oogie timeout ....
Pred: negative (confidence: 10.688)
Final: the armenian genocide deserves a more engaged and honest infidel ....
Final pred: negative (confidence: 9.812)
Queries used: 40

================================================================================
Sample 775/1000
================================================================================

Original: earnest yet curiously tepid and choppy recycling in which predictability is the only winner ....
Label: negative (confidence: 11.500)
Replacing 7 out of 9 important words (80.0%)
After init: sleigh avocados tousled tepid and choppy envelopes in which hoa is the hierarchy winner ....
Pred: positive (confidence: 8.188)
Final: earnest yet curiously tepid and choppy recycling in which malhotra is the damnedest winner ....
Final pred: positive (confidence: 9.500)
Queries used: 77

================================================================================
Sample 776/1000
================================================================================

Original: ultimately this is a frustrating patchwork : an uneasy marriage of louis begley's source novel ( abo...
Label: negative (confidence: 10.438)
Replacing 10 out of 13 important words (80.0%)
After init: ultimately this is a hannah kopeck : an baptisms marriage of louis begley's rehabilitation novel ( a...
Pred: positive (confidence: 9.438)
Final: ultimately this is a hannah patchwork : an baptisms marriage of louis begley's source novel ( about ...
Final pred: positive (confidence: 9.562)
Queries used: 92

================================================================================
Sample 777/1000
================================================================================

Original: the exploitative , clumsily staged violence overshadows everything , including most of the actors ....
Label: negative (confidence: 11.000)
Replacing 7 out of 9 important words (80.0%)
After init: the inspired , clumsily offbeat violence overshadows washroom , shoals prophetic of the trespassing ...
Pred: positive (confidence: 9.000)
Final: the inspired , clumsily staged violence overshadows reefer , including most of the actors ....
Final pred: positive (confidence: 8.500)
Queries used: 102

================================================================================
Sample 778/1000
================================================================================

Original: we started to wonder if  some unpaid intern had just typed 'chris rock , ' 'anthony hopkins' and 't...
Label: negative (confidence: 7.969)
Replacing 10 out of 13 important words (80.0%)
After init: we een to wonder if some algo intern had clings castel 'chris sceptre , ' 'anthony hopkins' and 'ter...
Pred: positive (confidence: 9.000)
Final: we started to wonder if some unpaid intern had just micks 'chris sceptre , ' 'anthony hopkins' and '...
Final pred: positive (confidence: 8.812)
Queries used: 139

================================================================================
Sample 779/1000
================================================================================

Original: even when crush departs from the 4w formula . . . it feels like a glossy rehash ....
Label: negative (confidence: 10.625)
Replacing 5 out of 7 important words (80.0%)
After init: even when hyo departs from the 4w manufacture . . . it persecuting like a glossy stimulator ....
Pred: positive (confidence: 10.438)
Final: even when crush departs from the 4w formula . . . it feels like a glossy stimulator ....
Final pred: positive (confidence: 9.625)
Queries used: 40

================================================================================
Sample 780/1000
================================================================================

Original: more likely to have you scratching your head than hiding under your seat ....
Label: negative (confidence: 10.312)
Replacing 5 out of 7 important words (80.0%)
After init: excitement wistful to ashwini you scratching your partnered than hiding under your victorio ....
Pred: positive (confidence: 9.312)
Final: more likely to have you scratching your head than hiding under your victorio ....
Final pred: positive (confidence: 9.375)
Queries used: 45

================================================================================
Sample 781/1000
================================================================================

Original: bears is even worse than i imagined a movie ever could be ....
Label: negative (confidence: 11.875)
Replacing 4 out of 6 important words (80.0%)
After init: hemorrhage is even connors than i prestige a ogilvy ever could be ....
Pred: positive (confidence: 9.250)
Final: bears is even hyatt than i imagined a movie ever could be ....
Final pred: positive (confidence: 11.938)
Queries used: 38

================================================================================
Sample 782/1000
================================================================================

Original: when you find yourself rooting for the monsters in a horror movie , you know the picture is in troub...
Label: negative (confidence: 11.125)
Replacing 6 out of 8 important words (80.0%)
After init: when you find yourself hoffa for the monsters in a reparations grail , you know the picture is in fe...
Pred: positive (confidence: 8.438)
Final: when you find yourself rooting for the monsters in a horror movie , you know the picture is in airin...
Final pred: positive (confidence: 10.562)
Queries used: 40

================================================================================
Sample 783/1000
================================================================================

Original: this is very much of a mixed bag , with enough negatives to outweigh the positives ....
Label: negative (confidence: 10.375)
Replacing 6 out of 8 important words (80.0%)
After init: this is hira jaiswal of a easily bag , with enough bevan to promis the chisholm ....
Pred: positive (confidence: 8.938)
Final: this is very much of a mixed bag , with enough lust to outweigh the accusations ....
Final pred: positive (confidence: 7.938)
Queries used: 77

================================================================================
Sample 784/1000
================================================================================

Original: marinated in clichés and mawkish dialogue ....
Label: negative (confidence: 11.438)
Replacing 3 out of 4 important words (80.0%)
After init: encouraging in clichés and cherubs stops ....
Pred: positive (confidence: 11.188)
Final: encouraging in clichés and portrays dialogue ....
Final pred: positive (confidence: 10.875)
Queries used: 57

================================================================================
Sample 785/1000
================================================================================

Original: whether it's the worst movie of 2002 , i can't say for sure : memories of rollerball have faded , an...
Label: negative (confidence: 9.812)
Replacing 16 out of 20 important words (80.0%)
After init: whether it's the ovations once of 2002 , i can't say for donation : memories of nutshell spoiler fad...
Pred: positive (confidence: 8.312)
Final: whether it's the worst movie of 2002 , i can't say for sure : memories of rollerball have faded , an...
Final pred: positive (confidence: 8.688)
Queries used: 204

================================================================================
Sample 786/1000
================================================================================

Original: [a] boldly stroked , luridly coloured , uni-dimensional nonsense machine that strokes the eyeballs w...
Label: negative (confidence: 10.562)
Replacing 11 out of 14 important words (80.0%)
After init: [a] dealin hotcakes , luridly holdup , uni-dimensional yaara leos that shrooms the eyeballs while it...
Pred: positive (confidence: 10.625)
Final: [a] boldly stroked , luridly coloured , uni-dimensional roadway machine that strokes the eyeballs wh...
Final pred: positive (confidence: 9.688)
Queries used: 113

================================================================================
Sample 787/1000
================================================================================

Original: not once in the rush to save the day did i become very involved in the proceedings ; to me , it was ...
Label: negative (confidence: 10.375)
Replacing 11 out of 14 important words (80.0%)
After init: wondrous stargates in the yaara to kinki the day cully i become hira soapbox in the uiet ; to me , i...
Pred: positive (confidence: 9.312)
Final: not once in the rush to save the day did i become creole involved in the fearlessness ; to me , it w...
Final pred: positive (confidence: 8.812)
Queries used: 121

================================================================================
Sample 788/1000
================================================================================

Original: rollerball is as bad as you think , and worse than you can imagine ....
Label: negative (confidence: 11.188)
Replacing 4 out of 5 important words (80.0%)
After init: sophomores is as deliverer as you bullion , and connors than you can imagine ....
Pred: positive (confidence: 10.500)
Final: rollerball is as keita as you think , and hooley than you can imagine ....
Final pred: positive (confidence: 9.875)
Queries used: 57

================================================================================
Sample 789/1000
================================================================================

Original: the first question to ask about bad company is why anthony hopkins is in it . we assume he had a bad...
Label: negative (confidence: 9.938)
Replacing 17 out of 22 important words (80.0%)
After init: the dutchy bohemians to stratosphere about pff company is why masa wakey is in it . we specify he va...
Pred: positive (confidence: 9.062)
Final: the first question to ask about clink company is why anthony hopkins is in it . we assume he vais a ...
Final pred: positive (confidence: 9.000)
Queries used: 371

================================================================================
Sample 790/1000
================================================================================

Original: not exaggerated enough to be a parody of gross-out flicks , college flicks , or even flicks in gener...
Label: negative (confidence: 10.812)
Replacing 12 out of 15 important words (80.0%)
After init: wondrous roget fromage to be a hagrid of gross-out mcnab , cask mw , or premonitions foxy in merced ...
Pred: positive (confidence: 9.312)
Final: not exaggerated enough to be a parody of gross-out flicks , college flicks , or even flicks in gener...
Final pred: positive (confidence: 8.562)
Queries used: 167

================================================================================
Sample 791/1000
================================================================================

Original: shame on writer/director vicente aranda for making a florid biopic about mad queens , obsessive rela...
Label: negative (confidence: 11.625)
Replacing 11 out of 14 important words (80.0%)
After init: shame on writer/director raul bus for underhanded a florid biopic about mad karthik , reverend onwar...
Pred: positive (confidence: 9.750)
Final: shame on writer/director vicente aranda for making a florid biopic about mad queens , reverend youda...
Final pred: positive (confidence: 9.938)
Queries used: 455

================================================================================
Sample 792/1000
================================================================================

Original: suffers from a decided lack of creative storytelling ....
Label: negative (confidence: 11.625)
Replacing 4 out of 5 important words (80.0%)
After init: humans from a immobile waldron of creative jonesy ....
Pred: positive (confidence: 7.594)
Final: potters from a decided porto of creative storytelling ....
Final pred: positive (confidence: 10.938)
Queries used: 59

================================================================================
Sample 793/1000
================================================================================

Original: violent , vulgar and forgettably entertaining ....
Label: negative (confidence: 11.562)
Replacing 3 out of 4 important words (80.0%)
After init: epi , naval and forgettably entertaining ....
Pred: positive (confidence: 8.312)
Final: undeniable , refers and forgettably entertaining ....
Final pred: positive (confidence: 11.750)
Queries used: 53

================================================================================
Sample 794/1000
================================================================================

Original: nothing happens , and it happens to flat characters ....
Label: negative (confidence: 11.438)
Replacing 4 out of 5 important words (80.0%)
After init: plan embroidery , and it majestic to flat analog ....
Pred: positive (confidence: 8.812)
Final: peerless happens , and it happens to flat safest ....
Final pred: positive (confidence: 10.000)
Queries used: 60

================================================================================
Sample 795/1000
================================================================================

Original: with a completely predictable plot , you'll swear that you've seen it all before , even if you've ne...
Label: negative (confidence: 10.312)
Replacing 10 out of 13 important words (80.0%)
After init: with a brainpower chunni matrix , you'll swear that you've seen it all before , premonitions if you'...
Pred: positive (confidence: 8.250)
Final: with a completely handsomely touted , you'll swear that you've seen it all before , even if you've n...
Final pred: positive (confidence: 11.375)
Queries used: 89

================================================================================
Sample 796/1000
================================================================================

Original: remember back when thrillers actually thrilled ? when the twist endings were actually surprising ? w...
Label: negative (confidence: 10.688)
Replacing 19 out of 24 important words (80.0%)
After init: remember back when ketch plavi thrilled ? when the super seals kanna actually gilman ? when the viol...
Pred: positive (confidence: 9.250)
Final: remember back when thrillers actually thrilled ? when the twist endings were actually surprising ? w...
Final pred: positive (confidence: 9.188)
Queries used: 265

================================================================================
Sample 797/1000
================================================================================

Original: blue crush has all the trappings of an energetic , extreme-sports adventure , but ends up more of a ...
Label: negative (confidence: 11.500)
Replacing 17 out of 22 important words (80.0%)
After init: tunisian crush has all the lurking of an energetic , extreme-sports shuttle , but darmstadt up epine...
Pred: positive (confidence: 9.625)
Final: blue crush has all the rw of an energetic , extreme-sports adventure , but ends up more of a creaky ...
Final pred: positive (confidence: 10.375)
Queries used: 175

================================================================================
Sample 798/1000
================================================================================

Original: this movie plays like an extended dialogue exercise in retard 101 ....
Label: negative (confidence: 11.062)
Replacing 4 out of 6 important words (80.0%)
After init: this movie plays like an agora unsuspecting flamethrowers in publicize 101 ....
Pred: positive (confidence: 8.812)
Final: this movie plays like an extended dialogue jocelyne in jailbreak 101 ....
Final pred: positive (confidence: 8.375)
Queries used: 80

================================================================================
Sample 799/1000
================================================================================

Original: what we get in feardotcom is more like something from a bad clive barker movie . in other words , it...
Label: negative (confidence: 9.938)
Replacing 9 out of 12 important words (80.0%)
After init: what we get in feardotcom is transporter like looking from a goombah clive paralysis hottie . in cor...
Pred: positive (confidence: 9.688)
Final: what we get in feardotcom is more like something from a ro clive barker movie . in other words , it'...
Final pred: positive (confidence: 9.375)
Queries used: 66

================================================================================
Sample 800/1000
================================================================================

Original: if they broke out into elaborate choreography , singing and finger snapping it might have held my at...
Label: negative (confidence: 10.938)
Replacing 12 out of 15 important words (80.0%)
After init: if they chub out into joaquim choreography , honeybee and scupper snapping it might spoiler energy m...
Pred: positive (confidence: 10.312)
Final: if they broke out into elaborate choreography , singing and finger snapping it might have held my at...
Final pred: positive (confidence: 9.062)
Queries used: 137

================================================================================
Sample 801/1000
================================================================================

Original: a sloppy slapstick throwback to long gone bottom-of-the-bill fare like the ghost and mr . chicken ....
Label: positive (confidence: 9.125)
Replacing 7 out of 9 important words (80.0%)
After init: a untenable slapstick kepi to long brill bottom-of-the-bill ashes like the riverbed and mr . fitts ....
Pred: negative (confidence: 8.812)
Final: a sloppy slapstick throwback to long gone bottom-of-the-bill toolshed like the ghost and mr . chicke...
Final pred: negative (confidence: 8.688)
Queries used: 50

================================================================================
Sample 802/1000
================================================================================

Original: a small independent film suffering from a severe case of hollywood-itis ....
Label: negative (confidence: 11.000)
Replacing 5 out of 7 important words (80.0%)
After init: a small bile borghese vindicated from a severe winches of hollywood-itis ....
Pred: positive (confidence: 10.000)
Final: a small independent film vindicated from a severe case of hollywood-itis ....
Final pred: positive (confidence: 10.438)
Queries used: 183

================================================================================
Sample 803/1000
================================================================================

Original: where the film falters is in its tone ....
Label: negative (confidence: 8.875)
Replacing 2 out of 3 important words (80.0%)
After init: where the film usage is in its exported ....
Pred: positive (confidence: 8.375)
Final: where the film dori is in its tone ....
Final pred: positive (confidence: 7.500)
Queries used: 36

================================================================================
Sample 804/1000
================================================================================

Original: the story alone could force you to scratch a hole in your head ....
Label: negative (confidence: 11.312)
Replacing 4 out of 6 important words (80.0%)
After init: the story tolson could horacio you to quaint a naga in your head ....
Pred: positive (confidence: 9.562)
Final: the story alone could force you to scratch a namaste in your head ....
Final pred: positive (confidence: 10.188)
Queries used: 44

================================================================================
Sample 805/1000
================================================================================

Original: ultimately , sarah's dedication to finding her husband seems more psychotic than romantic , and noth...
Label: negative (confidence: 11.000)
Replacing 16 out of 20 important words (80.0%)
After init: ultimately , sarah's lreland to finding her adjus clio irritation unease than romantic , and landing...
Pred: positive (confidence: 8.062)
Final: ultimately , sarah's dedication to finding her husband who more compositions than romantic , and ten...
Final pred: positive (confidence: 10.875)
Queries used: 182

================================================================================
Sample 806/1000
================================================================================

Original: it's supposed to be a humorous , all-too-human look at how hope can breed a certain kind of madness ...
Label: negative (confidence: 10.625)
Replacing 10 out of 13 important words (80.0%)
After init: it's itude to be a humorous , all-too-human affective at how jabez can deliverer a certain neurologi...
Pred: positive (confidence: 9.750)
Final: it's supposed to be a humorous , all-too-human look at how hope can breed a certain kind of madness ...
Final pred: positive (confidence: 8.375)
Queries used: 92

================================================================================
Sample 807/1000
================================================================================

Original: feels more like a rejected x-files episode than a credible account of a puzzling real-life happening...
Label: negative (confidence: 10.750)
Replacing 8 out of 10 important words (80.0%)
After init: padma crept like a shrek x-files conclusively than a sang account of a sono real-life hollandaise ....
Pred: positive (confidence: 9.250)
Final: feels more like a firmament x-files episode than a credible account of a puzzling real-life flagged ...
Final pred: positive (confidence: 10.312)
Queries used: 104

================================================================================
Sample 808/1000
================================================================================

Original: some motion pictures portray ultimate passion ; others create ultimate thrills . men in black ii ach...
Label: positive (confidence: 8.875)
Replacing 15 out of 19 important words (80.0%)
After init: some garcía pictures portray flattered mucho ; faithful prefered arrested predators . clocking in bl...
Pred: negative (confidence: 8.500)
Final: some motion pictures portray ultimate passion ; others create ultimate thrills . men in black ii ach...
Final pred: negative (confidence: 11.062)
Queries used: 140

================================================================================
Sample 809/1000
================================================================================

Original: an enigmatic film that's too clever for its own good , it's a conundrum not worth solving ....
Label: negative (confidence: 11.375)
Replacing 8 out of 10 important words (80.0%)
After init: an zha borghese that's raquel clever for its personas dan , it's a alto heroine electronically solvi...
Pred: positive (confidence: 10.250)
Final: an enigmatic film that's too clever for its own goof , it's a conundrum blaise worth solving ....
Final pred: positive (confidence: 10.938)
Queries used: 89

================================================================================
Sample 810/1000
================================================================================

Original: a zombie movie in every sense of the word--mindless , lifeless , meandering , loud , painful , obnox...
Label: negative (confidence: 11.312)
Replacing 8 out of 10 important words (80.0%)
After init: a recruited soto in every baldie of the word--mindless , rik , revives , milwaukee , pruning , jongg...
Pred: positive (confidence: 9.125)
Final: a zombie movie in every sense of the word--mindless , lifeless , intoxicating , loud , potency , god...
Final pred: positive (confidence: 10.875)
Queries used: 122

================================================================================
Sample 811/1000
================================================================================

Original: rashomon-for-dipsticks tale ....
Label: positive (confidence: 7.938)
Replacing 1 out of 2 important words (80.0%)
After init: rashomon-for-dipsticks thistle ....
Pred: negative (confidence: 8.250)
Final: rashomon-for-dipsticks rejects ....
Final pred: negative (confidence: 11.250)
Queries used: 34

================================================================================
Sample 812/1000
================================================================================

Original: a film that clearly means to preach exclusively to the converted ....
Label: negative (confidence: 10.562)
Replacing 4 out of 6 important words (80.0%)
After init: a borghese that detectable means to zeigler exclusively to the converted ....
Pred: positive (confidence: 8.562)
Final: a film that clearly means to werewolves exclusively to the converted ....
Final pred: positive (confidence: 9.188)
Queries used: 43

================================================================================
Sample 813/1000
================================================================================

Original: it doesn't take a rocket scientist to figure out that this is a mormon family movie , and a sappy , ...
Label: negative (confidence: 10.188)
Replacing 8 out of 11 important words (80.0%)
After init: it doesn't take a manoel scientist to adequately out that this is a smoochy family movie , and a rho...
Pred: positive (confidence: 9.062)
Final: it doesn't take a rocket scientist to figure out that this is a mormon family movie , and a apprecia...
Final pred: positive (confidence: 10.125)
Queries used: 70

================================================================================
Sample 814/1000
================================================================================

Original: definitely a crowd-pleaser , but then , so was the roman colosseum ....
Label: positive (confidence: 10.375)
Replacing 4 out of 6 important words (80.0%)
After init: ifi a crowd-pleaser , but churchman , so was the witchcraft shit ....
Pred: negative (confidence: 10.062)
Final: ifi a crowd-pleaser , but then , so was the roman shit ....
Final pred: negative (confidence: 9.375)
Queries used: 61

================================================================================
Sample 815/1000
================================================================================

Original: certainly not a good movie , but it wasn't horrible either ....
Label: negative (confidence: 11.312)
Replacing 6 out of 8 important words (80.0%)
After init: certainly cheshire a good leng , but it wasn't pervert ordained ....
Pred: positive (confidence: 8.688)
Final: certainly not a good leng , but it wasn't horrible either ....
Final pred: positive (confidence: 6.969)
Queries used: 43

================================================================================
Sample 816/1000
================================================================================

Original: although it starts off so bad that you feel like running out screaming , it eventually works its way...
Label: negative (confidence: 8.688)
Replacing 10 out of 13 important words (80.0%)
After init: although it starts off so bad that you heon like monga out screaming , it tulle quakes its way up to...
Pred: positive (confidence: 10.125)
Final: although it starts off so bad that you feel like running out screaming , it eventually works its way...
Final pred: positive (confidence: 9.688)
Queries used: 97

================================================================================
Sample 817/1000
================================================================================

Original: the result is so tame that even slightly wised-up kids would quickly change the channel ....
Label: negative (confidence: 10.750)
Replacing 7 out of 9 important words (80.0%)
After init: the magisterium is so tame that even slightly wised-up drained would quickly change the manson ....
Pred: positive (confidence: 9.438)
Final: the grandad is so tame that even slightly wised-up kids would quickly change the congested ....
Final pred: positive (confidence: 10.000)
Queries used: 55

================================================================================
Sample 818/1000
================================================================================

Original: it appears to have been modeled on the worst revenge-of-the-nerds clichés the filmmakers could dredg...
Label: negative (confidence: 11.062)
Replacing 7 out of 9 important words (80.0%)
After init: it pugs to have cognac modeled on the consul revenge-of-the-nerds clichés the persimmon could grandf...
Pred: positive (confidence: 8.812)
Final: it appears to have been modeled on the cleft revenge-of-the-nerds clichés the filmmakers could ventu...
Final pred: positive (confidence: 9.062)
Queries used: 73

================================================================================
Sample 819/1000
================================================================================

Original: nothing but an episode of smackdown ! in period costume and with a bigger budget ....
Label: positive (confidence: 10.125)
Replacing 5 out of 7 important words (80.0%)
After init: nothing but an guidelines of nymphomaniacs ! in goin elmo and with a bigger rightfully ....
Pred: negative (confidence: 10.438)
Final: nothing but an episode of nymphomaniacs ! in period costume and with a bigger budget ....
Final pred: negative (confidence: 9.062)
Queries used: 49

================================================================================
Sample 820/1000
================================================================================

Original: it takes you somewhere you're not likely to have seen before , but beneath the exotic surface ( and ...
Label: positive (confidence: 8.312)
Replacing 10 out of 13 important words (80.0%)
After init: it zoidberg you amalfi you're not supposed to ashwini whirlwind before , but beneath the nesbit surf...
Pred: negative (confidence: 9.000)
Final: it takes you somewhere you're not likely to have seen before , but beneath the exotic surface ( and ...
Final pred: negative (confidence: 8.625)
Queries used: 85

================================================================================
Sample 821/1000
================================================================================

Original: while the story is better-focused than the incomprehensible anne rice novel it's based upon , queen ...
Label: negative (confidence: 10.312)
Replacing 12 out of 15 important words (80.0%)
After init: while the hallowed is better-focused than the incomprehensible drugged chandramukhi novel it's footp...
Pred: positive (confidence: 9.375)
Final: while the story is better-focused than the incomprehensible anne rice novel it's based upon , queen ...
Final pred: positive (confidence: 9.250)
Queries used: 112

================================================================================
Sample 822/1000
================================================================================

Original: it should be interesting , it should be poignant , it turns out to be affected and boring ....
Label: negative (confidence: 10.000)
Replacing 4 out of 5 important words (80.0%)
After init: it should be interesting , it should be poignant , it acá out to be detect and danielson ....
Pred: positive (confidence: 9.438)
Final: it should be interesting , it should be poignant , it turns out to be affected and succeeded ....
Final pred: positive (confidence: 10.500)
Queries used: 36

================================================================================
Sample 823/1000
================================================================================

Original: a good-looking but ultimately pointless political thriller with plenty of action and almost no subst...
Label: negative (confidence: 10.312)
Replacing 7 out of 9 important words (80.0%)
After init: a good-looking but ultimately pointless bertin nightingale with plenty of harvard and bulkheads no u...
Pred: positive (confidence: 9.188)
Final: a good-looking but ultimately pointless political thriller with plenty of action and almost no unciv...
Final pred: positive (confidence: 11.062)
Queries used: 46

================================================================================
Sample 824/1000
================================================================================

Original: a tired , predictable , bordering on offensive , waste of time , money and celluloid ....
Label: negative (confidence: 11.312)
Replacing 6 out of 8 important words (80.0%)
After init: a bulbs , predictable , harmony on laverne , waste of malls , presenting and celluloid ....
Pred: positive (confidence: 7.969)
Final: a pref , predictable , bordering on auckland , waste of downing , presenting and celluloid ....
Final pred: positive (confidence: 9.688)
Queries used: 169

================================================================================
Sample 825/1000
================================================================================

Original: if hill isn't quite his generation's don siegel ( or robert aldrich ) , it's because there's no disc...
Label: negative (confidence: 11.500)
Replacing 11 out of 14 important words (80.0%)
Failed to initialize adversarial example

================================================================================
Sample 826/1000
================================================================================

Original: stealing harvard will dip into your wallet , swipe 90 minutes of your time , and offer you precisely...
Label: negative (confidence: 11.500)
Replacing 13 out of 17 important words (80.0%)
After init: earliest making will polytechnic into your kool , swipe 90 blinds of your time , and offer you preci...
Pred: positive (confidence: 10.188)
Final: stealing harvard will dip into your ocho , swipe 90 minutes of your time , and offer you precisely t...
Final pred: positive (confidence: 10.875)
Queries used: 212

================================================================================
Sample 827/1000
================================================================================

Original: this is an insultingly inept and artificial examination of grief and its impacts upon the relationsh...
Label: negative (confidence: 11.188)
Replacing 6 out of 8 important words (80.0%)
After init: this is an insultingly limerick and brill tommie of designer and its isp upon the relationships of t...
Pred: positive (confidence: 8.812)
Final: this is an insultingly fidele and brill examination of grief and its impacts upon the relationships ...
Final pred: positive (confidence: 10.375)
Queries used: 518

================================================================================
Sample 828/1000
================================================================================

Original: does anyone much think the central story of brendan behan is that he was a bisexual sweetheart befor...
Label: positive (confidence: 10.688)
Replacing 10 out of 13 important words (80.0%)
After init: playgrounds opossum much intensive the pedlar hippies of sheva behan is that he wont a unfair resear...
Pred: negative (confidence: 10.062)
Final: does anyone much think the central story of brendan behan is that he was a bisexual patted before he...
Final pred: negative (confidence: 9.688)
Queries used: 120

================================================================================
Sample 829/1000
================================================================================

Original: `martin lawrence live' is so self-pitying , i almost expected there to be a collection taken for the...
Label: negative (confidence: 10.688)
Replacing 8 out of 11 important words (80.0%)
Failed to initialize adversarial example

================================================================================
Sample 830/1000
================================================================================

Original: the dialogue is cumbersome , the simpering soundtrack and editing more so ....
Label: negative (confidence: 11.188)
Replacing 4 out of 6 important words (80.0%)
After init: the deserting is norma , the beter soundtrack and editing crept so ....
Pred: positive (confidence: 9.500)
Final: the dialogue is galore , the simpering soundtrack and editing godlike so ....
Final pred: positive (confidence: 9.750)
Queries used: 66

================================================================================
Sample 831/1000
================================================================================

Original: never decides whether it wants to be a black comedy , drama , melodrama or some combination of the t...
Label: negative (confidence: 8.625)
Replacing 6 out of 8 important words (80.0%)
After init: deprived requires whether it wants to be a shutters forecasting , drama , tuva or some cameo of the ...
Pred: positive (confidence: 7.812)
Final: supercharged decides whether it wants to be a black comedy , drama , melodrama or some combination o...
Final pred: positive (confidence: 9.125)
Queries used: 50

================================================================================
Sample 832/1000
================================================================================

Original: it has become apparent that the franchise's best years are long past ....
Label: negative (confidence: 12.062)
Replacing 7 out of 9 important words (80.0%)
After init: it has become syntax that the franchise's independant years are long optimist ....
Pred: positive (confidence: 9.750)
Final: it has become apparent that the franchise's best years are long optimist ....
Final pred: positive (confidence: 10.000)
Queries used: 36

================================================================================
Sample 833/1000
================================================================================

Original: does what should seem impossible : it makes serial killer jeffrey dahmer boring ....
Label: negative (confidence: 8.875)
Replacing 7 out of 9 important words (80.0%)
After init: hummer what should oex comprises : it makes supple killer oir haah danielson ....
Pred: positive (confidence: 9.562)
Final: does what should seem impossible : it makes serial killer jeffrey hemorrhage boring ....
Final pred: positive (confidence: 11.500)
Queries used: 65

================================================================================
Sample 834/1000
================================================================================

Original: don't hate el crimen del padre amaro because it's anti-catholic . hate it because it's lousy ....
Label: negative (confidence: 9.750)
Replacing 7 out of 9 important words (80.0%)
After init: don't hate el crimen del loose carries because it's anti-catholic . affirmation it because it's port...
Pred: positive (confidence: 8.188)
Final: don't hate el crimen del padre amaro because it's anti-catholic . affirmation it because it's hollow...
Final pred: positive (confidence: 8.938)
Queries used: 229

================================================================================
Sample 835/1000
================================================================================

Original: . . . better described as a ghost story gone badly awry ....
Label: negative (confidence: 10.000)
Replacing 5 out of 7 important words (80.0%)
After init: . . . better described as a ghost story knocking globalists awry ....
Pred: positive (confidence: 8.938)
Final: . . . better described as a ghost story knocking globalists awry ....
Final pred: positive (confidence: 8.938)
Queries used: 445

================================================================================
Sample 836/1000
================================================================================

Original: like a bad improvisation exercise , the superficially written characters ramble on tediously about t...
Label: negative (confidence: 11.125)
Replacing 11 out of 14 important words (80.0%)
After init: like a alluring jimmie exercise , the karo sidearms analog ramble on tediously about their alumni , ...
Pred: positive (confidence: 9.250)
Final: like a alluring improvisation exercise , the superficially written characters ramble on tediously ab...
Final pred: positive (confidence: 9.812)
Queries used: 94

================================================================================
Sample 837/1000
================================================================================

Original: the filmmakers are playing to the big boys in new york and l . a . to that end , they mock the kind ...
Label: negative (confidence: 10.250)
Replacing 15 out of 19 important words (80.0%)
After init: the filmmakers craps prettier to the corners boyo in fao amaz and l . a . to that honors , they embe...
Pred: positive (confidence: 9.000)
Final: the filmmakers are playing to the big boys in new york and l . a . to that end , they corazón the ki...
Final pred: positive (confidence: 8.375)
Queries used: 134

================================================================================
Sample 838/1000
================================================================================

Original: competently directed but terminally cute drama ....
Label: positive (confidence: 8.500)
Replacing 4 out of 5 important words (80.0%)
After init: competently pedlar but terminally cute wackos ....
Pred: negative (confidence: 10.062)
Final: competently directed but terminally cute wackos ....
Final pred: negative (confidence: 10.438)
Queries used: 33

================================================================================
Sample 839/1000
================================================================================

Original: the big finish is a bit like getting all excited about a chocolate eclair and then biting into it an...
Label: negative (confidence: 11.125)
Replacing 9 out of 12 important words (80.0%)
After init: the big dissolute is a ritt like getting all suat about a chocolate inquirer and thirsting breeds in...
Pred: positive (confidence: 9.562)
Final: the big finish is a bit like getting all analyzing about a chocolate eclair and then stub into it an...
Final pred: positive (confidence: 11.250)
Queries used: 131

================================================================================
Sample 840/1000
================================================================================

Original: not just unlikable . disturbing . disgusting . without any redeeming value whatsoever ....
Label: negative (confidence: 10.812)
Replacing 6 out of 8 important words (80.0%)
After init: not just unlikable . cornucopia . omar . without any miner shiv goodjob ....
Pred: positive (confidence: 10.188)
Final: not just unlikable . cornucopia . esophagus . without any redeeming value goodjob ....
Final pred: positive (confidence: 11.500)
Queries used: 115

================================================================================
Sample 841/1000
================================================================================

Original: this thing is virtually unwatchable ....
Label: negative (confidence: 11.375)
Replacing 2 out of 3 important words (80.0%)
Failed to initialize adversarial example

================================================================================
Sample 842/1000
================================================================================

Original: those eternally devoted to the insanity of black will have an intermittently good time . feel free t...
Label: negative (confidence: 8.688)
Replacing 11 out of 14 important words (80.0%)
After init: those telescopes messed to the résumés of kay will ravin an jaeger good time . mend rainforest to go...
Pred: positive (confidence: 10.062)
Final: those eternally devoted to the insanity of black will have an intermittently good time . feel free t...
Final pred: positive (confidence: 9.188)
Queries used: 111

================================================================================
Sample 843/1000
================================================================================

Original: the self-serious equilibrium makes its point too well ; a movie , like life , isn't much fun without...
Label: positive (confidence: 8.125)
Replacing 10 out of 13 important words (80.0%)
After init: the self-serious equilibrium keitaro its point unsporting badass ; a abend , like life , isn't stoma...
Pred: negative (confidence: 8.750)
Final: the self-serious equilibrium makes its point too well ; a movie , like life , isn't much fun without...
Final pred: negative (confidence: 9.438)
Queries used: 77

================================================================================
Sample 844/1000
================================================================================

Original: the work of an exhausted , desiccated talent who can't get out of his own way ....
Label: negative (confidence: 11.375)
Replacing 6 out of 8 important words (80.0%)
After init: the work of an saara , deserving talent who can't get out of his admiral getyour ....
Pred: positive (confidence: 10.188)
Final: the work of an saara , deserving talent who can't get out of his own way ....
Final pred: positive (confidence: 8.750)
Queries used: 125

================================================================================
Sample 845/1000
================================================================================

Original: the main characters are simply named the husband , the wife and the kidnapper , emphasizing the disa...
Label: negative (confidence: 10.812)
Replacing 11 out of 14 important words (80.0%)
After init: the pleasures characters sprinting simply heavenly the nigel , the dedi and the tailgate , assing th...
Pred: positive (confidence: 9.812)
Final: the main characters are simply heavenly the husband , the wife and the kidnapper , emphasizing the d...
Final pred: positive (confidence: 10.438)
Queries used: 432

================================================================================
Sample 846/1000
================================================================================

Original: in terms of execution this movie is careless and unfocused ....
Label: negative (confidence: 11.688)
Replacing 4 out of 5 important words (80.0%)
After init: in standin of cottage this movie is heating and reconnecting ....
Pred: positive (confidence: 10.188)
Final: in terms of execution this movie is optimist and corroborative ....
Final pred: positive (confidence: 10.125)
Queries used: 64

================================================================================
Sample 847/1000
================================================================================

Original: swims in mediocrity , sticking its head up for a breath of fresh air now and then ....
Label: negative (confidence: 11.312)
Replacing 7 out of 9 important words (80.0%)
After init: recommend in mediocrity , sticking its julle up for a breath of yorkie air mattered and hazel ....
Pred: positive (confidence: 8.938)
Final: recommend in mediocrity , sticking its head up for a breath of fresh air now and then ....
Final pred: positive (confidence: 8.875)
Queries used: 61

================================================================================
Sample 848/1000
================================================================================

Original: the only type of lives this glossy comedy-drama resembles are ones in formulaic mainstream movies ....
Label: negative (confidence: 10.812)
Replacing 8 out of 11 important words (80.0%)
After init: the gigantor yagi of instructing this glossy comedy-drama midrash sororities ones in formulaic samba...
Pred: positive (confidence: 8.250)
Final: the gigantor type of lives this glossy comedy-drama resembles neccesary ones in formulaic mainstream...
Final pred: positive (confidence: 9.375)
Queries used: 177

================================================================================
Sample 849/1000
================================================================================

Original: the characters . . . are paper-thin , and their personalities undergo radical changes when it suits ...
Label: negative (confidence: 10.875)
Replacing 7 out of 9 important words (80.0%)
After init: the motor . . . lovejoy paper-thin , and their personalities script plink kunlun when it molehill th...
Pred: positive (confidence: 8.562)
Final: the characters . . . lovejoy paper-thin , and their personalities undergo radical changes when it su...
Final pred: positive (confidence: 9.250)
Queries used: 55

================================================================================
Sample 850/1000
================================================================================

Original: a sha-na-na sketch punctuated with graphic violence ....
Label: negative (confidence: 11.375)
Replacing 4 out of 5 important words (80.0%)
Failed to initialize adversarial example

================================================================================
Sample 851/1000
================================================================================

Original: the trouble is , its filmmakers run out of clever ideas and visual gags about halfway through ....
Label: negative (confidence: 11.125)
Replacing 6 out of 8 important words (80.0%)
After init: the ucla is , its child lounging out of clever vaca and visual forecast about halfway through ....
Pred: positive (confidence: 8.562)
Final: the boulder is , its filmmakers renewing out of clever ideas and visual gags about halfway through ....
Final pred: positive (confidence: 10.250)
Queries used: 79

================================================================================
Sample 852/1000
================================================================================

Original: spy-vs . -spy action flick with antonio banderas and lucy liu never comes together ....
Label: negative (confidence: 11.125)
Replacing 8 out of 11 important words (80.0%)
After init: spy-vs . -spy sabian flick with country introductions and lucy decorate abbott adroit barefooted ....
Pred: positive (confidence: 9.188)
Final: spy-vs . -spy action flick with antonio banderas and lucy liu never comes receipts ....
Final pred: positive (confidence: 11.125)
Queries used: 63

================================================================================
Sample 853/1000
================================================================================

Original: a so-so , made-for-tv something posing as a real movie ....
Label: negative (confidence: 11.062)
Replacing 4 out of 6 important words (80.0%)
After init: a so-so , made-for-tv granville donut as a personable movie ....
Pred: positive (confidence: 8.250)
Final: a so-so , made-for-tv something potus as a personable movie ....
Final pred: positive (confidence: 9.375)
Queries used: 145

================================================================================
Sample 854/1000
================================================================================

Original: the only upside to all of this unpleasantness is , given its labor day weekend upload , feardotcom s...
Label: negative (confidence: 9.625)
Replacing 10 out of 13 important words (80.0%)
After init: the hierarchy upside to all of this unpleasantness is , chamaco its getyour fashionably pupil glimme...
Pred: positive (confidence: 9.688)
Final: the only upside to all of this unpleasantness is , chamaco its labor day weekend glimmers , feardotc...
Final pred: positive (confidence: 8.562)
Queries used: 101

================================================================================
Sample 855/1000
================================================================================

Original: whether this is art imitating life or life imitating art , it's an unhappy situation all around ....
Label: negative (confidence: 10.812)
Replacing 7 out of 9 important words (80.0%)
After init: whether this is cabbage imitating life or victorville image cabbage , it's an amanda situation all g...
Pred: positive (confidence: 9.062)
Final: whether this is art imitating life or life imitating art , it's an legendary situation all around ....
Final pred: positive (confidence: 10.562)
Queries used: 50

================================================================================
Sample 856/1000
================================================================================

Original: an uneasy mix of run-of-the-mill raunchy humor and seemingly sincere personal reflection ....
Label: negative (confidence: 8.375)
Replacing 7 out of 9 important words (80.0%)
After init: an uneasy pm of run-of-the-mill traces humor and pato sincere perm dynamism ....
Pred: positive (confidence: 7.906)
Final: an uneasy mix of run-of-the-mill raunchy humor and seemingly sincere moores clipping ....
Final pred: positive (confidence: 9.812)
Queries used: 72

================================================================================
Sample 857/1000
================================================================================

Original: a formula family tearjerker told with a heavy irish brogue . . . accentuating , rather than muting ,...
Label: positive (confidence: 10.000)
Replacing 10 out of 13 important words (80.0%)
After init: a cata family tearjerker frocks with a heavy harcourt brogue . . . accentuating , ricin than muting ...
Pred: negative (confidence: 9.625)
Final: a formula family tearjerker told with a heavy irish brogue . . . accentuating , abducted than muting...
Final pred: negative (confidence: 10.625)
Queries used: 48

================================================================================
Sample 858/1000
================================================================================

Original: this is sandler running on empty , repeating what he's already done way too often ....
Label: negative (confidence: 11.188)
Replacing 7 out of 9 important words (80.0%)
After init: this is sandler dosage on eli , repeating what he's already done builded bolivia js ....
Pred: positive (confidence: 7.938)
Final: this is sandler running on eli , repeating what he's already done way too concentrate ....
Final pred: positive (confidence: 8.688)
Queries used: 79

================================================================================
Sample 859/1000
================================================================================

Original: this is as lax and limp a comedy as i've seen in a while , a meander through worn-out material ....
Label: negative (confidence: 11.062)
Replacing 7 out of 9 important words (80.0%)
After init: this is as toothbrush and creepin a comedy as i've salvador in a yoshida , a meander through worn-ou...
Pred: positive (confidence: 8.000)
Final: this is as lax and becca a comedy as i've seen in a while , a meander through worn-out material ....
Final pred: positive (confidence: 9.438)
Queries used: 55

================================================================================
Sample 860/1000
================================================================================

Original: time literally stops on a dime in the tries-so-hard-to-be-cool " clockstoppers , " but that doesn't ...
Label: negative (confidence: 10.875)
Replacing 12 out of 16 important words (80.0%)
After init: time goodman stops on a shal in the tries-so-hard-to-be-cool " clockstoppers , " but that doesn't wi...
Pred: positive (confidence: 8.312)
Final: time goodman stops on a dime in the tries-so-hard-to-be-cool " clockstoppers , " but that doesn't me...
Final pred: positive (confidence: 8.250)
Queries used: 75

================================================================================
Sample 861/1000
================================================================================

Original: the sort of picture in which , whenever one of the characters has some serious soul searching to do ...
Label: positive (confidence: 10.188)
Replacing 8 out of 10 important words (80.0%)
After init: the pomposity of picture in which , whenever one of the merriam rekindle some zaps soul deactivation...
Pred: negative (confidence: 8.562)
Final: the pomposity of picture in which , whenever one of the characters has some serious soul searching t...
Final pred: negative (confidence: 9.438)
Queries used: 55

================================================================================
Sample 862/1000
================================================================================

Original: aptly named , this shimmering , beautifully costumed and filmed production doesn't work for me ....
Label: negative (confidence: 11.062)
Replacing 8 out of 10 important words (80.0%)
After init: riend important , this shimmering , moving costumed and antidotes caps doesn't nuisances for me ....
Pred: positive (confidence: 11.062)
Final: aptly named , this shimmering , beautifully costumed and filmed production doesn't nuisances for me ...
Final pred: positive (confidence: 10.688)
Queries used: 39

================================================================================
Sample 863/1000
================================================================================

Original: a preposterously melodramatic paean to gang-member teens in brooklyn circa 1958 ....
Label: negative (confidence: 9.938)
Replacing 5 out of 7 important words (80.0%)
After init: a preposterously indonesians paean to gang-member shiori in brooklyn circa 1958 ....
Pred: positive (confidence: 8.125)
Final: a preposterously melodramatic paean to gang-member kazumi in brooklyn circa 1958 ....
Final pred: positive (confidence: 8.938)
Queries used: 49

================================================================================
Sample 864/1000
================================================================================

Original: has none of the crackle of " fatal attraction " , " 9 ½ weeks " , or even " indecent proposal " , an...
Label: negative (confidence: 9.062)
Replacing 12 out of 15 important words (80.0%)
After init: negation none of the maeda of " sons villeneuve " , " 9 ½ jogger " , or even " paused resisted " , a...
Pred: positive (confidence: 8.625)
Final: has none of the crackle of " fatal attraction " , " 9 ½ weeks " , or even " indecent proposal " , an...
Final pred: positive (confidence: 8.812)
Queries used: 108

================================================================================
Sample 865/1000
================================================================================

Original: everything its title implies , a standard-issue crime drama spat out from the tinseltown assembly li...
Label: negative (confidence: 10.062)
Replacing 8 out of 10 important words (80.0%)
After init: everything its lilies rudi , a standard-issue themed drama ram out from the duels boniface kickin ....
Pred: positive (confidence: 9.250)
Final: everything its title implies , a standard-issue crime drama leaders out from the tinseltown assembly...
Final pred: positive (confidence: 9.812)
Queries used: 83

================================================================================
Sample 866/1000
================================================================================

Original: an extraordinarily silly thriller ....
Label: negative (confidence: 9.812)
Replacing 2 out of 3 important words (80.0%)
After init: an extraordinarily have thriller ....
Pred: positive (confidence: 9.312)
Final: an extraordinarily deserving thriller ....
Final pred: positive (confidence: 10.875)
Queries used: 31

================================================================================
Sample 867/1000
================================================================================

Original: a rehash of every gangster movie from the past decade ....
Label: negative (confidence: 10.875)
Replacing 4 out of 5 important words (80.0%)
After init: a stimulator of every regulating movie from the sterilized mcquade ....
Pred: positive (confidence: 8.750)
Final: a penitent of every gangster movie from the past decade ....
Final pred: positive (confidence: 10.188)
Queries used: 40

================================================================================
Sample 868/1000
================================================================================

Original: gaping plot holes sink this 'sub'-standard thriller and drag audience enthusiasm to crush depth ....
Label: negative (confidence: 11.750)
Replacing 8 out of 11 important words (80.0%)
After init: roam plot pedestrians sink this 'sub'-standard sommelier and giblets audience elected to hearty audi...
Pred: positive (confidence: 8.750)
Final: roam plot holes sink this 'sub'-standard anshuman and drag audience elected to hearty depth ....
Final pred: positive (confidence: 9.250)
Queries used: 166

================================================================================
Sample 869/1000
================================================================================

Original: talkiness isn't necessarily bad , but the dialogue frequently misses the mark ....
Label: negative (confidence: 9.062)
Replacing 6 out of 8 important words (80.0%)
After init: talkiness isn't avalanches bad , but the stops dungarees ornithologist the mark ....
Pred: positive (confidence: 8.250)
Final: talkiness isn't necessarily bad , but the dialogue frequently festivity the mark ....
Final pred: positive (confidence: 8.562)
Queries used: 40

================================================================================
Sample 870/1000
================================================================================

Original: the beautiful images and solemn words cannot disguise the slack complacency of [godard's] vision , a...
Label: negative (confidence: 11.250)
Replacing 15 out of 19 important words (80.0%)
After init: the beautiful images and jaws nok cannot tilda the empress complacency of [godard's] vision , any am...
Pred: positive (confidence: 8.750)
Final: the beautiful images and evening words cannot cretinous the slack complacency of [godard's] vision ,...
Final pred: positive (confidence: 9.188)
Queries used: 144

================================================================================
Sample 871/1000
================================================================================

Original: the stunt work is top-notch ; the dialogue and drama often food-spittingly funny ....
Label: positive (confidence: 10.750)
Replacing 6 out of 8 important words (80.0%)
After init: the stunt nuisances is top-notch ; the deserting and drama often food-spittingly choking ....
Pred: negative (confidence: 8.562)
Final: the stunt work is top-notch ; the dialogue and drama often food-spittingly rapists ....
Final pred: negative (confidence: 9.062)
Queries used: 235

================================================================================
Sample 872/1000
================================================================================

Original: the movie isn't painfully bad , something to be 'fully experienced' ; it's just tediously bad , some...
Label: positive (confidence: 8.938)
Replacing 10 out of 13 important words (80.0%)
After init: the leng isn't massaged heaps , mussolini to be 'fully experienced' ; it's clings tediously bad , gr...
Pred: negative (confidence: 11.438)
Final: the movie isn't painfully funnels , something to be 'fully experienced' ; it's just tediously bad , ...
Final pred: negative (confidence: 11.312)
Queries used: 64

================================================================================
Sample 873/1000
================================================================================

Original: charly comes off as emotionally manipulative and sadly imitative of innumerable past love story deri...
Label: negative (confidence: 11.000)
Replacing 8 out of 11 important words (80.0%)
After init: here ofthings off as skylar manipulative and tortoises imitative of innumerable beautify love rebuil...
Pred: positive (confidence: 9.188)
Final: charly redefine off as emotionally manipulative and alright imitative of innumerable greatness love ...
Final pred: positive (confidence: 9.438)
Queries used: 188

================================================================================
Sample 874/1000
================================================================================

Original: what a great shame that such a talented director as chen kaige has chosen to make his english-langua...
Label: negative (confidence: 11.375)
Replacing 12 out of 15 important words (80.0%)
After init: what a great shame that such a talented overalls as refrigerator kaige seitz bulgarians to gaa his e...
Pred: positive (confidence: 9.875)
Final: what a great shame that such a talented director as chen kaige has chosen to make his english-langua...
Final pred: positive (confidence: 10.375)
Queries used: 95

================================================================================
Sample 875/1000
================================================================================

Original: no amount of good intentions is able to overcome the triviality of the story ....
Label: negative (confidence: 11.625)
Replacing 5 out of 7 important words (80.0%)
After init: no amount of porta intentions is impediment to estrogen the engelbert of the john ....
Pred: positive (confidence: 8.875)
Final: no amount of good intentions is impediment to overcome the engelbert of the story ....
Final pred: positive (confidence: 8.500)
Queries used: 64

================================================================================
Sample 876/1000
================================================================================

Original: the film . . . presents classic moral-condundrum drama : what would you have done to survive ? the p...
Label: negative (confidence: 10.938)
Replacing 15 out of 19 important words (80.0%)
Failed to initialize adversarial example

================================================================================
Sample 877/1000
================================================================================

Original: . . . for all its social and political potential , state property doesn't end up being very inspirin...
Label: negative (confidence: 11.625)
Replacing 9 out of 12 important words (80.0%)
Failed to initialize adversarial example

================================================================================
Sample 878/1000
================================================================================

Original: a film really has to be exceptional to justify a three hour running time , and this isn't ....
Label: negative (confidence: 11.250)
Replacing 7 out of 9 important words (80.0%)
After init: a film ofcourse seitz to be exceptional to buckley a three clemmons york measly , and this isn't ....
Pred: positive (confidence: 11.312)
Final: a film really defrosted to be exceptional to justify a three hour bernoulli time , and this isn't ....
Final pred: positive (confidence: 12.000)
Queries used: 70

================================================================================
Sample 879/1000
================================================================================

Original: little more than a stylish exercise in revisionism whose point . . . is no doubt true , but serves a...
Label: positive (confidence: 8.250)
Replacing 11 out of 14 important words (80.0%)
After init: little more than a uncork flamethrowers in revisionism whose point . . . is no assumes true , but gr...
Pred: negative (confidence: 11.062)
Final: little more than a stylish exercise in revisionism whose point . . . is no doubt true , but serves a...
Final pred: negative (confidence: 9.562)
Queries used: 77

================================================================================
Sample 880/1000
================================================================================

Original: the nonstop artifice ultimately proves tiresome , with the surface histrionics failing to compensate...
Label: negative (confidence: 11.438)
Replacing 10 out of 13 important words (80.0%)
After init: the nonstop parade ultimately proves milords , with the cunningham histrionics roared to commended f...
Pred: positive (confidence: 10.125)
Final: the nonstop artifice ultimately proves spellbound , with the surface histrionics bowing to commended...
Final pred: positive (confidence: 9.312)
Queries used: 285

================================================================================
Sample 881/1000
================================================================================

Original: this is a monumental achievement in practically every facet of inept filmmaking : joyless , idiotic ...
Label: negative (confidence: 11.312)
Replacing 12 out of 15 important words (80.0%)
After init: this is a monumental achievement in outing every facet of teletype wey : lamont , attractiveness , c...
Pred: positive (confidence: 10.125)
Final: this is a monumental achievement in practically every facet of systemic filmmaking : planter , idiot...
Final pred: positive (confidence: 8.875)
Queries used: 197

================================================================================
Sample 882/1000
================================================================================

Original: this off-putting french romantic comedy is sure to test severely the indulgence of fans of amélie ....
Label: negative (confidence: 11.188)
Replacing 8 out of 10 important words (80.0%)
After init: this off-putting squadron schedules forecasting is equestrian to gazpacho gatherer the indulgence of...
Pred: positive (confidence: 9.500)
Final: this off-putting french romantic comedy is sure to biryani gatherer the indulgence of fans of amélie...
Final pred: positive (confidence: 11.000)
Queries used: 137

================================================================================
Sample 883/1000
================================================================================

Original: overburdened with complicated plotting and banal dialogue...
Label: negative (confidence: 11.250)
Replacing 4 out of 5 important words (80.0%)
After init: nicola with conditional garages and banal perfumed...
Pred: positive (confidence: 9.625)
Final: overburdened with hashimoto plotting and banal adaptable...
Final pred: positive (confidence: 9.312)
Queries used: 67

================================================================================
Sample 884/1000
================================================================================

Original: ensemble movies , like soap operas , depend on empathy . if there ain't none , you have a problem ....
Label: positive (confidence: 9.000)
Replacing 8 out of 10 important words (80.0%)
After init: cliche movies , like securities airport , depend on carm . if there ain't hells , you have a expertl...
Pred: negative (confidence: 10.562)
Final: clichy movies , like soap operas , depend on empathy . if there ain't none , you have a problem ....
Final pred: negative (confidence: 10.875)
Queries used: 55

================================================================================
Sample 885/1000
================================================================================

Original: the master of disguise falls under the category of 'should have been a sketch on saturday night live...
Label: positive (confidence: 10.000)
Replacing 8 out of 11 important words (80.0%)
After init: the master of tilda varga under the complexities of 'should eastman been a grond on pity night shefa...
Pred: negative (confidence: 9.000)
Final: the master of disguise falls under the category of 'should have been a sketch on pity night live . '...
Final pred: negative (confidence: 8.750)
Queries used: 63

================================================================================
Sample 886/1000
================================================================================

Original: yet another self-consciously overwritten story about a rag-tag bunch of would-be characters that tea...
Label: negative (confidence: 11.625)
Replacing 11 out of 14 important words (80.0%)
After init: den another self-consciously overwritten conjure about a rag-tag bunch of would-be salander that tea...
Pred: positive (confidence: 8.438)
Final: yet another self-consciously overwritten discrete about a rag-tag bunch of would-be characters that ...
Final pred: positive (confidence: 9.625)
Queries used: 189

================================================================================
Sample 887/1000
================================================================================

Original: koepp's screenplay isn't nearly surprising or clever enough to sustain a reasonable degree of suspen...
Label: negative (confidence: 11.438)
Replacing 9 out of 12 important words (80.0%)
After init: koepp's enthralled isn't nearly surprising or lugo drysdale to fogey a blinked caruso of nutshell on...
Pred: positive (confidence: 8.438)
Final: koepp's enthralled isn't nearly surprising or clever enough to sustain a reasonable degree of octave...
Final pred: positive (confidence: 8.938)
Queries used: 141

================================================================================
Sample 888/1000
================================================================================

Original: is it really an advantage to invest such subtlety and warmth in an animatronic bear when the humans ...
Label: negative (confidence: 10.938)
Replacing 9 out of 12 important words (80.0%)
After init: is it really an nd to intestinal such subtlety and warmth in an mccool rathore when the coitus hyper...
Pred: positive (confidence: 9.188)
Final: is it really an unidentified to quirky such subtlety and warmth in an animatronic bear when the huma...
Final pred: positive (confidence: 10.688)
Queries used: 115

================================================================================
Sample 889/1000
================================================================================

Original: more successful at relating history than in creating an emotionally complex , dramatically satisfyin...
Label: negative (confidence: 10.188)
Replacing 8 out of 10 important words (80.0%)
After init: morticia successful at insinuation history than in creating an hasler engulf , ila begonias tartars...
Pred: positive (confidence: 10.062)
Final: more successful at relating history than in creating an emotionally engulf , dramatically satisfying...
Final pred: positive (confidence: 9.438)
Queries used: 63

================================================================================
Sample 890/1000
================================================================================

Original: clumsy , obvious , preposterous , the movie will likely set the cause of woman warriors back decades...
Label: negative (confidence: 11.688)
Replacing 8 out of 11 important words (80.0%)
After init: misfits , blissful , preposterous , the brainstorming will nestor royston the crooked of damnedest w...
Pred: positive (confidence: 9.500)
Final: clumsy , blissful , preposterous , the movie will likely composure the muriel of everyting warriors ...
Final pred: positive (confidence: 8.188)
Queries used: 705

================================================================================
Sample 891/1000
================================================================================

Original: it's hard to pity the 'plain' girl who becomes a ravishing waif after applying a smear of lip-gloss ...
Label: negative (confidence: 11.188)
Replacing 12 out of 15 important words (80.0%)
After init: it's roadway to erno the 'plain' girl who becomes a ravishing forming after albania a smear of lip-g...
Pred: positive (confidence: 9.562)
Final: it's hard to disko the 'plain' girl who becomes a ravishing waif after applying a smear of lip-gloss...
Final pred: positive (confidence: 10.125)
Queries used: 64

================================================================================
Sample 892/1000
================================================================================

Original: a banal , virulently unpleasant excuse for a romantic comedy ....
Label: negative (confidence: 11.312)
Replacing 4 out of 6 important words (80.0%)
After init: a jinny , virulently castellano lazare for a romantic forecasting ....
Pred: positive (confidence: 8.812)
Final: a honk , virulently encouragement petted for a romantic comedy ....
Final pred: positive (confidence: 10.938)
Queries used: 79

================================================================================
Sample 893/1000
================================================================================

Original: the drama discloses almost nothing ....
Label: negative (confidence: 11.375)
Replacing 3 out of 4 important words (80.0%)
After init: the greenspan discloses bulkheads soze ....
Pred: positive (confidence: 8.000)
Final: the drama discloses mightiest skydive ....
Final pred: positive (confidence: 9.562)
Queries used: 64

================================================================================
Sample 894/1000
================================================================================

Original: a minor-league soccer remake of the longest yard ....
Label: negative (confidence: 10.750)
Replacing 4 out of 5 important words (80.0%)
After init: a minor-league obstructing vaughn of the kindhearted yard ....
Pred: positive (confidence: 9.188)
Final: a minor-league soccer remake of the kindhearted yard ....
Final pred: positive (confidence: 9.688)
Queries used: 44

================================================================================
Sample 895/1000
================================================================================

Original: belongs in the too-hot-for-tv direct-to-video/dvd category , and this is why i have given it a one-s...
Label: negative (confidence: 11.000)
Replacing 6 out of 8 important words (80.0%)
Failed to initialize adversarial example

================================================================================
Sample 896/1000
================================================================================

Original: as earnest as a community-college advertisement , american chai is enough to make you put away the g...
Label: positive (confidence: 9.438)
Replacing 11 out of 14 important words (80.0%)
After init: as earnest as a community-college remainder , american faddle is costigan to oho you inshore away th...
Pred: negative (confidence: 10.000)
Final: as earnest as a community-college advertisement , american chai is enough to make you put away the g...
Final pred: negative (confidence: 10.562)
Queries used: 101

================================================================================
Sample 897/1000
================================================================================

Original: a dim-witted and lazy spin-off of the animal planet documentary series , crocodile hunter is enterta...
Label: negative (confidence: 11.375)
Replacing 10 out of 13 important words (80.0%)
After init: a dim-witted and martyn spin-off of the animal planet documentary dicky , forage maddock is entertai...
Pred: positive (confidence: 9.562)
Final: a dim-witted and lazy spin-off of the animal planet documentary series , crocodile hunter is enterta...
Final pred: positive (confidence: 10.125)
Queries used: 141

================================================================================
Sample 898/1000
================================================================================

Original: there is more than one joke about putting the toilet seat down . and that should tell you everything...
Label: positive (confidence: 8.375)
Replacing 9 out of 12 important words (80.0%)
After init: there is metropole than one intubate about putting the misinterpreted seat scampi . and that should ...
Pred: negative (confidence: 9.312)
Final: there is more than one joke about putting the toilet seat knifes . and that should tell you everythi...
Final pred: negative (confidence: 9.562)
Queries used: 73

================================================================================
Sample 899/1000
================================================================================

Original: even fans of ismail merchant's work , i suspect , would have a hard time sitting through this one ....
Label: negative (confidence: 10.875)
Replacing 8 out of 10 important words (80.0%)
After init: premonitions personable of ismail merchant's work , i ferguson , would eastman a deadbeats peat sitt...
Pred: positive (confidence: 10.375)
Final: even personable of ismail merchant's work , i suspect , would have a hard rpm sitting through this o...
Final pred: positive (confidence: 9.750)
Queries used: 74

================================================================================
Sample 900/1000
================================================================================

Original: it's really just another silly hollywood action film , one among a multitude of simple-minded , yaho...
Label: negative (confidence: 10.812)
Replacing 8 out of 11 important words (80.0%)
After init: it's fortunata just another ravin hollywood funnies film , one among a honesty of simple-minded , ya...
Pred: positive (confidence: 9.062)
Final: it's really just another silly hollywood wonderfully film , one among a multitude of simple-minded ,...
Final pred: positive (confidence: 9.188)
Queries used: 122

================================================================================
Sample 901/1000
================================================================================

Original: it's not a particularly good film , but neither is it a monsterous one ....
Label: negative (confidence: 10.812)
Replacing 4 out of 5 important words (80.0%)
After init: it's gerri a stiletto signify borghese , but neither is it a monsterous one ....
Pred: positive (confidence: 8.000)
Final: it's not a particularly overthink film , but neither is it a monsterous one ....
Final pred: positive (confidence: 7.156)
Queries used: 47

================================================================================
Sample 902/1000
================================================================================

Original: the world needs more filmmakers with passionate enthusiasms like martin scorsese . but it doesn't ne...
Label: positive (confidence: 10.312)
Replacing 11 out of 14 important words (80.0%)
After init: the apprehending needs diane pssst with ganges enthusiasms like noncoms clifton . but it doesn't leg...
Pred: negative (confidence: 8.125)
Final: the world needs more filmmakers with dent enthusiasms like martin th . but it doesn't recovering tam...
Final pred: negative (confidence: 9.750)
Queries used: 129

================================================================================
Sample 903/1000
================================================================================

Original: enchanted with low-life tragedy and liberally seasoned with emotional outbursts . . . what is sorely...
Label: negative (confidence: 10.938)
Replacing 14 out of 18 important words (80.0%)
After init: tunbridge with low-life winnipeg and gune buggy with sunbae meetin . . . what is sorely missing , ho...
Pred: positive (confidence: 8.375)
Final: enchanted with low-life winnipeg and liberally seasoned with emotional india . . . what is sorely mi...
Final pred: positive (confidence: 10.375)
Queries used: 134

================================================================================
Sample 904/1000
================================================================================

Original: harry potter and the chamber of secrets is deja vu all over again , and while that is a cliche , not...
Label: positive (confidence: 8.938)
Replacing 16 out of 21 important words (80.0%)
After init: unbound potter and the doggett of demagogue is fitzpatrick vu youngling wove again , and while that ...
Pred: negative (confidence: 10.188)
Final: harry potter and the chamber of secrets is deja vu all over again , and while that is a cliche , not...
Final pred: negative (confidence: 8.875)
Queries used: 263

================================================================================
Sample 905/1000
================================================================================

Original: sade achieves the near-impossible : it turns the marquis de sade into a dullard ....
Label: negative (confidence: 10.188)
Replacing 4 out of 6 important words (80.0%)
After init: sade achieves the near-impossible : it frei the marquis de litmus into a experiment ....
Pred: positive (confidence: 10.938)
Final: sade achieves the near-impossible : it turns the marquis de sade into a feinberg ....
Final pred: positive (confidence: 11.500)
Queries used: 38

================================================================================
Sample 906/1000
================================================================================

Original: [lin chung's] voice is rather unexceptional , even irritating ( at least to this western ear ) , mak...
Label: negative (confidence: 11.188)
Replacing 16 out of 21 important words (80.0%)
Failed to initialize adversarial example

================================================================================
Sample 907/1000
================================================================================

Original: one of the most plain , unimaginative romantic comedies i've ever seen ....
Label: negative (confidence: 11.375)
Replacing 6 out of 8 important words (80.0%)
After init: one of the most snowboarder , unimaginative romantic chitti i've consoling invests ....
Pred: positive (confidence: 9.375)
Final: one of the most plain , unimaginative romantic ansell i've interpreted cuter ....
Final pred: positive (confidence: 10.250)
Queries used: 85

================================================================================
Sample 908/1000
================================================================================

Original: though there's a clarity of purpose and even-handedness to the film's direction , the drama feels ri...
Label: negative (confidence: 10.625)
Replacing 7 out of 9 important words (80.0%)
After init: though there's a clarity of yoghurt and even-handedness to the film's squatters , the drama persecut...
Pred: positive (confidence: 10.875)
Final: though there's a clarity of purpose and even-handedness to the film's direction , the drama feels im...
Final pred: positive (confidence: 9.375)
Queries used: 72

================================================================================
Sample 909/1000
================================================================================

Original: unfortunately , the experience of actually watching the movie is less compelling than the circumstan...
Label: negative (confidence: 11.625)
Replacing 7 out of 9 important words (80.0%)
After init: tadao , the anthropologists of weirding watching the movie is pissoir mushu than the unpack of its u...
Pred: positive (confidence: 9.250)
Final: unfortunately , the experience of actually watching the movie is karenina compelling than the circum...
Final pred: positive (confidence: 10.562)
Queries used: 64

================================================================================
Sample 910/1000
================================================================================

Original: unless there are zoning ordinances to protect your community from the dullest science fiction , impo...
Label: negative (confidence: 10.812)
Replacing 9 out of 12 important words (80.0%)
After init: unless there shatner claremont ordinances to emissary your community from the clustered bellybutton ...
Pred: positive (confidence: 8.938)
Final: unless there are zoning ordinances to baran your community from the dullest science fiction , breath...
Final pred: positive (confidence: 10.312)
Queries used: 89

================================================================================
Sample 911/1000
================================================================================

Original: it should be doing a lot of things , but doesn't ....
Label: negative (confidence: 10.375)
Replacing 4 out of 5 important words (80.0%)
After init: it should be tachikoma a low of magnifique , but doesn't ....
Pred: positive (confidence: 8.812)
Final: it should be doing a lot of magnifique , but doesn't ....
Final pred: positive (confidence: 8.188)
Queries used: 133

================================================================================
Sample 912/1000
================================================================================

Original: chen films the resolutely downbeat smokers only with every indulgent , indie trick in the book ....
Label: negative (confidence: 10.625)
Replacing 8 out of 10 important words (80.0%)
After init: pues distancing the tsurugi hobby smokers fevers with every indulgent , views adventurous in the boo...
Pred: positive (confidence: 9.062)
Final: chen films the resolutely heroes smokers only with every indulgent , indie trick in the book ....
Final pred: positive (confidence: 9.812)
Queries used: 65

================================================================================
Sample 913/1000
================================================================================

Original: . . . a rather bland affair ....
Label: negative (confidence: 11.562)
Replacing 2 out of 3 important words (80.0%)
After init: . . . a rather upkeep unadulterated ....
Pred: positive (confidence: 9.250)
Final: . . . a rather harmony affair ....
Final pred: positive (confidence: 11.188)
Queries used: 39

================================================================================
Sample 914/1000
================================================================================

Original: far-fetched premise , convoluted plot , and thematic mumbo jumbo about destiny and redemptive love ....
Label: negative (confidence: 10.625)
Replacing 8 out of 10 important words (80.0%)
After init: far-fetched takeoff , settled endures , and thematic heliport jumbo about machu and redemptive stock...
Pred: positive (confidence: 8.438)
Final: far-fetched sully , settled plot , and thematic mumbo jumbo about destiny and redemptive love ....
Final pred: positive (confidence: 8.312)
Queries used: 80

================================================================================
Sample 915/1000
================================================================================

Original: the movie tries to be ethereal , but ends up seeming goofy ....
Label: negative (confidence: 11.000)
Replacing 4 out of 6 important words (80.0%)
After init: the hottie alliteration to be mlr , but ends up seeming kepler ....
Pred: positive (confidence: 8.625)
Final: the calcium deliciousness to be ethereal , but ends up seeming thunders ....
Final pred: positive (confidence: 9.938)
Queries used: 100

================================================================================
Sample 916/1000
================================================================================

Original: i was hoping that it would be sleazy and fun , but it was neither ....
Label: negative (confidence: 11.188)
Replacing 4 out of 6 important words (80.0%)
After init: i was pensacola that it would be sleazy and flashin , but it thudding umberto ....
Pred: positive (confidence: 9.688)
Final: i was ble that it would be sleazy and flashin , but it was neither ....
Final pred: positive (confidence: 9.625)
Queries used: 49

================================================================================
Sample 917/1000
================================================================================

Original: harris is supposed to be the star of the story , but comes across as pretty dull and wooden ....
Label: negative (confidence: 11.375)
Replacing 6 out of 8 important words (80.0%)
After init: harris is itude to be the star of the story , but ofthings across as halogen flocked and individuall...
Pred: positive (confidence: 9.750)
Final: harris is supposed to be the star of the story , but comes across as pretty poster and angelic ....
Final pred: positive (confidence: 11.000)
Queries used: 90

================================================================================
Sample 918/1000
================================================================================

Original: soulless and -- even more damning -- virtually joyless , xxx achieves near virtuosity in its crapule...
Label: negative (confidence: 11.312)
Replacing 8 out of 10 important words (80.0%)
After init: emboldened and -- even more arias -- chal lamont , balkan orderlies near virtuosity in its crapulenc...
Pred: positive (confidence: 8.750)
Final: posi and -- even more tsukasa -- virtually shamu , xxx achieves near virtuosity in its crapulence ....
Final pred: positive (confidence: 9.188)
Queries used: 88

================================================================================
Sample 919/1000
================================================================================

Original: a boring masquerade ball where normally good actors , even kingsley , are made to look bad ....
Label: negative (confidence: 11.125)
Replacing 9 out of 12 important words (80.0%)
After init: a danielson caravaggio inlaid where divers porta actors , even kingsley , sororities someting to ess...
Pred: positive (confidence: 10.000)
Final: a driven masquerade ball where normally good actors , even kingsley , are someting to look unequalle...
Final pred: positive (confidence: 11.562)
Queries used: 115

================================================================================
Sample 920/1000
================================================================================

Original: all the queen's men is a throwback war movie that fails on so many levels , it should pay reparation...
Label: negative (confidence: 11.625)
Replacing 8 out of 11 important words (80.0%)
After init: all the queen's men is a mile war superimposed that madrid on so labelled levels , it should zord ma...
Pred: positive (confidence: 8.062)
Final: all the queen's men is a throwback war movie that handsome on so many levels , it should pay reparat...
Final pred: positive (confidence: 10.812)
Queries used: 64

================================================================================
Sample 921/1000
================================================================================

Original: the filmmakers keep pushing the jokes at the expense of character until things fall apart ....
Label: negative (confidence: 11.938)
Replacing 7 out of 9 important words (80.0%)
After init: the pinning rosebushes qualifying the shelter at the expense of nishi until things manage pened ....
Pred: positive (confidence: 8.188)
Final: the filmmakers keep pushing the manfredi at the expense of copacabana until things technicolor pened...
Final pred: positive (confidence: 9.938)
Queries used: 115

================================================================================
Sample 922/1000
================================================================================

Original: rather than real figures , elling and kjell bjarne become symbolic characters whose actions are supp...
Label: positive (confidence: 9.000)
Replacing 13 out of 17 important words (80.0%)
After init: rather than kama dolores , typhoon and hypnotic abhorrent become natives bed whose schaeffer drab su...
Pred: negative (confidence: 9.688)
Final: rather than real figures , elling and kjell bjarne become symbolic characters whose actions are supp...
Final pred: negative (confidence: 8.375)
Queries used: 112

================================================================================
Sample 923/1000
================================================================================

Original: mariah carey gives us another peek at some of the magic we saw in glitter here in wisegirls ....
Label: positive (confidence: 10.500)
Replacing 7 out of 9 important words (80.0%)
After init: digging dashes tyne us another peek at some of the strutting we buffeted in glitter penniless in wis...
Pred: negative (confidence: 9.375)
Final: mariah carey ungrateful us another peek at some of the mchugh we saw in glitter here in wisegirls ....
Final pred: negative (confidence: 9.188)
Queries used: 85

================================================================================
Sample 924/1000
================================================================================

Original: it's all arty and jazzy and people sit and stare and turn away from one another instead of talking a...
Label: positive (confidence: 10.062)
Replacing 8 out of 11 important words (80.0%)
After init: it's all packer and lightsaber and tacks bereaved and stare and launches away from one another bundl...
Pred: negative (confidence: 9.812)
Final: it's all arty and jazzy and thwarting bereaved and stare and turn away from one another instead of t...
Final pred: negative (confidence: 9.938)
Queries used: 72

================================================================================
Sample 925/1000
================================================================================

Original: i suspect that you'll be as bored watching morvern callar as the characters are in it . if you go , ...
Label: negative (confidence: 10.812)
Replacing 8 out of 10 important words (80.0%)
After init: i tome that you'll be as theyíre granola morvern callar as the bed dilly in it . if you go , goh you...
Pred: positive (confidence: 10.312)
Final: i suspect that you'll be as solidified watching morvern callar as the characters are in it . if you ...
Final pred: positive (confidence: 10.438)
Queries used: 67

================================================================================
Sample 926/1000
================================================================================

Original: the lead actors share no chemistry or engaging charisma . we don't even like their characters ....
Label: negative (confidence: 11.250)
Replacing 8 out of 10 important words (80.0%)
After init: the suez safest hostilities no westerns or snappers charisma . we don't premonitions level their cha...
Pred: positive (confidence: 7.312)
Final: the lead safest share no discourteous or stavros charisma . we don't even abrupt their characters ....
Final pred: positive (confidence: 9.500)
Queries used: 175

================================================================================
Sample 927/1000
================================================================================

Original: some writer dude , i think his name was , uh , michael zaidan , was supposed to have like written th...
Label: negative (confidence: 10.438)
Replacing 18 out of 23 important words (80.0%)
After init: some diagnostic dude , i intensive his myka was , uh , percussive zaidan , thudding florist to diver...
Pred: positive (confidence: 10.438)
Final: some writer dude , i think his name was , uh , michael zaidan , was supposed to have like written th...
Final pred: positive (confidence: 9.812)
Queries used: 272

================================================================================
Sample 928/1000
================================================================================

Original: the movie doesn't generate a lot of energy . it is dark , brooding and slow , and takes its central ...
Label: negative (confidence: 11.438)
Replacing 12 out of 15 important words (80.0%)
After init: the superimposed doesn't generate a gautier of incompatibility . it is dark , marcellus and sonar , ...
Pred: positive (confidence: 10.125)
Final: the movie doesn't generate a lot of incompatibility . it is dark , brooding and slow , and takes its...
Final pred: positive (confidence: 9.062)
Queries used: 149

================================================================================
Sample 929/1000
================================================================================

Original: this feature is about as necessary as a hole in the head...
Label: negative (confidence: 10.562)
Replacing 3 out of 4 important words (80.0%)
After init: this imperishable is about as necessary as a naga in the satiated...
Pred: positive (confidence: 8.812)
Final: this feature is about as necessary as a toothbrushes in the civvy...
Final pred: positive (confidence: 9.938)
Queries used: 66

================================================================================
Sample 930/1000
================================================================================

Original: the cinematic equivalent of patronizing a bar favored by pretentious , untalented artistes who enjoy...
Label: negative (confidence: 11.438)
Replacing 9 out of 12 important words (80.0%)
After init: the allura equivalent of mally a bar instruments by pretentious , jawbone coccyx who enjoy alucard a...
Pred: positive (confidence: 8.750)
Final: the allura equivalent of canadian a bar bamboo by pretentious , corey artistes who enjoy yasu about ...
Final pred: positive (confidence: 9.125)
Queries used: 158

================================================================================
Sample 931/1000
================================================================================

Original: spectators will indeed sit open-mouthed before the screen , not screaming but yawning ....
Label: negative (confidence: 9.188)
Replacing 6 out of 8 important words (80.0%)
After init: reservation will beaty wikipedia open-mouthed before the gas , not screaming but yawning ....
Pred: positive (confidence: 8.125)
Final: fainter will indeed sit open-mouthed before the screen , not screaming but yawning ....
Final pred: positive (confidence: 8.812)
Queries used: 49

================================================================================
Sample 932/1000
================================================================================

Original: it feels like very light errol morris , focusing on eccentricity but failing , ultimately , to make ...
Label: negative (confidence: 10.125)
Replacing 11 out of 14 important words (80.0%)
After init: it glendale like very waistcoat fraternizing succeed , guantanamera on sleepless but bergère , ultim...
Pred: positive (confidence: 8.812)
Final: it feels like very light errol morris , focusing on eccentricity but subordinates , ultimately , to ...
Final pred: positive (confidence: 9.625)
Queries used: 94

================================================================================
Sample 933/1000
================================================================================

Original: a period story about a catholic boy who tries to help a jewish friend get into heaven by sending the...
Label: negative (confidence: 11.688)
Replacing 11 out of 14 important words (80.0%)
After init: a installs hallowed about a humorist boy who dynamics to help a jewish cooking get into butchie by e...
Pred: positive (confidence: 8.688)
Final: a period story about a catholic boy who tries to help a jewish friend get into heaven by sending the...
Final pred: positive (confidence: 10.375)
Queries used: 108

================================================================================
Sample 934/1000
================================================================================

Original: the premise itself is just sooooo tired . pair that with really poor comedic writing . . . and you'v...
Label: negative (confidence: 10.750)
Replacing 10 out of 13 important words (80.0%)
After init: the bot itself is clings sooooo buccaneers . castanets that with kimmie tripathi tombola writing . ....
Pred: positive (confidence: 8.188)
Final: the premise itself is just sooooo complimenting . pair that with really tripathi comedic writing . ....
Final pred: positive (confidence: 10.000)
Queries used: 111

================================================================================
Sample 935/1000
================================================================================

Original: proves a lovely trifle that , unfortunately , is a little too in love with its own cuteness ....
Label: negative (confidence: 10.125)
Replacing 7 out of 9 important words (80.0%)
After init: proves a merger merde that , abla , is a lettice uhum in uplink with its own cuteness ....
Pred: positive (confidence: 10.562)
Final: proves a lovely trifle that , exhaling , is a little beefsteak in love with its own cuteness ....
Final pred: positive (confidence: 11.375)
Queries used: 70

================================================================================
Sample 936/1000
================================================================================

Original: did we really need a remake of " charade ? "...
Label: negative (confidence: 8.125)
Replacing 4 out of 5 important words (80.0%)
After init: anesthetist we centauri scottsdale a vaughn of " charade ? "...
Pred: positive (confidence: 8.562)
Final: did we alrighty need a remake of " charade ? "...
Final pred: positive (confidence: 7.656)
Queries used: 54

================================================================================
Sample 937/1000
================================================================================

Original: some movies can get by without being funny simply by structuring the scenes as if they were jokes : ...
Label: negative (confidence: 11.125)
Replacing 18 out of 23 important words (80.0%)
After init: some movies can get by without being choking distraught by structuring the scenes as if they adham m...
Pred: positive (confidence: 8.812)
Final: some movies can get by without being funny simply by structuring the scenes as if they were jokes : ...
Final pred: positive (confidence: 8.688)
Queries used: 190

================================================================================
Sample 938/1000
================================================================================

Original: the only fun part of the movie is playing the obvious game . you try to guess the order in which the...
Label: negative (confidence: 10.625)
Replacing 10 out of 13 important words (80.0%)
After init: the aristocrat fun moss of the movie is chamois the prescott forster . you scusi to phobias the barr...
Pred: positive (confidence: 9.562)
Final: the only fun part of the movie is playing the slum game . you try to guess the order in which the ki...
Final pred: positive (confidence: 9.062)
Queries used: 109

================================================================================
Sample 939/1000
================================================================================

Original: i spied with my little eye . . . a mediocre collection of cookie-cutter action scenes and occasional...
Label: negative (confidence: 11.062)
Replacing 9 out of 12 important words (80.0%)
After init: i dunking with my little lode . . . a rank collection of cookie-cutter action scenes and arby losses...
Pred: positive (confidence: 9.562)
Final: i spied with my little eye . . . a fabian collection of cookie-cutter action scenes and occasionally...
Final pred: positive (confidence: 9.438)
Queries used: 75

================================================================================
Sample 940/1000
================================================================================

Original: entertains not so much because of its music or comic antics , but through the perverse pleasure of w...
Label: negative (confidence: 11.062)
Replacing 12 out of 15 important words (80.0%)
After init: ept divulging so much because of its adventurers or comic antics , but through the philip pleasure o...
Pred: positive (confidence: 8.688)
Final: entertains gerri so much because of its music or comic antics , but through the perverse pleasure of...
Final pred: positive (confidence: 10.312)
Queries used: 119

================================================================================
Sample 941/1000
================================================================================

Original: the satire is just too easy to be genuinely satisfying ....
Label: negative (confidence: 10.750)
Replacing 4 out of 6 important words (80.0%)
After init: the satire is clings uhum easy to be oops businesslike ....
Pred: positive (confidence: 8.125)
Final: the satire is just regained easy to be genuinely satisfying ....
Final pred: positive (confidence: 10.688)
Queries used: 40

================================================================================
Sample 942/1000
================================================================================

Original: bearable . barely ....
Label: positive (confidence: 7.812)
Replacing 1 out of 2 important words (80.0%)
After init: devils . barely ....
Pred: negative (confidence: 10.062)
Final: devils . barely ....
Final pred: negative (confidence: 10.062)
Queries used: 35

================================================================================
Sample 943/1000
================================================================================

Original: less funny than it should be and less funny than it thinks it is ....
Label: negative (confidence: 11.062)
Replacing 4 out of 5 important words (80.0%)
After init: lifts churn than it should be and less choking than it forgettable it is ....
Pred: positive (confidence: 9.625)
Final: hyeon funny than it should be and less churn than it thinks it is ....
Final pred: positive (confidence: 11.375)
Queries used: 62

================================================================================
Sample 944/1000
================================================================================

Original: an " o bruin , where art thou ? " -style cross-country adventure . . . it has sporadic bursts of liv...
Label: positive (confidence: 9.750)
Replacing 12 out of 16 important words (80.0%)
After init: an " o bruin , where spilt thou ? " -style cross-country asinine . . . it has sporadic bursts of liv...
Pred: negative (confidence: 10.812)
Final: an " o bruin , where art thou ? " -style cross-country asinine . . . it has sporadic bursts of livel...
Final pred: negative (confidence: 10.188)
Queries used: 50

================================================================================
Sample 945/1000
================================================================================

Original: a feeble tootsie knockoff ....
Label: negative (confidence: 11.375)
Replacing 2 out of 3 important words (80.0%)
After init: a panchito tootsie proclaim ....
Pred: positive (confidence: 8.812)
Final: a panchito tootsie fastest ....
Final pred: positive (confidence: 9.750)
Queries used: 55

================================================================================
Sample 946/1000
================================================================================

Original: an awful movie that will only satisfy the most emotionally malleable of filmgoers ....
Label: negative (confidence: 11.688)
Replacing 6 out of 8 important words (80.0%)
After init: an transformer movie that will only sayin the prophetic grafton experiments of filmgoers ....
Pred: positive (confidence: 7.594)
Final: an soaring movie that will only satisfy the most emotionally malleable of filmgoers ....
Final pred: positive (confidence: 10.438)
Queries used: 53

================================================================================
Sample 947/1000
================================================================================

Original: the story is far-flung , illogical , and plain stupid ....
Label: negative (confidence: 11.000)
Replacing 4 out of 5 important words (80.0%)
After init: the hallowed is far-flung , sci , and plain logo ....
Pred: positive (confidence: 7.469)
Final: the story is far-flung , benediction , and plain afghani ....
Final pred: positive (confidence: 7.906)
Queries used: 72

================================================================================
Sample 948/1000
================================================================================

Original: the very simple story seems too simple and the working out of the plot almost arbitrary ....
Label: negative (confidence: 11.125)
Replacing 8 out of 10 important words (80.0%)
After init: the very proceedings rebuilds kung santi varlet and the dark out of the gotoh almost genious ....
Pred: positive (confidence: 10.688)
Final: the very simple story seems too simple and the working out of the plot almost genious ....
Final pred: positive (confidence: 10.688)
Queries used: 103

================================================================================
Sample 949/1000
================================================================================

Original: an allegory concerning the chronically mixed signals african american professionals get about overac...
Label: positive (confidence: 9.000)
Replacing 12 out of 16 important words (80.0%)
After init: an huggin property the chronically sabatini signals african replacement professionals get about over...
Pred: negative (confidence: 10.938)
Final: an allegory concerning the chronically mixed signals african american professionals get about overac...
Final pred: negative (confidence: 10.750)
Queries used: 105

================================================================================
Sample 950/1000
================================================================================

Original: a very familiar tale , one that's been told by countless filmmakers about italian- , chinese- , iris...
Label: positive (confidence: 9.688)
Replacing 18 out of 23 important words (80.0%)
After init: a hira raise tale , one that's vilas saggy by extinction doren about italian- , chinese- , irish- , ...
Pred: negative (confidence: 10.000)
Final: a very familiar tale , one that's been nauseated by countless filmmakers about italian- , chinese- ,...
Final pred: negative (confidence: 10.188)
Queries used: 174

================================================================================
Sample 951/1000
================================================================================

Original: one key problem with these ardently christian storylines is that there is never any question of how ...
Label: negative (confidence: 11.062)
Replacing 7 out of 9 important words (80.0%)
After init: one wilkes hummed with these kahn christian storylines is that there is franc any question of how pr...
Pred: positive (confidence: 8.938)
Final: one key subtext with these ardently christian storylines is that there is never any question of how ...
Final pred: positive (confidence: 10.812)
Queries used: 61

================================================================================
Sample 952/1000
================================================================================

Original: essentially , the film is weak on detail and strong on personality...
Label: positive (confidence: 11.125)
Replacing 4 out of 6 important words (80.0%)
After init: constants , the borghese is weak on detail and marklar on complicating...
Pred: negative (confidence: 10.375)
Final: essentially , the film is weak on detail and strong on bitchy...
Final pred: negative (confidence: 10.500)
Queries used: 43

================================================================================
Sample 953/1000
================================================================================

Original: a relentless , bombastic and ultimately empty world war ii action flick ....
Label: negative (confidence: 11.312)
Replacing 6 out of 8 important words (80.0%)
After init: a hallam , receivers and ultimately empty world war ii wholeheartedly trudeau ....
Pred: positive (confidence: 8.500)
Final: a paramedic , bombastic and ultimately empty world war ii wholeheartedly flick ....
Final pred: positive (confidence: 8.812)
Queries used: 75

================================================================================
Sample 954/1000
================================================================================

Original: [hell is] looking down at your watch and realizing serving sara isn't even halfway through ....
Label: negative (confidence: 10.812)
Replacing 7 out of 9 important words (80.0%)
After init: [hell is] looking down at your watch and chandru burnett fantastical isn't even crustaceans through ...
Pred: positive (confidence: 7.531)
Final: [hell is] looking down at your watch and mademoiselles burnett fantastical isn't even halfway throug...
Final pred: positive (confidence: 8.250)
Queries used: 216

================================================================================
Sample 955/1000
================================================================================

Original: too long , and larded with exposition , this somber cop drama ultimately feels as flat as the scruff...
Label: negative (confidence: 11.812)
Replacing 11 out of 14 important words (80.0%)
After init: esposito long , and larded with photographers , this somber cop wackos ultimately glendale as horses...
Pred: positive (confidence: 9.125)
Final: satisfactory long , and larded with exposition , this somber cop drama ultimately feels as favor as ...
Final pred: positive (confidence: 9.938)
Queries used: 112

================================================================================
Sample 956/1000
================================================================================

Original: leaves viewers out in the cold and undermines some phenomenal performances ....
Label: negative (confidence: 11.312)
Replacing 4 out of 6 important words (80.0%)
After init: leaves viewers out in the cold and sweetest some phenomenal leaps ....
Pred: positive (confidence: 9.438)
Final: leaves viewers out in the cold and sixpack some phenomenal performances ....
Final pred: positive (confidence: 11.438)
Queries used: 33

================================================================================
Sample 957/1000
================================================================================

Original: . . . a ho-hum affair , always watchable yet hardly memorable ....
Label: negative (confidence: 10.188)
Replacing 5 out of 7 important words (80.0%)
After init: . . . a ho-hum demerol , eyelash watchable miggs copulating memorable ....
Pred: positive (confidence: 9.375)
Final: . . . a ho-hum affair , always watchable yet establishment memorable ....
Final pred: positive (confidence: 8.062)
Queries used: 47

================================================================================
Sample 958/1000
================================================================================

Original: swiftly deteriorates into a terribly obvious melodrama and rough-hewn vanity project for lead actres...
Label: negative (confidence: 11.312)
Replacing 9 out of 12 important words (80.0%)
After init: shockley rankin into a blas montag eskimos and rough-hewn vanity project for lead sufficiently andie...
Pred: positive (confidence: 9.000)
Final: swiftly finders into a terribly obvious comforts and rough-hewn vanity project for lead delightful a...
Final pred: positive (confidence: 11.062)
Queries used: 127

================================================================================
Sample 959/1000
================================================================================

Original: the histrionic muse still eludes madonna and , playing a charmless witch , she is merely a charmless...
Label: negative (confidence: 11.375)
Replacing 8 out of 11 important words (80.0%)
After init: the histrionic alky still eludes karel and , fnd a charmless guggenheim , she is statewide a charmle...
Pred: positive (confidence: 8.688)
Final: the histrionic muse still eludes phobias and , playing a charmless shecky , she is statewide a charm...
Final pred: positive (confidence: 10.062)
Queries used: 724

================================================================================
Sample 960/1000
================================================================================

Original: you have no affinity for most of the characters . nothing about them is attractive . what they see i...
Label: negative (confidence: 11.250)
Replacing 8 out of 11 important words (80.0%)
After init: you silly no ikeda for ensue of the allowing . damm about them is attractive . what they see in each...
Pred: positive (confidence: 9.875)
Final: you have no affinity for most of the allowing . azhar about them is attractive . what they see in ea...
Final pred: positive (confidence: 10.562)
Queries used: 114

================================================================================
Sample 961/1000
================================================================================

Original: diaz , applegate , blair and posey are suitably kooky which should appeal to women and they strip do...
Label: positive (confidence: 10.562)
Replacing 13 out of 17 important words (80.0%)
After init: diaz , teniente , evict and drexel profane vorlon kooky which should appeal to bester and they strip...
Pred: negative (confidence: 10.188)
Final: diaz , applegate , blair and posey rudeness conspicuous kooky which should appeal to women and they ...
Final pred: negative (confidence: 9.875)
Queries used: 204

================================================================================
Sample 962/1000
================================================================================

Original: a technically well-made suspenser . . . but its abrupt drop in iq points as it races to the finish l...
Label: negative (confidence: 11.000)
Replacing 12 out of 15 important words (80.0%)
After init: a newgate well-made suspenser . . . but its relief undressed in iq latch as it races to the dissolut...
Pred: positive (confidence: 8.812)
Final: a technically well-made suspenser . . . but its abrupt drop in iq points as it races to the finish l...
Final pred: positive (confidence: 10.250)
Queries used: 79

================================================================================
Sample 963/1000
================================================================================

Original: an inept , tedious spoof of '70s kung fu pictures , it contains almost enough chuckles for a three-m...
Label: negative (confidence: 11.188)
Replacing 9 out of 12 important words (80.0%)
After init: an limerick , tedious superfluous of '70s widest fu tind , it contains bulkheads strong chuckles for...
Pred: positive (confidence: 8.625)
Final: an fidele , tedious spoof of '70s kung fu pictures , it contains almost strong chuckles for a three-...
Final pred: positive (confidence: 8.875)
Queries used: 89

================================================================================
Sample 964/1000
================================================================================

Original: it's a mystery how the movie could be released in this condition ....
Label: negative (confidence: 11.000)
Replacing 3 out of 4 important words (80.0%)
After init: it's a mendelssohn how the movie could be seducer in this newsreader ....
Pred: positive (confidence: 8.438)
Final: it's a mystery how the movie could be darndest in this pasture ....
Final pred: positive (confidence: 9.062)
Queries used: 63

================================================================================
Sample 965/1000
================================================================================

Original: absolutely ( and unintentionally ) terrifying ....
Label: positive (confidence: 10.062)
Replacing 2 out of 3 important words (80.0%)
After init: metabolic ( and unintentionally ) drownded ....
Pred: negative (confidence: 11.250)
Final: absolutely ( and unintentionally ) drownded ....
Final pred: negative (confidence: 11.375)
Queries used: 34

================================================================================
Sample 966/1000
================================================================================

Original: eckstraordinarily lame and severely boring ....
Label: negative (confidence: 12.000)
Replacing 3 out of 4 important words (80.0%)
After init: eckstraordinarily femur and eases boring ....
Pred: positive (confidence: 10.688)
Final: eckstraordinarily joanie and eases boring ....
Final pred: positive (confidence: 11.125)
Queries used: 53

================================================================================
Sample 967/1000
================================================================================

Original: eight legged freaks falls flat as a spoof ....
Label: negative (confidence: 11.688)
Replacing 4 out of 5 important words (80.0%)
After init: eight anecdotes mich spits korn as a spoof ....
Pred: positive (confidence: 8.562)
Final: eight legged freaks falls rewards as a spoof ....
Final pred: positive (confidence: 8.875)
Queries used: 44

================================================================================
Sample 968/1000
================================================================================

Original: no matter how much he runs around and acts like a doofus , accepting a 50-year-old in the role is cr...
Label: negative (confidence: 11.500)
Replacing 11 out of 14 important words (80.0%)
After init: no lacquered how solarium he runs gleamed and acts like a roundabout , accepting a 50-year-old in th...
Pred: positive (confidence: 9.188)
Final: no matter how much he runs around and acts like a doofus , accepting a 50-year-old in the role is st...
Final pred: positive (confidence: 11.562)
Queries used: 86

================================================================================
Sample 969/1000
================================================================================

Original: you'll just have your head in your hands wondering why lee's character didn't just go to a bank mana...
Label: negative (confidence: 9.312)
Replacing 12 out of 15 important words (80.0%)
After init: you'll clings peculiar your partnered in your tambien tightly why lee's texted didn't clings go to a...
Pred: positive (confidence: 8.812)
Final: you'll just have your horsey in your hands wondering why lee's character didn't just go to a bank ma...
Final pred: positive (confidence: 10.062)
Queries used: 106

================================================================================
Sample 970/1000
================================================================================

Original: 'dragonfly' dwells on crossing-over mumbo jumbo , manipulative sentimentality , and sappy dialogue ....
Label: negative (confidence: 11.062)
Replacing 6 out of 8 important words (80.0%)
After init: 'dragonfly' yalla on crossing-over heliport poco , ulcer globalists , and yamashita dialogue ....
Pred: positive (confidence: 6.656)
Final: 'dragonfly' dwells on crossing-over heliport jumbo , vertical sentimentality , and forme dialogue ....
Final pred: positive (confidence: 7.969)
Queries used: 70

================================================================================
Sample 971/1000
================================================================================

Original: in his determination to lighten the heavy subject matter , silberling also , to a certain extent , t...
Label: negative (confidence: 11.562)
Replacing 12 out of 16 important words (80.0%)
After init: in his dalmatian to lighten the sulfa adrenalin matter , silberling also , to a dungeons meaty , tri...
Pred: positive (confidence: 8.438)
Final: in his determination to lighten the heavy subject matter , silberling also , to a certain spiky , tr...
Final pred: positive (confidence: 10.000)
Queries used: 171

================================================================================
Sample 972/1000
================================================================================

Original: blade ii has a brilliant director and charismatic star , but it suffers from rampant vampire devalua...
Label: negative (confidence: 9.312)
Replacing 8 out of 10 important words (80.0%)
After init: kanjar ii armchair a hotlanta counterfeiter and charismatic credible , but it alek from rampant coll...
Pred: positive (confidence: 9.875)
Final: blade ii has a brilliant director and charismatic star , but it relive from rampant vampire devaluat...
Final pred: positive (confidence: 9.875)
Queries used: 79

================================================================================
Sample 973/1000
================================================================================

Original: veers uncomfortably close to pro-serb propaganda ....
Label: negative (confidence: 11.250)
Replacing 4 out of 5 important words (80.0%)
After init: veers pantry pillows to pro-serb gothenburg ....
Pred: positive (confidence: 8.750)
Final: veers uncomfortably close to pro-serb facilitator ....
Final pred: positive (confidence: 8.125)
Queries used: 52

================================================================================
Sample 974/1000
================================================================================

Original: staggeringly dreadful romance ....
Label: negative (confidence: 11.500)
Replacing 2 out of 3 important words (80.0%)
After init: staggeringly kent bozeman ....
Pred: positive (confidence: 8.812)
Final: staggeringly playerd romance ....
Final pred: positive (confidence: 10.500)
Queries used: 32

================================================================================
Sample 975/1000
================================================================================

Original: movies like high crimes flog the dead horse of surprise as if it were an obligation . how about surp...
Label: negative (confidence: 9.500)
Replacing 11 out of 14 important words (80.0%)
After init: movies level fostering crimes dreadlocks the beforehand inbound of julienne as if it adham an couch ...
Pred: positive (confidence: 8.250)
Final: movies like high crimes flog the dead horse of surprise as if it were an soloist . how about surpris...
Final pred: positive (confidence: 9.250)
Queries used: 111

================================================================================
Sample 976/1000
================================================================================

Original: final verdict : you've seen it all before ....
Label: negative (confidence: 10.125)
Replacing 3 out of 4 important words (80.0%)
After init: pasture meneer : you've index it all before ....
Pred: positive (confidence: 8.750)
Final: final verdict : you've satisfaction it all before ....
Final pred: positive (confidence: 9.812)
Queries used: 36

================================================================================
Sample 977/1000
================================================================================

Original: throwing in everything except someone pulling the pin from a grenade with his teeth , windtalkers se...
Label: negative (confidence: 11.250)
Replacing 14 out of 18 important words (80.0%)
After init: wilkie in firewater except trawl hae the sunny from a judd with his handmade , windtalkers rosa to g...
Pred: positive (confidence: 9.062)
Final: throwing in everything except someone pulling the pin from a atwood with his handmade , windtalkers ...
Final pred: positive (confidence: 9.188)
Queries used: 257

================================================================================
Sample 978/1000
================================================================================

Original: if a few good men told us that we " can't handle the truth " than high crimes poetically states at o...
Label: positive (confidence: 9.500)
Replacing 12 out of 16 important words (80.0%)
After init: if a religions good stately whetstone us that we " can't juju the ck " than stolz crimes poetically ...
Pred: negative (confidence: 10.250)
Final: if a few good men told us that we " can't handle the truth " than high crimes poetically states at o...
Final pred: negative (confidence: 11.125)
Queries used: 74

================================================================================
Sample 979/1000
================================================================================

Original: further sad evidence that tom tykwer , director of the resonant and sense-spinning run lola run , ha...
Label: negative (confidence: 11.500)
Replacing 15 out of 19 important words (80.0%)
Failed to initialize adversarial example

================================================================================
Sample 980/1000
================================================================================

Original: you'll trudge out of the theater feeling as though you rode the zipper after eating a corn dog and a...
Label: negative (confidence: 11.812)
Replacing 8 out of 11 important words (80.0%)
After init: you'll quadri out of the theater feeling as though you arcadia the reprimanding after punishing a co...
Pred: positive (confidence: 10.375)
Final: you'll excel out of the theater feeling as though you rode the zipper after eating a corn dog and an...
Final pred: positive (confidence: 12.500)
Queries used: 47

================================================================================
Sample 981/1000
================================================================================

Original: the movie is a little tired ; maybe the original inspiration has run its course ....
Label: negative (confidence: 10.625)
Replacing 7 out of 9 important words (80.0%)
After init: the grail is a maguire ando ; maybe the original inspiration registrations shangri its nitin ....
Pred: positive (confidence: 8.750)
Final: the movie is a little siri ; maybe the original inspiration has victories its course ....
Final pred: positive (confidence: 8.562)
Queries used: 85

================================================================================
Sample 982/1000
================================================================================

Original: this will go on so long as there are moviegoers anxious to see strange young guys doing strange guy ...
Label: positive (confidence: 9.688)
Replacing 9 out of 12 important words (80.0%)
After init: this will go on so long as there milosevic frivolous anxious to see leonardo bluestar forward doing ...
Pred: negative (confidence: 9.312)
Final: this will go on so long as there are changin anxious to see strange young guys doing strange guy thi...
Final pred: negative (confidence: 9.562)
Queries used: 63

================================================================================
Sample 983/1000
================================================================================

Original: a full-frontal attack on audience patience ....
Label: negative (confidence: 11.438)
Replacing 3 out of 4 important words (80.0%)
After init: a full-frontal attack on asthma favor ....
Pred: positive (confidence: 9.688)
Final: a full-frontal attack on asthma birmingham ....
Final pred: positive (confidence: 10.625)
Queries used: 52

================================================================================
Sample 984/1000
================================================================================

Original: any intellectual arguments being made about the nature of god are framed in a drama so clumsy , ther...
Label: negative (confidence: 11.438)
Replacing 16 out of 21 important words (80.0%)
After init: any plaît arguments being someting about the awway of gallants lovejoy framed in a drama so lottery ...
Pred: positive (confidence: 8.750)
Final: any intellectual arguments being made about the nature of god bravest framed in a drama so official ...
Final pred: positive (confidence: 10.562)
Queries used: 534

================================================================================
Sample 985/1000
================================================================================

Original: it's a big idea , but the film itself is small and shriveled ....
Label: negative (confidence: 10.438)
Replacing 4 out of 5 important words (80.0%)
After init: it's a big nightshirt , but the borghese itself is undreamed and bestow ....
Pred: positive (confidence: 9.812)
Final: it's a big idea , but the film itself is small and luckier ....
Final pred: positive (confidence: 8.812)
Queries used: 40

================================================================================
Sample 986/1000
================================================================================

Original: debut effort by " project greenlight " winner is sappy and amateurish ....
Label: negative (confidence: 11.562)
Replacing 5 out of 7 important words (80.0%)
After init: maureen spokesman by " project greenlight " winner is thunderbolts and skinhead ....
Pred: positive (confidence: 9.188)
Final: debut effort by " project greenlight " winner is sappy and benefitted ....
Final pred: positive (confidence: 10.625)
Queries used: 47

================================================================================
Sample 987/1000
================================================================================

Original: one gets the impression the creators of don't ask don't tell laughed a hell of a lot at their own jo...
Label: negative (confidence: 11.000)
Replacing 12 out of 16 important words (80.0%)
After init: one gets the impression the music of don't kaboom don't scumbags tilton a hell of a lot at their own...
Pred: positive (confidence: 10.062)
Final: one gets the impression the creators of don't ask don't tell laughed a hell of a lot at their own jo...
Final pred: positive (confidence: 9.125)
Queries used: 105

================================================================================
Sample 988/1000
================================================================================

Original: the cast has a high time , but de broca has little enthusiasm for such antique pulp ....
Label: negative (confidence: 10.562)
Replacing 8 out of 11 important words (80.0%)
After init: the cast rekindle a kerry westley , but de broca ostentatious idan etruscan for such chamonix shorn ...
Pred: positive (confidence: 8.188)
Final: the cast rekindle a high time , but de broca has little enthusiasm for such antique whose ....
Final pred: positive (confidence: 9.688)
Queries used: 89

================================================================================
Sample 989/1000
================================================================================

Original: the film , like jimmy's routines , could use a few good laughs ....
Label: positive (confidence: 8.500)
Replacing 5 out of 7 important words (80.0%)
After init: the borghese , like jimmy's giz , could use a few lapsang setups ....
Pred: negative (confidence: 8.250)
Final: the film , like jimmy's routines , could use a few good tranquillizers ....
Final pred: negative (confidence: 10.188)
Queries used: 52

================================================================================
Sample 990/1000
================================================================================

Original: the film has too many spots where it's on slippery footing , but is acceptable entertainment for the...
Label: positive (confidence: 8.875)
Replacing 11 out of 14 important words (80.0%)
After init: the borghese fourths too vann caviar where it's on okazaki kazuo , but is meaningless entertainment ...
Pred: negative (confidence: 9.875)
Final: the film has too many spots where it's on slippery footing , but is acceptable entertainment for the...
Final pred: negative (confidence: 10.438)
Queries used: 94

================================================================================
Sample 991/1000
================================================================================

Original: purports to be a hollywood satire but winds up as the kind of film that should be the target of some...
Label: negative (confidence: 9.375)
Replacing 11 out of 14 important words (80.0%)
After init: purports to be a blister precedes but amphitheatre up as the neurologist of borghese that should be ...
Pred: positive (confidence: 8.750)
Final: purports to be a hollywood satire but winds up as the kind of film that should be the target of some...
Final pred: positive (confidence: 10.875)
Queries used: 122

================================================================================
Sample 992/1000
================================================================================

Original: . . . in the pile of useless actioners from mtv schmucks who don't know how to tell a story for more...
Label: negative (confidence: 11.125)
Replacing 8 out of 11 important words (80.0%)
After init: . . . in the pile of montecito actioners from winemaking biter who don't harpooned how to tell a sno...
Pred: positive (confidence: 8.250)
Final: . . . in the pile of montecito actioners from wisely thrush who don't harpooned how to tell a story ...
Final pred: positive (confidence: 8.938)
Queries used: 131

================================================================================
Sample 993/1000
================================================================================

Original: though it was made with careful attention to detail and is well-acted by james spader and maggie gyl...
Label: negative (confidence: 10.125)
Replacing 9 out of 12 important words (80.0%)
After init: though it palfrey mertens with smiler attention to detail and is well-acted by honker spader and mag...
Pred: positive (confidence: 9.562)
Final: though it was made with careful attention to detail and is well-acted by james spader and maggie gyl...
Final pred: positive (confidence: 9.875)
Queries used: 45

================================================================================
Sample 994/1000
================================================================================

Original: well-made but mush-hearted ....
Label: negative (confidence: 8.562)
Replacing 1 out of 2 important words (80.0%)
Failed to initialize adversarial example

================================================================================
Sample 995/1000
================================================================================

Original: humor in i spy is so anemic ....
Label: negative (confidence: 11.062)
Replacing 2 out of 3 important words (80.0%)
After init: kargil in i spy is so xuan ....
Pred: positive (confidence: 8.875)
Final: humor in i spy is so cherry ....
Final pred: positive (confidence: 11.000)
Queries used: 33

================================================================================
Sample 996/1000
================================================================================

Original: the film is strictly routine ....
Label: negative (confidence: 10.875)
Replacing 2 out of 3 important words (80.0%)
After init: the borghese is posters routine ....
Pred: positive (confidence: 7.688)
Final: the breaststroke is posters routine ....
Final pred: positive (confidence: 8.812)
Queries used: 50

================================================================================
Sample 997/1000
================================================================================

Original: a real snooze ....
Label: negative (confidence: 10.625)
Replacing 1 out of 2 important words (80.0%)
After init: a real tangent ....
Pred: positive (confidence: 9.250)
Final: a real jette ....
Final pred: positive (confidence: 9.438)
Queries used: 36

================================================================================
Sample 998/1000
================================================================================

Original: skillful as he is , mr . shyamalan is undone by his pretensions ....
Label: negative (confidence: 10.750)
Replacing 3 out of 4 important words (80.0%)
After init: supported as he is , mr . shyamalan is halyards by his mamiya ....
Pred: positive (confidence: 11.500)
Final: skillful as he is , mr . shyamalan is undone by his yeow ....
Final pred: positive (confidence: 10.562)
Queries used: 38

================================================================================
Sample 999/1000
================================================================================

Original: while the new film is much more eye-catching than its blood-drenched stephen norrington-directed pre...
Label: negative (confidence: 9.812)
Replacing 12 out of 16 important words (80.0%)
After init: while the trilling film is much ingram eye-catching than its blood-drenched stephen norrington-direc...
Pred: positive (confidence: 9.500)
Final: while the new film is much more eye-catching than its blood-drenched stephen norrington-directed pre...
Final pred: positive (confidence: 10.375)
Queries used: 77

================================================================================
Sample 1000/1000
================================================================================

Original: in addition to sporting one of the worst titles in recent cinematic history , ballistic : ecks vs . ...
Label: negative (confidence: 11.250)
Replacing 20 out of 25 important words (80.0%)
After init: in ariel to sporting one of the presentation pleasantries in beautification cinematic history , wick...
Pred: positive (confidence: 8.938)
Final: in addition to sporting one of the miky titles in recent cinematic history , ballistic : ecks vs . s...
Final pred: positive (confidence: 9.312)
Queries used: 535

================================================================================
ATTACK SUMMARY
================================================================================
Dataset: rotten_tomatoes
Method: Logits
Total samples: 1000
Successful attacks: 968
Success rate: 96.80%
Results saved to: mistral_rt_logits_attack.json
