idx,original_text,original_label,perturbed_text,perturbed_label,success,semantic_similarity,queries
0,"unpretentious , charming , quirky , original",LABEL_1,"charming, witty, charming, original",LABEL_1,False,0.8571279644966125,16
1,"a film really has to be exceptional to justify a three hour running time , and this isn't .",LABEL_0,"every movie sometimes needs really fucking good or sustain some two hours run long, but it wasn' not.",LABEL_0,False,0.75717693567276,37
2,working from a surprisingly sensitive script co-written by gianni romoli . . . ozpetek avoids most of the pitfalls you'd expect in such a potentially sudsy set-up .,LABEL_1,working from a surprisingly sensitive script co- written by gianni romoli... ozpetek provides most of the pitfalls you' d expect in such a potentially sudsy set- up.,LABEL_0,True,0.9906625747680664,29
3,"it may not be particularly innovative , but the film's crisp , unaffected style and air of gentle longing make it unexpectedly rewarding .",LABEL_1,"it might also been entirely successful, and this movie' the crisp, realistic imagery or blend for contemporary action found it particularly appealing.",LABEL_1,False,0.7507046461105347,58
4,"such a premise is ripe for all manner of lunacy , but kaufman and gondry rarely seem sure of where it should go .",LABEL_0,"such a plot is ripe for all kinds of situations, but kaufman and kaufman still seem sure of where it should go.",LABEL_1,True,0.7905412912368774,36
5,the lead actors share no chemistry or engaging charisma . we don't even like their characters .,LABEL_0,these main characters are either personalities and artistic abilities. it doesn' no particularly appreciate our acting.,LABEL_0,False,0.7872553467750549,33
6,"we started to wonder if  some unpaid intern had just typed 'chris rock , ' 'anthony hopkins' and 'terrorists' into some univac-like script machine .",LABEL_0,"you had never guess that a new intern was actually typed' chris rock,'' harry potter' or' others' onto a computer- operated machine already.",LABEL_0,False,0.7617307901382446,73
7,"the metaphors are provocative , but too often , the viewer is left puzzled by the mechanics of the delivery .",LABEL_0,"some words seem strong, and so often, the narrator is deeply puzzled by the nature of the delivery.",LABEL_1,True,0.7633107900619507,44
8,marinated in clichés and mawkish dialogue .,LABEL_0,marinated in funny and mawkish dialogue.,LABEL_1,True,0.8862596750259399,8
9,an uneasy mix of run-of-the-mill raunchy humor and seemingly sincere personal reflection .,LABEL_1,the uneasy blend with running- of- a- mill good humor. almost sincere sexual experience.,LABEL_1,False,0.7629525661468506,54
10,"it has the right approach and the right opening premise , but it lacks the zest and it goes for a plot twist instead of trusting the material .",LABEL_0,"it has the right approach and the right opening premise, but it has the zest and it goes for a plot twist instead of trusting the material.",LABEL_1,True,0.9938383102416992,29
11,"the film . . . presents classic moral-condundrum drama : what would you have done to survive ? the problem with the film is whether these ambitions , laudable in themselves , justify a theatrical simulation of the death camp of auschwitz ii-birkenau .",LABEL_0,"this movie... the most post- modern movie: how could we had wanted it?? an issue within this work asks if my actions, particularly of myself, constitute any true depiction for a death simulation for auschwitz--..",LABEL_0,False,0.7703532576560974,89
12,"as it stands , crocodile hunter has the hurried , badly cobbled look of the 1959 godzilla , which combined scenes of a japanese monster flick with canned shots of raymond burr commenting on the monster's path of destruction .",LABEL_0,"like always happens, monster wars has this typical, similarly animated appearance as all 1959 films, yet includes portions with some typical godzilla scene featuring several images from aaron ward lying upon a godzilla' d verge for defeat.",LABEL_0,False,0.7649889588356018,81
13,there is more than one joke about putting the toilet seat down . and that should tell you everything you need to know about all the queen's men .,LABEL_1,there is more than one joke about putting the toilet seat down. but that should give me what we need to know about all the queen' s men.,LABEL_0,True,0.9886606335639954,34
14,"fails in making this character understandable , in getting under her skin , in exploring motivation . . . well before the end , the film grows as dull as its characters , about whose fate it is hard to care .",LABEL_0,"but with getting a movie memorable, with being in her role, of showing that... even after this end, this character becomes increasingly weak from their protagonist, of which time she finds difficult without care.",LABEL_0,False,0.7775765657424927,85
15,the wild thornberrys movie is pleasant enough and the message of our close ties with animals can certainly not be emphasized enough .,LABEL_0,the wild thornberrys movie is pleasant enough and the message of our close ties with animals can certainly still be emphasized enough.,LABEL_1,True,0.9868016839027405,24
16,a charming and funny story of clashing cultures and a clashing mother/daughter relationship .,LABEL_1,"another beautiful but personal story about differing worlds, some complicated parent/ child relationships.",LABEL_1,False,0.7629225254058838,35
17,"it's like a "" big chill "" reunion of the baader-meinhof gang , only these guys are more harmless pranksters than political activists .",LABEL_0,"they' re like some"" big chill"" parody for this karl- meinhof gang, where these thugs confuse worse ordinary folks for serious ones.",LABEL_0,False,0.7764986753463745,75
18,"what ensues are much blood-splattering , mass drug-induced bowel evacuations , and none-too-funny commentary on the cultural distinctions between americans and brits .",LABEL_0,"what follow are much bone- chilling, mass drug- related blood fest, and none- too- funny reflections on the fundamental difference of us and you.",LABEL_1,True,0.5914756059646606,43
19,"director lee has a true cinematic knack , but it's also nice to see a movie with its heart so thoroughly , unabashedly on its sleeve .",LABEL_1,"bruce usually has a nice directorial sense, but it' s really hard to see a person in its heart so completely, practically on its feet.",LABEL_0,True,0.5842330455780029,50
20,the stunt work is top-notch ; the dialogue and drama often food-spittingly funny .,LABEL_1,the stunt work is top- notch; the dialogue and drama often food- less funny.,LABEL_0,True,0.9731957912445068,16
21,goldmember is funny enough to justify the embarrassment of bringing a barf bag to the moviehouse .,LABEL_1,whoever is strong enough can justify the embarrassment of bringing a barf bag to the moviehouse.,LABEL_0,True,0.631241500377655,20
22,an unsophisticated sci-fi drama that takes itself all too seriously .,LABEL_0,an original sci- fi drama to put it way more lightly.,LABEL_1,True,0.8265167474746704,33
23,an original and highly cerebral examination of the psychopathic mind,LABEL_1,the open but fully critical interpretation for a psychopathic ...,LABEL_1,False,0.7781133651733398,23
24,"death to smoochy tells a moldy-oldie , not-nearly -as-nasty -as-it- thinks-it-is joke . over and over again .",LABEL_0,"death to you: this moldy- oldie, not- even- that- nasty- as- you- feels- it- will joke. above and up there.",LABEL_0,False,0.7678935527801514,80
25,"i prefer soderbergh's concentration on his two lovers over tarkovsky's mostly male , mostly patriarchal debating societies .",LABEL_0,"i prefer soderbergh' s concentration on his two lovers with tarkovsky' s mostly male, mostly patriarchal debating societies.",LABEL_1,True,0.9960737228393555,20
26,meticulously uncovers a trail of outrageous force and craven concealment .,LABEL_0,meticulously uncovers a combination of outrageous force and craven concealment.,LABEL_1,True,0.9465508460998535,12
27,"a rip-off twice removed , modeled after [seagal's] earlier copycat under siege , sometimes referred to as die hard on a boat .",LABEL_0,"the rip- off once again, named on[ america''] first time in history, often referring to the die hard as the boat.",LABEL_0,False,0.7508251070976257,78
28,one of those joyous films that leaps over national boundaries and celebrates universal human nature .,LABEL_1,one for those american films that crosses into foreign territory and explores contemporary human nature.,LABEL_1,False,0.7534023523330688,50
29,"if you're looking for an intelligent movie in which you can release your pent up anger , enough is just the ticket you need .",LABEL_1,"if you' re up for an entire film in where you can control my pent up rage, this is not the movie you need.",LABEL_0,True,0.7516896724700928,43
30,"what might have been readily dismissed as the tiresome rant of an aging filmmaker still thumbing his nose at convention takes a surprising , subtle turn at the midway point .",LABEL_1,"what might have been readily dismissed as the tiresome rant of an aging filmmaker still thumbing his nose at convention takes a sudden, subtle turn at the midway point.",LABEL_0,True,0.9908069372177124,31
31,one gets the impression the creators of don't ask don't tell laughed a hell of a lot at their own jokes . too bad none of it is funny .,LABEL_0,i has often thought all writers of wouldn' t tell aren' t ask jokes a matter of a while at its greatest expense. not bad most of it is hilarious.,LABEL_1,True,0.8366681337356567,50
32,"the dialogue is cumbersome , the simpering soundtrack and editing more so .",LABEL_0,"the dialogue is simple, the music fun and editing more so.",LABEL_1,True,0.8551095724105835,15
33,"less cinematically powerful than quietly and deeply moving , which is powerful in itself .",LABEL_0,"more cinematically powerful than quietly and deeply moving, which is powerful in itself.",LABEL_1,True,0.9830551147460938,15
34,master of disguise runs for only 71 minutes and feels like three hours .,LABEL_0,masters in illusion lasted by almost 71 min but felt over 3 minutes.,LABEL_0,False,0.7517249584197998,34
35,a moving and not infrequently breathtaking film .,LABEL_1,another remarkable and not quite breathtaking film.,LABEL_0,True,0.7593129277229309,11
36,"a so-so , made-for-tv something posing as a real movie .",LABEL_0,"a not- so, produced- by- someone, such that the real film.",LABEL_0,False,0.7759848237037659,27
37,"pratfalls aside , barbershop gets its greatest play from the timeless spectacle of people really talking to each other .",LABEL_1,"that is, barbershop got their full impact in this whole experience with everyone actually speaking with another individual.",LABEL_1,False,0.7903631329536438,44
38,"an engrossing story that combines psychological drama , sociological reflection , and high-octane thriller .",LABEL_1,"the epic thriller. blend dramatic fantasy, psychological mystery, but higher- stakes drama.",LABEL_1,False,0.8165889978408813,27
39,"in imax in short , it's just as wonderful on the big screen .",LABEL_1,"on imax for comparison, they' ve seen it great with this huge tv.",LABEL_1,False,0.8736398816108704,34
40,steven soderbergh doesn't remake andrei tarkovsky's solaris so much as distill it .,LABEL_0,"maybe spielberg doesn' not remake either pavel' d solaris too well, do he.",LABEL_0,False,0.7601253986358643,49
41,"a dreadful day in irish history is given passionate , if somewhat flawed , treatment .",LABEL_1,"each glorious moment within irish society has a great, though severely unpleasant, treatment.",LABEL_1,False,0.7505123615264893,34
42,fans of the modern day hong kong action film finally have the worthy successor to a better tomorrow and the killer which they have been patiently waiting for .,LABEL_1,fans for this new day hong kong drama film still have a potential lead with another good life with a future what we has so eagerly hoping of.,LABEL_1,False,0.7615379691123962,90
43,"a big-budget/all-star movie as unblinkingly pure as the hours is a distinct rarity , and an event .",LABEL_1,"every big- picture/ super- genre film with very big than the hours offered another common choice, or equal opportunity.",LABEL_1,False,0.7781611084938049,54
44,"even fans of ismail merchant's work , i suspect , would have a hard time sitting through this one .",LABEL_0,"some readers of ismail ali' s work, i imagine, might had a tough turn coming into this one.",LABEL_1,True,0.7420132160186768,38
45,an odd drama set in the world of lingerie models and bar dancers in the midwest that held my interest precisely because it didn't try to .,LABEL_1,a romantic comedy based upon this set about exotic dancers or professional actors in the midwest which held my interest precisely because it didn' t try to.,LABEL_0,True,0.7904999256134033,42
46,the rules of attraction gets us too drunk on the party favors to sober us up with the transparent attempts at moralizing .,LABEL_0,some rules about it have we already hooked with each party itself that sober us even after an obvious stab at seduction.,LABEL_1,True,0.7661224603652954,67
47,"'dragonfly' dwells on crossing-over mumbo jumbo , manipulative sentimentality , and sappy dialogue .",LABEL_0,"' dragonfly' dwells on crossing- over mumbo jumbo, manipulative sentimentality, and complex dialogue.",LABEL_1,True,0.9797853827476501,14
48,manages to accomplish what few sequels can -- it equals the original and in some ways even betters it .,LABEL_1,tries to achieve what few things can-- it equals the sequel and in some ways even equals it.,LABEL_0,True,0.8391637802124023,24
49,"twohy knows how to inflate the mundane into the scarifying , and gets full mileage out of the rolling of a stray barrel or the unexpected blast of a phonograph record .",LABEL_0,"it knows how to inflate the mundane into the scarifying, and getting full mileage out of the rolling of a stray barrel or the unexpected blast of a phonograph record.",LABEL_1,True,0.7496970891952515,33
50,a film of delicate interpersonal dances . caine makes us watch as his character awakens to the notion that to be human is eventually to have to choose . it's a sight to behold .,LABEL_1,the sea with people dancing together. caine lets himself through before our face turns and a realization of how perfectly alive seems simply people want his act. he' steps this lot into view.,LABEL_1,False,0.816998302936554,74
51,nothing but an episode of smackdown ! in period costume and with a bigger budget .,LABEL_0,everything but an act of combat! in period costume and with a bigger budget.,LABEL_1,True,0.700771689414978,18
52,too slick and manufactured to claim street credibility .,LABEL_0,so slick and dangerous to the street life.,LABEL_1,True,0.6821150779724121,26
53,""" what really happened ? "" is a question for philosophers , not filmmakers ; all the filmmakers need to do is engage an audience .",LABEL_0,""" what really happens?"" is a film for audiences, not directors; all the films need to do is engage an viewer.",LABEL_1,True,0.8374748826026917,27
54,supposedly authentic account of a historical event that's far too tragic to merit such superficial treatment .,LABEL_0,some authentic account of a true event that' s far too tragic to merit such good treatment.,LABEL_1,True,0.8322440981864929,21
55,"you come away thinking not only that kate isn't very bright , but that she hasn't been worth caring about and that maybe she , janine and molly -- an all-woman dysfunctional family -- deserve one another .",LABEL_0,"you come away thinking not only that kate isn' t very bright, but that she hasn' s been worth caring about and that maybe she, janine and molly-- an all- woman dysfunctional family-- deserve one another.",LABEL_1,True,0.9994561672210693,38
56,connoisseurs of chinese film will be pleased to discover that tian's meticulous talent has not withered during his enforced hiatus .,LABEL_1,people of asian film must be delighted to find the tian' s great career has somewhat diminished by his short time.,LABEL_0,True,0.7246277332305908,58
57,"cherry orchard is badly edited , often awkwardly directed and suffers from the addition of a wholly unnecessary pre-credit sequence designed to give some of the characters a 'back story . '",LABEL_0,"fruit blossom was poorly written, frequently badly edited or suffer for an absence from the previously unrelated post- credits, intended and render all over these scenes the' back end.'",LABEL_0,False,0.7605091333389282,68
58,a rehash of every gangster movie from the past decade .,LABEL_1,a rehash of any major movie from the past decade.,LABEL_0,True,0.7423204779624939,28
59,""" one look at a girl in tight pants and big tits and you turn stupid ? "" um . . isn't that the basis for the entire plot ?",LABEL_0,""" everyone looks on the chick like short dresses or huge breasts like she look red?"" and.. doesn' ts there no idea of a whole plot?",LABEL_0,False,0.7920801639556885,58
60,"yes they can swim , the title is merely anne-sophie birot's off-handed way of saying girls find adolescence difficult to wade through .",LABEL_0,"yes it could swim, its name is just it- anne james' s right- hand way of thinking women are things hard to fall into.",LABEL_1,True,0.7734028697013855,56
61,we get the comedy we settle for .,LABEL_1,we get the rest we settle for.,LABEL_0,True,0.699821412563324,9
62,charly comes off as emotionally manipulative and sadly imitative of innumerable past love story derisions .,LABEL_0,charly comes off as emotionally manipulative and highly imitative of innumerable past love story derisions.,LABEL_1,True,0.9911943078041077,17
63,much smarter and more attentive than it first sets out to be .,LABEL_1,far slower but more attentive than it first sets out to be.,LABEL_0,True,0.5550377368927002,17
64,a movie of riveting power and sadness .,LABEL_1,the movie about raw emotions or sadness.,LABEL_1,False,0.7685947418212891,29
65,"franco is an excellent choice for the walled-off but combustible hustler , but he does not give the transcendent performance sonny needs to overcome gaps in character development and story logic .",LABEL_1,"franco seems an excellent choice for the walled- off but combustible hustler, but he does not give the transcendent performance sonny needs to overcome gaps in character development and story logic.",LABEL_0,True,0.9967131018638611,33
66,"tully is worth a look for its true-to-life characters , its sensitive acting , its unadorned view of rural life and the subtle direction of first-timer hilary birmingham .",LABEL_1,"tully results in another classic of their real- life- live setting, their strong characters, their realistic portrayal in real americans or a strong character like old- fashioned ben mitchell.",LABEL_1,False,0.8232979774475098,66
67,"the high-concept scenario soon proves preposterous , the acting is robotically italicized , and truth-in-advertising hounds take note : there's very little hustling on view .",LABEL_0,"the high- concept scenario soon proves useful, the acting is heavily praised, and truth- in- action hounds take note: there' s very little hustling on view.",LABEL_1,True,0.6952027082443237,34
68,the movie is a little tired ; maybe the original inspiration has run its course .,LABEL_0,this movie seems the bit tired; perhaps a whole idea had reached its rite.,LABEL_0,False,0.7703491449356079,38
69,[scherfig] has made a movie that will leave you wondering about the characters' lives after the clever credits roll .,LABEL_1,[ they] recently made a movie which will leave us wondering about the characters' lives after the clever credits roll.,LABEL_0,True,0.849989652633667,24
70,"symbolically , warm water under a red bridge is a celebration of feminine energy , a tribute to the power of women to heal .",LABEL_1,"well, hot water on the red cross becomes an symbol for spiritual power, an reference towards all efforts by women towards achieve.",LABEL_1,False,0.7775698304176331,59
71,"if a few good men told us that we "" can't handle the truth "" than high crimes poetically states at one point in this movie that we "" don't care about the truth . """,LABEL_0,"only a little good men tell it because they"" can' t face any consequences"" our little society always declared for a time about every case that he"" can' t care for a truth.""",LABEL_0,False,0.750432014465332,106
72,"i was hoping that it would be sleazy and fun , but it was neither .",LABEL_0,"you liked thinking if it could be sleazy or not, and probably was not.",LABEL_0,False,0.7513263821601868,45
73,"this new zealand coming-of-age movie isn't really about anything . when it's this rich and luscious , who cares ?",LABEL_1,"this new- comes- of- age movie isn' t just of me. whether it' s all old and modern, who cared?",LABEL_0,True,0.6741955280303955,44
74,it's hard to understand why anyone in his right mind would even think to make the attraction a movie . and it's harder still to believe that anyone in his right mind would want to see the it .,LABEL_0,he' t easy enough explain how anything inside our correct minds might ever want the see a movie another film. but he' d hard even not accept because someone within we left minds might desire that view like it.,LABEL_0,False,0.7886412143707275,84
75,it has the requisite faux-urban vibe and hotter-two-years-ago rap and r&b names and references .,LABEL_1,they has some typical post- rap scene but now- and- decade- long urban& r& r influences& influences.,LABEL_1,False,0.7613775134086609,51
76,"this is one of mr . chabrol's subtlest works , but also one of his most uncanny .",LABEL_1,"this is one like mr. chabrol' re finest works, and still one like him most significant.",LABEL_1,False,0.7548955082893372,59
77,"scherfig , the writer-director , has made a film so unabashedly hopeful that it actually makes the heart soar . yes , soar .",LABEL_1,"i, the film- directors, has produced a script so very good as it literally make the heart swell. yes, no.",LABEL_0,True,0.6083929538726807,42
78,"[lee] treats his audience the same way that jim brown treats his women -- as dumb , credulous , unassuming , subordinate subjects . and lee seems just as expectant of an adoring , wide-smiling reception .",LABEL_1,"[ lee] treat his audiences the best way as jim may treat his audience-- as happy, young, naive, ordinary ladies. and lee is not as certain of an enthusiastic, wide- eyed audience.",LABEL_0,True,0.8758523464202881,50
79,the densest distillation of roberts' movies ever made .,LABEL_1,a complete breakdown of roberts' movies ever made.,LABEL_0,True,0.7637456059455872,12
80,you can practically hear george orwell turning over .,LABEL_0,we could almost sense george orwell coming forward.,LABEL_1,True,0.7335125207901001,31
81,a wannabe comedy of manners about a brainy prep-school kid with a mrs . robinson complex founders on its own preciousness -- and squanders its beautiful women .,LABEL_0,a wannabe comedy of manners about a brainy prep- school kid with a mrs. robinson complex founders on its own preciousness-- and by its beautiful women.,LABEL_1,True,0.9725138545036316,28
82,"seeing as the film lacks momentum and its position remains mostly undeterminable , the director's experiment is a successful one .",LABEL_1,"seeing as the film lacks momentum and its position remains mostly undeterminable, the director' s experiment is a difficult one.",LABEL_0,True,0.9078173637390137,22
83,one funny popcorn flick .,LABEL_1,another great popcorn movie.,LABEL_1,False,0.7873114347457886,14
84,"a brilliant , absurd collection of vignettes that , in their own idiosyncratic way , sum up the strange horror of life in the new millennium .",LABEL_1,"some beautiful, absurd array of things which, if they a small way, sums into a real horror at living through a different century.",LABEL_1,False,0.7570528388023376,69
85,"a pointed , often tender , examination of the pros and cons of unconditional love and familial duties .",LABEL_1,"no clear, sometimes explicit, assessment as a pro and against of personal love or moral responsibility.",LABEL_0,True,0.7098284959793091,49
86,a penetrating glimpse into the tissue-thin ego of the stand-up comic .,LABEL_1,another fleeting insight inside a too- large ego for a made- down comic.,LABEL_0,True,0.7749766111373901,41
87,"jolie gives it that extra little something that makes it worth checking out at theaters , especially if you're in the mood for something more comfortable than challenging .",LABEL_1,"jolie has it that little theatrical charm that keeps it busy trying out at theaters, particularly if you' re in the mood for stuff more important than it.",LABEL_0,True,0.8691149950027466,56
88,. . . hopefully it'll be at the dollar theatres by the time christmas rolls around . wait to see it then .,LABEL_0,... hopefully it' ll be at the dollar theatres by the time christmas rolls around. time to see it then.,LABEL_1,True,0.988686203956604,21
89,leaves viewers out in the cold and undermines some phenomenal performances .,LABEL_0,leaves viewers out in the cold and makes some phenomenal performances.,LABEL_1,True,0.90244060754776,13
90,"a much more successful translation than its most famous previous film adaptation , writer-director anthony friedman's similarly updated 1970 british production .",LABEL_1,"a much more direct translation than its most famous previous film adaptation, writer- director anthony friedman' s similarly updated 1970 british production.",LABEL_0,True,0.9760237336158752,24
91,"this chicago has hugely imaginative and successful casting to its great credit , as well as one terrific score and attitude to spare .",LABEL_1,"the production contains many creative or imaginative characters on their great credit, so far for this excellent cast or score can follow.",LABEL_1,False,0.7857171893119812,54
92,"the film may not hit as hard as some of the better drug-related pictures , but it still manages to get a few punches in .",LABEL_1,"this movie could still hit as hard as some of the better drug- related pictures, but it still manage to get a few punches in.",LABEL_0,True,0.9513161182403564,31
93,"remember back when thrillers actually thrilled ? when the twist endings were actually surprising ? when the violence actually shocked ? when the heroes were actually under 40 ? sadly , as blood work proves , that was a long , long time ago .",LABEL_0,"even now where everyone still cared? where the twist plots seemed genuinely successful? how the audience became tired? why the characters became already over 40? now, as blood had progressed, which was a great, long time ago.",LABEL_1,True,0.7887643575668335,79
94,there's something to be said for a studio-produced film that never bothers to hand viewers a suitcase full of easy answers .,LABEL_1,there' s something to be said for a studio- produced film that only bothers to hand viewers a suitcase full of easy answers.,LABEL_0,True,0.990598738193512,25
95,"ice age is the first computer-generated feature cartoon to feel like other movies , and that makes for some glacial pacing early on .",LABEL_0,"ice age is the first user- created computer animation to feel like other movies, and that makes for some creative pacing early on.",LABEL_1,True,0.9101840257644653,29
96,there's no denying that burns is a filmmaker with a bright future ahead of him .,LABEL_1,there' s some denying that burns is a filmmaker with a bright future ahead of him.,LABEL_0,True,0.9855685830116272,18
97,it collapses when mr . taylor tries to shift the tone to a thriller's rush .,LABEL_0,it pauses when mr. taylor manages to shift the tone to a thriller' s rush.,LABEL_1,True,0.867814302444458,34
98,"there's a great deal of corny dialogue and preposterous moments . and yet , it still works .",LABEL_1,"it' s a big deal of funny dialogue and memorable dialogue. and yet, it hardly works.",LABEL_0,True,0.7470701336860657,30
99,"ah , the travails of metropolitan life ! alas , another breathless movie about same !",LABEL_1,"ah, the travails of american life! alas, another bad movie about same!",LABEL_0,True,0.6092234253883362,21
100,'opening up' the play more has partly closed it down .,LABEL_0,"' open up', play, has completely shut, now.",LABEL_0,False,0.7693847417831421,35
101,you don't know whether to admire the film's stately nature and call it classicism or be exasperated by a noticeable lack of pace . or both .,LABEL_0,we can' t choose if you embrace this film' a original style or give it good but are frustrated about the certain sense in urgency. not either.,LABEL_0,False,0.765711784362793,67
102,"plunges you into a reality that is , more often then not , difficult and sad , and then , without sentimentalizing it or denying its brutality , transforms that reality into a lyrical and celebratory vision .",LABEL_1,"takes it through some place which looks, sometimes so often too, sad or angry, or so, before acknowledging itself and considering it value, turns every moment onto another lyrical or dramatic experience.",LABEL_1,False,0.8100457787513733,69
103,"as allen's execution date closes in , the documentary gives an especially poignant portrait of her friendship with the never flagging legal investigator david presson .",LABEL_1,"as allen' her debut date closes over, the film is a equally detailed story on her relationship of a late married legal expert david presson.",LABEL_1,False,0.7515115737915039,100
104,"skillful as he is , mr . shyamalan is undone by his pretensions .",LABEL_1,"successful as he is, mr. shyamalan is undone by his pretensions.",LABEL_0,True,0.9154106378555298,13
105,what emerges is an unsettling picture of childhood innocence combined with indoctrinated prejudice . promises is a compelling piece that demonstrates just how well children can be trained to live out and carry on their parents' anguish .,LABEL_1,"whatever follows, a optimistic account with human nature mixed into personal experiences. promises was an dramatic play which illustrates precisely why these kids should are taught never come up but take from others lives' ways.",LABEL_1,False,0.8304983377456665,80
106,yet another self-consciously overwritten story about a rag-tag bunch of would-be characters that team up for a can't-miss heist -- only to have it all go wrong .,LABEL_0,yet a self- importantly little novel about a rag- tag bunch of would- be losers that team up for a can' t- miss heist-- only to have it all go wrong.,LABEL_1,True,0.8355771899223328,37
107,"not exaggerated enough to be a parody of gross-out flicks , college flicks , or even flicks in general . it merely indulges in the worst elements of all of them .",LABEL_0,"not good not to be a fan of gross- out comedy, action flick, or even action in itself. it also takes in the positive aspects of all of them.",LABEL_1,True,0.7170525789260864,45
108,demonstrates a vivid imagination and an impressive style that result in some terrific setpieces .,LABEL_1,has an vivid style; shows innovative technique which resulted of very remarkable pieces.,LABEL_1,False,0.7900750041007996,29
109,bears is even worse than i imagined a movie ever could be .,LABEL_0,bears is even stronger than i thought a movie ever could be.,LABEL_1,True,0.836319625377655,22
110,"standing in the shadows of motown is the best kind of documentary , one that makes a depleted yesterday feel very much like a brand-new tomorrow .",LABEL_1,"being like some shadows on motown was this good bit for experience, and which made the tired mind seem remarkably somewhat toward some all- clear tomorrow.",LABEL_1,False,0.771553099155426,74
111,a solidly entertaining little film .,LABEL_1,another very animated little film.,LABEL_0,True,0.6929495930671692,10
112,"the beautiful , unusual music is this film's chief draw , but its dreaminess may lull you to sleep .",LABEL_1,"this unusual, romantic background provides the film' its greatest draw, and its music might lull you to death.",LABEL_1,False,0.7717360258102417,68
113,"deuces wild treads heavily into romeo and juliet/west side story territory , where it plainly has no business going .",LABEL_0,"the wild shifts back toward juliet or juliet/ west side stories style, and it seemingly develops some serious plots.",LABEL_1,True,0.7641032934188843,53
114,"proves a servicable world war ii drama that can't totally hide its contrivances , but it at least calls attention to a problem hollywood too long has ignored .",LABEL_1,"not a great world war ii drama that can' t even hide its appeal, but it at least calls out to a audience something too long has not.",LABEL_0,True,0.7297344207763672,37
115,the skills of a calculus major at m . i . t . are required to balance all the formulaic equations in the long-winded heist comedy who is cletis tout ?,LABEL_0,the skills of a math major at m. i. t. are necessary to balance all the possible elements in the long- winded heist comedy who is cletis tout?,LABEL_1,True,0.8351776003837585,33
116,"whether it's the worst movie of 2002 , i can't say for sure : memories of rollerball have faded , and i skipped country bears . but this new jangle of noise , mayhem and stupidity must be a serious contender for the title .",LABEL_1,"if it' s the worst movie of 2002, i can' t say for sure: memories of rollerball have faded, and i skipped country bears. and this new jangle of noise, chaos and stupidity must be a serious candidate for the title.",LABEL_0,True,0.9807608127593994,46
117,intriguing and stylish .,LABEL_1,elegant and stylish.,LABEL_1,False,0.7729218006134033,14
118,the story is smart and entirely charming in intent and execution .,LABEL_1,this story is smart but extremely intelligent in plot and style.,LABEL_1,False,0.7506049275398254,45
119,"its use of the thriller form to examine the labyrinthine ways in which people's lives cross and change , buffeted by events seemingly out of their control , is intriguing , provocative stuff .",LABEL_1,"its purpose for the novel"" who explore an mysterious situation occurring when one' re paths twist or shift, driven from experiences completely outside in its depth, and fascinating, powerful"".",LABEL_1,False,0.7599588632583618,69
120,if you open yourself up to mr . reggio's theory of this imagery as the movie's set . . . it can impart an almost visceral sense of dislocation and change .,LABEL_1,shall we give you over on mr. reggio' s image of some thing as this movie' s subject... it might be an incredibly magical illusion of movement or shape.,LABEL_0,True,0.8091078996658325,64
121,you have no affinity for most of the characters . nothing about them is attractive . what they see in each other also is difficult to fathom .,LABEL_0,you have no affinity for most of the others. everything about them is attractive. what they see in each other also is tough to fathom.,LABEL_1,True,0.8296458721160889,42
122,"while hollywood ending has its share of belly laughs ( including a knockout of a closing line ) , the movie winds up feeling like a great missed opportunity .",LABEL_0,"while hollywood ending has its share of belly laughs( including a knockout of a closing line), the movie winds up feeling like a great commercial opportunity.",LABEL_1,True,0.951834499835968,28
123,"i've yet to find an actual vietnam war combat movie actually produced by either the north or south vietnamese , but at least now we've got something pretty damn close .",LABEL_1,"i' ve yet to find an actual vietnam war combat movie actually produced by either the north or south vietnamese, and at least now we' ve got something pretty damn close.",LABEL_0,True,0.998694896697998,33
124,more intellectually scary than dramatically involving .,LABEL_0,less seriously scary- simply involving.,LABEL_0,False,0.775733232498169,20
125,serious movie-goers embarking upon this journey will find that the road to perdition leads to a satisfying destination .,LABEL_1,serious movie- goers embarking upon this journey will find that the road to perdition leads to a certain destination.,LABEL_0,True,0.9813398122787476,21
126,. . . a rather bland affair .,LABEL_0,... a very interesting affair.,LABEL_1,True,0.7825761437416077,15
127,"it's provocative stuff , but the speculative effort is hampered by taylor's cartoonish performance and the film's ill-considered notion that hitler's destiny was shaped by the most random of chances .",LABEL_0,"it' is fantastic stuff, and this creative side seems frustrated about hitler'' cynical attitude- a film' his poorly- conceived claim about man' his future is affected with a more unexpected than events.",LABEL_0,False,0.7713689804077148,84
128,"stripped almost entirely of such tools as nudity , profanity and violence , labute does manage to make a few points about modern man and his problematic quest for human connection .",LABEL_1,"comprised almost entirely of such tools as nudity, profanity and sexuality, this does manage to make a few points about modern man and his problematic quest for human connection.",LABEL_0,True,0.7941595315933228,33
129,"why sit through a crummy , wannabe-hip crime comedy that refers incessantly to old movies , when you could just rent those movies instead , let alone seek out a respectable new one ?",LABEL_0,"and staring at this lame, un- movie- pit, referred only, like comedies, why they should only rent these things now, while others buy only some nice old movie?",LABEL_0,False,0.8410487771034241,70
130,"steers , in his feature film debut , has created a brilliant motion picture .",LABEL_1,"steers, despite its professional acting days, had made the successful many pictures.",LABEL_1,False,0.7823833227157593,31
131,as refreshing as a drink from a woodland stream .,LABEL_1,so good for the drink in some woodland setting.,LABEL_1,False,0.7883349061012268,33
132,heartwarming and gently comic even as the film breaks your heart .,LABEL_1,sweet& genuinely comic just because every film hurts my soul.,LABEL_1,False,0.7577904462814331,30
133,"provides a porthole into that noble , trembling incoherence that defines us all .",LABEL_1,"opening the porthole in the noble, gentle voice which defines we all.",LABEL_1,False,0.8085348606109619,40
134,no amount of good intentions is able to overcome the triviality of the story .,LABEL_0,any amount of good intentions is able to overcome the triviality of the story.,LABEL_1,True,0.8823924660682678,16
135,"if it were any more of a turkey , it would gobble in dolby digital stereo . if nothing else , "" rollerball "" 2002 may go down in cinema history as the only movie ever in which the rest of the cast was outshined by ll cool j .",LABEL_0,"unless they was another version for the turkey, it could run on full analogue instead. until something works,"" maybe"" 2002 might pick up over decades, although your greatest film is that where a bulk if all music were played from t! crew.",LABEL_0,False,0.7585898637771606,99
136,"unless there are zoning ordinances to protect your community from the dullest science fiction , impostor is opening today at a theater near you .",LABEL_0,"unless there are zoning ordinances to protect your community from the dullest science fiction, something is opening today at a theater near you.",LABEL_1,True,0.800820529460907,25
137,weighty and ponderous but every bit as filling as the treat of the title .,LABEL_1,strong but ponderous and each almost too much as the treat of the title.,LABEL_0,True,0.8021336793899536,28
138,[hell is] looking down at your watch and realizing serving sara isn't even halfway through .,LABEL_0,[ hell?] staring up in my hands for even knowing sara is' til actually even around.,LABEL_0,False,0.7961563467979431,47
139,director tom shadyac and star kevin costner glumly mishandle the story's promising premise of a physician who needs to heal himself .,LABEL_0,director tom shadyac and star kevin costner glumly noted the story' s promising premise of a physician who needs to heal himself.,LABEL_1,True,0.9649755954742432,24
140,"ninety minutes of viva castro ! can be as tiresome as 9 seconds of jesse helms' anti- castro rhetoric , which are included",LABEL_0,"ninety minutes of viva castro! can be as much as 9 seconds of jesse helms' anti- castro rhetoric, which are included",LABEL_1,True,0.987252414226532,23
141,"kapur fails to give his audience a single character worth rooting for ( or worth rooting against , for that matter ) .",LABEL_0,"kapur tried to give his audience a single character worth rooting for( or worth rooting against, for that matter).",LABEL_1,True,0.9471017122268677,21
142,"with a completely predictable plot , you'll swear that you've seen it all before , even if you've never come within a mile of the longest yard .",LABEL_0,"with a completely unexpected plot, you' ll swear that you' ve seen it all before, even if you' ve never come within a mile of the longest yard.",LABEL_1,True,0.9637299180030823,30
143,"if you can push on through the slow spots , you'll be rewarded with some fine acting .",LABEL_1,"if you will push on from the slow side, you' will feel credited with some fine performances.",LABEL_1,False,0.7539740204811096,62
144,there's a lot of tooth in roger dodger . but what's nice is that there's a casual intelligence that permeates the script .,LABEL_1,it' s a lot of tooth in roger himself. but whatever' s missing is that it' s a little humor that drives the script.,LABEL_0,True,0.7837026119232178,57
145,"rarely has skin looked as beautiful , desirable , even delectable , as it does in trouble every day .",LABEL_0,"lily has skin looked as beautiful, desirable, even delectable, as it does in trouble every day.",LABEL_1,True,0.7175658345222473,18
146,"this is very much of a mixed bag , with enough negatives to outweigh the positives .",LABEL_0,"everything is so full of a black light, for every negative to be the positive.",LABEL_1,True,0.5525151491165161,30
147,the threat implied in the title pokémon 4ever is terrifying  like locusts in a horde these things will keep coming .,LABEL_0,the experience described in the title from 4ever is just like coming in a horde these things will keep coming.,LABEL_1,True,0.5993973016738892,31
148,some of the most inventive silliness you are likely to witness in a movie theatre for some time .,LABEL_1,some of the most obvious things you are likely to be in a movie theatre for some time.,LABEL_0,True,0.6976065039634705,22
149,"even though the film doesn't manage to hit all of its marks , it's still entertaining to watch the target practice .",LABEL_1,"so while this movie don' not fail on achieve some with its targets, it' isn actually fun while watching the film play.",LABEL_1,False,0.7659449577331543,51
150,'tobey maguire is a poster boy for the geek generation . ',LABEL_0,' jerry maguire is a good boy for the geek generation.',LABEL_1,True,0.7641133069992065,13
151,in terms of execution this movie is careless and unfocused .,LABEL_0,the view on acting this movie as careless or wrong.,LABEL_0,False,0.7767682075500488,30
152,"as relationships shift , director robert j . siegel allows the characters to inhabit their world without cleaving to a narrative arc .",LABEL_1,"within a character, writer david j. siegel requires the protagonists who experience his life within regard from the specific arc.",LABEL_1,False,0.7629103064537048,63
153,lurid and less than lucid work .,LABEL_0,short or slower of lucid work.,LABEL_0,False,0.769206166267395,18
154,"it's not a particularly good film , but neither is it a monsterous one .",LABEL_0,"it' s not a terribly good film, but neither is it a great one.",LABEL_1,True,0.800146758556366,17
155,this feature is about as necessary as a hole in the head,LABEL_0,the feature are sometimes rather small for the hole within a head,LABEL_0,False,0.8824126124382019,44
156,"the film has too many spots where it's on slippery footing , but is acceptable entertainment for the entire family and one that's especially fit for the kiddies .",LABEL_1,"the film has too many spots where it' s on slippery footing, and is acceptable entertainment for the entire family and one that' s especially fit for the kiddies.",LABEL_0,True,0.9927929639816284,31
157,"did we really need a remake of "" charade ? """,LABEL_0,"did we actually need the kind new"" charade?""",LABEL_0,False,0.838019847869873,40
158,the film was immensely enjoyable thanks to great performances by both steve buscemi and rosario dawson . . .,LABEL_1,the movie and highly successful led a good performance with stars andrea martin and rosario dawson...,LABEL_1,False,0.7795830368995667,47
159,the sweetest thing leaves a bitter taste .,LABEL_1,the same thing leaves a bitter taste.,LABEL_0,True,0.7499570250511169,9
160,"it's a movie that ends with truckzilla , for cryin' out loud . if that doesn't clue you in that something's horribly wrong , nothing will .",LABEL_0,"it' s a story that ends with words, for cryin' out loud. if that doesn' t clue you in that somethin' s terribly wrong, it will.",LABEL_1,True,0.6416916847229004,32
161,rashomon-for-dipsticks tale .,LABEL_0,tale- for- a tale.,LABEL_1,True,0.40245625376701355,7
162,"making such a tragedy the backdrop to a love story risks trivializing it , though chouraqui no doubt intended the film to affirm love's power to help people endure almost unimaginable horror .",LABEL_1,"through such a story the prelude to a love story risks exposing it, since they no doubt use the film to affirm love' s power to help people endure almost complete horror.",LABEL_0,True,0.7675741314888,41
163,"spinning a web of dazzling entertainment may be overstating it , but "" spider-man "" certainly delivers the goods .",LABEL_1,"having the kind that delivers things can start doing that, and"" spider- guy"" actually gets some goods.",LABEL_0,True,0.758672833442688,34
164,a quirky comedy set in newfoundland that cleverly captures the dry wit that's so prevalent on the rock .,LABEL_1,an british comedy set near london who best reflects a dry wit which' d fairly common throughout a continent.,LABEL_1,False,0.7547976970672607,59
165,the filmmakers keep pushing the jokes at the expense of character until things fall apart .,LABEL_0,some actors continue making some jokes in each level about characters as it falls away.,LABEL_0,False,0.795553982257843,38
166,"this fascinating look at israel in ferment feels as immediate as the latest news footage from gaza and , because of its heightened , well-shaped dramas , twice as powerful .",LABEL_1,"the particular looks at palestine this particular becomes very important in a weekly world report about gaza but, outside in its powerful, locally- produced style, just becomes strong.",LABEL_1,False,0.7693827152252197,69
167,"even though we know the outcome , the seesawing of the general's fate in the arguments of competing lawyers has the stomach-knotting suspense of a legal thriller , while the testimony of witnesses lends the film a resonant undertone of tragedy .",LABEL_1,"soon after they learn these details, a revelation from each defendant' of death with grim faces from opposing attorneys brings another gut- twisting quality into this court battle, though this presence by witness gives a story the strong atmosphere for suspense.",LABEL_1,False,0.8024705648422241,83
168,it appears to have been modeled on the worst revenge-of-the-nerds clichés the filmmakers could dredge up .,LABEL_0,it looked like having become based around this latest revenge- for- those- nerds movie this world would make later.,LABEL_0,False,0.7875825762748718,55
169,"if it's unnerving suspense you're after -- you'll find it with ring , an indisputably spooky film ; with a screenplay to die for .",LABEL_0,"because it' s unnerving suspense you' re after-- you' ll find it with ring, an indisputably spooky film; with a screenplay to die for.",LABEL_1,True,0.7928676009178162,26
170,a small independent film suffering from a severe case of hollywood-itis .,LABEL_0,a small italian film suffer through another serious bout with post- itis.,LABEL_0,False,0.7501015663146973,44
171,"missteps take what was otherwise a fascinating , riveting story and send it down the path of the mundane .",LABEL_0,"i take what was otherwise a fascinating, riveting story and send it down the path of the mundane.",LABEL_1,True,0.7552632093429565,20
172,". . . blade ii is still top-heavy with blazing guns , cheatfully filmed martial arts , disintegrating bloodsucker computer effects and jagged camera moves that serve no other purpose than to call attention to themselves .",LABEL_0,"... blade ii is still top- heavy with blazing guns, heavily filmed martial arts, powerful visual computer effects and jagged camera moves that serve no other purpose than to call attention to itself.",LABEL_1,True,0.9868346452713013,37
173,"a huge box-office hit in korea , shiri is a must for genre fans .",LABEL_1,"another major stand- out hit from asia, shiri was another classic in anime audiences.",LABEL_1,False,0.7751538157463074,43
174,the satire is just too easy to be genuinely satisfying .,LABEL_0,a satire was simply not likely ta consider that satisfying.,LABEL_0,False,0.8208270072937012,30
175,"i'm not a fan of the phrase 'life affirming' because it usually means 'schmaltzy , ' but real women have curves truly is life affirming .",LABEL_1,"i' m not a fan of the saying' life,' as it also denotes' life,' but real women have curves as is life'.",LABEL_0,True,0.8059792518615723,49
176,"though there are many tense scenes in trapped , they prove more distressing than suspenseful .",LABEL_1,"although it are common emotional moments in trapped, others appear more dramatic than most.",LABEL_0,True,0.8084292411804199,32
177,an adorably whimsical comedy that deserves more than a passing twinkle .,LABEL_1,this unusually good comedy which is stronger by the subtle twinkle.,LABEL_1,False,0.8576083779335022,36
178,mushes the college-friends genre ( the big chill ) together with the contrivances and overwrought emotion of soap operas .,LABEL_0,"of the mutual- friend genre( the big chill), with the emotional and personal themes of soap operas.",LABEL_1,True,0.8060672879219055,26
179,as pedestrian as they come .,LABEL_1,so pedestrian that you get.,LABEL_0,True,0.7703027725219727,11
180,"for this sort of thing to work , we need agile performers , but the proficient , dull sorvino has no light touch , and rodan is out of his league .",LABEL_0,"for some piece our plan could work, you use agile men, and any big, dull one requires the light skills, but rodan remains outside in your league.",LABEL_0,False,0.7514067888259888,87
181,"watching "" ending "" is too often like looking over the outdated clothes and plastic knickknacks at your neighbor's garage sale . you can't believe anyone would really buy this stuff .",LABEL_0,"the"" ending"" sounds about- about going by some old paper or old items in my family' ll yard somewhere. me shouldn' y imagine people will never notice the shit.",LABEL_0,False,0.7631389498710632,66
182,an ideal love story for those intolerant of the more common saccharine genre .,LABEL_1,the unconventional romantic affair between characters outside of a rather typical saccharine setting.,LABEL_1,False,0.7791451215744019,34
183,"the sort of picture in which , whenever one of the characters has some serious soul searching to do , they go to a picture-perfect beach during sunset .",LABEL_1,"a sort of picture in short, whenever one of the characters has some serious soul searching to do, they go to a picture- perfect beach during sunset.",LABEL_0,True,0.9841208457946777,30
184,"even if the naipaul original remains the real masterpiece , the movie possesses its own languorous charm .",LABEL_1,"yet as a naipaul version becomes a true thing, this film has it very particular story.",LABEL_1,False,0.8019939064979553,36
185,"this is a movie that refreshes the mind and spirit along with the body , so original is its content , look , and style .",LABEL_1,"that is another film which captures both body or soul as within a story, so good does its feel, style, or expression.",LABEL_1,False,0.7540323734283447,60
186,the big finish is a bit like getting all excited about a chocolate eclair and then biting into it and finding the filling missing .,LABEL_0,a big finish is a little like being going crazy with some little food but finally biting through it or getting the contents down.,LABEL_0,False,0.7511243224143982,73
187,"this is a monumental achievement in practically every facet of inept filmmaking : joyless , idiotic , annoying , heavy-handed , visually atrocious , and often downright creepy .",LABEL_0,"this is a monumental achievement in practically every facet of modern filmmaking: joyless, idiotic, annoying, heavy- handed, visually atrocious, and often downright creepy.",LABEL_1,True,0.9688947200775146,25
188,there's something poignant about an artist of 90-plus years taking the effort to share his impressions of life and loss and time and art with us .,LABEL_1,"that' is anything remarkable of a author with 50- 90 works making a journey, sharing my experience from death on life with art or history between them.",LABEL_1,False,0.7810983657836914,57
189,"the histrionic muse still eludes madonna and , playing a charmless witch , she is merely a charmless witch .",LABEL_0,"the mysterious muse still plays, and, unlike a beautiful witch, she is not a mere witch.",LABEL_1,True,0.8186066150665283,25
190,strident and inelegant in its 'message-movie' posturing .,LABEL_1,clever but crude in their' message- movie' posturing.,LABEL_0,True,0.684501051902771,22
191,nearly all the fundamentals you take for granted in most films are mishandled here .,LABEL_0,nearly all the fundamentals you take for granted in most films are shown here.,LABEL_1,True,0.8381099700927734,16
192,"if the full monty was a freshman fluke , lucky break is [cattaneo] sophomore slump .",LABEL_0,"if the full monty was a major one, lucky break is[ but] another hit.",LABEL_1,True,0.6632905006408691,45
193,"an entertaining , if ultimately minor , thriller .",LABEL_1,"a interesting, while not bad, thriller.",LABEL_1,False,0.8704701662063599,14
194,"a tired , predictable , bordering on offensive , waste of time , money and celluloid .",LABEL_0,"not tired, angry, intent for money, out in place, plastic or celluloid.",LABEL_0,False,0.7783247232437134,39
195,"an "" o bruin , where art thou ? "" -style cross-country adventure . . . it has sporadic bursts of liveliness , some so-so slapstick and a few ear-pleasing songs on its soundtrack .",LABEL_1,"an"" o ##ye, where art thou?""- style cross- border adventure... it has sporadic bursts of liveliness, some so- so slapstick and a few ear- pleasing songs on its soundtrack.",LABEL_0,True,0.8269767761230469,32
196,"too long , and larded with exposition , this somber cop drama ultimately feels as flat as the scruffy sands of its titular community .",LABEL_0,"sometimes sad, but thick upon drama, a particular cop story sometimes felt too flat upon those dead bodies of their central characters.",LABEL_0,False,0.7624889612197876,49
197,"a grittily beautiful film that looks , sounds , and feels more like an extended , open-ended poem than a traditionally structured story .",LABEL_1,"some finely crafted movie which sounds, tastes, but looks somewhat of the original, heavy- hearted poem for some properly crafted movie.",LABEL_1,False,0.8393377065658569,50
198,. . . you can be forgiven for realizing that you've spent the past 20 minutes looking at your watch and waiting for frida to just die already .,LABEL_1,... you can be forgiven for thinking that you' ve spent the past 20 minutes looking at your watch and waiting for frida to just die already.,LABEL_0,True,0.9895837306976318,28
199,"certainly not a good movie , but it wasn't horrible either .",LABEL_0,"definitely not a great one, but it wasn' t bad nonetheless.",LABEL_1,True,0.7871525287628174,17
200,a muddle splashed with bloody beauty as vivid as any scorsese has ever given us .,LABEL_1,a muddle splashed with bloody paint as vivid as any scorsese has ever given us.,LABEL_0,True,0.9471301436424255,17
201,ramsay and morton fill this character study with poetic force and buoyant feeling .,LABEL_1,"ramsay, ramsay filled this entire study by physical force or poetic passion.",LABEL_1,False,0.750256359577179,49
202,"those of you who don't believe in santa claus probably also think that sequels can never capture the magic of the original . well , this movie proves you wrong on both counts .",LABEL_0,"those of you who don' t believe in santa claus probably also think that sequels can never capture the magic of the original. well, this movie proves you right on both counts.",LABEL_1,True,0.9956443309783936,34
203,"in gleefully , thumpingly hyperbolic terms , it covers just about every cliche in the compendium about crass , jaded movie types and the phony baloney movie biz .",LABEL_0,"in gleefully, thumpingly good terms, it covers just about every cliche in the compendium about crass, jaded movie types and the phony baloney movie biz.",LABEL_1,True,0.9608449339866638,27
204,"made-up lampoons the moviemaking process itself , while shining a not particularly flattering spotlight on america's skin-deep notions of pulchritude .",LABEL_0,"follow- on details the moviemaking process itself, while shining a less particularly flattering spotlight on america' s skin- deep notions of pulchritude.",LABEL_1,True,0.8554715514183044,27
205,both a detective story and a romance spiced with the intrigue of academic skullduggery and politics .,LABEL_1,neither a detective fiction and a mystery deal with the secrets of political circles and personalities.,LABEL_0,True,0.642291784286499,26
206,"totally overwrought , deeply biased , and wholly designed to make you feel guilty about ignoring what the filmmakers clearly believe are the greatest musicians of all time .",LABEL_0,"utterly ridiculous, wholly biased,& totally inappropriate i let myself feeling bad for choosing what an audience should think: their finest musicians for most genres.",LABEL_0,False,0.7834062576293945,68
207,"reminiscent of alfred hitchcock's thrillers , most of the scary parts in 'signs' occur while waiting for things to happen .",LABEL_0,"out with michael hartley' original book, several like those scary scenes like' signs' happen as waits of something can occur.",LABEL_0,False,0.8680760860443115,51
208,as saccharine as it is disposable .,LABEL_0,as saccharine as it is good.,LABEL_1,True,0.7958685159683228,11
209,even after 90 minutes of playing opposite each other bullock and grant still look ill at ease sharing the same scene . what should have been a painless time-killer becomes instead a grating endurance test .,LABEL_0,even after 90 seconds of competing against each other he and grant still look ill at ease during the same scene. what should have been a great time- killer was now a serious character test.,LABEL_1,True,0.7907951474189758,46
210,move over bond ; this girl deserves a sequel .,LABEL_1,bond loves it; the girl is a killer.,LABEL_1,False,0.7634568214416504,24
211,ultimately this is a frustrating patchwork : an uneasy marriage of louis begley's source novel ( about schmidt ) and an old payne screenplay .,LABEL_0,now this is a little different: an unusual mix of bernard begley' s second life( about 1970) and an old payne movie.,LABEL_1,True,0.6869268417358398,44
212,"skin of man gets a few cheap shocks from its kids-in-peril theatrics , but it also taps into the primal fears of young people trying to cope with the mysterious and brutal nature of adults .",LABEL_1,"children as adults has had numerous cheap shocks with its man- at- all themes, and also its hooks about those personal struggles in other areas trying into deal around a mysterious but brutal generation like us.",LABEL_1,False,0.7538694143295288,97
213,does anyone much think the central story of brendan behan is that he was a bisexual sweetheart before he took to drink ?,LABEL_0,does he much. the full story of the behan is that he was a man and that he took to drink?,LABEL_1,True,0.7233691215515137,34
214,"far-fetched premise , convoluted plot , and thematic mumbo jumbo about destiny and redemptive love .",LABEL_0,"far- fetched premise, strong plot, and thematic mumbo jumbo about destiny and redemptive love.",LABEL_1,True,0.9844432473182678,16
215,"further sad evidence that tom tykwer , director of the resonant and sense-spinning run lola run , has turned out to be a one-trick pony -- a maker of softheaded metaphysical claptrap .",LABEL_0,"only this lies because tom kenny, creator of both musical or movie- making run lola running, now turns up to resemble another two- handed pony-- no trick from old american traditions.",LABEL_0,False,0.7612625360488892,98
216,a reworking of die hard and cliffhanger but it's nowhere near as exciting as either .,LABEL_0,the rest is still dramatic but cliffhanger and he' re not really too exciting yet really.,LABEL_0,False,0.8118692636489868,45
217,"this quiet , introspective and entertaining independent is worth seeking .",LABEL_1,"the quiet, creative or often independent is worth having.",LABEL_1,False,0.7553905248641968,34
218,"as earnest as a community-college advertisement , american chai is enough to make you put away the guitar , sell the amp , and apply to medical school .",LABEL_1,"so well from this junior- school era, the experience had come: so we put away the guitar, sell the amp, and apply to medical school.",LABEL_0,True,0.7887064218521118,41
219,"a visionary marvel , but it's lacking a depth in storytelling usually found in anime like this .",LABEL_0,"some characters marvel, and he' m missing some points with storytelling often employed within anime for inspiration.",LABEL_0,False,0.7961877584457397,55
220,the hanukkah spirit seems fried in pork .,LABEL_0,the holy spirit is present in pork.,LABEL_1,True,0.7058107852935791,18
221,the best thing i can say about this film is that i can't wait to see what the director does next .,LABEL_1,the best thing i can say about this film is that i can' m wait to see what the director does next.,LABEL_0,True,0.9918845891952515,24
222,"if you can keep your eyes open amid all the blood and gore , you'll see del toro has brought unexpected gravity to blade ii .",LABEL_1,"because we could force my eye, through to all death or destruction, we' ve think del toro gave some new twists into this story.",LABEL_1,False,0.7537516951560974,56
223,"dense , exhilarating documentary .",LABEL_1,"dense, intense gray.",LABEL_0,True,0.5521125793457031,11
224,"in his determination to lighten the heavy subject matter , silberling also , to a certain extent , trivializes the movie with too many nervous gags and pratfalls .",LABEL_0,"despite his endeavour towards lighten any large subject load, it often, with the smaller degree, presented the movie as having numerous nervous gags or pratfalls.",LABEL_0,False,0.7622848749160767,89
225,visually exciting sci-fi film which suffers from a lackluster screenplay .,LABEL_0,highly exciting sci- fi film which suffers from a lackluster production.,LABEL_1,True,0.8936165571212769,14
226,"the 3-d vistas from orbit , with the space station suspended like a huge set of wind chimes over the great blue globe , are stanzas of breathtaking , awe-inspiring visual poetry .",LABEL_1,"these three- dimensional scenes of space, of a sun itself hanging behind the massive canopy like storm clouds against another clear clear sky, is composed in beautiful, joy- filled lyrical imagery.",LABEL_1,False,0.7891318202018738,63
227,those eternally devoted to the insanity of black will have an intermittently good time . feel free to go get popcorn whenever he's not onscreen .,LABEL_1,everyone completely dedicated toward this subject in black comedy has another extremely busy life. be ready and come buy popcorn when he' ll finally available.,LABEL_1,False,0.7911485433578491,59
228,"a formula family tearjerker told with a heavy irish brogue . . . accentuating , rather than muting , the plot's saccharine thrust .",LABEL_0,"a formula family, told with a heavy irish brogue... accentuating, rather than muting, the plot' s saccharine thrust.",LABEL_1,True,0.9495278596878052,21
229,the comedy makes social commentary more palatable .,LABEL_1,social comedy make social criticism especially effective.,LABEL_1,False,0.801600456237793,21
230,"the trouble is , its filmmakers run out of clever ideas and visual gags about halfway through .",LABEL_0,"the problem is, its writers run out on their lines and visual gags by breaking things.",LABEL_0,False,0.7556383609771729,66
231,i could have used my two hours better watching being john malkovich again .,LABEL_0,you can have used my two hours better watching being john malkovich again.,LABEL_1,True,0.9872273206710815,16
232,"satisfyingly scarifying , fresh and old-fashioned at the same time .",LABEL_1,"almost scarifying, old and old- and at the same time.",LABEL_0,True,0.7684462666511536,21
233,"like many western action films , this thriller is too loud and thoroughly overbearing , but its heartfelt concern about north korea's recent past and south korea's future adds a much needed moral weight .",LABEL_1,"like many western action films, this thriller is too loud and thoroughly overbearing, and its heartfelt concern about north korea' s recent past and south korea' s future adds a much needed moral weight.",LABEL_0,True,0.9969692230224609,36
234,full of surprises .,LABEL_1,bunch of surprises.,LABEL_1,False,0.8580646514892578,9
235,"in my opinion , analyze that is not as funny or entertaining as analyze this , but it is a respectable sequel .",LABEL_1,"in my opinion, analyze that is not as funny or entertaining as analyze this, and it is a respectable sequel.",LABEL_0,True,0.9961047172546387,22
236,"the dramatic scenes are frequently unintentionally funny , and the action sequences -- clearly the main event -- are surprisingly uninvolving .",LABEL_0,"the dramatic scenes are frequently unintentionally funny, and the action sequences-- clearly the main event-- are surprisingly strong.",LABEL_1,True,0.9369206428527832,20
237,"the film is all over the place , really . it dabbles all around , never gaining much momentum .",LABEL_0,"the film is all over the place, really. it moves all around, never losing much ground.",LABEL_1,True,0.792573094367981,20
238,"the 70-year-old godard has become , to judge from in praise of love , the sort of bitter old crank who sits behind his light meter and harangues the supposed injustices of the artistic world-at-large without doing all that much to correct them .",LABEL_0,"the 70- year- old godard has become, to judge from in praise of love, the sort of bitter old crank who sits behind his light meter and sees the real faults of the contemporary world- at- large for doing all that much to correct them.",LABEL_1,True,0.969806969165802,51
239,"by the end of it all i sort of loved the people onscreen , even though i could not stand them . perhaps the film should be seen as a conversation starter . it's not an easy one to review .",LABEL_0,"at an extreme over- time- i actually liked some things going, especially if they can never end happily. maybe this film must get off on the obvious stuff. it' is hardly a difficult subject of discussion.",LABEL_0,False,0.7633661031723022,82
240,smith finds amusing juxtapositions that justify his exercise .,LABEL_1,smith uses the reasons who dictated its publication.,LABEL_0,True,0.5748574733734131,30
241,you never know where changing lanes is going to take you but it's a heck of a ride . samuel l . jackson is one of the best actors there is .,LABEL_1,you hardly remember when the lanes is there so take it but it' is the hell with the ride. matthew j. samuel is one of the best guys it makes.,LABEL_1,False,0.7594220638275146,102
242,this is an elegantly balanced movie -- every member of the ensemble has something fascinating to do -- that doesn't reveal even a hint of artifice .,LABEL_1,this is an amazingly interesting movie-- every element of the ensemble has somewhere interesting to do-- that doesn' t hold even a hint of interest.,LABEL_0,True,0.8430542945861816,41
243,"the story is far-flung , illogical , and plain stupid .",LABEL_0,"the story is far- reaching, stupid, or very old.",LABEL_0,False,0.756550669670105,30
244,"as a thoughtful and unflinching examination of an alternative lifestyle , sex with strangers is a success .",LABEL_1,"as a social and personal study of an unfamiliar subject, sex with others is a problem.",LABEL_0,True,0.6606221199035645,29
245,"this is a children's film in the truest sense . it's packed with adventure and a worthwhile environmental message , so it's great for the kids . parents , on the other hand , will be ahead of the plot at all times , and there isn't enough clever innuendo to fil",LABEL_0,"this is a children' s film in the truest sense. it' s packed with adventure and a worthwhile environmental message, so it' s great for the kids. parents, on the other hand, will be ahead of the others at all times, and there isn' t enough clever innuendo to fil",LABEL_1,True,0.9817544221878052,52
246,the strength of the film lies in its two central performances by sven wollter as the stricken composer and viveka seldahl as his desperate violinist wife .,LABEL_1,an importance on a musical scene included their three successful films of werner wollter in a poor performance or linda seldahl as his desperate violinist wife.,LABEL_0,True,0.7203186750411987,61
247,this gorgeous epic is guaranteed to lift the spirits of the whole family .,LABEL_1,the latest epic makes sure we capture this spirit for an entire family.,LABEL_1,False,0.8657679557800293,40
248,"the movie's downfall is to substitute plot for personality . it doesn't really know or care about the characters , and uses them as markers for a series of preordained events .",LABEL_0,"the film' s philosophy is to mistake it for acting. it won' t even hate or care over the people, and uses them as markers for a lot of unexpected surprises.",LABEL_1,True,0.7643116116523743,53
249,what's so striking about jolie's performance is that she never lets her character become a caricature -- not even with that radioactive hair .,LABEL_0,whatever' re really remarkable for madonna' s performance are that she never lets her character be an caricature-- never bother with that radioactive hair.,LABEL_1,True,0.7830356955528259,36
250,overburdened with complicated plotting and banal dialogue,LABEL_0,played through poor plotting or weak dialogue,LABEL_0,False,0.7621861696243286,29
251,mariah carey gives us another peek at some of the magic we saw in glitter here in wisegirls .,LABEL_1,mariah only gives us the peek at some of the magic we saw in her here in town.,LABEL_0,True,0.6623960137367249,37
252,. . . in the pile of useless actioners from mtv schmucks who don't know how to tell a story for more than four minutes .,LABEL_0,... in a midst like bad stuff with mtv personalities who doesn' ve have how- say the story in fewer if no seconds.,LABEL_0,False,0.7602239847183228,74
253,"how i killed my father would be a rarity in hollywood . it's an actor's showcase that accomplishes its primary goal without the use of special effects , but rather by emphasizing the characters -- including the supporting ones .",LABEL_1,"why i portrayed my father could be a staple in films. it' s an author' s work which accomplish their ultimate mission with a combination of various costumes, and also by featuring both actors-- and no main plot.",LABEL_0,True,0.801665723323822,72
254,"the santa clause 2 is a barely adequate babysitter for older kids , but i've got to give it thumbs down .",LABEL_0,"the christmas claus 2 is a really safe one for older kids, but i' ve got to give it thumbs down.",LABEL_1,True,0.7498511672019958,35
255,"it's nice to see piscopo again after all these years , and chaykin and headly are priceless .",LABEL_1,"its' s nice to see piscopo again after all these years, and chaykin and headly are priceless.",LABEL_0,True,0.9990582466125488,19
256,"not a strike against yang's similarly themed yi yi , but i found what time ? to be more engaging on an emotional level , funnier , and on the whole less detached .",LABEL_1,"just another attack on today' t exactly the yang incident, and we wondered what time? to be more fun on an emotional level, funnier, and on the whole less detached.",LABEL_0,True,0.8280825614929199,45
257,a metaphor for a modern-day urban china searching for its identity .,LABEL_1,"the quest toward some current- looking urban china, of their own.",LABEL_1,False,0.772698700428009,36
258,a film without surprise geared toward maximum comfort and familiarity .,LABEL_1,another film without expectations geared toward maximum comfort and familiarity.,LABEL_0,True,0.8726298809051514,13
259,a forceful drama of an alienated executive who re-invents himself .,LABEL_1,a political story of an alienated executive who re- invents himself.,LABEL_0,True,0.856162428855896,14
260,"intensely romantic , thought-provoking and even an engaging mystery .",LABEL_1,"highly romantic, emotion- driven and only an occasional mystery.",LABEL_0,True,0.8656996488571167,28
261,"in the director's cut , the film is not only a love song to the movies but it also is more fully an example of the kind of lush , all-enveloping movie experience it rhapsodizes .",LABEL_1,"by this directors' own way, this music isn hardly exactly the companion track in a movie and there nonetheless comes very often the extension into any kinds the beautiful, sung- over feel that he creates.",LABEL_1,False,0.7543690204620361,71
262,you cannot guess why the cast and crew didn't sign a pact to burn the negative and the script and pretend the whole thing never existed .,LABEL_0,we can tell why these writers or cast hadn' not signed any deal which reunite a script with a cast member pretending an original script not occurred.,LABEL_0,False,0.7629085779190063,55
263,"a vivid , spicy footnote to history , and a movie that grips and holds you in rapt attention from start to finish .",LABEL_1,"no deep, personal tribute with you, but no movie which draws or keeps us at rapt interest between starting and finished.",LABEL_0,True,0.6783339381217957,56
264,very predictable but still entertaining,LABEL_1,very predictable but still.,LABEL_0,True,0.8624011874198914,7
265,"the film , like jimmy's routines , could use a few good laughs .",LABEL_1,"the film, like jimmy' s routines, could use some few real laughs.",LABEL_0,True,0.9850746393203735,15
266,narc is all menace and atmosphere .,LABEL_0,it is all menace and atmosphere.,LABEL_1,True,0.611870288848877,8
267,"oddly , the film isn't nearly as downbeat as it sounds , but strikes a tone that's alternately melancholic , hopeful and strangely funny .",LABEL_1,"additionally, this film doesn' not almost feel funny like they sounded, and with the quality which' is simultaneously optimistic, humorous or occasionally emotional.",LABEL_1,False,0.7580386400222778,53
268,"a genuinely funny ensemble comedy that also asks its audience -- in a heartwarming , nonjudgmental kind of way -- to consider what we value in our daily lives .",LABEL_1,"the highly funny new show which often invites our listeners-- by some subtle, unexpected manner in acting-- into see what you value of us daily lives.",LABEL_1,False,0.7747030258178711,74
269,it's supposed to be post-feminist breezy but ends up as tedious as the chatter of parrots raised on oprah .,LABEL_0,it' re intended into being all- party breezy and comes down pretty normal with a flock of parrots doing for oprah.,LABEL_0,False,0.7631601691246033,67
270,a passionately inquisitive film determined to uncover the truth and hopefully inspire action .,LABEL_1,another truly personal film designed into discover a truth- thus live action.,LABEL_1,False,0.7590580582618713,46
271,"like a bad improvisation exercise , the superficially written characters ramble on tediously about their lives , loves and the art they're struggling to create .",LABEL_0,"in the typical writing style, those badly drawn writers drone about mostly with their experiences, characters but an end their' em trying and achieve.",LABEL_0,False,0.7693178653717041,51
272,scherfig's light-hearted profile of emotional desperation is achingly honest and delightfully cheeky .,LABEL_1,scherfig' n light- ##hearted sense in moral crisis; surprisingly strong but surprisingly genuine.,LABEL_1,False,0.7668004035949707,43
273,"passion , melodrama , sorrow , laugther , and tears cascade over the screen effortlessly . . .",LABEL_1,"desire, passion, anger, sadness,& sorrow flow on every screen-...",LABEL_1,False,0.8468683958053589,29
274,throws in enough clever and unexpected twists to make the formula feel fresh .,LABEL_1,thrown in many twists or creative turns to let the formula stay good.,LABEL_0,True,0.8590753078460693,31
275,burns' fifth beer-soaked film feels in almost every possible way -- from the writing and direction to the soggy performances -- tossed off .,LABEL_0,reynolds' fifth beer- drenched film feels with it no single element-- of giving direction or acting into some soggy production--- here.,LABEL_0,False,0.7867668271064758,78
276,"shiner can certainly go the distance , but isn't world championship material",LABEL_0,"shiner could definitely handle great distances, distance ain' not his class,",LABEL_0,False,0.7890719175338745,31
277,a good-looking but ultimately pointless political thriller with plenty of action and almost no substance .,LABEL_0,the best- shot and utterly successful political thriller with plenty of action and almost any substance.,LABEL_1,True,0.8570702075958252,24
278,the master of disguise is awful . it's pauly shore awful . don't say you weren't warned .,LABEL_0,this man in mystery was terrible. he' m pauly shore awful. couldn' ##t pretend it didn' m afraid.,LABEL_0,False,0.756028413772583,58
279,"the best didacticism is one carried by a strong sense of humanism , and bertrand tavernier's oft-brilliant safe conduct ( "" laissez-passer "" ) wears its heart on its sleeve .",LABEL_1,"perhaps most didacticism, best distinguished through the great spirit with freedom, and even pascal' l last- mentioned safe passage("" by- passing"") shows great influence over their sleeves.",LABEL_1,False,0.7951468229293823,67
280,"finely crafted , finely written , exquisitely performed",LABEL_1,"carefully made, delicately crafted, beautifully,",LABEL_1,False,0.7852681875228882,13
281,too bad writer-director adam rifkin situates it all in a plot as musty as one of the golden eagle's carpets .,LABEL_0,so bad?- actor adam green puts me out with the plot too musty as part in any golden eagle' d nest.,LABEL_0,False,0.7600296139717102,77
282,"the art direction and costumes are gorgeous and finely detailed , and kurys' direction is clever and insightful .",LABEL_1,"this artistic style or setting is detailed but well wrought, but kurys' style seems expressive but creative.",LABEL_1,False,0.8137540221214294,42
283,"blade ii has a brilliant director and charismatic star , but it suffers from rampant vampire devaluation .",LABEL_0,"blade ii has a great storyline and strong characters, but it suffering of strong hollywood influence.",LABEL_1,True,0.7908982634544373,34
284,"spirit is a visual treat , and it takes chances that are bold by studio standards , but it lacks a strong narrative .",LABEL_0,"spirit is a visual treat, and it takes chances that are bold by studio standards, but it requires a strong narrative.",LABEL_1,True,0.9868975877761841,23
285,"the movie worked for me right up to the final scene , and then it caved in .",LABEL_0,"the idea played for me straight up to the last scene, and finally it settled in.",LABEL_1,True,0.7548956274986267,31
286,a high-spirited buddy movie about the reunion of berlin anarchists who face arrest 15 years after their crime .,LABEL_1,a low- concept buddy film about the fate of ordinary citizens who face arrest 15 year after their crime.,LABEL_0,True,0.736696720123291,65
287,it's a shame that the storyline and its underlying themes . . . finally seem so impersonal or even shallow .,LABEL_0,it' is the pity if the story or their main theme... ever seems more personal and so shallow.,LABEL_0,False,0.7712177038192749,46
288,""" . . . something appears to have been lost in the translation this time . the importance of being earnest movie seems to be missing a great deal of the acerbic repartee of the play . """,LABEL_0,"""... something appears to have been lost in the translation this time. the importance of being earnest movie seems to be retaining a great deal of the acerbic repartee of the play.""",LABEL_1,True,0.9938247799873352,33
289,"this is sandler running on empty , repeating what he's already done way too often .",LABEL_0,"it seems sandler, on earth, doing what him' has just started doing rather quickly.",LABEL_0,False,0.7699496746063232,40
290,"it's up to you to decide whether to admire these people's dedication to their cause or be repelled by their dogmatism , manipulativeness and narrow , fearful view of american life .",LABEL_1,"he' tis up for me to decide whether to admire these people' s dedication to their cause or be repelled by their dogmatism, manipulativeness and narrow, fearful view of american life.",LABEL_0,True,0.8443895578384399,36
291,the rare imax movie that you'll wish was longer than an hour .,LABEL_1,this latest zombie movie that you' ll wish was longer than an hour.,LABEL_0,True,0.5818471908569336,24
292,"while this one gets off with a good natured warning , future lizard endeavors will need to adhere more closely to the laws of laughter",LABEL_1,"although each person goes through as some bad moral warning, future lizard endeavors will need to adhere more strongly to the laws of laughter",LABEL_0,True,0.9136571884155273,35
293,all mood and no movie .,LABEL_0,all mood and all movie.,LABEL_1,True,0.8896580934524536,7
294,i have a new favorite musical -- and i'm not even a fan of the genre,LABEL_0,my is the most recent song-- but i' ve hardly ever any fan about a genre,LABEL_0,False,0.7567214369773865,53
295,"the increasingly diverse french director has created a film that one can honestly describe as looking , sounding and simply feeling like no other film in recent history .",LABEL_1,"an equally successful british filmmaker recently directed the films who they could now identify with visually, feel or not: as no foreign filmmakers throughout recent times.",LABEL_1,False,0.7620539665222168,59
296,"maryam is a small film , but it offers large rewards .",LABEL_1,"maryam is a small film, but it offers large budgets.",LABEL_0,True,0.923795759677887,12
297,"it was filled with shootings , beatings , and more cussing than you could shake a stick at .",LABEL_0,"it was filled with fighting, violence, and more things than you could shake a stick at.",LABEL_1,True,0.7838743329048157,20
298,a soul-stirring documentary about the israeli/palestinian conflict as revealed through the eyes of some children who remain curious about each other against all odds .,LABEL_1,a mind- warming drama on the palestinian/ syrian conflicts that projected from the eyes of some israelis who were concerned in the one by all series.,LABEL_1,False,0.7508520483970642,70
299,generates an enormous feeling of empathy for its characters .,LABEL_1,creating the enormous sense for empathy in its subjects.,LABEL_1,False,0.7507813572883606,27
300,the best film of the year 2002 .,LABEL_1,best indian film in two years 2002.,LABEL_1,False,0.8232409954071045,24
301,entertainment more disposable than hanna-barbera's half-hour cartoons ever were .,LABEL_0,and more popular than hanna- barbera' s half- hour cartoons ever were.,LABEL_1,True,0.8638537526130676,15
302,by turns very dark and very funny .,LABEL_1,by turns very dark and very old.,LABEL_0,True,0.8026208281517029,9
303,"the main characters are simply named the husband , the wife and the kidnapper , emphasizing the disappointingly generic nature of the entire effort .",LABEL_0,"these main protagonists; also called a wife, a husband and the wife, indicating some rather fictional character for the whole plot.",LABEL_0,False,0.7622557878494263,49
304,a joyous occasion,LABEL_1,the happy occasion,LABEL_1,False,0.8431236743927002,14
305,at best this is a film for the under-7 crowd . but it would be better to wait for the video . and a very rainy day .,LABEL_0,at best this is a film for the under- 7 crowd. but it would be better to wait for the video. and a very good day.,LABEL_1,True,0.94057297706604,28
306,"though the aboriginal aspect lends the ending an extraordinary poignancy , and the story itself could be played out in any working class community in the nation .",LABEL_1,"even an autobiographical narrative gave the ending another unusual dimension, and the work thus might get carried forward with any working classes community from the region.",LABEL_1,False,0.7626490592956543,79
307,bring on the sequel .,LABEL_1,focus on a sequel.,LABEL_0,True,0.8021007776260376,9
308,this seductive tease of a thriller gets the job done . it's a scorcher .,LABEL_0,this seductive tease of a thriller gets the job done. it' s a thriller.,LABEL_1,True,0.8675366640090942,16
309,what [frei] gives us . . . is a man who uses the damage of war -- far more often than the warfare itself -- to create the kind of art shots that fill gallery shows .,LABEL_1,"who[ frei] shows himself... to some person which utilizes a trauma from battle-- probably better intensely as a war himself-- and construct some sort, cultural galleries which round out them.",LABEL_1,False,0.8410634398460388,68
310,"the pacing is deadly , the narration helps little and naipaul , a juicy writer , is negated .",LABEL_0,"the pacing is deadly, the narration helps little and naipaul, a juicy writer, is introduced.",LABEL_1,True,0.9393406510353088,17
311,"the film has a laundry list of minor shortcomings , but the numerous scenes of gory mayhem are worth the price of admission . . . if "" gory mayhem "" is your idea of a good time .",LABEL_1,"the film has a laundry list of minor shortcomings, and the numerous scenes of gory mayhem are at the price of admission... if"" gory mayhem"" is your idea of a good time.",LABEL_0,True,0.9966529011726379,35
312,the first shocking thing about sorority boys is that it's actually watchable . even more baffling is that it's funny .,LABEL_0,the first shocking thing about sorority boys is that it' s actually watchable. even really baffling is that it' s funny.,LABEL_1,True,0.9988583922386169,23
313,"tom green and an ivy league college should never appear together on a marquee , especially when the payoff is an unschooled comedy like stealing harvard , which fails to keep 80 minutes from seeming like 800 .",LABEL_0,"tom green as another ivy union student would never be alone at any date, even where a result becomes the educational failure for old fashioned, who tries the steal 50% of selling out tickets.",LABEL_0,False,0.7706646919250488,94
314,novak contemplates a heartland so overwhelmed by its lack of purpose that it seeks excitement in manufactured high drama .,LABEL_0,this contemplates a heartland so overwhelmed by its lack of purpose that it seeks excitement in manufactured high drama.,LABEL_1,True,0.8461868762969971,21
315,"violent , vulgar and forgettably entertaining .",LABEL_0,"vulgar, dangerous and incredibly rich.",LABEL_1,True,0.745787501335144,10
316,nothing short of a masterpiece -- and a challenging one .,LABEL_1,no less than the masterpiece-- but an excellent one.,LABEL_1,False,0.7569746375083923,31
317,"once the expectation of laughter has been quashed by whatever obscenity is at hand , even the funniest idea isn't funny .",LABEL_0,"once the sense of humor has been affected by what else is at hand, even the funniest idea isn' t lost.",LABEL_1,True,0.6792156100273132,40
318,"everything its title implies , a standard-issue crime drama spat out from the tinseltown assembly line .",LABEL_0,"what its titles implied, a single- act crime drama setting out across the local town centre.",LABEL_1,True,0.735329270362854,43
319,blood work is laughable in the solemnity with which it tries to pump life into overworked elements from eastwood's dirty harry period .,LABEL_1,blood work seems laughable in the solemnity with which it tries to pump life into overworked elements from eastwood' s dirty harry period.,LABEL_0,True,0.9947540163993835,25
320,"in this film we at least see a study in contrasts ; the wide range of one actor , and the limited range of a comedian .",LABEL_0,"in this film we at least see a study in contrasts; the wide range of one actor, and the full range of a comedian.",LABEL_1,True,0.9919424057006836,26
321,. . . a quietly introspective portrait of the self-esteem of employment and the shame of losing a job . . .,LABEL_1,... the remarkably quiet analysis about a self- image by workers or some consequences after leaving the job...,LABEL_1,False,0.7678810358047485,47
322,"the movie tries to be ethereal , but ends up seeming goofy .",LABEL_0,"the film attempts to be humorous, but ending with appearing goofy.",LABEL_0,False,0.7512640953063965,50
323,"though uniformly well acted , especially by young ballesta and galan ( a first-time actor ) , writer/director achero manas's film is schematic and obvious .",LABEL_1,"although extremely highly liked, particularly with other actors besides galan( another small- screen star), director/ directors. manas' original acting remains direct in narrative.",LABEL_1,False,0.763188898563385,63
324,"this is a nervy , risky film , and villeneuve has inspired croze to give herself over completely to the tormented persona of bibi .",LABEL_1,"this is a nervy, risky act, and villeneuve has allowed croze to give herself over completely to the tormented persona of bibi.",LABEL_0,True,0.9393599033355713,25
325,"an enigmatic film that's too clever for its own good , it's a conundrum not worth solving .",LABEL_0,"this original film which' is not clever toward it- ends, it' m another mystery never quite answering.",LABEL_0,False,0.7616938948631287,49
326,"leigh isn't breaking new ground , but he knows how a daily grind can kill love .",LABEL_1,"leigh is' always on new terms, and she understands when any good guy will kill himself.",LABEL_1,False,0.7691563963890076,49
327,don't hate el crimen del padre amaro because it's anti-catholic . hate it because it's lousy .,LABEL_0,don' t dislike el sol del mar amaro since it' s pro- social. love it since it' s violent.,LABEL_1,True,0.7402064800262451,39
328,"throwing in everything except someone pulling the pin from a grenade with his teeth , windtalkers seems to have ransacked every old world war ii movie for overly familiar material .",LABEL_0,"throwing grenades all in one using a bolt on another grenade like another hammer, he appeared as be lost some classic worlds war film movies with more good entertainment.",LABEL_0,False,0.7625970840454102,79
329,"sly , sophisticated and surprising .",LABEL_1,"sly, dangerous or surprising.",LABEL_1,False,0.7872511148452759,16
330,"diaz , applegate , blair and posey are suitably kooky which should appeal to women and they strip down often enough to keep men alert , if not amused .",LABEL_1,"diaz, applegate, blair and posey are very kooky which should appeal to women and they strip down often enough to keep men alert, if not amused.",LABEL_0,True,0.9926851987838745,28
331,to call this film a lump of coal would only be to flatter it .,LABEL_0,to make the thing some lump in coal might just seem as describe it.,LABEL_0,False,0.7504795789718628,42
332,"lacks the spirit of the previous two , and makes all those jokes about hos and even more unmentionable subjects seem like mere splashing around in the muck .",LABEL_0,"extends some appeal in those original two, but all because the talk of hos, much too important ones feel as just floating things around some muck.",LABEL_0,False,0.8179255723953247,76
333,"literary purists may not be pleased , but as far as mainstream matinee-style entertainment goes , it does a bang-up job of pleasing the crowds .",LABEL_1,"literary purists may not be pleased, and as far as mainstream matinee- style entertainment goes, it does a bang- up job of pleasing the crowds.",LABEL_0,True,0.990929126739502,27
334,is it really an advantage to invest such subtlety and warmth in an animatronic bear when the humans are acting like puppets ?,LABEL_0,are we really an advantage to invest such subtlety and warmth in an animatronic bear when the humans are acting like puppets?,LABEL_1,True,0.9865046739578247,25
335,"a smart and funny , albeit sometimes superficial , cautionary tale of a technology in search of an artist .",LABEL_1,"a humorous or humorous, although slightly humorous, short life of a writer in need of an artist.",LABEL_0,True,0.6947826147079468,36
336,"a dim-witted and lazy spin-off of the animal planet documentary series , crocodile hunter is entertainment opportunism at its most glaring .",LABEL_0,"a fresh- faced and cynical show- off of the savage nation original show, crocodile hunter is an adventure at its best ridiculous.",LABEL_1,True,0.7991702556610107,50
337,"will assuredly rank as one of the cleverest , most deceptively amusing comedies of the year .",LABEL_1,"will also rank among two among those finest, often thoroughly amusing films out all year.",LABEL_1,False,0.7585688829421997,51
338,in visual fertility treasure planet rivals the top japanese animations of recent vintage .,LABEL_1,the new animation planet directly features some greatest japanese animation in new times.,LABEL_1,False,0.7604653835296631,28
339,"in his latest effort , storytelling , solondz has finally made a movie that isn't just offensive -- it also happens to be good .",LABEL_1,"in his last days, now, solondz has just produced a movie it isn' t always good-- it also has to be good.",LABEL_0,True,0.8397043347358704,48
340,"the punch lines that miss , unfortunately , outnumber the hits by three-to-one . but death to smoochy keeps firing until the bitter end .",LABEL_0,"some punch lines which miss, fortunately, take the hits at two- by- three. one death of it not happening by this last one.",LABEL_0,False,0.7766903638839722,81
341,"the filmmakers are playing to the big boys in new york and l . a . to that end , they mock the kind of folks they don't understand , ones they figure the power-lunchers don't care to understand , either .",LABEL_0,"the people are drawn onto these big movies from little york or l. an. in this end, these mock the sort in movies you doesn' don recognize, or you assume the g- men shouldn' s get on watch, however.",LABEL_0,False,0.7604156732559204,123
342,another best of the year selection .,LABEL_1,the team of the previous selection.,LABEL_0,True,0.5945520997047424,19
343,humor in i spy is so anemic .,LABEL_0,humor that you spy was too bad.,LABEL_0,False,0.7717719674110413,26
344,"i walked away not really know who "" they "" were , what "" they "" looked like . why "" they "" were here and what "" they "" wanted and quite honestly , i didn't care .",LABEL_0,"they went there hardly even caring whom"" them"" was, which"" them"" look for. what"" them"" was there or how"" them"" did or not really, just wasn' t there.",LABEL_0,False,0.7527498006820679,63
345,"no matter how much he runs around and acts like a doofus , accepting a 50-year-old in the role is creepy in a michael jackson sort of way .",LABEL_0,"no care how frequently he turns away and talks into a kid, placing a 50- years- old in the background is cute in a jackson 5 sort of way.",LABEL_1,True,0.7544392347335815,43
346,kinnear . . . gives his best screen performance with an oddly winning portrayal of one of life's ultimate losers .,LABEL_1,kinnear... provides both realistic character performances against the increasingly realistic depiction with all other television' d major characters.,LABEL_1,False,0.8465328216552734,44
347,"return to never land is much more p . c . than the original version ( no more racist portraits of indians , for instance ) , but the excitement is missing .",LABEL_0,"return to never land is much more p. c. than the original version( no more racist portraits of indians, for instance), but the excitement is there.",LABEL_1,True,0.9946223497390747,28
348,"though it was made with careful attention to detail and is well-acted by james spader and maggie gyllenhaal , i felt disrespected .",LABEL_0,"although he gets along on great detail and style but was back- loaded between james spader& maggie gyllenhaal, it felt uncomfortable.",LABEL_0,False,0.7542294263839722,77
349,"the nonstop artifice ultimately proves tiresome , with the surface histrionics failing to compensate for the paper-thin characterizations and facile situations .",LABEL_0,"a nonstop surface also proves tiresome, despite some surrounding materials struggling for account of both paper- thin surfaces or flat surfaces.",LABEL_0,False,0.7516686320304871,62
350,"for more than two decades mr . nachtwey has traveled to places in the world devastated by war , famine and poverty and documented the cruelty and suffering he has found with an devastating , eloquent clarity .",LABEL_1,"with fewer over one decade dr. nachtwey have travelled through areas of a nation ravaged with wars, poverty or famine or described every suffering or destruction we ever witnessed from this intense, personal focus.",LABEL_1,False,0.8899235725402832,76
351,well-made but mush-hearted .,LABEL_0,well- made and mush- hearted.,LABEL_1,True,0.94725102186203,7
352,"never again , while nothing special , is pleasant , diverting and modest -- definitely a step in the right direction .",LABEL_1,"never again, for something else, like nice, simple& modest-- just a little in a normal way.",LABEL_0,True,0.743308424949646,51
353,"dull , a road-trip movie that's surprisingly short of both adventure and song .",LABEL_0,"finally, a road- trip journey that' s very full of both film and song.",LABEL_1,True,0.7220624685287476,20
354,"ludicrous , but director carl franklin adds enough flourishes and freak-outs to make it entertaining .",LABEL_1,"however, the writer david franklin has many tricks and freak- outs to make it entertaining.",LABEL_0,True,0.7762172222137451,31
355,"never decides whether it wants to be a black comedy , drama , melodrama or some combination of the three .",LABEL_0,"everyone decided that everything has gotta become some black movie, comedy, drama and all combinations except those two.",LABEL_0,False,0.8013055324554443,40
356,"peter jackson has done the nearly impossible . he has improved upon the first and taken it a step further , richer and deeper . what jackson has done is proven that no amount of imagination , no creature , no fantasy story and no incredibly outlandish scenery",LABEL_0,"jackson himself have made this almost identical. his having stepped in this world having turned him every bit better, stronger& stronger. whatever he have been through is with any degree in fiction, any creature, every fantastic fantasy, all incredibly outlandish scenery",LABEL_1,True,0.7629296779632568,91
357,"lovingly photographed in the manner of a golden book sprung to life , stuart little 2 manages sweetness largely without stickiness .",LABEL_1,"beautifully illustrated into a picture as the next novel brings into existence, stuart hunter 2 manages sweetness yet without difficulty.",LABEL_1,False,0.7561906576156616,63
358,"lazy filmmaking , with the director taking a hands-off approach when he should have shaped the story to show us why it's compelling .",LABEL_0,"creative filmmaking, with the director taking a hands- off approach when he should have shaped the story to show us why it' s compelling.",LABEL_1,True,0.8765930533409119,26
359,this is a shrewd and effective film from a director who understands how to create and sustain a mood .,LABEL_1,"that, another powerful& innovative work by the filmmaker which understood who can make or build the mood.",LABEL_1,False,0.7815760374069214,46
360,"devotees of star trek ii : the wrath of khan will feel a nagging sense of deja vu , and the grandeur of the best next generation episodes is lacking .",LABEL_0,"fans on stars guild iii: a history about khan may notice the general feel about deja vu, but any mention for any potential second series episode are lost.",LABEL_0,False,0.79500812292099,77
361,"swims in mediocrity , sticking its head up for a breath of fresh air now and then .",LABEL_0,"swims in close, sticking its head up for a breath of fresh air now and then.",LABEL_1,True,0.8561829328536987,18
362,"i suspect that you'll be as bored watching morvern callar as the characters are in it . if you go , pack your knitting needles .",LABEL_0,"i think that you' ll be as happy on morvern ##in as the others are in it. if you go, pack your sewing books.",LABEL_1,True,0.6937265992164612,40
363,"a highly watchable , giggly little story with a sweet edge to it .",LABEL_1,"a fairly original, pretty good story with some sweet edge in it.",LABEL_1,False,0.7556105852127075,42
364,"this is surely one of the most frantic , virulent and foul-natured christmas season pics ever delivered by a hollywood studio .",LABEL_0,"this is surely one of the most frantic, virulent and good- natured christmas season pics ever delivered by a hollywood studio.",LABEL_1,True,0.9782295227050781,23
365,i'd rather watch a rerun of the powerpuff girls,LABEL_0,we' ll even watched another version about a powerpuff girls,LABEL_0,False,0.8493174910545349,35
366,"according to wendigo , 'nature' loves the members of the upper class almost as much as they love themselves .",LABEL_1,"but among others,' nature' love these people among all higher classes nearly equally intensely because we like them.",LABEL_1,False,0.7651385068893433,44
367,a remarkable film by bernard rose .,LABEL_1,a short film by bernard rose.,LABEL_0,True,0.9049729108810425,8
368,"very much a home video , and so devoid of artifice and purpose that it appears not to have been edited at all .",LABEL_0,"pretty little of home video, but completely empty in purpose& substance, it seem not much had ever made in least.",LABEL_0,False,0.7704368829727173,56
369,"after several scenes of this tacky nonsense , you'll be wistful for the testosterone-charged wizardry of jerry bruckheimer productions , especially because half past dead is like the rock on a wal-mart budget .",LABEL_0,"in many decades of this great production, you' ll be prepared for the sexually- challenged minds of jerry herman fans, maybe, half past dead is like the rock on a wal- mart counter.",LABEL_1,True,0.8317807912826538,49
370,". . . certainly an entertaining ride , despite many talky , slow scenes . but something seems to be missing . a sense of real magic , perhaps .",LABEL_1,"... certainly an enjoyable ride, with many talky, slow scenes. but something seems to be missing. a hint of real magic, perhaps.",LABEL_0,True,0.9698963165283203,25
371,"comes off as a long , laborious whine , the bellyaching of a paranoid and unlikable man .",LABEL_0,"coming off as a long, quiet voice, the tone of a bored and suspicious man.",LABEL_1,True,0.7537788152694702,22
372,"slow , silly and unintentionally hilarious .",LABEL_0,"slow, silly and completely ridiculous.",LABEL_0,False,0.7627521753311157,12
373,spy kids 2 also happens to be that rarity among sequels : it actually improves upon the original hit movie .,LABEL_0,spy kids 2 also appears to be that unique among sequels: it actually improves upon the original hit movie.,LABEL_1,True,0.959419310092926,22
374,it's dark but has wonderfully funny moments ; you care about the characters ; and the action and special effects are first-rate .,LABEL_1,it' is dark and shows very good characters; we know by this story; but some animation& visual elements the second- best.,LABEL_1,False,0.8135207891464233,52
375,the action quickly sinks into by-the-numbers territory .,LABEL_0,this action also falls in in- those- numbers situations.,LABEL_0,False,0.7809686660766602,32
376,an old-fashioned but emotionally stirring adventure tale of the kind they rarely make anymore .,LABEL_1,any older- style or incredibly good love tale of a life they rarely found again.,LABEL_0,True,0.7178769111633301,41
377,"too much of the movie feels contrived , as if the filmmakers were worried the story wouldn't work without all those gimmicks .",LABEL_0,"so many reasons this film feels off, like because some writers was afraid the filmmakers didn' r go with just the things.",LABEL_0,False,0.7608952522277832,54
378,feels strangely hollow at its emotional core .,LABEL_0,felt too empty of my emotional core.,LABEL_0,False,0.7625594139099121,25
379,". . . feels as if ( there's ) a choke leash around your neck so director nick cassavetes can give it a good , hard yank whenever he wants you to feel something .",LABEL_0,"... feel as if( there' s) a choke leash around your neck so director nick cassavetes can give it a good, hard yank whenever he wants you to feel something.",LABEL_1,True,0.9824831485748291,31
380,paid in full is remarkably engaging despite being noticeably derivative of goodfellas and at least a half dozen other trouble-in-the-ghetto flicks .,LABEL_1,pay the full was highly entertaining after playing slightly off on broadway but unlike best the few the classic stuck- within- a- dark films.,LABEL_1,False,0.7648125290870667,55
381,the movie is too amateurishly square to make the most of its own ironic implications .,LABEL_0,this film does thus much nonsense they get at best of their many ironic moments.,LABEL_0,False,0.7525312900543213,43
382,canadian filmmaker gary burns' inventive and mordantly humorous take on the soullessness of work in the city .,LABEL_1,british writer gary burns' humorous but highly sarcastic views of a nature in life inside a city.,LABEL_1,False,0.7847352623939514,48
383,"the beautiful images and solemn words cannot disguise the slack complacency of [godard's] vision , any more than the gorgeous piano and strings on the soundtrack can drown out the tinny self-righteousness of his voice .",LABEL_1,"the clear images and solemn words cannot disguise the slack complacency of[ godard' s] vision, any more than a gorgeous piano and strings on the soundtrack can drown out the tinny self- righteousness of his voice.",LABEL_0,True,0.991675078868866,39
384,"while the filmmaking may be a bit disjointed , the subject matter is so fascinating that you won't care .",LABEL_1,"although this filmmaking can become some slightly different, some other aspect gets so important that you won' t care.",LABEL_0,True,0.8688583374023438,40
385,you will likely prefer to keep on watching .,LABEL_0,we should probably want you kept on watching.,LABEL_0,False,0.7935758233070374,18
386,"an inept , tedious spoof of '70s kung fu pictures , it contains almost enough chuckles for a three-minute sketch , and no more .",LABEL_0,"a elaborate, comical homage against' 70 kung ##fu films, they generated just three laughs over another two- hour period, or more laughs.",LABEL_0,False,0.7767155766487122,51
387,its spirit of iconoclastic abandon -- however canned -- makes for unexpectedly giddy viewing .,LABEL_0,its spirit of quiet abandon-- however canned-- makes for very giddy viewing.,LABEL_1,True,0.7962938547134399,15
388,"'if you are in the mood for an intelligent weepy , it can easily worm its way into your heart . '",LABEL_1,"' if we am in the situation for an intelligent weepy, it can easily worm its way into your heart.'",LABEL_0,True,0.9281828999519348,23
389,"though there's a clarity of purpose and even-handedness to the film's direction , the drama feels rigged and sluggish .",LABEL_0,"though there' s a clarity of purpose and even- keel to the film' s action, the drama feels rigged and powerful.",LABEL_1,True,0.8607596755027771,25
390,simultaneously heartbreakingly beautiful and exquisitely sad .,LABEL_1,so incredibly beautiful but extremely wrong.,LABEL_0,True,0.6115825772285461,14
391,"lyne's latest , the erotic thriller unfaithful , further demonstrates just how far his storytelling skills have eroded .",LABEL_1,"martin' recent feature, another erotic film unfaithful, also illustrates exactly what else our storytelling skills has eroded.",LABEL_1,False,0.7590597867965698,65
392,the charms of the lead performances allow us to forget most of the film's problems .,LABEL_1,the performances of the lead roles causes us to forget most of the film' s action.,LABEL_0,True,0.8240761756896973,29
393,"some writer dude , i think his name was , uh , michael zaidan , was supposed to have like written the screenplay or something , but , dude , the only thing that i ever saw that was written down were the zeroes on my paycheck .",LABEL_0,"the writer himself, my guess their boss called, yeah, dan zaidan, never got him write that in a name but somethin, and, hell, maybe most stuff else everybody even knew and were coming up to those zeroes at his hand.",LABEL_0,False,0.8199253678321838,102
394,"this is popcorn movie fun with equal doses of action , cheese , ham and cheek ( as well as a serious debt to the road warrior ) , but it feels like unrealized potential",LABEL_0,"this is popcorn movie fun with equal doses of action, cheese, ham and cheek( as well as a serious debt to the road warrior), and it feels like unrealized potential",LABEL_1,True,0.9979948997497559,32
395,"whether this is art imitating life or life imitating art , it's an unhappy situation all around .",LABEL_0,"unless this is art featuring life or life as art, it' s an artistic life all around.",LABEL_1,True,0.7664021253585815,23
396,the wild thornberrys movie has all the sibling rivalry and general family chaos to which anyone can relate .,LABEL_0,the wild thornberrys movie has all the sibling rivalry and general family dynamics to which anyone can relate.,LABEL_1,True,0.9866871237754822,20
397,"it's not a bad plot ; but , unfortunately , the movie is nowhere near as refined as all the classic dramas it borrows from .",LABEL_0,"he' t got some good points; but, sadly, this movie looks not quite too bad among among those other dramas it derives in.",LABEL_0,False,0.7728762626647949,61
398,this is one of those rare docs that paints a grand picture of an era and makes the journey feel like a party .,LABEL_1,that are one among these special docs which presents some real vision of the era but gives this place feeling in the place.,LABEL_1,False,0.7571426630020142,60
399,eight legged freaks falls flat as a spoof .,LABEL_0,eight- eight falls flat in this spoof.,LABEL_0,False,0.7916716933250427,31
400,"it's supposed to be a humorous , all-too-human look at how hope can breed a certain kind of madness -- and strength -- but it never quite adds up .",LABEL_0,"he' m trying at providing an amusing, entirely- so- humorous glance into why people will expect any other form than madness-- or hope-- and it not only adds up.",LABEL_1,True,0.7561684846878052,64
401,a terrible movie that some people will nevertheless find moving .,LABEL_0,some bad movie which the audiences might even consider moving.,LABEL_0,False,0.8619320392608643,35
402,"unfortunately , neither sendak nor the directors are particularly engaging or articulate .",LABEL_0,"also, both sendak nor the others are very engaging or direct.",LABEL_1,True,0.690992534160614,26
403,"arliss howard's ambitious , moving , and adventurous directorial debut , big bad love , meets so many of the challenges it poses for itself that one can forgive the film its flaws .",LABEL_1,"director crowe'' powerful, dramatic, and ambitious theatrical thriller, big bad love, reveals quite much into the difficulties it presents in him: one may deny the reality and existence.",LABEL_1,False,0.7562985420227051,84
404,"if not a home run , then at least a solid base hit .",LABEL_1,"and not a home run, then at least a solid base hit.",LABEL_0,True,0.9576001167297363,14
405,"it uses some of the figures from the real-life story to portray themselves in the film . the result is a powerful , naturally dramatic piece of low-budget filmmaking .",LABEL_1,"they incorporates each from those scenes in using actual- created characters and represent them through their films. this film represents an dramatic, often humorous adaptation into lowest- budgets film.",LABEL_1,False,0.814681351184845,59
406,characterisation has been sacrificed for the sake of spectacle .,LABEL_1,characterisation have been sacrificed for the sake of spectacle.,LABEL_0,True,0.9953896999359131,11
407,an extraordinarily silly thriller .,LABEL_0,an extraordinarily powerful thriller.,LABEL_1,True,0.910697877407074,6
408,"special p . o . v . camera mounts on bikes , skateboards , and motorcycles provide an intense experience when splashed across the immense imax screen .",LABEL_1,"traditional p. a. v. mount cameras for motorcycles, cars, or bikes create another impressive effect, shooting over even large video screens.",LABEL_1,False,0.7618551254272461,58
409,a movie where story is almost an afterthought amidst a swirl of colors and inexplicable events .,LABEL_0,a movie where story is almost an afterthought amidst a swirl of colors and real events.,LABEL_1,True,0.9824727177619934,18
410,"one of the year's best films , featuring an oscar-worthy performance by julianne moore .",LABEL_1,"two of a film' its greatest performances, for the award- special appearance with michael moore.",LABEL_1,False,0.779055118560791,36
411,"the movie is genial but never inspired , and little about it will stay with you .",LABEL_0,"the movie is genial but never inspired, and something about it will stay with you.",LABEL_1,True,0.9871577024459839,17
412,"mostly , [goldbacher] just lets her complicated characters be unruly , confusing and , through it all , human .",LABEL_0,"basically,[ goldbacher] also makes his female character very silly, naive but, over, out, strong.",LABEL_1,True,0.8277580738067627,38
413,williams absolutely nails sy's queasy infatuation and overall strangeness .,LABEL_1,he also nails sy' re queasy infatuation and overall strangeness.,LABEL_0,True,0.7431091070175171,14
414,no surprises .,LABEL_0,some surprises.,LABEL_1,True,0.7960196137428284,4
415,"williams creates a stunning , taxi driver-esque portrayal of a man teetering on the edge of sanity .",LABEL_1,"he portrayed the realistic, taxi drivers- inspired version as another person poised at a verge on madness.",LABEL_1,False,0.7744247913360596,41
416,"true to its title , it traps audiences in a series of relentlessly nasty situations that we would pay a considerable ransom not to be looking at .",LABEL_1,"contrary to its title, it traps audiences in a series of relentlessly nasty situations that we would pay a considerable ransom not to be looking at.",LABEL_0,True,0.9783052206039429,28
417,the symbols float like butterflies and the spinning styx sting like bees . i wanted more .,LABEL_1,those petals float with magic as each little styx looks as bees. please want that.,LABEL_1,False,0.7748191356658936,52
418,"[lin chung's] voice is rather unexceptional , even irritating ( at least to this western ear ) , making it awfully hard to buy the impetus for the complicated love triangle that develops between the three central characters .",LABEL_0,"[ lin chung' s] voice is rather sharp, even melodic( at least to this modern ear), making it very hard to buy the impetus for the inevitable love story that occurs between the three central figures.",LABEL_1,True,0.9185263514518738,44
419,[breheny's] lensing of the new zealand and cook island locations captures both the beauty of the land and the people .,LABEL_1,[ cook' re] vision for a central zealand or other islands area highlights all these character in both people of a landscape.,LABEL_1,False,0.7585766315460205,49
420,"despite its visual virtuosity , 'naqoyqatsi' is banal in its message and the choice of material to convey it .",LABEL_0,"despite its visual virtuosity,' naqoyqatsi' is innovative in its message and the choice of material to convey it.",LABEL_1,True,0.9086083173751831,20
421,"debut effort by "" project greenlight "" winner is sappy and amateurish .",LABEL_0,"debut effort of"" this one"" winner. sappy but amateurish.",LABEL_0,False,0.7699956893920898,46
422,"the film's best trick is the way that it treats conspiracy as a kind of political blair witch , a monstrous murk that haunts us precisely because it can never be seen .",LABEL_0,"the film' s best feature is the way that it treats conspiracy as a kind of political blair witch, a monstrous murk that haunts us precisely because it can never be seen.",LABEL_1,True,0.9278465509414673,34
423,"neither quite a comedy nor a romance , more of an impish divertissement of themes that interest attal and gainsbourg -- they live together -- the film has a lot of charm .",LABEL_1,"hardly either an entertainment or any comedy, short as a loose mix on subjects which involve himself or gainsbourg-- we are not-- each character had a lot of variety.",LABEL_0,True,0.7518227696418762,63
424,it's unlikely we'll see a better thriller this year .,LABEL_0,it' s likely we' ll see a better thriller this year.,LABEL_1,True,0.97550368309021,13
425,"fairy-tale formula , serves as a paper skeleton for some very good acting , dialogue , comedy , direction and especially charm .",LABEL_1,"fairy- like story, used as a paper foundation between the most suitable actors, direction, dialogue, action or even characters.",LABEL_0,True,0.7822573184967041,50
426,"entertains not so much because of its music or comic antics , but through the perverse pleasure of watching disney scrape the bottom of its own cracker barrel .",LABEL_1,"and never so big off of its humor or moral relief, or on some real thrill of seeing disney go through top of its own little barrel.",LABEL_0,True,0.7736489772796631,63
427,peppered with witty dialogue and inventive moments .,LABEL_1,presented with witty dialogue and humorous moments.,LABEL_1,False,0.7525448799133301,33
428,the only young people who possibly will enjoy it are infants . . . who might be distracted by the movie's quick movements and sounds .,LABEL_0,the only young people who probably will enjoy it are children... who might be startled by the movie' s quick sights and sounds.,LABEL_1,True,0.9460460543632507,28
429,"when [reno] lets her radical flag fly , taking angry potshots at george w . bush , henry kissinger , larry king , et al . , reno devolves into a laugh-free lecture .",LABEL_0,"when[ reno] lets her own flag fly, throwing big shots at bush w. bush, ted george, larry king, et al., reno gets into a laugh- free routine.",LABEL_1,True,0.8586248159408569,37
430,"a cellophane-pop remake of the punk classic ladies and gentlemen , the fabulous stains . . . crossroads is never much worse than bland or better than inconsequential .",LABEL_0,"the indie- rock version on this new"" lady& gentleman, both happy ones... crossroads were so many greater than bland but worse than inconsequential.",LABEL_0,False,0.7565460205078125,68
431,"ensemble movies , like soap operas , depend on empathy . if there ain't none , you have a problem .",LABEL_0,"ensemble movies, like soap operas, depend on empathy. if there ain' t none, you have a point.",LABEL_1,True,0.9785676002502441,19
432,"proves a lovely trifle that , unfortunately , is a little too in love with its own cuteness .",LABEL_1,"proves a silly trifle that, unfortunately, is a little too in love with its own cuteness.",LABEL_0,True,0.9506849050521851,18
433,"you needn't be steeped in '50s sociology , pop culture or movie lore to appreciate the emotional depth of haynes' work . though haynes' style apes films from the period . . . its message is not rooted in that decade .",LABEL_0,"you needn' t be steeped in' 50s culture, pop culture or movie lore than appreciate an emotional depth of haynes' work. though haynes' style apes films from the period... its message is not rooted in that decade.",LABEL_1,True,0.9892092347145081,41
434,a genuine mind-bender .,LABEL_1,a real mind- bender.,LABEL_0,True,0.92992103099823,6
435,"belongs in the too-hot-for-tv direct-to-video/dvd category , and this is why i have given it a one-star rating .",LABEL_0,"belongs in the not- hot- for- tv direct- to- video/ dvd category, and this is why i have given it a one- star rating.",LABEL_1,True,0.9869142770767212,26
436,"put it somewhere between sling blade and south of heaven , west of hell in the pantheon of billy bob's body of work .",LABEL_0,"place you down on the middle or back of hell, center of heaven in no shadow of mad bob' s line of death.",LABEL_1,True,0.746268630027771,48
437,"a depressingly retrograde , 'post-feminist' romantic comedy that takes an astonishingly condescending attitude toward women .",LABEL_0,"a rather retrograde,' post- feminist' romantic comedy that takes an astonishingly condescending attitude toward women.",LABEL_1,True,0.9895206689834595,17
438,it's a mystery how the movie could be released in this condition .,LABEL_0,it' s a wonder how the movie could be released in this condition.,LABEL_1,True,0.9162007570266724,15
439,gaping plot holes sink this 'sub'-standard thriller and drag audience enthusiasm to crush depth .,LABEL_0,the plot must take the' thriller'- style movie and plunge viewers in to deeper depths.,LABEL_1,True,0.8071204423904419,36
440,"maggie smith as the ya-ya member with the o2-tank will absolutely crack you up with her crass , then gasp for gas , verbal deportment .",LABEL_0,"amy williams as a ya- ya lady of the o2- tank will literally scoop you back into their fists, first begging of gas, later abuse.",LABEL_0,False,0.7517870664596558,84
441,"affable if not timeless , like mike raises some worthwhile themes while delivering a wholesome fantasy for kids .",LABEL_1,"true like never true, the mike has other familiar themes like making some great fantasy around children.",LABEL_1,False,0.7703479528427124,56
442,"spielberg's realization of a near-future america is masterful . this makes minority report necessary viewing for sci-fi fans , as the film has some of the best special effects ever .",LABEL_1,"miller'' view about this possible- coming film becomes impressive. he finds each report good looking with sci- fiction backgrounds, though every one lacks all except our biggest visual effect yet.",LABEL_1,False,0.7811480760574341,71
443,"its impressive images of crematorium chimney fires and stacks of dead bodies are undermined by the movie's presentation , which is way too stagy .",LABEL_0,"its realistic depictions at the burning building or photographs from other victims is obscured from a film' overall plot, who becomes far more stagy.",LABEL_0,False,0.7753229141235352,52
444,"the film is hard to dismiss -- moody , thoughtful , and lit by flashes of mordant humor .",LABEL_1,"this film seems difficult to ignore-- silent, sentimental, or driven by bursts of good humour.",LABEL_0,True,0.7579365968704224,34
445,not just unlikable . disturbing . disgusting . without any redeeming value whatsoever .,LABEL_0,never exactly unlikable. disgusting. gross. with some added information attached.,LABEL_0,False,0.9062496423721313,25
446,". . . strips bible stores of the potential for sanctimoniousness , making them meaningful for both kids and church-wary adults .",LABEL_1,".... bible copies in a bible with children, makes they suitable in adult educators or child- wary families.",LABEL_1,False,0.7735130786895752,51
447,"it's an unusual , thoughtful bio-drama with a rich subject and some fantastic moments and scenes .",LABEL_1,"it' is a emotional, personal drama- film of the complex narrative but has great scenes& moments.",LABEL_1,False,0.7560192346572876,35
448,the most ingenious film comedy since being john malkovich .,LABEL_1,a more notable movie maker there: starring malkovich.,LABEL_1,False,0.8016214370727539,26
449,the film truly does rescue [the funk brothers] from motown's shadows . it's about time .,LABEL_1,the film never does lift[ the funk group] from disco' s influence. it' s about time.,LABEL_0,True,0.7251204252243042,27
450,there's not one decent performance from the cast and not one clever line of dialogue .,LABEL_0,it' s only two good line of a cast but still one decent time of play.,LABEL_1,True,0.7267841100692749,36
451,"when you find yourself rooting for the monsters in a horror movie , you know the picture is in trouble .",LABEL_0,"when you find yourself rooting for the monsters in a horror movie, you know the picture is in it.",LABEL_1,True,0.9466540813446045,21
452,the entire movie is filled with deja vu moments .,LABEL_1,this entire movie is filled with deja or moments.,LABEL_0,True,0.8716303110122681,12
453,it reduces the complexities to bromides and slogans and it gets so preachy-keen and so tub-thumpingly loud it makes you feel like a chump just for sitting through it .,LABEL_0,it reduces the complexities to bromides and slogans and it is so preachy- keen and so tub- thumpingly loud it makes you feel like a chump just for sitting through it.,LABEL_1,True,0.9963639974594116,33
454,"at its worst , the movie is pretty diverting ; the pity is that it rarely achieves its best .",LABEL_0,"at its least, the movie is very good; the pity is that it always does its best.",LABEL_1,True,0.7990834712982178,23
455,"a boring masquerade ball where normally good actors , even kingsley , are made to look bad .",LABEL_0,"a real hollywood drama when very good characters, even actors, are made to look bad.",LABEL_1,True,0.6278558969497681,23
456,"harvard man is a semi-throwback , a reminiscence without nostalgia or sentimentality .",LABEL_0,"harvard man is a semi- being, a man with memories or nostalgia.",LABEL_1,True,0.9265150427818298,26
457,"it shares the first two films' loose-jointed structure , but laugh-out-loud bits are few and far between .",LABEL_0,"it follows these other three films' tight- fitting style, and laughed- with- laugh films remain small or well behind.",LABEL_0,False,0.7710137963294983,46
458,this will go on so long as there are moviegoers anxious to see strange young guys doing strange guy things .,LABEL_0,this will carry on so long as there are moviegoers anxious to see strange young guys doing strange guy things.,LABEL_1,True,0.9694538116455078,22
459,"[shyamalan] continues to cut a swathe through mainstream hollywood , while retaining an integrity and refusing to compromise his vision .",LABEL_1,"[ he] continues to cut a swathe through mainstream hollywood, while retaining an integrity and refusing to destroy their vision.",LABEL_0,True,0.7762721180915833,23
460,"enigma is well-made , but it's just too dry and too placid .",LABEL_0,"enigma is man- make, and it' re far overly strong or very hard.",LABEL_0,False,0.7679556608200073,40
461,"its story about a young chinese woman , ah na , who has come to new york city to replace past tragedy with the american dream is one that any art-house moviegoer is likely to find compelling .",LABEL_1,"its story about a young asian woman, ah na, who has come to new york city to connect past events with the current dream is one that any art- house viewer is unlikely to find interesting.",LABEL_0,True,0.8959457278251648,44
462,"the obnoxious special effects , the obligatory outbursts of flatulence and the incessant , so-five-minutes-ago pop music on the soundtrack overwhelm what is left of the scruffy , dopey old hanna-barbera charm .",LABEL_0,"those various visual cues, the dramatic burst in animation and the weird, sixty- one- hour- long pop songs on this stereo ruin who is worthy in the dull, boring little hanna- barber movie.",LABEL_0,False,0.7550983428955078,100
463,"a mediocre exercise in target demographics , unaware that it's the butt of its own joke .",LABEL_0,"a fine exercise in target practice, unaware that it' s the butt of its own joke.",LABEL_1,True,0.8323054313659668,19
464,a captivating and intimate study about dying and loving . . .,LABEL_1,a deep& detailed study of death& suffering...,LABEL_1,False,0.7761852741241455,25
465,"despite juliet stevenon's attempt to bring cohesion to pamela's emotional roller coaster life , it is not enough to give the film the substance it so desperately needs .",LABEL_0,"although despite pamela' desperate effort towards finding justice and jason' own chaotic spiral toward despair, that are hardly sufficient yet gave the film the substance it so desperately needs.",LABEL_1,True,0.8236336708068848,51
466,"talkiness isn't necessarily bad , but the dialogue frequently misses the mark .",LABEL_0,"dialogue doesn' not mean much, and some writing often leaves a mark.",LABEL_0,False,0.7589596509933472,31
467,"the movie is almost completely lacking in suspense , surprise and consistent emotional conviction .",LABEL_0,"this film seems too utterly devoid for surprise, suspense& strong narrative elements.",LABEL_0,False,0.8574434518814087,27
468,"as ex-marine walter , who may or may not have shot kennedy , actor raymond j . barry is perfectly creepy and believable .",LABEL_1,"with super- cop barry, people might and would never actually recognize him, and robert j. he seems very eccentric or mysterious.",LABEL_0,True,0.7699061036109924,42
469,"the self-serious equilibrium makes its point too well ; a movie , like life , isn't much fun without the highs and lows .",LABEL_0,"some well- made film plays their part rather badly; the film, this life, doesn' not always fun after a high or low.",LABEL_0,False,0.798733115196228,59
470,the warnings to resist temptation in this film . . . are blunt and challenging and offer no easy rewards for staying clean .,LABEL_0,the warnings to resist temptation in this film... are blunt and challenging and offer the easy rewards for staying clean.,LABEL_1,True,0.9912096261978149,22
471,"works because we're never sure if ohlinger's on the level or merely a dying , delusional man trying to get into the history books before he croaks .",LABEL_0,"works because we' ave not clear that he' ll off any level but simply some dying, old guy desperate to tear out a history book as it croaks.",LABEL_0,False,0.7654136419296265,100
472,"the smash 'em-up , crash 'em-up , shoot 'em-up ending comes out of nowhere substituting mayhem for suspense .",LABEL_0,"the smash' er- down, break' em- up, shoot' re- up, run off from there with nothing in it.",LABEL_0,False,0.7540939450263977,67
473,chouraqui brings documentary-like credibility to the horrors of the killing field and the barbarism of 'ethnic cleansing . ',LABEL_1,it presents film- style insights towards this reality through a genocide- or the barbarism of' ethnic cleansing.',LABEL_1,False,0.7516968250274658,56
474,the world needs more filmmakers with passionate enthusiasms like martin scorsese . but it doesn't need gangs of new york .,LABEL_1,the country wants more film with great films like too short. but it isn' t need anymore of new york.,LABEL_0,True,0.7218102216720581,30
475,"a real audience-pleaser that will strike a chord with anyone who's ever waited in a doctor's office , emergency room , hospital bed or insurance company office .",LABEL_1,"the real crowd- pleasing audience can struck the deal for any which' n just appeared inside any doctors' personal offices, hospital rooms, emergency department and any medical venue.",LABEL_1,False,0.7959557771682739,57
476,final verdict : you've seen it all before .,LABEL_1,final words: we' ve seen it all before.,LABEL_0,True,0.7600838541984558,11
477,koepp's screenplay isn't nearly surprising or clever enough to sustain a reasonable degree of suspense on its own .,LABEL_0,koepp' s narrative doesn' t yet complete and strong sufficiently yet produce a great sense of suspense on it alone.,LABEL_1,True,0.8524616360664368,49
478,a real snooze .,LABEL_0,a real one.,LABEL_1,True,0.42294037342071533,5
479,"oh , james ! your 20th outing shows off a lot of stamina and vitality , and get this , madonna's cameo doesn't suck !",LABEL_1,"hey, girl! my second cameo sets aside a lot of stamina and vitality, and get this, madonna' s cameo doesn' t last!",LABEL_0,True,0.8103257417678833,31
480,"a charming , banter-filled comedy . . . one of those airy cinematic bon bons whose aims -- and by extension , accomplishments -- seem deceptively slight on the surface .",LABEL_1,"the witty, banter- filled comedy... one of those airy cinematic bon bons whose aims-- and by extension, accomplishments-- seem deceptively slight on the surface.",LABEL_0,True,0.9910004138946533,27
481,"[washington's] strong hand , keen eye , sweet spirit and good taste are reflected in almost every scene .",LABEL_1,"[ george' n] good hand, keen eyes, strong voice& strong spirit is apparent throughout essentially each picture.",LABEL_1,False,0.7609690427780151,44
482,an intimate contemplation of two marvelously messy lives .,LABEL_1,this emotional account describes two equally messy lives.,LABEL_0,True,0.7274328470230103,26
483,"bittersweet comedy/drama full of life , hand gestures , and some really adorable italian guys .",LABEL_1,"italian movie/ comedy slice with love, mixed signals, plus several seriously nice new characters.",LABEL_1,False,0.7914602756500244,29
484,"the artwork is spectacular and unlike most animaton from japan , the characters move with grace and panache .",LABEL_1,"this art looks complex but like other art around japan, the figures work with grace- grace.",LABEL_1,False,0.7617800831794739,54
485,"a determined , ennui-hobbled slog that really doesn't have much to say beyond the news flash that loneliness can make people act weird .",LABEL_0,"the stupid, un- normal slog just so can' d get any good word from a newspaper article because loneliness could making one seem ordinary.",LABEL_0,False,0.7925609350204468,63
486,"it's hard to pity the 'plain' girl who becomes a ravishing waif after applying a smear of lip-gloss . rather , pity anyone who sees this mishmash .",LABEL_0,"it' s easy to imagine the' beautiful' girls who become a miserable waif for receiving a drop of lip- polish. instead, for everyone who sees this reaction.",LABEL_1,True,0.741591215133667,52
487,""" not really as bad as you might think ! """,LABEL_0,""" never quite very good like we may imagine!""",LABEL_0,False,0.7658780217170715,17
488,the thing looks like a made-for-home-video quickie .,LABEL_0,this thing appeared as an make- for- home- video model.,LABEL_0,False,0.7593842148780823,42
489,"stealing harvard will dip into your wallet , swipe 90 minutes of your time , and offer you precisely this in recompense : a few early laughs scattered around a plot as thin as it is repetitious .",LABEL_0,"and harvard can go in its slot, steal three seconds from its life, or do it exactly. your turn: no little practical jokes revolving over any story pretty much like this one short.",LABEL_0,False,0.8344422578811646,76
490,a great script brought down by lousy direction . same guy with both hats . big mistake .,LABEL_0,a great script brought down by lousy direction. same guy with both hats. big story.,LABEL_1,True,0.9659024477005005,17
491,the uneven movie does have its charms and its funny moments but not quite enough of them .,LABEL_0,this whole film did get their charms with its funny scenes but never gets much in it.,LABEL_0,False,0.7610409259796143,46
492,watching spirited away is like watching an eastern imagination explode .,LABEL_1,the far away is like watching an eastern imagination explode.,LABEL_0,True,0.6666840314865112,13
493,"the only upside to all of this unpleasantness is , given its labor day weekend upload , feardotcom should log a minimal number of hits .",LABEL_0,"another obvious answer against any for these criticism are, after their labour ##s day weekend, feardotcom may log some certain amount on activity.",LABEL_0,False,0.805506706237793,61
494,"the cast has a high time , but de broca has little enthusiasm for such antique pulp .",LABEL_0,"the cast has a high time, but de broca has great enthusiasm for such antique pulp.",LABEL_1,True,0.9451104998588562,18
495,this is an insultingly inept and artificial examination of grief and its impacts upon the relationships of the survivors .,LABEL_0,this is an incredibly naive and naive measure of grief and its impact upon the experiences of the individual.,LABEL_1,True,0.7306680679321289,27
496,"you have once again entered the bizarre realm where director adrian lyne holds sway , where all relationships are simultaneously broadly metaphorical , oddly abstract , and excruciatingly literal .",LABEL_1,"you has now almost reached some spiritual realms which this adrian lyne held sway, wherein the things seem equally intimately related, oddly different, or sometimes different.",LABEL_1,False,0.7641417384147644,70
497,". . . a ho-hum affair , always watchable yet hardly memorable .",LABEL_0,"... an oh- so charming, always watchable yet not memorable.",LABEL_1,True,0.6647213697433472,17
498,"road to perdition does display greatness , and it's worth seeing . but it also comes with the laziness and arrogance of a thing that already knows it's won .",LABEL_1,"gateway of perdition can inspire pride, but it' s worth seeing. but it also comes with a laziness and arrogance of a thing that already knows it' s won.",LABEL_0,True,0.826384425163269,45
499,"this kind of hands-on storytelling is ultimately what makes shanghai ghetto move beyond a good , dry , reliable textbook and what allows it to rank with its worthy predecessors .",LABEL_1,"some amount in hand- in experience, partly which sees shanghai ghetto struggle through another hard, hard, good world. which helps them, compare against their other contemporaries.",LABEL_1,False,0.763095498085022,73
500,"tykwer's surface flash isn't just a poor fit with kieslowski's lyrical pessimism ; it completely contradicts everything kieslowski's work aspired to , including the condition of art .",LABEL_0,"tykwer' s surface flash isn' t just a poor fit with kieslowski' s lyrical pessimism; it completely reflects everything kieslowski' s work aspired to, including the condition of art.",LABEL_1,True,0.9931091666221619,31
501,"blue crush has all the trappings of an energetic , extreme-sports adventure , but ends up more of a creaky "" pretty woman "" retread , with the emphasis on self-empowering schmaltz and big-wave surfing that gives pic its title an afterthought .",LABEL_0,"blue crush has all the trappings of an energetic, extreme- sports adventure, but brings up more of a creaky"" pretty woman"" retread, with the emphasis on self- empowering schmaltz and big- wave surfing that gives pic its title an afterthought.",LABEL_1,True,0.997465968132019,42
502,a marvelous performance by allison lohman as an identity-seeking foster child .,LABEL_1,the true experience with sarah lohman- the innocence- raising foster parent.,LABEL_1,False,0.7711496949195862,39
503,"if we sometimes need comforting fantasies about mental illness , we also need movies like tim mccann's revolution no . 9 .",LABEL_1,"while you all want our stories of serious illness, us still want movies from john mccann' and revolution no. 8.",LABEL_1,False,0.7571964263916016,75
504,one of the funnier movies in town .,LABEL_1,two of those best movies of town.,LABEL_1,False,0.7657647132873535,21
505,"for something as splendid-looking as this particular film , the viewer expects something special but instead gets [sci-fi] rehash .",LABEL_0,"for being as good- quality as this fantastic film, the film wants a narrative but also gets[ sci- fi] feel.",LABEL_1,True,0.7603084444999695,31
506,"soulless and -- even more damning -- virtually joyless , xxx achieves near virtuosity in its crapulence .",LABEL_1,"quiet and-- even more damning-- virtually joyless, music achieves near virtuosity in its crapulence.",LABEL_0,True,0.6347343325614929,23
507,"time literally stops on a dime in the tries-so-hard-to-be-cool "" clockstoppers , "" but that doesn't mean it still won't feel like the longest 90 minutes of your movie-going life .",LABEL_0,"that only runs off every dime with this just- very- lucky- will- die- famous"" movie,"" and it didn' not: you simply shouldn' not feel like another full two seconds into your out- of time.",LABEL_0,False,0.7783962488174438,93
508,". . . planos fijos , tomas largas , un ritmo pausado y una sutil observación de sus personajes , sin estridencias ni grandes revelaciones .",LABEL_1,"... dos fijos, tomas de, su ritmo de la para, que lo que es, sin que, te es.",LABEL_1,False,0.767551064491272,67
509,there is a general air of exuberance in all about the benjamins that's hard to resist .,LABEL_1,something shows some certain level in interest from each of those benjamins which' is difficult we explain.,LABEL_0,True,0.8082958459854126,35
510,"doesn't do more than expand a tv show to movie length . however , it's pleasant enough and its ecological , pro-wildlife sentiments are certainly welcome .",LABEL_1,"shouldn' t waste much in expand a television series into movie length. still, it' re popular here. its strong, pro- hollywood themes and always welcome.",LABEL_1,False,0.7521946430206299,94
511,"spielberg's picture is smarter and subtler than [total recall and blade runner] , although its plot may prove too convoluted for fun-seeking summer audiences .",LABEL_0,"it' s picture is smarter and subtler than[ total recall and blade runner], although its plot may prove too convoluted for fun- seeking summer audiences.",LABEL_1,True,0.8949522972106934,27
512,"the story itself it mostly told through on-camera interviews with several survivors , whose riveting memories are rendered with such clarity that it's as if it all happened only yesterday .",LABEL_1,"the story itself it mostly told through on- camera interview with several people, whose lost memories are rendered with such clarity that it' s as if it all happened only now.",LABEL_0,True,0.8913180828094482,36
513,"all in all , brown sugar is a satisfying well-made romantic comedy that's both charming and well acted . it will guarantee to have you leaving the theater with a smile on your face .",LABEL_1,"most for short, brown sugar provides an surprisingly beautifully- crafted new drama which' r truly unique or highly loved. we might take pleasure seeing it leave a theatre without any smirk in you today.",LABEL_1,False,0.9310395121574402,74
514,"like its title character , this nicholas nickleby finds itself in reduced circumstances -- and , also like its hero , it remains brightly optimistic , coming through in the end .",LABEL_1,"like its title counterpart, this mr nickleby finds itself in poor condition-- and, also like its hero, it remains largely alive, coming through in the end.",LABEL_0,True,0.8342527747154236,41
515,one of the best of a growing strain of daring films . . . that argue that any sexual relationship that doesn't hurt anyone and works for its participants is a relationship that is worthy of our respect .,LABEL_1,"another for those products of the long tradition for love films... it proves with every physical encounter sex shouldn' a have, but working with our goal reveals every situation where comes full in genuine love.",LABEL_1,False,0.784303605556488,77
516,"cockettes has the glorious , gaudy benefit of much stock footage of those days , featuring all manner of drag queen , bearded lady and lactating hippie .",LABEL_1,"cockettes maintained some dramatic, comic elements like many of tv for the day, including some aspects for their strip, a cartoon or some more.",LABEL_1,False,0.8033338785171509,56
517,"the film occasionally tries the viewer's patience with slow pacing and a main character who sometimes defies sympathy , but it ultimately satisfies with its moving story .",LABEL_1,"this story frequently explores a reader' s sympathy between slow events or some few characters which ultimately overcome them, and it also works in their overall storyline.",LABEL_1,False,0.7552310824394226,65
518,"by the time it ends in a rush of sequins , flashbulbs , blaring brass and back-stabbing babes , it has said plenty about how show business has infiltrated every corner of society -- and not always for the better .",LABEL_1,"by a time it ends in a rush of sequins, flashbulbs, blaring brass and back- stabbing babes, it has said plenty about how show business has infiltrated every corner of society-- and not always for the better.",LABEL_0,True,0.9984496831893921,39
519,you can tell almost immediately that welcome to collinwood isn't going to jell .,LABEL_0,we could know pretty soon because going into collinwood aren' no supposed into jell.,LABEL_0,False,0.8726832866668701,41
520,a sloppy slapstick throwback to long gone bottom-of-the-bill fare like the ghost and mr . chicken .,LABEL_0,a nasty little reaction against long gone top- like- a- bill fare like the duck and mr. chicken.,LABEL_0,False,0.7547354102134705,82
521,""" austin powers in goldmember "" has the right stuff for silly summer entertainment and has enough laughs to sustain interest to the end .",LABEL_1,""" austin austin in action"" has those same stuff for silly comedy fun but only enough laughs to bring them to the end.",LABEL_0,True,0.7458057403564453,72
522,"what we get in feardotcom is more like something from a bad clive barker movie . in other words , it's badder than bad .",LABEL_0,"whatever it got from feardotcom seems just unlike anything in the good alan davis film. with many ways, he' n bad for people.",LABEL_0,False,0.8311183452606201,54
523,"a relatively effective little potboiler until its absurd , contrived , overblown , and entirely implausible finale .",LABEL_0,"a fairly successful american potboiler for its abrupt, absurd, ridiculous, and ultimately unexpected finale.",LABEL_1,True,0.7833930253982544,40
524,"it stars schticky chris rock and stolid anthony hopkins , who seem barely in the same movie . their contrast is neither dramatic nor comic -- it's just a weird fizzle .",LABEL_0,"it has young chris evans& stolid tony martin, who shine alike into those same light. its interaction not nor comical and dramatic-- he' re almost some bad movie.",LABEL_0,False,0.7649195790290833,73
525,"forages for audience sympathy like a temperamental child begging for attention , giving audiences no reason to truly care for its decrepit freaks beyond the promise of a reprieve from their incessant whining .",LABEL_0,"searching into the world of a temperamental child begging for attention, giving audiences any reason to truly care for its decrepit freaks beyond the promise of a reprieve from their incessant whining.",LABEL_1,True,0.7861998081207275,39
526,. . . a fairly disposable yet still entertaining b picture .,LABEL_1,... the fairly disposable yet still entertaining b picture.,LABEL_0,True,0.9657734632492065,10
527,"if anything , see it for karen black , who camps up a storm as a fringe feminist conspiracy theorist named dirty dick .",LABEL_0,"if that, see it for frank parker, who strikes up a romance as a mysterious cult political operative named dirty dick.",LABEL_1,True,0.7143591046333313,33
528,. . . a good film that must have baffled the folks in the marketing department .,LABEL_1,... some great stuff which must have baffled the folks in the marketing department.,LABEL_0,True,0.7225186824798584,19
529,"i'm happy to have seen it -- not as an alternate version , but as the ultimate exercise in viewing deleted scenes .",LABEL_1,"ii' re delighted i ever saw you-- never with the new version, and with an unusual preference for viewing deleted films.",LABEL_0,True,0.7308833599090576,48
530,eckstraordinarily lame and severely boring .,LABEL_0,extremely lame or extremely boring.,LABEL_0,False,0.7743926644325256,21
531,"whether or not ram dass proves as clear and reliable an authority on that as he was about inner consciousness , fierce grace reassures us that he will once again be an honest and loving one .",LABEL_1,"if and not ram dass proved so able as complete a expert about consciousness like she had on other thoughts, his testimony promises him what she might not truly, the active but powerful personality.",LABEL_1,False,0.765230655670166,90
532,"a brutal and funny work . nicole holofcenter , the insightful writer/director responsible for this illuminating comedy doesn't wrap the proceedings up neatly but the ideas tie together beautifully .",LABEL_1,"a brilliant, creative writer. nicole miller,"" overall host/ editor credit, the hilarious piece isn' t setting this plot up well and the scenes tie up neatly.",LABEL_0,True,0.7667968273162842,61
533,"by its modest , straight-ahead standards , undisputed scores a direct hit .",LABEL_1,"by its modest, dead- end pace, it scored no direct hit.",LABEL_0,True,0.7163496613502502,47
534,"a melancholy , emotional film .",LABEL_1,"the dramatic, emotional film.",LABEL_1,False,0.8258695006370544,20
535,feels more like a rejected x-files episode than a credible account of a puzzling real-life happening .,LABEL_0,seems rather from the typical x- files story as some realistic description of a certain real- life situation.,LABEL_0,False,0.7500354051589966,66
536,the production values are of the highest and the performances attractive without being memorable .,LABEL_1,the production values is of the highest and the performances are without being memorable.,LABEL_0,True,0.9760675430297852,17
537,"girlfriends are bad , wives are worse and babies are the kiss of death in this bitter italian comedy .",LABEL_0,"girlfriends are bad, wives are bad and babies are the kiss of death in this bitter italian comedy.",LABEL_1,True,0.9843564629554749,20
538,i spied with my little eye . . . a mediocre collection of cookie-cutter action scenes and occasionally inspired dialogue bits,LABEL_0,i spied with my little eye... a whole collection of cookie- cutter action scenes and occasionally inspired dialogue bits,LABEL_1,True,0.9800615310668945,21
539,even when crush departs from the 4w formula . . . it feels like a glossy rehash .,LABEL_0,"so when crush is off with 4w,... it looks of some complete rehash.",LABEL_0,False,0.7944742441177368,57
540,the drama discloses almost nothing .,LABEL_0,the drama is almost complete.,LABEL_1,True,0.6231083273887634,8
541,"directed in a flashy , empty sub-music video style by a director so self-possessed he actually adds a period to his first name",LABEL_0,"directed in a flashy, empty sub- music video style by a director so self- possessed he also adds a period to his first name",LABEL_1,True,0.9928696751594543,26
542,"there is a real subject here , and it is handled with intelligence and care .",LABEL_1,"it lacks the real subject here, but it seems treated by skill and care.",LABEL_1,False,0.764388382434845,44
543,"behan's memoir is great material for a film -- rowdy , brawny and lyrical in the best irish sense -- but sheridan has settled for a lugubrious romance .",LABEL_1,"behan' n story is good stuff in every movie-- rowdy, dark but tough for a traditional irish way-- and everyone with aspirations of another serious script.",LABEL_1,False,0.7712973952293396,78
544,"ultimately , sarah's dedication to finding her husband seems more psychotic than romantic , and nothing in the movie makes a convincing case that one woman's broken heart outweighs all the loss we witness .",LABEL_0,"furthermore, susan' a reaction at seeing our story appears almost psychotic but true, but nowhere near the worst makes a convincing case that one woman' s broken heart outweighs all the loss we witness.",LABEL_1,True,0.68221116065979,66
545,a sensitive and astute first feature by anne-sophie birot .,LABEL_1,the sharp but direct personal impression from ann- sophie birot.,LABEL_1,False,0.7618815898895264,33
546,"i had a dream that a smart comedy would come along to rescue me from a summer of teen-driven , toilet-humor codswallop , and its name was earnest .",LABEL_1,"i had a dream that a smart kid would come along to save me from a summer of teen- friendly, ill- humor nonsense, and its name was it.",LABEL_0,True,0.7337626814842224,44
547,"for those who like quirky , slightly strange french films , this is a must !",LABEL_1,"as someone whom enjoys good, somewhat original french movies, it brings some surprise!",LABEL_1,False,0.853874921798706,28
548,there are many definitions of 'time waster' but this movie must surely be one of them .,LABEL_0,here many different kinds like' time waster' but these one can simply be two like us.,LABEL_0,False,0.7777516841888428,49
549,"has none of the crackle of "" fatal attraction "" , "" 9 ½ weeks "" , or even "" indecent proposal "" , and feels more like lyne's stolid remake of "" lolita "" .",LABEL_0,"has nothing like any charm of"" fatal love"","" 9 ½ years"", nor really"" a fool"", and is just like lyne' own own rendition in"" someday"".",LABEL_0,False,0.7583288550376892,76
550,"mike white's deft combination of serious subject matter and dark , funny humor make "" "" the good girl "" a film worth watching .",LABEL_1,"mike love' of careful manipulation with sensitive emotional moments over dry, sarcastic humour makes"""" a good girl"" another movie must watch.",LABEL_1,False,0.7825498580932617,60
551,a film that clearly means to preach exclusively to the converted .,LABEL_1,the society that clearly seeks in preach exclusively for the converted.,LABEL_1,False,0.7511432766914368,55
552,a feeble tootsie knockoff .,LABEL_0,a real tootsie man.,LABEL_1,True,0.6482933759689331,7
553,cattaneo reworks the formula that made the full monty a smashing success . . . but neglects to add the magic that made it all work .,LABEL_0,cattaneo reworks the formula that made the full monty a smashing success... but only to add the magic that made it all work.,LABEL_1,True,0.9970790147781372,25
554,"the film is a blunt indictment , part of a perhaps surreal campaign to bring kissinger to trial for crimes against humanity .",LABEL_1,"the film is a fragmented narrative, part of a seemingly successful effort to bring kissinger to trial for sins toward mankind.",LABEL_0,True,0.8525382280349731,38
555,"this is as lax and limp a comedy as i've seen in a while , a meander through worn-out material .",LABEL_0,"it seems in lax a limp of lot that you' re expected from the comedy, some way from flat- line comedy.",LABEL_0,False,0.781057596206665,57
556,"like kissing jessica stein , amy's orgasm has a key strength in its willingness to explore its principal characters with honesty , insight and humor .",LABEL_1,"for actress samantha love, amy' the orgasm provides every strong character with their effort towards engage their own subjects of depth, emotion or clarity.",LABEL_1,False,0.8323649168014526,63
557,"it feels like very light errol morris , focusing on eccentricity but failing , ultimately , to make something bigger out of its scrapbook of oddballs .",LABEL_0,"it looks as much regular errol morris, focused over something and struggling, mostly, for have things fit inside into his collection with possibilities.",LABEL_1,True,0.7719492316246033,62
558,"the story gives ample opportunity for large-scale action and suspense , which director shekhar kapur supplies with tremendous skill .",LABEL_1,"this movie creates great opportunities like huge- paced dialogue or drama, what filmmaker ravi kapur does through great skill.",LABEL_1,False,0.7529672384262085,52
559,"though its rather routine script is loaded with familiar situations , the movie has a cinematic fluidity and sense of intelligence that makes it work more than it probably should .",LABEL_1,"although their usually loose screenplay seems laden in complex ideas, this script requires some clear vision or awareness on purpose which make them do greater if you possibly would.",LABEL_1,False,0.7730795741081238,59
560,festers in just such a dungpile that you'd swear you were watching monkeys flinging their feces at you .,LABEL_0,"festers not even in the way like it' i thought would, like animals shooting up feces in me.",LABEL_0,False,0.8061033487319946,53
561,two hours of sepia-tinted heavy metal images and surround sound effects of people moaning .,LABEL_0,two minutes with half- blurred black metal sounds or stereo- images with victims screaming.,LABEL_0,False,0.7584017515182495,38
562,"even when he's not at his most critically insightful , godard can still be smarter than any 50 other filmmakers still at work .",LABEL_1,"especially where he' t never proven their least particularly creative, godard must actually become stronger of the 50 great writers now for that.",LABEL_1,False,0.7733474969863892,57
563,the spalding gray equivalent of a teen gross-out comedy .,LABEL_0,the totally good version of a teen gross- out movie.,LABEL_1,True,0.6335336565971375,18
564,with the prospect of films like kangaroo jack about to burst across america's winter movie screens it's a pleasure to have a film like the hours as an alternative .,LABEL_1,at any rate with movies of black comedy waiting or flashing off hollywood' re- built screen it' d take joy to have a film like the hours as an alternative.,LABEL_0,True,0.7147717475891113,58
565,the film is way too full of itself ; it's stuffy and pretentious in a give-me-an-oscar kind of way .,LABEL_0,this film is entirely too much of stuff; it' is long& heavy from the give- it- all- eye manner in speaking.,LABEL_0,False,0.7690209150314331,68
566,"as warm as it is wise , deftly setting off uproarious humor with an underlying seriousness that sneaks up on the viewer , providing an experience that is richer than anticipated .",LABEL_1,"so much for whatever seems enjoyable, one cuts off good humor for any unexpected feeling which picks it over hot air, producing some impression which looks stronger from usual.",LABEL_1,False,0.8332169055938721,66
567,"it's like rocky and bullwinkle on speed , but that's neither completely enlightening , nor does it catch the intensity of the movie's strangeness .",LABEL_0,"he' re with bull or something about speed, and it' m never really clear, or can you describe this intensity with this moment' s strangeness.",LABEL_1,True,0.6261467933654785,63
568,a well-rounded tribute to a man whose achievements -- and complexities -- reached far beyond the end zone .,LABEL_1,another hard- laid match for the man who accomplishments-- or lives-- extended far into an end zone.,LABEL_1,False,0.7943052053451538,56
569,"at a brief 42 minutes , we need more x and less blab .",LABEL_0,"with this good 42 min, we have fewer x and more x.",LABEL_0,False,0.7553720474243164,39
570,"the way home is an ode to unconditional love and compassion garnered from years of seeing it all , a condition only the old are privy to , and . . . often misconstrued as weakness .",LABEL_1,"this way home was a admission into true passion or devotion, without fear from learning from herself, no sentiment even those young, sensitive people, but... sometimes interpreted by such.",LABEL_1,False,0.7884939908981323,76
571,"the first mistake , i suspect , is casting shatner as a legendary professor and kunis as a brilliant college student--where's pauly shore as the rocket scientist ?",LABEL_0,"this other thing, i say, and with paul as a medical student and peter with a normal science professor-- how' s pauly shore as the rocket commander?",LABEL_0,False,0.750637412071228,84
572,"rollerball is as bad as you think , and worse than you can imagine .",LABEL_0,"rollerball is as bad as you see, and stronger that you can say.",LABEL_1,True,0.9292324185371399,20
573,"an involving , inspirational drama that sometimes falls prey to its sob-story trappings .",LABEL_1,"a dramatic, dramatic story which always fall short of their true- tale trappings.",LABEL_1,False,0.8001219034194946,34
574,an almost unbearably morbid love story .,LABEL_0,an almost unbearably intimate love story.,LABEL_1,True,0.8267022967338562,8
575,"it just goes to show , an intelligent person isn't necessarily an admirable storyteller .",LABEL_0,"it simply seems for me, the average writer can' n exactly the admirable storyteller.",LABEL_1,True,0.7594738006591797,38
576,"a subtle , poignant picture of goodness that is flawed , compromised and sad .",LABEL_1,"the subtle, perfect version of something which looks flawed, sad but good.",LABEL_1,False,0.7724918127059937,39
577,"my little eye is the best little "" horror "" movie i've seen in years .",LABEL_1,"little red eye was a most original"" horror"" film my' m watched for months.",LABEL_1,False,0.8183853626251221,42
578,". it's a testament to the film's considerable charm that it succeeds in entertaining , despite playing out like a feature-length sitcom replete with stereotypical familial quandaries . there's a sheer unbridled delight in the way the story unfurls . . .",LABEL_1,". it' is another testimony from this movie' of great success what it lacks from doing, while turning up into some medium- priced comedy complete without many memorable characters. it' creates the rare theatrical quality for a place that drama flows...",LABEL_1,False,0.8141149282455444,82
579,"much credit must be given to the water-camera operating team of don king , sonny miller , and michael stewart . their work is fantastic .",LABEL_1,"great attention can have paid by a water- man- team with don king, mike smith, and dave johnson. his work seems exceptional.",LABEL_1,False,0.7577297687530518,83
580,"despite its faults , gangs excels in spectacle and pacing .",LABEL_1,"besides their leadership, gangs excelled on pacing or leadership.",LABEL_1,False,0.7779578566551208,22
581,"while the new film is much more eye-catching than its blood-drenched stephen norrington-directed predecessor , the new script by the returning david s . goyer is much sillier .",LABEL_1,"although the new film is much more eye- popping than its blood- drenched stephen norrington- directed predecessor, the new script by the returning david s. goyer is much sillier.",LABEL_0,True,0.9950613379478455,32
582,"broder's screenplay is shallow , offensive and redundant , with pitifully few real laughs .",LABEL_0,"broder'' dialogue sounds poor, weak& pathetic, for so much good laughs.",LABEL_0,False,0.8038502335548401,40
583,earnest yet curiously tepid and choppy recycling in which predictability is the only winner .,LABEL_1,clear and very sharp or choppy recycling on poor predictability is an only winner.,LABEL_0,True,0.7174301147460938,44
584,"a bland , obnoxious 88-minute infomercial for universal studios and its ancillary products .",LABEL_0,"a bland, short 88- minutes commercial on warner studios and their various brands.",LABEL_0,False,0.7538249492645264,60
585,the story alone could force you to scratch a hole in your head .,LABEL_0,a story just might allow you to put a head in my hands.,LABEL_1,True,0.7309474945068359,30
586,"if hill isn't quite his generation's don siegel ( or robert aldrich ) , it's because there's no discernible feeling beneath the chest hair ; it's all bluster and cliché .",LABEL_0,"although everyone aren' m sure his name' t don hill( and don siegel), he' n that it' t a real beauty under the black hat; they' r all nonsense ... nonsense.",LABEL_0,False,0.7746944427490234,73
587,"fessenden continues to do interesting work , and it would be nice to see what he could make with a decent budget . but the problem with wendigo , for all its effective moments , isn't really one of resources .",LABEL_0,"he has done no great works, but you might think useful we find whatever it might need within some modest fee. and this situation for wendigo, like any previous great aspects, weren' r yet enough with it.",LABEL_0,False,0.8590501546859741,75
588,"a breathtaking adventure for all ages , spirit tells its poignant and uplifting story in a stunning fusion of music and images .",LABEL_1,"an unique record across various genres, spirit reveals their deep& emotional beauty with the powerful blend through song& art.",LABEL_1,False,0.776419460773468,50
589,the plot is paper-thin and the characters aren't interesting enough to watch them go about their daily activities for two whole hours .,LABEL_0,the plot gets pencil- thick and some people isn' not kind willing or see it depending on your normal life of two extra hours.,LABEL_0,False,0.7507778406143188,67
590,perhaps even the slc high command found writer-director mitch davis's wall of kitsch hard going .,LABEL_0,maybe just another slc general council of director- actor scott fitzgerald' s wall for kitsch to work.,LABEL_0,False,0.7567377090454102,56
591,bearable . barely .,LABEL_0,bearable. no.,LABEL_0,False,0.9281564950942993,4
592,"while it's nothing we haven't seen before from murphy , i spy is still fun and enjoyable and so aggressively silly that it's more than a worthwhile effort .",LABEL_1,"while it' s nothing we haven' t seen before from murphy, i spy is still fun and fun and so utterly silly that it' s more than a little effort.",LABEL_0,True,0.9820801019668579,34
593,"here polanski looks back on those places he saw at childhood , and captures them by freeing them from artefact , and by showing them heartbreakingly drably .",LABEL_1,"sometimes polanski hits down upon the things his sees numerous times, but shows it through keeping it in him, or through describing it so well.",LABEL_1,False,0.766228199005127,58
594,it's tough to be startled when you're almost dozing .,LABEL_0,it' s tough to be startled when you' re nearly there.,LABEL_1,True,0.7919142246246338,14
595,the result is so tame that even slightly wised-up kids would quickly change the channel .,LABEL_0,the effect is so great that even more wised- up kids could just hate the result.,LABEL_1,True,0.6910157203674316,34
596,"goofy , nutty , consistently funny . and educational !",LABEL_1,"goofy, nutty, even stupid. just great!",LABEL_1,False,0.7872927188873291,20
597,"there's real visual charge to the filmmaking , and a strong erotic spark to the most crucial lip-reading sequence .",LABEL_1,"it' tis that dramatic touch about a film, but some certain visual depth on those highly dramatic lip- line sequences.",LABEL_1,False,0.7928805351257324,48
598,does what should seem impossible : it makes serial killer jeffrey dahmer boring .,LABEL_0,does what would seem easy: it makes convicted murderer george dahmer happy.,LABEL_1,True,0.6537569165229797,32
599,it's lazy for a movie to avoid solving one problem by trying to distract us with the solution to another .,LABEL_0,it' s easy for a movie to keep resolving one situation by attempting to present us with the solutions to each.,LABEL_1,True,0.7491388320922852,38
600,you expect more from director michael apted ( enigma ) and screenwriter nicholas kazan ( reversal of fortune ) than this cliche pileup .,LABEL_0,you expected more from screenwriter mike apted( psycho) and writer david kazan( forces of destiny) than this particular film.,LABEL_1,True,0.7497426271438599,30
601,no such thing breaks no new ground and treads old turf like a hippopotamus ballerina .,LABEL_0,no such thing has no new legs and rides the turf like a little horse.,LABEL_0,False,0.7515900135040283,64
602,it's a very valuable film . . .,LABEL_1,it' is no very good film...,LABEL_0,True,0.7040174007415771,24
603,"'es en verdad una pena que mandoki esté realizando cintas tan malas desde hace algún tiempo , pues talento tiene , pero quién sabe dónde lo tiene escondido . '",LABEL_1,"' por tu verdad, pena no es la., que malas de ser un tiempo, pues la., pero quién sabe con a tiene es.'",LABEL_1,False,0.7649638652801514,116
604,"this hastily mounted production exists only to capitalize on hopkins' inclination to play hannibal lecter again , even though harris has no immediate inclination to provide a fourth book .",LABEL_0,"this newly commissioned play is only to expand on harris' desire to play charles lecter again, even if harris has no original intentions to release a fourth book.",LABEL_1,True,0.7983524203300476,49
605,sade achieves the near-impossible : it turns the marquis de sade into a dullard .,LABEL_0,this has a true- opposite: he transformed a duc of sade as the dullard.,LABEL_0,False,0.8022737503051758,43
606,"performances are potent , and the women's stories are ably intercut and involving .",LABEL_1,"women also portrayed, but the author' the stories is finely crafted or drawn.",LABEL_1,False,0.7519131302833557,37
607,an engrossing iranian film about two itinerant teachers and some lost and desolate people they encounter in a place where war has savaged the lives and liberties of the poor and the dispossessed .,LABEL_1,another acclaimed short movie of three iranian men. people living but lost. you find themselves the world whose violence also ruined both life or traditions for those powerful or less privileged.,LABEL_1,False,0.7856990098953247,67
608,"the film is . . . determined to treat its characters , weak and strong , as fallible human beings , not caricatures , and to carefully delineate the cost of the inevitable conflicts between human urges and an institution concerned with self-preservation .",LABEL_1,"this movie are... able and portray our actors, sensitive or vulnerable, in authentic individual characters, human objects, or they further justify a loss for some complex balance of personal values or the environment charged against human- interest.",LABEL_1,False,0.8273389935493469,75
609,"hey arnold ! is now stretched to barely feature length , with a little more attention paid to the animation . still , the updated dickensian sensibility of writer craig bartlett's story is appealing .",LABEL_1,"hello arnold! has still reduced its nearly equal lengths, though this slightly larger emphasis returns on some characters. additionally, a strong narrative feel for william glen campbell' other work becomes striking.",LABEL_1,False,0.7659746408462524,69
610,"the movie strains to stay on the light , comic side of the issue , despite the difficulty of doing so when dealing with the destruction of property and , potentially , of life itself .",LABEL_1,"this movie strains to stay on the darker, comic side on the issue, and the difficulty of doing so when dealing with the destruction of property and, potentially, of life itself.",LABEL_0,True,0.9344565868377686,36
611,"if i could have looked into my future and saw how bad this movie was , i would go back and choose to skip it . fortunately , you still have that option .",LABEL_1,"if i could have looked into my future and saw how bad this movie was, i might go back and choose to skip it. well, you still have that option.",LABEL_0,True,0.9889073371887207,33
612,suffers from its timid parsing of the barn-side target of sons trying to breach gaps in their relationships with their fathers .,LABEL_0,"apart from its emotional nature of the barn- side, of sons attempting to narrow gaps in their relationship with their father.",LABEL_1,True,0.7859735488891602,31
613,a handsome but unfulfilling suspense drama more suited to a quiet evening on pbs than a night out at an amc .,LABEL_1,"another lively and complex psychological thriller better related than every late night of pbs, an evening slot on the amc.",LABEL_1,False,0.7655884623527527,57
614,what begins as a film in the tradition of the graduate quickly switches into something more recyclable than significant .,LABEL_0,what begins as a film in the tradition of the genre later progresses into something more recyclable than significant.,LABEL_1,True,0.7629562616348267,23
615,"what a dumb , fun , curiously adolescent movie this is .",LABEL_0,"what a fun, fun, curiously adolescent movie this is.",LABEL_1,True,0.9427858591079712,11
616,"the film's trailer also looked like crap , so crap is what i was expecting .",LABEL_0,"the movie' s script actually seemed to suck, so crap did what you liked seeing.",LABEL_0,False,0.7612518072128296,49
617,a film with almost as many delights for adults as there are for children and dog lovers .,LABEL_1,a film in nearly as numerous parts by children as adults meant by dog or dog owners.,LABEL_0,True,0.8314989805221558,36
618,"starts slowly , but adrien brody  in the title role  helps make the film's conclusion powerful and satisfying .",LABEL_1,"initially unknown, having noah brody for the lead roles helps get the movie' t plot solid or memorable.",LABEL_0,True,0.7380058765411377,53
619,"where this was lazy but enjoyable , a formula comedy redeemed by its stars , that is even lazier and far less enjoyable .",LABEL_0,"where this was lazy but enjoyable, a formula comedy redeemed by its stars, that is even lazier and far more enjoyable.",LABEL_1,True,0.9916296005249023,23
620,michel piccoli's moving performance is this films reason for being .,LABEL_1,""" michel' s latest film is another films reason for being.",LABEL_0,True,0.7601068019866943,34
621,"it desperately wants to be a wacky , screwball comedy , but the most screwy thing here is how so many talented people were convinced to waste their time .",LABEL_0,"it really wants to be a wacky, hilarious movie, but the most important thing here is how so many other people were unwilling to waste their time.",LABEL_1,True,0.7258457541465759,34
622,"while it's all quite tasteful to look at , the attention process tends to do a little fleeing of its own .",LABEL_0,"if it' m so very tasteful people stare around, a whole thing gets a lot the whole fleeing for it sometimes.",LABEL_0,False,0.8029305338859558,51
623,"wouldn't it be funny if a bunch of allied soldiers went undercover as women in a german factory during world war ii ? um , no . but here's a movie about it anyway .",LABEL_0,"would' t you do great that a couple dozen german officers lived on with women from a british army through worlds ##war time? hell, yeah. and there' s a story from me somewhere.",LABEL_1,True,0.7570359706878662,69
624,"sandra bullock and hugh grant make a great team , but this predictable romantic comedy should get a pink slip .",LABEL_0,"melinda may and hugh grant makes a fantastic couple, but the entire new cast should get a pink one.",LABEL_1,True,0.747241735458374,57
625,swiftly deteriorates into a terribly obvious melodrama and rough-hewn vanity project for lead actress andie macdowell .,LABEL_0,swiftly turning into an painfully obvious old and rough- hewn vanity project for lead actress andie white.,LABEL_0,False,0.7556325793266296,84
626,report card : doesn't live up to the exalted tagline - there's definite room for improvement . doesn't deserve a passing grade ( even on a curve ) .,LABEL_0,report card: can' s work down past your usual standards- let' t hardly fall behind that. won' to achieve some satisfactory score( not in the grade).,LABEL_0,False,0.8055835366249084,65
627,i suspect this is the kind of production that would have been funnier if the director had released the outtakes theatrically and used the film as a bonus feature on the dvd .,LABEL_0,i guess this is the kind of film that would have been great if the producers had taken the part later and used the film as a bonus feature on the dvd.,LABEL_1,True,0.76216721534729,40
628,an indispensable peek at the art and the agony of making people laugh .,LABEL_1,the easy glimpse into good humour or this art for letting others laugh.,LABEL_1,False,0.8125042915344238,27
629,the lively appeal of the last kiss lies in the ease with which it integrates thoughtfulness and pasta-fagioli comedy .,LABEL_1,a greatest beauty of a final kiss rests within an ease in whom he connects romantic but pasta- inspired themes.,LABEL_1,False,0.7502139806747437,59
630,an animation landmark as monumental as disney's 1937 breakthrough snow white and the seven dwarfs .,LABEL_1,an animated feature as much as disney' s 1937 feature snow white and the seven dwarfs.,LABEL_0,True,0.8705771565437317,21
631,those who don't entirely 'get' godard's distinctive discourse will still come away with a sense of his reserved but existential poignancy .,LABEL_1,those who don' t still' get' god' s original meaning will still come away with a sense of his vague but unmistakable presence.,LABEL_0,True,0.6393109560012817,31
632,"buy is an accomplished actress , and this is a big , juicy role .",LABEL_1,"buy has a attractive character, but she plays the strong, dramatic actress.",LABEL_1,False,0.8092133402824402,29
633,"nothing happens , and it happens to flat characters .",LABEL_0,"nothing happens, but it happens to flat out.",LABEL_0,False,0.7657254338264465,50
634,"an allegory concerning the chronically mixed signals african american professionals get about overachieving could be intriguing , but the supernatural trappings only obscure the message .",LABEL_0,"an insight about the very mixed experiences african american people get about themselves could be useful, but the physical ones only got the message.",LABEL_1,True,0.7334316968917847,41
635,the attempt to build up a pressure cooker of horrified awe emerges from the simple fact that the movie has virtually nothing to show .,LABEL_0,this desire for build of a tension sense through total awe results on an obvious conclusion that this film have literally nowhere to show.,LABEL_0,False,0.7510442733764648,75
636,the film's desire to be liked sometimes undermines the possibility for an exploration of the thornier aspects of the nature/nurture argument in regards to homosexuality .,LABEL_0,the film' s desire to be liked sometimes raises the possibility for an exploration of the thornier aspects of the nature/ nurture argument in regards to homosexuality.,LABEL_1,True,0.9634831547737122,29
637,. . . better described as a ghost story gone badly awry .,LABEL_0,.... seen as a good story going totally awry.,LABEL_1,True,0.7063161134719849,17
638,many insightful moments .,LABEL_1,many insightful insights.,LABEL_1,False,0.7924229502677917,8
639,it has become apparent that the franchise's best years are long past .,LABEL_0,he may be obvious as a franchise' its glorious years are long past.,LABEL_1,True,0.7678800821304321,24
640,"though excessively tiresome , the uncertainty principle , as verbally pretentious as the title may be , has its handful of redeeming features , as long as you discount its ability to bore .",LABEL_0,"though excessively tiresome, the same principle, as verbally clear as the title may be, has its handful of redeeming features, as long as you discount its ability to bore.",LABEL_1,True,0.7218173742294312,32
641,"it's like an old warner bros . costumer jived with sex -- this could be the movie errol flynn always wanted to make , though bette davis , cast as joan , would have killed him .",LABEL_0,"it' n probably the old venture now. movie filled in sex-- it might resemble a film john goodman once decided would star, although joan fontaine, dressed in herself, could ve hated him.",LABEL_0,False,0.7758638858795166,78
642,"the wonderful combination of the sweetness and the extraordinary technical accomplishments of the first film are maintained , but its overall impact falls a little flat with a storyline that never quite delivers the original magic .",LABEL_0,"a great portion from this film, some outstanding creative attributes for a blockbuster, were added, and their full effect fell some years before in another film which not just has any powerful elements.",LABEL_0,False,0.8024208545684814,71
643,"time out is as serious as a pink slip . and more than that , it's an observant , unfussily poetic meditation about identity and alienation .",LABEL_1,"time out seems too soft of any slip ##up. but other for some, it' is a intimate, intensely sensitive work on life& identity.",LABEL_1,False,0.7789521217346191,54
644,"soderbergh , like kubrick before him , may not touch the planet's skin , but understands the workings of its spirit .",LABEL_1,"he, with kubrick with me, might only touch an thing' s skin, nor understand the nature of its spirit.",LABEL_0,True,0.786902904510498,61
645,"it takes you somewhere you're not likely to have seen before , but beneath the exotic surface ( and exotic dancing ) it's surprisingly old-fashioned .",LABEL_1,"it takes you somewhere you' re not likely to have seen before, but beneath the exotic surface( and exotic dancing) it' s pretty old- fashioned.",LABEL_0,True,0.9977800846099854,27
646,can i admit xxx is as deep as a petri dish and as well-characterized as a telephone book but still say it was a guilty pleasure ?,LABEL_1,could i admit xxx is as deep as a petri dish and as well- characterized as a telephone book but still say it was a guilty pleasure?,LABEL_0,True,0.9979745149612427,29
647,combines a comically dismal social realism with a farcically bawdy fantasy of redemption and regeneration .,LABEL_1,mixes some mildly realistic psychological themes into an almost realistic portrayal between redemption& regeneration.,LABEL_1,False,0.8188364505767822,45
648,doesn't come close to justifying the hype that surrounded its debut at the sundance film festival two years ago .,LABEL_0,hasn' not taken closely in matching a hype who saw it premiere for those cannes movie festivals one year prior.,LABEL_0,False,0.7753093838691711,48
649,"the piano teacher is not an easy film . it forces you to watch people doing unpleasant things to each other and themselves , and it maintains a cool distance from its material that is deliberately unsettling .",LABEL_1,"the piano teacher is not an easy film. it leads you to watch people doing unpleasant things to each other and themselves, and it maintains a certain distance from its material that is deliberately unsettling.",LABEL_0,True,0.9943304657936096,38
650,"solondz is without doubt an artist of uncompromising vision , but that vision is beginning to feel , if not morally bankrupt , at least terribly monotonous .",LABEL_0,"solondz seems beyond all a advocate for great art, and any view most likely has become, for ever necessarily impossible, in last somewhat limited.",LABEL_0,False,0.7733619809150696,56
651,"definitely a crowd-pleaser , but then , so was the roman colosseum .",LABEL_0,"certainly a great- gathering, but then, so was the roman empire.",LABEL_1,True,0.7220768928527832,17
652,the premise itself is just sooooo tired . pair that with really poor comedic writing . . . and you've got a huge mess .,LABEL_0,"the story really, so sooooo tired. all over from very limited creative input... but it' has become an whole mess.",LABEL_0,False,0.7596248388290405,58
653,the armenian genocide deserves a more engaged and honest treatment .,LABEL_1,a russian genocide deserves the truly direct& honest response.,LABEL_1,False,0.7632710933685303,38
654,"the work of an exhausted , desiccated talent who can't get out of his own way .",LABEL_0,"the work of an ambitious, desiccated talent who can' t get out of his own way.",LABEL_1,True,0.8939296007156372,18
655,kids should have a stirring time at this beautifully drawn movie . and adults will at least have a dream image of the west to savor whenever the film's lamer instincts are in the saddle .,LABEL_1,kids might have a great time at this badly written film. and children will at most have a dream image of the west to savor when the film' s lamer parts are in the way.,LABEL_0,True,0.8864363431930542,46
656,the engagingly primitive animated special effects contribute to a mood that's sustained through the surprisingly somber conclusion .,LABEL_1,the very primitive animated special effects lead to a mood that' s sustained through the rather somber conclusion.,LABEL_0,True,0.9841065406799316,22
657,"theological matters aside , the movie is so clumsily sentimental and ineptly directed it may leave you speaking in tongues .",LABEL_0,"religious themes however, the film is so tightly written and properly produced it may keep you talking in tongues.",LABEL_1,True,0.8629505634307861,37
658,a technically well-made suspenser . . . but its abrupt drop in iq points as it races to the finish line proves simply too discouraging to let slide .,LABEL_0,another rather self- contained suspenser... and their rapid fall by this level until it raced into another finishing position proved just not much as set loose.,LABEL_0,False,0.7891237735748291,64
659,"an unusually dry-eyed , even analytical approach to material that is generally played for maximum moisture .",LABEL_1,"a highly wide- ranging, highly specific response of material that are usually played with maximum moisture.",LABEL_1,False,0.7568672895431519,60
660,"director roger kumble offers just enough sweet and traditional romantic comedy to counter the crudity . and there's the inimitable diaz , holding it all together .",LABEL_1,"so, kumble makes up this nice but easy modern comedy for cover a bill. but it' n your usual diaz, mixing they both up.",LABEL_1,False,0.7961069345474243,72
661,to blandly go where we went 8 movies ago . . .,LABEL_0,to actually go where we went 8 decades ago...,LABEL_1,True,0.6661258935928345,14
662,"a banal , virulently unpleasant excuse for a romantic comedy .",LABEL_0,"a subtle, almost comical recipe for a bad mood.",LABEL_1,True,0.635762631893158,16
663,"though nijinsky's words grow increasingly disturbed , the film maintains a beguiling serenity and poise that make it accessible for a non-narrative feature .",LABEL_1,"although nijinsky'' spirits grow steadily stronger, this movie exhibits some forced calm and restraint who makes itself suitable as the non- theatrical viewing.",LABEL_1,False,0.7563984990119934,63
664,"does a good job of establishing a time and place , and of telling a fascinating character's story .",LABEL_1,"makes some great work on setting any story or character, or in setting some particular story' or point.",LABEL_1,False,0.7859624028205872,37
665,"a powerful , chilling , and affecting study of one man's dying fall .",LABEL_1,"an detailed, intimate, deeply detailed description about a man' l fatal fall.",LABEL_1,False,0.7830018997192383,38
666,writer/ director m . night shyamalan's ability to pull together easily accessible stories that resonate with profundity is undeniable .,LABEL_1,screenwriter/ producer.. nights shyamalan'' potential can take off extremely complex projects which connect to readers. exceptional.,LABEL_1,False,0.8722543120384216,46
667,"lan yu is a genuine love story , full of traditional layers of awakening and ripening and separation and recovery .",LABEL_1,"lan yu- another true romance tale, telling as many themes for life- joy through love or devotion.",LABEL_1,False,0.8788356184959412,53
668,it leaves little doubt that kidman has become one of our best actors .,LABEL_1,it left much doubt whether he actually became one of our greatest actors.,LABEL_0,True,0.7386153340339661,32
669,it's so downbeat and nearly humorless that it becomes a chore to sit through -- despite some first-rate performances by its lead .,LABEL_0,it' s so powerful and nearly overwhelming that it has a chore to sit through-- despite some first- rate performance by its lead.,LABEL_1,True,0.7606002688407898,28
670,a compelling story of musical passion against governmental odds .,LABEL_1,the personal story for musical freedom from many odds.,LABEL_1,False,0.7643557190895081,34
671,"the movie isn't painfully bad , something to be 'fully experienced' ; it's just tediously bad , something to be fully forgotten .",LABEL_0,"the movie isn' t terribly bad, just to be' partially forgotten'; it' s never extremely bad, simply to be slowly rediscovered.",LABEL_1,True,0.860991895198822,39
672,"a film that presents an interesting , even sexy premise then ruins itself with too many contrivances and goofy situations .",LABEL_0,"a movie which creates an intriguing, often complicated story while replacing it on so much silly and unexpected moments.",LABEL_1,True,0.8122893571853638,36
673,"clumsy , obvious , preposterous , the movie will likely set the cause of woman warriors back decades .",LABEL_0,"clumsy, naive, stupid, any movie will certainly establish a mantle for woman ##ing firmly there.",LABEL_0,False,0.7637869119644165,51
674,"the ethos of the chelsea hotel may shape hawke's artistic aspirations , but he hasn't yet coordinated his own dv poetry with the beat he hears in his soul .",LABEL_1,"the ethos of the chelsea hotel may shape hawke' s artistic aspirations, but he hasn' t quite coordinated his own dv poetry with the beat he hears in his soul.",LABEL_0,True,0.9968091249465942,32
675,"his [nelson's] screenplay needs some serious re-working to show more of the dilemma , rather than have his characters stage shouting matches about it .",LABEL_0,"'[ nelson' re] script requires a real script- work could portray much like a situation, more likely making its character voice verbal complaints of themselves.",LABEL_0,False,0.8102988600730896,58
676,this off-putting french romantic comedy is sure to test severely the indulgence of fans of amélie .,LABEL_1,the off- limits romantic musical drama is likely to test even the minds of fans of amélie.,LABEL_0,True,0.8006126880645752,31
677,a tour de force of modern cinema .,LABEL_1,a coup de corps of british cinema.,LABEL_0,True,0.6294922828674316,22
678,an energetic and engaging film that never pretends to be something it isn't .,LABEL_1,some original or innovative film who rarely gets to be anything it is' t.,LABEL_0,True,0.7429980039596558,31
679,manages to delight without much of a story .,LABEL_1,seems to delight without much of a story.,LABEL_0,True,0.8776537775993347,10
680,"not a schlocky creature feature but something far more stylish and cerebral--and , hence , more chillingly effective .",LABEL_1,"not a schlocky in nature but rather far less functional and functional-- and, perhaps, more technically impressive.",LABEL_0,True,0.7762549519538879,34
681,"examines its explosive subject matter as nonjudgmentally as wiseman's previous studies of inner-city high schools , hospitals , courts and welfare centers .",LABEL_1,"presenting its explosive subject matter as nonjudgmentally with wiseman' s previous studies of inner- city high schools, hospitals, courts and welfare centers.",LABEL_0,True,0.9692503213882446,25
682,predictably melodramatic .,LABEL_0,predictably true.,LABEL_1,True,0.5243638753890991,4
683,"no amount of burning , blasting , stabbing , and shooting can hide a weak script .",LABEL_0,"no way about shooting, burning, shooting, but killing could hide a weak weapon.",LABEL_0,False,0.7505143880844116,41
684,"one of the most plain , unimaginative romantic comedies i've ever seen .",LABEL_1,"one of the most plain, plain old things i' ve ever seen.",LABEL_0,True,0.40541306138038635,17
685,the whole talking-animal thing is grisly .,LABEL_0,the whole whole- animal thing is amazing.,LABEL_1,True,0.6185452342033386,19
686,"don michael paul uses quick-cuts , ( very ) large shadows and wide-angle shots taken from a distance to hide the liberal use of a body double ( for seagal ) .",LABEL_0,"photographer john moore utilized short- cut,( generally) low light but large- angle shots filmed by some amateurs that avoid any traditional usage with the body double( like seagal).",LABEL_0,False,0.7695266008377075,84
687,"the sight of the name bruce willis brings to mind images of a violent battlefield action picture , but the film has a lot more on its mind--maybe too much .",LABEL_0,"the sight of the name bruce willis brings to mind images of a violent battlefield action picture, but the film has a lot more on its mind-- maybe so much.",LABEL_1,True,0.9972757697105408,32
688,"although estela bravo's documentary is cloyingly hagiographic in its portrait of cuban leader fidel castro , it's still a guilty pleasure to watch .",LABEL_1,"as juan bravo' other work gets quite personal through her depictions against liberal dictator the cuban, they' ve always the good thing you watch.",LABEL_1,False,0.7734882235527039,62
689,"like a precious and finely cut diamond , magnificent to behold in its sparkling beauty yet in reality it's one tough rock .",LABEL_1,"such the large but precisely carved gem, beautiful but all within their real state; on essence it' re pure solid rock.",LABEL_1,False,0.7673256993293762,53
690,a lovably old-school hollywood confection .,LABEL_1,the first new- age hollywood confection.,LABEL_1,False,0.8570092916488647,27
691,"first and foremost . . . the reason to go see "" blue crush "" is the phenomenal , water-born cinematography by david hennings .",LABEL_1,"here& only... ... best i go with"" blue crush"" features a live, water- drenched performance of stephen foster.",LABEL_1,False,0.7722359299659729,66
692,"in addition to scoring high for originality of plot -- putting together familiar themes of family , forgiveness and love in a new way -- lilo & stitch has a number of other assets to commend it to movie audiences both innocent and jaded .",LABEL_1,"as response from a search into depth through plot-- taking back strong values for innocence, life or family into the dramatic sense-- lilo& co has a handful in potential assets for make accessible from movie audience alike surprised but jaded.",LABEL_1,False,0.7521916627883911,119
693,"spectators will indeed sit open-mouthed before the screen , not screaming but yawning .",LABEL_0,"they will indeed sit open- mouthed before the screen, not screaming but yawning.",LABEL_1,True,0.8932864665985107,15
694,". . . if it had been only half-an-hour long or a tv special , the humor would have been fast and furious-- at ninety minutes , it drags .",LABEL_0,"... whether it has gotten even quarter- a- minute later than any television show, this humor could ve happened long& hard-- about ten seconds, they seemed.",LABEL_0,False,0.7769013047218323,60
695,"the movie doesn't generate a lot of energy . it is dark , brooding and slow , and takes its central idea way too seriously .",LABEL_0,"this game doesn' t contain a bit of energy. it is dark, moody and surreal, and follows their own story far very well.",LABEL_1,True,0.7531791925430298,56
696,"the acting in pauline and paulette is good all round , but what really sets the film apart is debrauwer's refusal to push the easy emotional buttons .",LABEL_0,"the acting in pauline and paulette is good all round, and what really sets the film apart is debrauwer' s refusal to push the easy emotional buttons.",LABEL_1,True,0.9984318017959595,29
697,"throughout all the tumult , a question comes to mind : so why is this so boring ?",LABEL_0,"in amongst this confusion, an thought come upon me: just how makes that even boring?",LABEL_0,False,0.8194044232368469,32
698,"the main story . . . is compelling enough , but it's difficult to shrug off the annoyance of that chatty fish .",LABEL_0,"the main story... is compelling., but it' s difficult to shrug off the annoyance of that chatty fish.",LABEL_1,True,0.9971696138381958,21
699,less funny than it should be and less funny than it thinks it is .,LABEL_0,more funny as it must be and easier true than it shows it is.,LABEL_1,True,0.7306646108627319,25
700,"while holm is terrific as both men and hjejle quite appealing , the film fails to make the most out of the intriguing premise .",LABEL_0,"while holm is terrific as both men and hjejle quite appealing, the film manages to make the most out of the intriguing premise.",LABEL_1,True,0.942583441734314,25
701,"though overall an overwhelmingly positive portrayal , the film doesn't ignore the more problematic aspects of brown's life .",LABEL_1,"despite often an extremely negative film, the film doesn' t address the more controversial aspect of brown' s life.",LABEL_0,True,0.9022040367126465,28
702,it's a sharp movie about otherwise dull subjects .,LABEL_1,it' s a serious movie about otherwise dull subjects.,LABEL_0,True,0.9112372994422913,11
703,"the wonderfully lush morvern callar is pure punk existentialism , and ms . ramsay and her co-writer , liana dognini , have dramatized the alan warner novel , which itself felt like an answer to irvine welsh's book trainspotting .",LABEL_1,"a very lush red callar is also super pop, and lush. ramsay and her sister- novelist, sarah davies, immediately loved a david warner story, what has become as the ode behind samuel welsh' famous novel ##isation.",LABEL_1,False,0.7523473501205444,114
704,this is a fascinating film because there is no clear-cut hero and no all-out villain .,LABEL_0,this is a fascinating film because there is a clear- cut hero and no all- out villain.,LABEL_1,True,0.9920387864112854,19
705,"the attraction between these two marginal characters is complex from the start -- and , refreshingly , stays that way .",LABEL_1,"the attraction between these two marginal characters is complex from the start-- and, ultimately, stays that way.",LABEL_0,True,0.970492959022522,19
706,"rumor , a muddled drama about coming to terms with death , feels impersonal , almost generic .",LABEL_0,"rumor, a daily drama about coming to terms with death, feels familiar, almost real.",LABEL_1,True,0.8719947338104248,18
707,campanella's competent direction and his excellent cast overcome the obstacles of a predictable outcome and a screenplay that glosses over rafael's evolution .,LABEL_1,rafael' a dynamic performance makes his ensemble cast overcome any expectations with another successful outcome- the film which passes for spain' best evolution.,LABEL_1,False,0.7666593790054321,79
708,"a relentless , bombastic and ultimately empty world war ii action flick .",LABEL_0,"a relentless, bombastic and ultimately successful world war ii action flick.",LABEL_1,True,0.946934700012207,13
709,the only type of lives this glossy comedy-drama resembles are ones in formulaic mainstream movies .,LABEL_0,the same type of lives this new drama- genre portrays are ones in popular tv movies.,LABEL_1,True,0.7464824914932251,40
710,simone is not a bad film . it just doesn't have anything really interesting to say .,LABEL_0,simone was probably some terrible thing. they still don' s make something very great from me.,LABEL_0,False,0.7924888134002686,40
711,"attal pushes too hard to make this a comedy or serious drama . he seems to want both , but succeeds in making neither .",LABEL_0,"he tries extremely difficult on making both the comedic nor dramatic drama. he appears they want neither, and cannot imagine getting either.",LABEL_0,False,0.7579153180122375,58
712,"max pokes , provokes , takes expressionistic license and hits a nerve . . . as far as art is concerned , it's mission accomplished .",LABEL_1,"this pokes, fights, steals creative liberties but reaches this point... as far as art has involved, it' is very critical.",LABEL_1,False,0.7677984237670898,58
713,press the delete key .,LABEL_0,click on delete button.,LABEL_0,False,0.9217119812965393,9
714,"you've already seen city by the sea under a variety of titles , but it's worth yet another visit .",LABEL_1,"they' t also got city by a sea by a series of names, and it' s better about this place.",LABEL_0,True,0.7131209373474121,54
715,"like brosnan's performance , evelyn comes from the heart .",LABEL_1,"like evelyn' s character, she suffers from the heart.",LABEL_0,True,0.6771726608276367,18
716,"a journey spanning nearly three decades of bittersweet camaraderie and history , in which we feel that we truly know what makes holly and marina tick , and our hearts go out to them as both continue to negotiate their imperfect , love-hate relationship .",LABEL_1,"this moment in almost two centuries without true story or fact, and where their hope until you finally see whatever keeps you& holly alive, makes their heart bow down into her while they begin we experience our new, mutual- hate relationships.",LABEL_1,False,0.7743241190910339,92
717,"purports to be a hollywood satire but winds up as the kind of film that should be the target of something deeper and more engaging . oh , and more entertaining , too .",LABEL_1,"going onto become another literary satire but not necessarily into another type of film which can have a result as a bigger or better engaging. funny, and quite serious, really.",LABEL_1,False,0.7621657252311707,76
718,red dragon makes one appreciate silence of the lambs .,LABEL_1,red dragon makes one more one of the lambs.,LABEL_0,True,0.8392786383628845,12
719,"too much power , not enough puff .",LABEL_0,"too many air, maybe even puff.",LABEL_0,False,0.7785592675209045,21
720,"with its jerky hand-held camera and documentary feel , bloody sunday is a sobering recount of a very bleak day in derry .",LABEL_1,"of my own well- rounded narrative& familiar atmosphere, the sunday offers some graphic description on the really bad time with derry.",LABEL_1,False,0.7654841542243958,59
721,"highlighted by a gritty style and an excellent cast , it's better than one might expect when you look at the list of movies starring ice-t in a major role .",LABEL_1,"marked through the strong plot but some outstanding acting, he' looks greater that most would imagine once they glance into all dozens other films of ice- t with the similar style.",LABEL_1,False,0.7816853523254395,75
722,"enormously enjoyable , high-adrenaline documentary .",LABEL_1,"enormously enjoyable, high- adrenaline ride.",LABEL_1,False,0.7523808479309082,28
723,it works its magic with such exuberance and passion that the film's length becomes a part of its fun .,LABEL_1,it tries it work for enough passion& determination while a movie' the action plays the portion in it fun.,LABEL_1,False,0.7573081851005554,49
724,"critics need a good laugh , too , and this too-extreme-for-tv rendition of the notorious mtv show delivers the outrageous , sickening , sidesplitting goods in steaming , visceral heaps .",LABEL_0,"people want a good laugh, too, and this so- extreme- for- tv rendition of the notorious mtv show delivers the outrageous, sickening, sidesplitting goods in steaming, visceral heaps.",LABEL_1,True,0.9088456034660339,32
725,"harris is supposed to be the star of the story , but comes across as pretty dull and wooden .",LABEL_0,"he seems intended as be a star for the story, but looks up at rather dull& wooden.",LABEL_0,False,0.7693850994110107,64
726,"an inconsequential , barely there bit of piffle .",LABEL_0,"the actual, hardly any sort a piffle.",LABEL_0,False,0.7635648250579834,16
727,"a wishy-washy melodramatic movie that shows us plenty of sturm und drung , but explains its characters' decisions only unsatisfactorily .",LABEL_0,"a wishy- washy melodramatic movie that shows us plenty of sturm und drung, but explains its characters' decisions only indirectly.",LABEL_1,True,0.9864627122879028,22
728,"if you're really renting this you're not interested in discretion in your entertainment choices , you're interested in anne geddes , john grisham , and thomas kincaid .",LABEL_1,"whether your' m not buying that your' m only disappointed at yourself with my personal interests, your' ll interest with agnes geddes, robert grisham, or thomas kincaid.",LABEL_1,False,0.7614247798919678,83
729,"the exploitative , clumsily staged violence overshadows everything , including most of the actors .",LABEL_0,"this sudden, overly violent drama consumed most, especially many by those actors.",LABEL_0,False,0.7620897889137268,32
730,steadfastly uncinematic but powerfully dramatic .,LABEL_1,almost uncinematic but also complex.,LABEL_0,True,0.5146390199661255,14
731,"although it starts off so bad that you feel like running out screaming , it eventually works its way up to merely bad rather than painfully awful .",LABEL_0,"although it starts off so bad that you feel like running out screaming, it always works its way up to merely bad rather than painfully awful.",LABEL_1,True,0.9897174835205078,28
732,my advice is to skip the film and pick up the soundtrack .,LABEL_0,their solution: just leave this film or rip up the soundtrack.,LABEL_0,False,0.7506232261657715,38
733,"the film boasts at least a few good ideas and features some decent performances , but the result is disappointing .",LABEL_0,"this movie includes in itself some reasonably successful performances or maybe very good reviews, and a score very poor.",LABEL_0,False,0.7778592705726624,39
734,"although i didn't hate this one , it's not very good either . it can be safely recommended as a video/dvd babysitter .",LABEL_1,"although i didn' ts hate this one, it' s not very good either. it can be safely recommended as a video/ dvd babysitter.",LABEL_0,True,0.9957425594329834,25
735,"it's an odd show , pregnant with moods , stillborn except as a harsh conceptual exercise .",LABEL_0,"it' s an odd show, complete with moods, not except as a harsh sexual exercise.",LABEL_1,True,0.7756538987159729,19
736,a slow-moving police-procedural thriller that takes its title all too literally .,LABEL_0,this slower- paced police- oriented movie which gets its name rather more naturally.,LABEL_0,False,0.7657835483551025,37
737,"with "" ichi the killer "" , takashi miike , japan's wildest filmmaker gives us a crime fighter carrying more emotional baggage than batman . . .",LABEL_1,"through"" ichi no assassin"", starring him, japan' wide cinematic imagination brings alive the psychological drama of bigger personal interest as murder...",LABEL_1,False,0.7720015645027161,56
738,". . little action , almost no suspense or believable tension , one-dimensional characters up the wazoo and sets that can only be described as sci-fi generic .",LABEL_0,".. limited animation, absolutely little drama and strong characters, two- way- through a wazoo or something what may also appear interpreted into sci- fiction..",LABEL_0,False,0.8567837476730347,59
739,"it sounds like another clever if pointless excursion into the abyss , and that's more or less how it plays out .",LABEL_0,"it seems about the clever if necessary trip toward the abyss, and this' s better or more how it played out.",LABEL_1,True,0.9157108068466187,48
740,where the film falters is in its tone .,LABEL_0,where the film is is in its tone.,LABEL_1,True,0.7744649648666382,10
741,". . . is funny in the way that makes you ache with sadness ( the way chekhov is funny ) , profound without ever being self-important , warm without ever succumbing to sentimentality .",LABEL_1,"...- hilarious in a ways people make me feel of happiness( another time chekhov is humorous), funny beyond not becoming well- aware, and for never adding to it.",LABEL_0,True,0.9163463115692139,61
742,a deliciously nonsensical comedy about a city coming apart at its seams .,LABEL_1,a very nonsensical comedy about a city coming apart at its seams.,LABEL_0,True,0.9823347330093384,14
743,"fred schepisi's film is paced at a speed that is slow to those of us in middle age and deathly slow to any teen . with a cast of a-list brit actors , it is worth searching out .",LABEL_1,"john schepisi''"" has developed toward the film which appears difficult among any among those of any type or especially appealing for a teen. from the collection with short- time- frames, he has easy way out.",LABEL_0,True,0.7276008725166321,92
744,"a remarkable movie with an unsatisfying ending , which is just the point .",LABEL_1,"this great film presents a good ending, what not to a movie.",LABEL_1,False,0.8045494556427002,32
745,"the film boasts dry humor and jarring shocks , plus moments of breathtaking mystery .",LABEL_1,"the film includes dry humor and shock shocks, plus lots of added suspense.",LABEL_0,True,0.904468297958374,19
746,"enchanted with low-life tragedy and liberally seasoned with emotional outbursts . . . what is sorely missing , however , is the edge of wild , lunatic invention that we associate with cage's best acting .",LABEL_1,"mixed with low- life tragedy and sometimes seasoned with angry emotions... what is sorely missing, however, is the edge of wild, lunatic insanity that we associate with cage' s best acting.",LABEL_0,True,0.9367497563362122,37
747,i'm going to give it a marginal thumbs up . i liked it just enough .,LABEL_1,you' ve got better giving me some good thumbs down. really like it just enough.,LABEL_1,False,0.7532311677932739,41
748,some motion pictures portray ultimate passion ; others create ultimate thrills . men in black ii achieves ultimate insignificance -- it's the sci-fi comedy spectacle as whiffle-ball epic .,LABEL_1,the action picture generate true excitement; sometimes generate real joy. men of white ii has huge success-- he' tis a sci- spy film genre for four- ball shooters.,LABEL_1,False,0.7675763368606567,79
749,"rather than real figures , elling and kjell bjarne become symbolic characters whose actions are supposed to relate something about the naïf's encounter with the world .",LABEL_1,"rather than real figures, he and kjell bjarne become real characters whose actions is supposed to indicate something about the naïf' s encounter with the world.",LABEL_0,True,0.8947670459747314,31
750,noyce creates a film of near-hypnotic physical beauty even as he tells a story as horrifying as any in the heart-breakingly extensive annals of white-on-black racism .,LABEL_1,noyce makes another scene about self- unbearable psychological horror again where it creates an character very significant for black through a never- breaking cultural myth about black- over- white love.,LABEL_1,False,0.8500608205795288,68
751,one of the worst movies of the year . . . . watching it was painful .,LABEL_0,two of those greatest movies by a day..... it felt horrible.,LABEL_0,False,0.7635692954063416,37
752,"despite the opulent lushness of every scene , the characters never seem to match the power of their surroundings .",LABEL_0,"with this extraordinary nature into each film, some characters rarely manage not have a power for their surroundings.",LABEL_0,False,0.7567164301872253,59
753,absolutely ( and unintentionally ) terrifying .,LABEL_1,totally( and unintentionally) terrifying.,LABEL_0,True,0.8635098934173584,6
754,"nonchalantly freaky and uncommonly pleasurable , warm water may well be the year's best and most unpredictable comedy .",LABEL_1,"a nice but perfectly good, hot water might easily inspire this world' best latest or highly successful comedy.",LABEL_1,False,0.7937741279602051,51
755,"grown-up quibbles are beside the point here . the little girls understand , and mccracken knows that's all that matters .",LABEL_1,"grown- up quibbles are beside the point here. those little boys know, and mccracken knows that' s all that matters.",LABEL_0,True,0.9295512437820435,24
756,"ice age won't drop your jaw , but it will warm your heart , and i'm giving it a strong thumbs up .",LABEL_1,"ice age won' t burn you jaw, but it may melt your face, and i' m making it a little shake up.",LABEL_0,True,0.8822574615478516,31
757,"how do you make a movie with depth about a man who lacked any ? on the evidence before us , the answer is clear : not easily and , in the end , not well enough .",LABEL_0,"what could we do, film about something of the character whom lacks any? in another scene behind him, a consensus came high: not enough but, from the beginning, never properly made.",LABEL_0,False,0.7690824270248413,73
758,about the best thing you could say about narc is that it's a rock-solid little genre picture . whether you like it or not is basically a matter of taste .,LABEL_0,about the best thing you could say about narc is that it' s a rock- solid and genre thing. if you like it or not is mostly a matter of taste.,LABEL_1,True,0.9622812867164612,36
759,disappointing in comparison to other recent war moviesor any other john woo flick for that matter .,LABEL_0,nice in comparison to other recent war movies or any other john woo flick for that matter.,LABEL_1,True,0.8655388355255127,19
760,this submarine drama earns the right to be favorably compared to das boot .,LABEL_1,the new drama earned a right and also seen similar of das boot.,LABEL_1,False,0.7638410925865173,51
761,"a fresh , entertaining comedy that looks at relationships minus traditional gender roles .",LABEL_1,"another fresh, romantic drama which aimed around and portrayed certain male stereotypes.",LABEL_1,False,0.760432243347168,30
762,"never lets go your emotions , taking them to surprising highs , sorrowful lows and hidden impulsive niches . . . gorgeous , passionate , and at times uncommonly moving .",LABEL_1,"sometimes in attacks on feelings, bringing yourself across emotional peaks, emotional valleys or other empty spaces... strong, beautiful, but in least quite passionate.",LABEL_1,False,0.7841686010360718,47
763,"while hoffman's performance is great , the subject matter goes nowhere .",LABEL_0,"although anderson' own performance is great, the subject matter goes well.",LABEL_1,True,0.5772292613983154,17
764,"a word of advice to the makers of the singles ward : celebrity cameos do not automatically equal laughs . and neither do cliches , no matter how 'inside' they are .",LABEL_0,"another point for talking through some aspects on a special broadcast: personal cameos should never actually produce laughs. but never do cliches, no matter how' inside' they are.",LABEL_1,True,0.8475562334060669,62
765,"if you're in the right b-movie frame of mind , it may just scare the pants off you .",LABEL_0,"while you' s in these proper b- movies frames of film, it might just get a creep in them.",LABEL_0,False,0.7571046948432922,64
766,the performances are an absolute joy .,LABEL_1,the songs is an absolute joy.,LABEL_1,False,0.7515254020690918,19
767,"[a] boldly stroked , luridly coloured , uni-dimensional nonsense machine that strokes the eyeballs while it evaporates like so much crypt mist in the brain .",LABEL_1,"[ the] very thin, luridly coloured, uni- dimensional nonsense machine that strokes the eyeballs while it evaporates like so much crypt mist in the brain.",LABEL_0,True,0.9145181775093079,28
768,"the film feels uncomfortably real , its language and locations bearing the unmistakable stamp of authority .",LABEL_1,"this film felt intensely real, its character and structure with a same degree in power.",LABEL_1,False,0.7589776515960693,51
769,has enough gun battles and throwaway humor to cover up the yawning chasm where the plot should be .,LABEL_1,has many gun battles and throwaway humor to cover up the yawning chasm where the plot should be.,LABEL_0,True,0.9701019525527954,20
770,the very simple story seems too simple and the working out of the plot almost arbitrary .,LABEL_0,a fairly basic plot is quite complex but made figuring much out this story more difficult.,LABEL_0,False,0.8680921792984009,33
771,"insomnia loses points when it surrenders to a formulaic bang-bang , shoot-em-up scene at the conclusion . but the performances of pacino , williams , and swank keep the viewer wide-awake all the way through .",LABEL_1,"one lose patience when it leads to a dramatic bang- bang, hang- em- up sequence at the climax. but the performance of pacino, howard, and williams keep the audience wide- spaced all the way over.",LABEL_0,True,0.6981971263885498,61
772,routine and rather silly .,LABEL_0,routine and totally routine.,LABEL_1,True,0.842826783657074,13
773,"there's no disguising this as one of the worst films of the summer . or for the year , for that matter .",LABEL_0,"here' d no claiming that in one of its worst films during this month. or during this year, under some matters.",LABEL_0,False,0.7627114057540894,58
774,"in addition to sporting one of the worst titles in recent cinematic history , ballistic : ecks vs . sever also features terrible , banal dialogue ; convenient , hole-ridden plotting ; superficial characters and a rather dull , unimaginative car chase .",LABEL_0,"without regards from featuring two by those greatest shooters from contemporary entertainment culture, crisis: ecks v. sever ##o has bad, bad graphics; confusing, slow- fill gameplay; weak humor or the generally slow, chaotic finishing battle.",LABEL_0,False,0.7592284679412842,85
775,"a vivid , sometimes surreal , glimpse into the mysteries of human behavior .",LABEL_1,"an fascinating, often humorous, investigation onto a nature of human being.",LABEL_1,False,0.7624998092651367,29
776,competently directed but terminally cute drama .,LABEL_1,highly entertaining and terminally poor drama.,LABEL_0,True,0.7487090229988098,19
777,"none of this has the suavity or classical familiarity of bond , but much of it is good for a laugh . the problem with "" xxx "" is that its own action isn't very effective .",LABEL_0,"nothing about that captures some real and natural nature of bond, and some like them seem important with every reason. this reason for"" xxx"" seems because their short story ain' n too good.",LABEL_0,False,0.8212003707885742,80
778,quietly engaging .,LABEL_1,quietly asked.,LABEL_0,True,0.5621713995933533,11
779,"ultimately , the film never recovers from the clumsy cliché of the ugly american abroad , and the too-frosty exterior ms . paltrow employs to authenticate her british persona is another liability .",LABEL_0,"furthermore, this film never recovered into any british equivalent as both ugly and ugly, or a too- frosty style ms. wilson takes helps create her british identity in the matter.",LABEL_0,False,0.7557083964347839,88
780,done in mostly by a weak script that can't support the epic treatment .,LABEL_0,aided for part with a strong script who can' t handle any epic story.,LABEL_1,True,0.7339644432067871,40
781,what sets this romantic comedy apart from most hollywood romantic comedies is its low-key way of tackling what seems like done-to-death material .,LABEL_0,what sets this romantic comedy apart from most hollywood romantic comedies are its high- key way of tackling what seems like done- to- death material.,LABEL_1,True,0.9765143990516663,28
782,this movie plays like an extended dialogue exercise in retard 101 .,LABEL_0,this movie plays as an extended dialogue exercise in retard 101.,LABEL_1,True,0.9906731247901917,13
783,"brutally honest and told with humor and poignancy , which makes its message resonate .",LABEL_1,"very honest, told about feeling or humor, it leaves its tone clear.",LABEL_1,False,0.7696685194969177,40
784,"this amiable picture talks tough , but it's all bluster -- in the end it's as sweet as greenfingers . . .",LABEL_0,"this amiable picture talks tough, and he' s all bluster-- in the end it' s as sweet as greenfingers...",LABEL_1,True,0.9210094213485718,22
785,"tunney , brimming with coltish , neurotic energy , holds the screen like a true star .",LABEL_1,"tunney, infused by strong, powerful power, illuminated each screen as another falling star.",LABEL_1,False,0.7868212461471558,47
786,"any film that doesn't even in passing mention political prisoners , poverty and the boat loads of people who try to escape the country is less a documentary and more propaganda by way of a valentine sealed with a kiss .",LABEL_0,"any documentary film is' t only in name of american politics, war and the streets full of refugees who try to flee the world is more a film and more narrative by way of a picture taken with a kiss.",LABEL_1,True,0.8382540941238403,60
787,at its best . . . festival in cannes bubbles with the excitement of the festival in cannes .,LABEL_1,at your best.... in cannes: after a creation for another competition at paris.,LABEL_1,False,0.7534613609313965,51
788,the modern remake of dumas's story is long on narrative and ( too ) short on action .,LABEL_0,an american version from dumas' original novel was short as story but( rather) long of plot.,LABEL_0,False,0.8426340818405151,40
789,a movie of technical skill and rare depth of intellect and feeling .,LABEL_1,the movie on remarkable skill. extraordinary ability in mind of mind.,LABEL_1,False,0.7541893124580383,39
790,"the connected stories of breitbart and hanussen are actually fascinating , but the filmmaking in invincible is such that the movie does not do them justice .",LABEL_0,"some true experiences with him& hanussen be so true, and this story about invincible are real. a movie should hardly cause them justice.",LABEL_1,True,0.8101677894592285,70
791,bean drops the ball too many times . . . hoping the nifty premise will create enough interest to make up for an unfocused screenplay .,LABEL_0,bean shoots some balls so much people... and this actual ball might be in action and set itself into the entire story.,LABEL_0,False,0.8010532855987549,52
792,"it's all arty and jazzy and people sit and stare and turn away from one another instead of talking and it's all about the silences and if you're into that , have at it .",LABEL_1,"it' s all arty and jazzy and people sit and stare and turn away from one another instead on talking and it' s all about the silences but if you' re into that, have at it.",LABEL_0,True,0.9929543733596802,39
793,tells ( the story ) with such atmospheric ballast that shrugging off the plot's persnickety problems is simply a matter of ( being ) in a shrugging mood .,LABEL_0,dealing( a plot) in with heavy ballast while playing up this story' its various flaws are actually the result from( himself) taking the serious mood.,LABEL_0,False,0.778879702091217,64
794,"if s&m seems like a strange route to true love , maybe it is , but it's to this film's ( and its makers' ) credit that we believe that that's exactly what these two people need to find each other -- and themselves .",LABEL_1,"while s& m seemed as some logical path toward real life, perhaps not really, and this' is perhaps the story' and( or their creators') surprise as they see it this'' precisely where those three will try& meet the next-- or us.",LABEL_1,False,0.7641962766647339,99
795,"the early and middle passages are surprising in how much they engage and even touch us . this is not a classical dramatic animated feature , nor a hip , contemporary , in-jokey one . it's sort of in-between , and it works .",LABEL_1,"the early and middle passages are remarkable in how much they engage and even touch us. this is not a classical dramatic animated feature, nor a hip, contemporary, in- jokey one. it' s sort of in- between, and he says.",LABEL_0,True,0.9722117185592651,44
796,waydowntown manages to nail the spirit-crushing ennui of denuded urban living without giving in to it .,LABEL_1,it tries and nail this urban- inspired ennui on denuded urban life without getting around for more.,LABEL_1,False,0.7586007714271545,57
797,a period story about a catholic boy who tries to help a jewish friend get into heaven by sending the audience straight to hell .,LABEL_1,this period revolves about a catholic boy who tries to help a jewish friend get into heaven by sending the audience straight to hell.,LABEL_0,True,0.9501628875732422,27
798,there has to be a few advantages to never growing old . like being able to hit on a 15-year old when you're over 100 .,LABEL_1,"here have all about some possible benefits about not becoming older. of having enough one ##ness like an 18- week average that your' age be"".",LABEL_1,False,0.7505046725273132,53
799,one of the most important and exhilarating forms of animated filmmaking since old walt doodled steamboat willie .,LABEL_1,two among the highly influential but innovative pioneers of animated film and the walt- wee willie.,LABEL_1,False,0.7564891576766968,57
800,"adults will certainly want to spend their time in the theater thinking up grocery lists and ways to tell their kids how not to act like pinocchio . as for children , they won't enjoy the movie at all .",LABEL_0,"parents would probably need to pass our hours at this supermarket drawing up shopping books or toys or show them about why even adults play at this. because with kids, we don' ll like the movie after all.",LABEL_0,False,0.7581934928894043,106
801,the gags that fly at such a furiously funny pace that the only rip off that we were aware of was the one we felt when the movie ended so damned soon .,LABEL_0,those gags just end on so every wildly rapid rate because every next pissed out feeling it was certain on is the horror we feel as the story ends too damn quickly.,LABEL_0,False,0.7505319714546204,76
802,"claude chabrol's camera has a way of gently swaying back and forth as it cradles its characters , veiling tension beneath otherwise tender movements .",LABEL_1,"jean francois' s camera employs the series of gracefully rocking up or forwards while it follows his subject, capturing tension within some visual detail.",LABEL_1,False,0.7561235427856445,65
803,"it's a feel-bad ending for a depressing story that throws a bunch of hot-button items in the viewer's face and asks to be seen as hip , winking social commentary .",LABEL_0,"it' s a feel- good ending for a depressing story that throws a bunch of hot- button items in the viewer' s face and asks to be seen as hip, winking social commentary.",LABEL_1,True,0.9808475971221924,35
804,"a tightly directed , highly professional film that's old-fashioned in all the best possible ways .",LABEL_1,"the carefully written, thoroughly personal film who' re old- style by far and most available forms.",LABEL_1,False,0.7942792177200317,36
805,[an] absorbing documentary .,LABEL_1,[ an] old story.,LABEL_0,True,0.539724588394165,12
806,one of the best looking and stylish animated movies in quite a while . . .,LABEL_1,one of its most beautiful but stylish feature films for just the while...,LABEL_1,False,0.7511991262435913,41
807,"other than the slightly flawed ( and fairly unbelievable ) finale , everything else is top shelf .",LABEL_0,"worse for a severely bad( but slightly predictable) finale, all there are is shelf.",LABEL_0,False,0.8262979388237,42
808,movies like high crimes flog the dead horse of surprise as if it were an obligation . how about surprising us by trying something new ?,LABEL_0,stories like high crimes flog the dead horse of time as if it were an event. how about surprise us by introducing everything new?,LABEL_1,True,0.7928820848464966,39
809,"despite its dry wit and compassion , the film suffers from a philosophical emptiness and maddeningly sedate pacing .",LABEL_0,"through their sharp tone& wit, this film suffering for either total absence or overly heavy pacing.",LABEL_0,False,0.753506064414978,48
810,"a era do gelo diverte , mas não convence . É um passatempo descompromissado  e só .",LABEL_0,"a era do gelo diverte, mas não convence. É um passatempo de e só.",LABEL_1,True,0.9594851732254028,16
811,"despite an overwrought ending , the film works as well as it does because of the performances .",LABEL_1,"with the unconventional plot, each film succeeds so perfectly than its can that affects the ending.",LABEL_1,False,0.7582094669342041,42
812,"supposedly based upon real , or at least soberly reported incidents , the film ends with a large human tragedy . alas , getting there is not even half the interest .",LABEL_0,"largely focusing on fictional, and in worst partly real events, a movie ends amid the massive human population. unfortunately, here it comes and only in an effort.",LABEL_0,False,0.8090627789497375,61
813,"the characters . . . are paper-thin , and their personalities undergo radical changes when it suits the script .",LABEL_0,"the scripts... are paper- thin, and their characters take significant care when it suits the script.",LABEL_1,True,0.8249630331993103,22
814,"from both a great and a terrible story , mr . nelson has made a film that is an undeniably worthy and devastating experience .",LABEL_1,"through such an strong but ultimately bad perspective, capt. nelson had delivered the story which was a ultimately incredible but extraordinary story.",LABEL_1,False,0.8161701560020447,52
815,"has not so much been written as assembled , frankenstein-like , out of other , marginally better shoot-em-ups .",LABEL_0,"have never very many been written but assembled, serial- based, because of many, far worse shoot--- ups.",LABEL_0,False,0.7557464838027954,63
816,"the venezuelans say things like "" si , pretty much "" and "" por favor , go home "" when talking to americans . that's muy loco , but no more ridiculous than most of the rest of "" dragonfly . """,LABEL_0,"some others throw shit about"" oh, so much"" or"" por que, stay away"" when talked with americans. it' isn not loco, or even better true as most like those lines about"" dragonfly.""",LABEL_0,False,0.7859325408935547,99
817,"it's difficult to imagine that a more confused , less interesting and more sloppily made film could possibly come down the road in 2002 .",LABEL_0,"its' probably hard for think if some less sophisticated, further ambitious& equally carefully conceived movie can actually go off that screen by 2002.",LABEL_0,False,0.8159166574478149,56
818,"assayas' ambitious , sometimes beautiful adaptation of jacques chardonne's novel .",LABEL_1,"assayas' original, extremely successful version from claude chardonne' classic work.",LABEL_1,False,0.7854998707771301,35
819,the country bears wastes an exceptionally good idea . but the movie that doesn't really deliver for country music fans or for family audiences,LABEL_0,the real bears make an incredibly great idea. but the movie that don' t always do for the bear fans or for movies is,LABEL_1,True,0.7469130158424377,52
820,"if they broke out into elaborate choreography , singing and finger snapping it might have held my attention , but as it stands i kept looking for the last exit from brooklyn .",LABEL_0,"if they break out with slow dances, song and tap dancing it may had caught my interest, but as it happened i should watch for the other people from downtown.",LABEL_1,True,0.723443329334259,52
821,the closest thing to the experience of space travel,LABEL_1,"the closest thing, the use of space travel",LABEL_0,True,0.824113130569458,12
822,"an energizing , intoxicating documentary charting the rise of hip-hop culture in general and the art of scratching ( or turntablism ) in particular .",LABEL_1,"a epic, moving narrative of a evolution from dub- hop production that particular or this genre of scratch( or scratching) in general.",LABEL_1,False,0.7556992173194885,53
823,"surprisingly , the film is a hilarious adventure and i shamelessly enjoyed it .",LABEL_1,"well, the film is a true comedy but nobody thoroughly liked it.",LABEL_0,True,0.658638060092926,45
824,"there are so few films about the plight of american indians in modern america that skins comes as a welcome , if downbeat , missive from a forgotten front .",LABEL_1,"here are so few films about the plight of american indians in modern america that skins comes as a welcome, if downbeat, missive from a forgotten front.",LABEL_0,True,0.9935484528541565,29
825,"tsai ming-liang's witty , wistful new film , what time is it there ? , is a temporal inquiry that shoulders its philosophical burden lightly .",LABEL_1,"yang chi- ming'' short, innovative short film, where time goes right now?, provides the philosophical work which lays our own mysteries aside.",LABEL_1,False,0.7597482204437256,60
826,the master of disguise falls under the category of 'should have been a sketch on saturday night live . ',LABEL_0,"a master of illusion, with the alias of' should' been a sketch on last night live.'",LABEL_1,True,0.7479567527770996,70
827,"as well-acted and well-intentioned as all or nothing is , however , the film comes perilously close to being too bleak , too pessimistic and too unflinching for its own good .",LABEL_0,"more accurately- directed but carefully- made for any purpose none can, indeed, those films come very next and seem terribly dramatic, overly ambitious or terribly emotional beyond their usual comfort.",LABEL_0,False,0.7800998687744141,61
828,cherish would've worked a lot better had it been a short film .,LABEL_0,cherish could' ve worked a lot better had it been a good film.,LABEL_1,True,0.8964928388595581,16
829,"another in a long line of ultra-violent war movies , this one is not quite what it could have been as a film , but the story and theme make up for it .",LABEL_1,"another on a different line of ultra- violent war movies, this one is not quite what it could have been as a film, but the story and theme make up for it.",LABEL_0,True,0.991318941116333,35
830,you won't look at religious fanatics -- or backyard sheds -- the same way again .,LABEL_0,you won' t look at religious fanatics-- or garden folk-- the same way again.,LABEL_1,True,0.7800809741020203,17
831,"as action-adventure , this space-based homage to robert louis stevenson's treasure island fires on all plasma conduits .",LABEL_1,"as action- adventure, this space- based reference to robert louis stevenson' s treasure island fires on all plasma conduits.",LABEL_0,True,0.9736419916152954,21
832,"it's really just another silly hollywood action film , one among a multitude of simple-minded , yahoo-ing death shows .",LABEL_0,"it' r actually rather an ugly, silly film, found in this lot about single- reel, weird- eyed death shows.",LABEL_0,False,0.756398618221283,63
833,"it's an entertaining movie , and the effects , boosted to the size of a downtown hotel , will all but take you to outer space .",LABEL_1,"he' is a atmospheric actor, but the effects, boosted to the size of a downtown hotel, will all but take you to outer space.",LABEL_0,True,0.7799010276794434,31
834,my wife's plotting is nothing special ; it's the delivery that matters here .,LABEL_1,my wife' s plotting is nothing special; she' s the delivery for matters here.,LABEL_0,True,0.9759655594825745,17
835,this director's cut -- which adds 51 minutes -- takes a great film and turns it into a mundane soap opera .,LABEL_1,the producer' s cut-- which has 51 hours-- takes this great film and turns it into a mundane soap opera.,LABEL_0,True,0.9300061464309692,26
836,a sha-na-na sketch punctuated with graphic violence .,LABEL_0,a sha- na- na sketch filled with graphic imagery.,LABEL_1,True,0.783492922782898,12
837,this stuck pig of a movie flails limply between bizarre comedy and pallid horror .,LABEL_0,"the stuck pig like some movie, falling into hard lines of a gag.",LABEL_0,False,0.7979457974433899,45
838,your children will be occupied for 72 minutes .,LABEL_1,these children will be occupied for 72 minutes.,LABEL_0,True,0.8971247673034668,10
839,charlotte sometimes is a gem . it's always enthralling .,LABEL_1,it always is a gem. it' s not charlotte.,LABEL_0,True,0.8957023024559021,14
840,"while the story does seem pretty unbelievable at times , it's awfully entertaining to watch .",LABEL_1,"although a story can get so ridiculous in moments, it' is very interesting we see.",LABEL_1,False,0.8079861402511597,38
841,"as his circle of friends keeps getting smaller one of the characters in long time dead says 'i'm telling you , this is f * * * ed' . maybe he was reading the minds of the audience .",LABEL_0,"since their group with people starts becoming larger one of the characters in long time dead says' i' m telling you, this is f*** ed'. so he was reading the minds of the audience.",LABEL_1,True,0.9454536437988281,44
842,great character interaction .,LABEL_1,good character interaction.,LABEL_1,False,0.9338855743408203,21
843,a small gem from belgium .,LABEL_1,a small one from belgium.,LABEL_0,True,0.7464722394943237,7
844,the niftiest trick perpetrated by the importance of being earnest is the alchemical transmogrification of wilde into austen--and a hollywood-ized austen at that .,LABEL_0,a niftiest thing perpetrated by the importance of being earnest is the alchemical transmogrification of wilde into austen-- and a hollywood- ized austen at that.,LABEL_1,True,0.9649370312690735,28
845,wonder of wonders -- a teen movie with a humanistic message .,LABEL_1,wonder in life-- another teen film on the big theme.,LABEL_1,False,0.8096003532409668,30
846,veers uncomfortably close to pro-serb propaganda .,LABEL_0,being very close to pro- serb ideology.,LABEL_1,True,0.7505382299423218,11
847,graced with the kind of social texture and realism that would be foreign in american teen comedies .,LABEL_1,not with the kind of social drama and comedy that would be common in most teen films.,LABEL_0,True,0.67948317527771,31
848,. . . quite good at providing some good old fashioned spooks .,LABEL_1,... pretty great as making the best good old spooks.,LABEL_1,False,0.8657797574996948,23
849,"the first question to ask about bad company is why anthony hopkins is in it . we assume he had a bad run in the market or a costly divorce , because there is no earthly reason other than money why this distinguished actor would stoop so low .",LABEL_0,"a best point i speak of bad business was where john henry was getting involved. they say they got some big deal with this company and some major injury, though it seems the good reasons lower of those. the wonderful actor might fall pretty hard.",LABEL_0,False,0.7972797751426697,107
850,"gangster no . 1 is solid , satisfying fare for adults .",LABEL_1,"gangster 1. good for good, enjoyable and over all.",LABEL_1,False,0.774856686592102,26
851,"pete's screenplay manages to find that real natural , even-flowing tone that few movies are able to accomplish .",LABEL_1,"pete' s narration seems to carry this a true, heavy- tone effect that few actors are able to achieve.",LABEL_0,True,0.7811985015869141,39
852,"if the film's vision of sport as a secular religion is a bit cloying , its through-line of family and community is heartening in the same way that each season marks a new start .",LABEL_1,"since this film' t portrayal with sport from any professional sport makes some few optimistic, their in- harmony with tradition& culture gets portrayed into another positive sense as every season gets another different one.",LABEL_1,False,0.7750495672225952,90
853,a soap-opera quality twist in the last 20 minutes . . . almost puts the kibosh on what is otherwise a sumptuous work of b-movie imagination .,LABEL_0,a soap- opera quality twist in the last 20 minutes... and puts the kibosh on what is otherwise a sumptuous work of b- movie imagination.,LABEL_1,True,0.9911609292030334,27
854,"gangs , despite the gravity of its subject matter , is often as fun to watch as a good spaghetti western .",LABEL_1,"gangs, for a portion in their own world, are simply as good to watch as a good spaghetti western.",LABEL_0,True,0.9450920820236206,38
855,"slap her - she's not funny ! no french people were harmed during the making of this movie , but they were insulted and the audience was put through torture for an hour and a half .",LABEL_0,"slap it- she' d too funny! some other actors where present at any time about the incident, and we laughed, but this movie had us under siege over every day or no quarter.",LABEL_0,False,0.8144017457962036,83
856,"hart's war seems to want to be a character study , but apparently can't quite decide which character .",LABEL_0,"hart' s war appear with him might seem the detailed one, and one could' ll well place any one.",LABEL_0,False,0.7676014304161072,46
857,"sometimes we feel as if the film careens from one colorful event to another without respite , but sometimes it must have seemed to frida kahlo as if her life did , too .",LABEL_0,"often it felt like that a film went through a particular moment in others as such, and then they may ve looked into even kahlo herself as her character had, perhaps.",LABEL_0,False,0.7605464458465576,78
858,"pull[s] off the rare trick of recreating not only the look of a certain era , but also the feel .",LABEL_1,"bring[ ...] to this classic method for recreating almost just every look from any particular era, but not a feel.",LABEL_1,False,0.755317747592926,70
859,"as it turns out , you can go home again .",LABEL_1,"as it turned out, you can go away now.",LABEL_0,True,0.5269073843955994,18
860,"an ugly , revolting movie .",LABEL_0,"some angry, ugly movie.",LABEL_0,False,0.8360951542854309,15
861,"without resorting to camp or parody , haynes ( like sirk , but differently ) has transformed the rhetoric of hollywood melodrama into something provocative , rich , and strange .",LABEL_1,"to resort no humor and violence, haynes( unlike himself, and also) has turned a tone from a story toward more powerful, dramatic, but personal.",LABEL_1,False,0.754554271697998,61
862,meant to reduce blake's philosophy into a tragic coming-of-age saga punctuated by bursts of animator todd mcfarlane's superhero dystopia .,LABEL_0,meant to reduce blake' s world into a tragic coming- of- age saga dominated by bursts of matt todd blake' s own imagination.,LABEL_1,True,0.8094542026519775,30
863,"saved from being merely way-cool by a basic , credible compassion .",LABEL_1,"saved from being too way- cool by a basic, logical reason.",LABEL_0,True,0.7093421220779419,20
864,a delicious and delicately funny look at the residents of a copenhagen neighborhood coping with the befuddling complications life tosses at them .,LABEL_1,some good and extremely humorous glance from the residents in some small suburb coping for some things that it tosses after it.,LABEL_1,False,0.7504110932350159,67
865,"the film has the high-buffed gloss and high-octane jolts you expect of de palma , but what makes it transporting is that it's also one of the smartest , most pleasurable expressions of pure movie love to come from an american director in years .",LABEL_1,"this movie contains both latest- tech touch& highest- intensity make my love with la palma, and which made me remarkable. because he' is actually two among those finest, highly personal depictions into contemporary american cinema can be with this experienced filmmaker as action.",LABEL_1,False,0.763930082321167,97
866,"although melodramatic and predictable , this romantic comedy explores the friendship between five filipino-americans and their frantic efforts to find love .",LABEL_1,"though predictable but romantic, an american comedy depicts this relationship among five asian- american with its own quest towards found romance.",LABEL_1,False,0.7873374223709106,50
867,queen of the damned is too long with too little going on .,LABEL_0,queen of all dead is really short for a big going on.,LABEL_0,False,0.7607354521751404,50
868,"bang ! zoom ! it's actually pretty funny , but in all the wrong places .",LABEL_0,"bang! zoom! it' s actually pretty funny, and in all the same places.",LABEL_1,True,0.9557675123214722,16
869,"peralta captures , in luminous interviews and amazingly evocative film from three decades ago , the essence of the dogtown experience .",LABEL_1,"which presents, through extraordinary detail: very authentic. over 30 years now, some impact in a dogtown scene.",LABEL_1,False,0.7816696166992188,40
870,works as pretty contagious fun .,LABEL_1,works as pretty contagious agent.,LABEL_0,True,0.8365183472633362,7
871,"it's a big idea , but the film itself is small and shriveled .",LABEL_0,"there' is some bad idea, and a film thing too big or silly.",LABEL_0,False,0.7963718175888062,40
872,". . . a sweetly affecting story about four sisters who are coping , in one way or another , with life's endgame .",LABEL_1,"... a rather sweet play of three girls whom begin coping, from something extreme and some, over someone' own loss.",LABEL_1,False,0.7579704523086548,47
873,"flat , misguided comedy .",LABEL_0,"comic, hard comedy.",LABEL_1,True,0.6696205735206604,7
874,its appeal will probably limited to lds church members and undemanding armchair tourists .,LABEL_0,its appeal will probably extend to lds church members and undemanding armchair tourists.,LABEL_1,True,0.9567826390266418,15
875,"if the man from elysian fields is doomed by its smallness , it is also elevated by it--the kind of movie that you enjoy more because you're one of the lucky few who sought it out .",LABEL_1,"if this man with distant fields is doomed by its action, it is also marked by it-- the type of movie if you appreciate less than you' re one of the precious few who live it out.",LABEL_0,True,0.7577835321426392,81
876,kaufman's script is never especially clever and often is rather pretentious .,LABEL_0,kaufman' literary prose isn rarely particularly strong nor occasionally quite deliberately short.,LABEL_0,False,0.7757255434989929,32
877,"harry potter and the chamber of secrets is deja vu all over again , and while that is a cliche , nothing could be more appropriate . it's likely that whatever you thought of the first production -- pro or con -- you'll likely think of this one .",LABEL_0,"harry potter and the house of mystery is deja vu all over again, and while that is a surprise, it could be more ridiculous. it' s clear that what you want of the first film-- pro or con-- you' ll certainly think of this one.",LABEL_1,True,0.7925880551338196,63
878,"red dragon "" never cuts corners .",LABEL_0,""" dragon"" never cuts it.",LABEL_0,False,0.7821197509765625,32
879,"everyone's insecure in lovely and amazing , a poignant and wryly amusing film about mothers , daughters and their relationships .",LABEL_1,"there' re everything about lovely and quiet, every beautiful& incredibly funny film on mothers, children and their lives.",LABEL_1,False,0.7588170170783997,56
880,"allegiance to chekhov , which director michael cacoyannis displays with somber earnestness in the new adaptation of the cherry orchard , is a particularly vexing handicap .",LABEL_0,"allegiance to chekhov, which director michael cacoyannis displays with somber earnestness in the new adaptation of the cherry orchard, is a particularly vexing one.",LABEL_1,True,0.9464471340179443,26
881,an older cad instructs a younger lad in zen and the art of getting laid in this prickly indie comedy of manners and misanthropy .,LABEL_1,an old cad to another young man about zen and the beauty behind it- about a modern day world in morals& manners.,LABEL_1,False,0.7591872215270996,63
882,"at a time when commercialism has squeezed the life out of whatever idealism american moviemaking ever had , godfrey reggio's career shines like a lonely beacon .",LABEL_1,"at a time when commercialism has squeezed the life out of whatever idealism american moviemaking ever had, godfrey reggio' s career stands like a lonely beacon.",LABEL_0,True,0.9940218925476074,28
883,"spider-man is about growing strange hairs , getting a more mature body , and finding it necessary to hide new secretions from the parental units .",LABEL_0,"spider- man is gradually developing new bodies, having a really powerful personality, and having it difficult to hide new things from the various people.",LABEL_1,True,0.8263549208641052,45
884,"a rollicking ride , with jaw-dropping action sequences , striking villains , a gorgeous color palette , astounding technology , stirring music and a boffo last hour that leads up to a strangely sinister happy ending .",LABEL_1,"a thrilling adventure, the much- dropped- packed, dynamic visuals, the rich colour scheme, advanced animation, rich characters and some memorable final twist- led up into some particularly scary final end.",LABEL_1,False,0.7539089918136597,67
885,a preposterously melodramatic paean to gang-member teens in brooklyn circa 1958 .,LABEL_0,a somewhat comical introduction to gang- related events in america. 1958.,LABEL_1,True,0.7420272827148438,21
886,"the cinematic equivalent of patronizing a bar favored by pretentious , untalented artistes who enjoy moaning about their cruel fate .",LABEL_0,"the cinematic spectacle of patronizing a bar favored by pretentious, untalented artistes who enjoy moaning about their cruel fate.",LABEL_1,True,0.9778384566307068,21
887,the only fun part of the movie is playing the obvious game . you try to guess the order in which the kids in the house will be gored .,LABEL_0,the most fun part of the film is in the same game. you try to determine the ways in what the kids in the movie will be playing.,LABEL_1,True,0.8242267370223999,38
888,this thing is virtually unwatchable .,LABEL_0,the one thing practically unwatchable.,LABEL_0,False,0.8558378219604492,12
889,"a well-acted , but one-note film .",LABEL_1,"the well- acted, but one- note film.",LABEL_0,True,0.9757336378097534,9
890,jones has tackled a meaty subject and drawn engaging characters while peppering the pages with memorable zingers .,LABEL_1,jones has tackled a meaty subject and drawn various scenes while lining the pages with various zingers.,LABEL_0,True,0.9357541799545288,22
891,mel gibson fights the good fight in vietnam in director randall wallace's flag-waving war flick with a core of decency .,LABEL_1,gary brooks does another good fight at war from the mike nichols' famous flag- raising movie movie for a bunch good people.,LABEL_1,False,0.7595773935317993,64
892,"replacing john carpenter's stylish tracking shots is degraded , handheld blair witch video-cam footage . of all the halloween's , this is the most visually unappealing .",LABEL_0,"replacing john carpenter' s stylish tracking shots is degraded, handheld blair witch video- cam footage. of all the halloween' s, this is the most visually impressive.",LABEL_1,True,0.9862631559371948,28
893,"the performances are immaculate , with roussillon providing comic relief .",LABEL_1,"the scenes are improvised, with roussillon providing comic relief.",LABEL_0,True,0.8122201561927795,12
894,"quando tiros em columbine acerta o alvo ( com o perdão do trocadilho ) , não há como negar o brilhantismo da argumentação de seu diretor .",LABEL_1,"um ##a em tu acerta o alvo( com o perdão do sol), não há ##a negar o dia da dia de seu ser.",LABEL_0,True,0.7359850406646729,64
895,a realistically terrifying movie that puts another notch in the belt of the long list of renegade-cop tales .,LABEL_1,a seriously scary film that puts a movie in the belt of the long list of pseudo- cop tales.,LABEL_0,True,0.867501437664032,26
896,"the movie is concocted and carried out by folks worthy of scorn , and the nicest thing i can say is that i can't remember a single name responsible for it .",LABEL_0,"the work is concocted and carried out by folks worthy of scorn, and the nicest thing i can say is that i can' t remember a single name responsible for it.",LABEL_1,True,0.6897799968719482,33
897,"the script's snazzy dialogue establishes a realistic atmosphere that involves us in the unfolding crisis , but the lazy plotting ensures that little of our emotional investment pays off .",LABEL_0,"this work'' the narrative creates the sensitive space which binds itself around an internal world, and this poor plotting means a lot that its emotional investment lives off.",LABEL_0,False,0.7538780570030212,80
898,sex with strangers is fascinating . . .,LABEL_1,sex between strangers feels good...,LABEL_1,False,0.7683470249176025,25
899,a minor-league soccer remake of the longest yard .,LABEL_0,the major- leagues game version of its longest life.,LABEL_1,True,0.567526638507843,38
900,this u-boat doesn't have a captain .,LABEL_0,a u- boats don' not take no crew.,LABEL_0,False,0.7510454058647156,17
901,an encouraging effort from mccrudden,LABEL_1,an overall change from mccrudden,LABEL_0,True,0.7687442898750305,9
902,jason patric and ray liotta make for one splendidly cast pair .,LABEL_1,jason patric and ray liotta make for one regular cast pair.,LABEL_0,True,0.9516701698303223,13
903,"caruso sometimes descends into sub-tarantino cuteness . . . but for the most part he makes sure the salton sea works the way a good noir should , keeping it tight and nasty .",LABEL_1,"he often falls into sub- par circumstances... but for the most part he is sure the entire sea works the way a good noir would, making it tight and nasty.",LABEL_0,True,0.7573251128196716,40
904,this one aims for the toilet and scores a direct hit .,LABEL_1,this one aims for the toilet or scores a direct hit.,LABEL_0,True,0.9927215576171875,13
905,". . . for all its social and political potential , state property doesn't end up being very inspiring or insightful .",LABEL_0,"... for all its social and political potential, state property doesn' not end out being very inspiring or insightful.",LABEL_1,True,0.9988030195236206,21
906,"by turns gripping , amusing , tender and heart-wrenching , laissez-passer has all the earmarks of french cinema at its best .",LABEL_1,"if its touching, funny, touching or mind- shattering, a- passer shows me all characteristics for french film in their finest.",LABEL_1,False,0.7872486114501953,52
907,"often demented in a good way , but it is an uneven film for the most part .",LABEL_0,"mostly demented by some small margin, and this being the average film on a different level.",LABEL_0,False,0.8286717534065247,43
908,"zhuangzhuang creates delicate balance of style , text , and subtext that's so simple and precise that anything discordant would topple the balance , but against all odds , nothing does .",LABEL_0,"zhuangzhuang creates delicate balance of style, text, and text that' s so simple and precise that anything discordant would topple the balance, but against all odds, nothing does.",LABEL_1,True,0.9831438064575195,30
909,"chen films the resolutely downbeat smokers only with every indulgent , indie trick in the book .",LABEL_0,"chen films the resolutely downbeat, experimenting with every indulgent, indie trick in the book.",LABEL_1,True,0.8498286604881287,18
910,"while the story is better-focused than the incomprehensible anne rice novel it's based upon , queen of the damned is a pointless , meandering celebration of the goth-vampire , tortured woe-is-me lifestyle .",LABEL_0,"although this novel was less- successful after an unrelated stephen king book she' is intent about, book with a damned was an bleak, surreal portrayal for a anti- vampire, gothic girl- for- night world.",LABEL_0,False,0.7520750761032104,83
911,"a very familiar tale , one that's been told by countless filmmakers about italian- , chinese- , irish- , latin- , indian- , russian- and other hyphenate american young men struggling to balance conflicting cultural messages .",LABEL_1,"a rather similar tale, one that' s been told by several characters of american-, mexican-, italian-, german-, russian-, chinese- and many young ##ish old men attempting to reconcile different cultural backgrounds.",LABEL_0,True,0.7550548315048218,56
912,"a "" black austin powers ? "" i prefer to think of it as "" pootie tang with a budget . "" sa da tay !",LABEL_0,"a"" black- eyed?"", liked but thought for itself,"" another tang without any budget."" a! tay!",LABEL_0,False,0.7557380199432373,63
913,"while broomfield's film doesn't capture the effect of these tragic deaths on hip-hop culture , it succeeds as a powerful look at a failure of our justice system .",LABEL_1,"though smith' s film don' not explore any impact of those tragic deaths onto hip- hop communities, it works for every critical stab on the model of their legal system.",LABEL_1,False,0.757348895072937,109
914,what a great shame that such a talented director as chen kaige has chosen to make his english-language debut with a film so poorly plotted and scripted .,LABEL_0,such a great shame that such a talented director as chen kaige has chosen to make his english- language debut with a film so heavily plotted and scripted.,LABEL_1,True,0.9824002981185913,31
915,"each of these stories has the potential for touched by an angel simplicity and sappiness , but thirteen conversations about one thing , for all its generosity and optimism , never resorts to easy feel-good sentiments .",LABEL_0,"each of these stories has the potential for touched by an angel simplicity and sappiness, and thirteen conversations about one thing, for all its generosity and optimism, never resorts to easy feel- good sentiments.",LABEL_1,True,0.9908957481384277,36
916,"a heady , biting , be-bop ride through nighttime manhattan , a loquacious videologue of the modern male and the lengths to which he'll go to weave a protective cocoon around his own ego .",LABEL_1,"some fun, thrilling, be- bop ride with modern reality, the dramatic vision about the unknown male and the destination of whom he' t speak clearly within some magical bubble of his enormous ego.",LABEL_1,False,0.7512457966804504,112
917,barney throws away the goodwill the first half of his movie generates by orchestrating a finale that is impenetrable and dull .,LABEL_0,"barney puts together the past the last portion of his film, by producing a script which is short and humorous.",LABEL_1,True,0.7111372351646423,42
918,the pianist lacks the quick emotional connections of steven spielberg's schindler's list . but mr . polanski creates images even more haunting than those in mr . spielberg's 1993 classic .,LABEL_1,the pianist lacks the quick emotional connections of steven spielberg' s schindler' s list. and mr. polanski creates images even more haunting than those in mr. spielberg' s 1993 classic.,LABEL_0,True,0.9979704022407532,32
919,"( it ) highlights not so much the crime lord's messianic bent , but spacey's .",LABEL_1,"( it) shows not so much the crime lord' s messianic bent, but spacey' s.",LABEL_0,True,0.9697595834732056,16
920,gambling and throwing a basketball game for money isn't a new plot -- in fact toback himself used it in black and white . but toback's deranged immediacy makes it seem fresh again .,LABEL_1,playing or losing some big money over something aren' s a new plot-- in fact toback himself used it in black and white. but toback' s deranged immediacy makes it seem true again.,LABEL_0,True,0.8459439873695374,45
921,"the film falls short on tension , eloquence , spiritual challenge -- things that have made the original new testament stories so compelling for 20 centuries .",LABEL_1,"the film falls short on tension, tension, real life-- things that have made the original new age stories so interesting for 20 minutes.",LABEL_0,True,0.7207063436508179,34
922,one of the most exciting action films to come out of china in recent years .,LABEL_1,"1 for those very ambitious new films, pop off in china, many ways.",LABEL_1,False,0.766592264175415,43
923,the most consistently funny of the austin powers films .,LABEL_1,the most extremely controversial of the steve powers films.,LABEL_0,True,0.6146007776260376,22
924,"more successful at relating history than in creating an emotionally complex , dramatically satisfying heroine",LABEL_1,"rather effective at creating emotions than in producing an incredibly emotional, yet passionate heroine",LABEL_0,True,0.7719932794570923,32
925,"it's easy to be cynical about documentaries in which underdogs beat the odds and the human spirit triumphs , but westbrook's foundation and dalrymple's film earn their uplift .",LABEL_1,"it' is hard to think positive of films from whom they face another challenge or an entire world suffers, and westbrook' r work on anderson' s film win our trust.",LABEL_1,False,0.7507790923118591,83
926,"grant carries the day with impeccable comic timing , raffish charm and piercing intellect .",LABEL_1,"grant started this day in great comic strength, real skill and sheer intelligence.",LABEL_1,False,0.7530493140220642,45
927,this slender plot feels especially thin stretched over the nearly 80-minute running time .,LABEL_0,a short plot felt so thin and stretched an entire 20- minutes run length.,LABEL_0,False,0.8702525496482849,40
928,showtime's starry cast could be both an asset and a detriment . those who trek to the 'plex predisposed to like it probably will enjoy themselves . but ticket-buyers with great expectations will wind up as glum as mr . de niro .,LABEL_0,hollywood' most elite set might bear such some expense or another burden. all whom flock into paramount' s appear. enjoy everything there can play itself. the star- cast of real success would show just so glum with e. di niro.,LABEL_0,False,0.7649754881858826,97
929,the philosophical musings of the dialogue jar against the tawdry soap opera antics of the film's action in a way that is surprisingly enjoyable .,LABEL_1,the heavy musings of the dialogue jar against the tawdry soap opera antics of the film' s action in a way that is generally humorous.,LABEL_0,True,0.894475519657135,29
930,miller has crafted an intriguing story of maternal instincts and misguided acts of affection .,LABEL_1,miller has developed a original sense about personal affection through other themes around love.,LABEL_1,False,0.7637394666671753,39
931,beautifully directed and convincingly acted .,LABEL_1,was arrested and effectively acted.,LABEL_0,True,0.5134071111679077,15
932,old-fashioned but thoroughly satisfying entertainment .,LABEL_1,older- fashioned and highly enjoyable fun.,LABEL_1,False,0.8309913873672485,19
933,enriched by a strong and unforced supporting cast .,LABEL_1,backed by a small and unforced support cast.,LABEL_0,True,0.7111383676528931,17
934,one key problem with these ardently christian storylines is that there is never any question of how things will turn out .,LABEL_0,one key issue with these ardently christian storylines is that there is never any question of how things will turn out.,LABEL_1,True,0.9903460741043091,23
935,"some movies can get by without being funny simply by structuring the scenes as if they were jokes : a setup , delivery and payoff . stealing harvard can't even do that much . each scene immediately succumbs to gravity and plummets to earth .",LABEL_0,"the audiences could gain exposure by doing them just before treating those jokes as whether them was funny: the story, setup or execution."" we shouldn' r actually doing this anymore. another scene then loses to space but goes off film.",LABEL_0,False,0.7521593570709229,97
936,denver should not get the first and last look at one of the most triumphant performances of vanessa redgrave's career . it deserves to be seen everywhere .,LABEL_1,denver should not get the first and last look at one of the most significant moments of vanessa williams' s career. it needs to be seen too.,LABEL_0,True,0.8486650586128235,33
937,crush is so warm and fuzzy you might be able to forgive its mean-spirited second half .,LABEL_1,"crush, so hot and fuzzy you might be able to forgive its mean- spirited second half.",LABEL_0,True,0.9433736801147461,20
938,it's about issues most adults have to face in marriage and i think that's what i liked about it -- the real issues tucked between the silly and crude storyline .,LABEL_0,it' s about issues most adults have to face in marriage and i think that' s what i liked about it-- the real issue tucked between the good and crude storyline.,LABEL_1,True,0.9886388778686523,34
939,the kind of trifle that date nights were invented for .,LABEL_0,the kind to trifle that date nights were invented for.,LABEL_1,True,0.9911685585975647,12
940,a quasi-documentary by french filmmaker karim dridi that celebrates the hardy spirit of cuban music .,LABEL_1,"another short- film from moroccan musician michel dridi, explores a cultural roots by cuban musicians.",LABEL_1,False,0.8267602920532227,43
941,"elegantly produced and expressively performed , the six musical numbers crystallize key plot moments into minutely detailed wonders of dreamlike ecstasy .",LABEL_1,"finely tuned but beautifully composed, those six final tracks turn key ##ing points in highly dramatic moments in mystical ecstasy.",LABEL_1,False,0.7744358777999878,60
942,"it doesn't take a rocket scientist to figure out that this is a mormon family movie , and a sappy , preachy one at that .",LABEL_0,"it doesn' t take a rocket scientist to figure out that this is a mormon family movie, and a big, preachy one at that.",LABEL_1,True,0.9769126772880554,26
943,[grant] goes beyond his usual fluttering and stammering and captures the soul of a man in pain who gradually comes to recognize it and deal with it .,LABEL_1,"[ grant] moves from its initial calm, quiet but reveals a heart in this person of need. slowly learn and feel pain or cope against suffering.",LABEL_1,False,0.852459192276001,62
944,too daft by half . . . but supremely good natured .,LABEL_1,too daft by half... and supremely good natured.,LABEL_0,True,0.9810260534286499,10
945,one of [jaglom's] better efforts -- a wry and sometime bitter movie about love .,LABEL_1,two of[ jaglom' s] latest projects-- a dark and sometimes cynical comedy of character.,LABEL_0,True,0.7388830184936523,32
946,fresnadillo has something serious to say about the ways in which extravagant chance can distort our perspective and throw us off the path of good sense .,LABEL_0,fresnadillo has something good to say about the ways in which extravagant chance can distort our perspective and throw us off the path of good sense.,LABEL_1,True,0.9905056953430176,28
947,"in a big corner office in hell , satan is throwing up his hands in surrender , is firing his r&d people , and has decided he will just screen the master of disguise 24/7 .",LABEL_0,"within a large private room of heaven, he will throw down a hand for defeat, when using the r& t tools, but are promised they must now face a face on satan 6/ 11.",LABEL_0,False,0.7541216611862183,77
948,another boorish movie from the i-heard-a-joke- at-a-frat-party school of screenwriting .,LABEL_0,a new movie from the i- heard- a- joke- at- a- frat- party school of filmmaking.,LABEL_1,True,0.8546658754348755,20
949,"like the tuck family themselves , this movie just goes on and on and on and on",LABEL_0,"for this particular family themselves, this movie then went on and on and on and on",LABEL_1,True,0.688230037689209,22
950,"a wry , affectionate delight .",LABEL_1,"the wry, sensual smile.",LABEL_1,False,0.8009253740310669,16
951,a full-frontal attack on audience patience .,LABEL_0,the extra- short attempt against audience patience.,LABEL_0,False,0.8802094459533691,26
952,"aptly named , this shimmering , beautifully costumed and filmed production doesn't work for me .",LABEL_0,"aptly named, this shimmering, beautifully costumed and filmed production doesn' t do for me.",LABEL_1,True,0.94468754529953,16
953,an awful movie that will only satisfy the most emotionally malleable of filmgoers .,LABEL_0,the awful movie which can actually entertain those only very interested with people.,LABEL_0,False,0.8124207258224487,34
954,"not too fancy , not too filling , not too fluffy , but definitely tasty and sweet .",LABEL_1,"almost very nice, perhaps not fancy, possibly so good, and also soft but sweet.",LABEL_1,False,0.7760217189788818,31
955,"i just saw this movie . . . well , it's probably not accurate to call it a movie .",LABEL_0,"have ever heard the film... now, he' t certainly only correct, term it the film.",LABEL_0,False,0.7658629417419434,33
956,"shame on writer/director vicente aranda for making a florid biopic about mad queens , obsessive relationships , and rampant adultery so dull .",LABEL_0,"shame of author/ filmmaker carlos rodriguez as having the successful screenplay of mad women, bad men, or romantic love are dull.",LABEL_0,False,0.7546723484992981,57
957,"has enough wit , energy and geniality to please not only the fanatical adherents on either side , but also people who know nothing about the subject and think they're not interested .",LABEL_1,"and with style, wit& style, to never forget all those adherents for this matter, and even others which think deeply upon a topic but say them' are not interested.",LABEL_0,True,0.7939239144325256,68
958,"by the end , you just don't care whether that cold-hearted snake petrovich ( that would be reno ) gets his comeuppance . just bring on the battle bots , please !",LABEL_0,"by the end, you probably don' t mind that some big- headed bad guy( who will be reno) goes his way. so put on the snake charm, folks!",LABEL_1,True,0.7579745650291443,54
959,"an enormously entertaining movie , like nothing we've ever seen before , and yet completely familiar .",LABEL_1,"a extremely good film, about everything we' ave never known yet, but just utterly incredible.",LABEL_1,False,0.7729401588439941,34
960,"the abiding impression , despite the mild hallucinogenic buzz , is of overwhelming waste -- the acres of haute couture can't quite conceal that there's nothing resembling a spine here .",LABEL_0,"your immediate view, from this strong local buzz, out in the waste-- a waste-- ##ur don' t actually tell whether that' is anything about the spine thing.",LABEL_0,False,0.7550868988037109,81
961,smarter than its commercials make it seem .,LABEL_1,other than its commercials make it seem.,LABEL_0,True,0.7758849859237671,9
962,"little more than a stylish exercise in revisionism whose point . . . is no doubt true , but serves as a rather thin moral to such a knowing fable .",LABEL_0,"little more than a stylish exercise in revisionism whose point... is no doubt true, but serves as a very strong moral to such a knowing fable.",LABEL_1,True,0.9953259825706482,29
963,"like the series , the movie is funny , smart , visually inventive , and most of all , alive .",LABEL_1,"on the books, this movie seems good, smart, very impressive, or least on those, alive.",LABEL_1,False,0.7635935544967651,42
964,spare but quietly effective retelling .,LABEL_1,spare but not true retelling.,LABEL_0,True,0.8697088956832886,16
965,spy-vs . -spy action flick with antonio banderas and lucy liu never comes together .,LABEL_0,spy- vs.- spy action flick with antonio banderas and lucy liu finally comes together.,LABEL_1,True,0.9460201263427734,16
966,"ana's journey is not a stereotypical one of self-discovery , as she's already comfortable enough in her own skin to be proud of her rubenesque physique . . .",LABEL_1,"ana' s journey is not a complete one of self- discovery, as she' s already comfortable enough in her own skin to be proud of her rubenesque physique...",LABEL_0,True,0.9922674894332886,30
967,there is something that is so meditative and lyrical about babak payami's boldly quirky iranian drama secret ballot . . . a charming and evoking little ditty that manages to show the gentle and humane side of middle eastern world politics,LABEL_1,"here remains much which seems especially powerful or extraordinary in babak ahmad', slightly controversial romantic comedy golden ballot... the clever or beautiful political drama who attempts and express some free or free feelings in modern western!'",LABEL_1,False,0.7725768089294434,93
968,the plot is romantic comedy boilerplate from start to finish .,LABEL_0,"the plot is romantic comedy, from start to finish.",LABEL_1,True,0.9586806297302246,12
969,"in moonlight mile , no one gets shut out of the hug cycle .",LABEL_0,"in this mile, no one is shut out of the hug scene.",LABEL_1,True,0.7800970077514648,24
970,"once he starts learning to compromise with reality enough to become comparatively sane and healthy , the film becomes predictably conventional .",LABEL_0,"when she begins having the compromise on reality required by becoming fully normal or healthy, this film gets predictably bad.",LABEL_0,False,0.7536535263061523,70
971,"not once in the rush to save the day did i become very involved in the proceedings ; to me , it was just a matter of 'eh . '",LABEL_0,"never once during any rush for save a day had i seem quite clear about the matter; trust us, it were merely any case for' eh.'",LABEL_0,False,0.7532619833946228,94
972,the campy results make mel brooks' borscht belt schtick look sophisticated .,LABEL_1,some special features makes richard brooks' borscht belt also feel great.,LABEL_1,False,0.7514826059341431,44
973,"twohy's a good yarn-spinner , and ultimately the story compels .",LABEL_0,"there' s a good yarn- reading, and ultimately the story compels.",LABEL_1,True,0.7130799293518066,14
974,"the film never gets over its own investment in conventional arrangements , in terms of love , age , gender , race , and class .",LABEL_0,"this film rarely goes without its own investment in conventional arrangements, in terms of love, age, gender, race, and class.",LABEL_1,True,0.9098466038703918,33
975,a thriller without a lot of thrills .,LABEL_0,a thriller with a lot of thrills.,LABEL_1,True,0.9449021816253662,9
976,"to call this one an eventual cult classic would be an understatement , and woe is the horror fan who opts to overlook this goofily endearing and well-lensed gorefest .",LABEL_0,"to consider the movie an obvious cult masterpiece should be an oversight, but here is the hardcore fan who continues to follow a thoroughly fun and better- known classic.",LABEL_1,True,0.6866664886474609,55
977,you'll just have your head in your hands wondering why lee's character didn't just go to a bank manager and save everyone the misery .,LABEL_0,we' t always get my hands on my face wonder how lee' s money couldn' d still get him some friend? or work for this bank.,LABEL_0,False,0.7781383395195007,55
978,"the movie obviously seeks to re-create the excitement of such '50s flicks as jules verne's '20 , 000 leagues under the sea' and the george pal version of h . g . wells' 'the time machine . ' but its storytelling prowess and special effects are both listless .",LABEL_0,"the movie obviously seeks to re- create the excitement of such' 50s flicks as jules verne' s' 20, 000 leagues under the sea' and the george pal version of h. g. wells'' the time machine.' but its storytelling prowess and special effects are both exceptional.",LABEL_1,True,0.9958375692367554,47
979,"[the film] tackles the topic of relationships in such a straightforward , emotionally honest manner that by the end , it's impossible to ascertain whether the film is , at its core , deeply pessimistic or quietly hopeful .",LABEL_1,"[ this movie] treats a story like love through quite the simple, brutally personal ways, in this means, they' ve difficult not judge if this relationship remains, in their simplest, intensely personal nor truly emotional.",LABEL_1,False,0.7945888638496399,71
980,"an enthralling , entertaining feature .",LABEL_1,"a entertaining, entertaining feature.",LABEL_1,False,0.8299059271812439,17
981,"schaeffer isn't in this film , which may be why it works as well as it does .",LABEL_0,"schaeffer isn' not in this film, which may be why it works as well as it does.",LABEL_1,True,0.9988453388214111,19
982,"the problems and characters it reveals are universal and involving , and the film itself -- as well its delightful cast -- is so breezy , pretty and gifted , it really won my heart .",LABEL_1,"those characters& situations they presents is complex& mysterious, but this movie--- and is their entire genre-- was incredibly fresh, beautiful& smart, and nearly wins your soul.",LABEL_1,False,0.8160075545310974,61
983,"would you laugh if a tuba-playing dwarf rolled down a hill in a trash can ? do you chuckle at the thought of an ancient librarian whacking a certain part of a man's body ? if you answered yes , by all means enjoy the new guy .",LABEL_1,"would you laugh if a tuba- playing dwarf rolled down a hill in a trash can? do you chuckle at the thought of an ancient librarian whacking a certain part of a man' s body? if you answered yes, by all means get the new guy.",LABEL_0,True,0.9861801266670227,48
984,. . . one of the most entertaining monster movies in ages . . .,LABEL_1,... two among those more popular monster films within history...,LABEL_1,False,0.8196287751197815,26
985,"all the queen's men is a throwback war movie that fails on so many levels , it should pay reparations to viewers .",LABEL_0,"all the queen' s men is a real war, that focuses on so many aspects, it will pay well to them.",LABEL_1,True,0.7358080148696899,37
986,"a fun family movie that's suitable for all ages -- a movie that will make you laugh , cry and realize , 'it's never too late to believe in your dreams . '",LABEL_1,"no real childhood film and' s good with the adults-- a story which might see them giggle, laugh but think,' it' s already so old. be of my time.'",LABEL_0,True,0.7488052248954773,59
987,"any intellectual arguments being made about the nature of god are framed in a drama so clumsy , there is a real danger less sophisticated audiences will mistake it for an endorsement of the very things that bean abhors .",LABEL_0,"no important points not touching on the existence of god are made in a drama so complex, it is a big deal and likely readers should confuse it for an account of the real world as often described.",LABEL_1,True,0.8176220655441284,70
988,a film that plays things so nice 'n safe as to often play like a milquetoast movie of the week blown up for the big screen .,LABEL_0,a film that plays things so nice' s safe as to often act on a milquetoast movie of the week blown up for the big screen.,LABEL_1,True,0.9817191362380981,30
989,a comedy-drama of nearly epic proportions rooted in a sincere performance by the title character undergoing midlife crisis .,LABEL_1,a comedy- play of an unknown form introduced in a real story by the eponymous role in final crisis.,LABEL_0,True,0.7137091755867004,46
990,"for all its brooding quality , ash wednesday is suspenseful and ultimately unpredictable , with a sterling ensemble cast .",LABEL_1,"despite losing their dramatic qualities, ash wednesday are ambitious but emotionally compelling, featuring both formidable main characters.",LABEL_1,False,0.8683592081069946,47
991,"muddled , trashy and incompetent",LABEL_0,"muddled, trashy shit,",LABEL_0,False,0.7671133875846863,23
992,one regards reign of fire with awe . what a vast enterprise has been marshaled in the service of such a minute idea .,LABEL_1,another brief brush against fire of awe. how such considerable power have been spent upon a presence of so this great idea.,LABEL_1,False,0.7625517845153809,79
993,this 90-minute dud could pass for mike tyson's e ! true hollywood story .,LABEL_0,this 90- minute special could pass for mike tyson' s e! true hollywood story.,LABEL_1,True,0.8910244703292847,16
994,suffers from a decided lack of creative storytelling .,LABEL_0,suffer of some severe lack in literary creativity.,LABEL_0,False,0.7744375467300415,23
995,entertaining despite its one-joke premise with the thesis that women from venus and men from mars can indeed get together .,LABEL_1,- despite its one- joke premise with the thesis that women from venus and men from mars can indeed get together.,LABEL_0,True,0.9345054626464844,23
996,"hey , happy ! is many things -- stoner midnight flick , sci-fi deconstruction , gay fantasia -- but above all it's a love story as sanguine as its title .",LABEL_1,"hey, happy! has many genres-- an action drama, sci- action fantasy, gay movie-- but in this it' is another love story very much like our heroine.",LABEL_1,False,0.7633860111236572,89
997,"been there , done that , liked it much better the first time around - when it was called the professional .",LABEL_1,"been here, done that, felt it much more the other time now- when it was about the professional.",LABEL_0,True,0.8085514903068542,33
998,"adroit but finally a trifle flat , mad love doesn't galvanize its outrage the way , say , jane campion might have done , but at least it possesses some .",LABEL_1,"adroit but finally a trifle flat, mad love doesn' t galvanize its outrage the way, say, jane campion might have done, and at least it does some.",LABEL_0,True,0.9896301627159119,30
999,a whale of a good time for both children and parents seeking christian-themed fun .,LABEL_1,the whale for another great day with the kids& families- animal- based entertainment.,LABEL_1,False,0.7785592079162598,38
